gl_code,parent_gl_code,name,disabled,manual_journal_entries_allowed,account_usage,classification_enum,description,acc_level,acc_last_level
1,,ACTIVOS,false,true,2,1,ACTIVOS,1,0
2,,PASIVOS,false,true,2,2,PASIVOS,1,0
3,,PATRIMONIO,false,true,2,3,PATRIMONIO,1,0
4,,DERECHOS FUTUROS Y CONTINGENCIAS,false,true,2,1,DERECHOS FUTUROS Y CONTINGENCIAS,1,0
5,,COMPROMISOS FUTUROS Y CONTINGENCIAS,false,true,2,2,COMPROMISOS FUTUROS Y CONTINGENCIAS,1,0
6,,INGRESOS,false,true,2,4,INGRESOS,1,0
7,,COSTOS,false,true,2,5,COSTOS,1,0
8,,GASTOS,false,true,2,5,GASTOS,1,0
9,,CUENTAS DE ORDEN,false,true,2,6,CUENTAS DE ORDEN,1,0
11,1,ACTIVOS DE INTERMEDIACIÓN,false,true,2,1,ACTIVOS DE INTERMEDIACIÓN,2,0
12,1,OTROS ACTIVOS,false,true,2,1,OTROS ACTIVOS,2,0
13,1,ACTIVO FIJO,false,true,2,1,ACTIVO FIJO,2,0
14,1,Cash & Fund Sources,false,true,1,1,,2,1
15,1,portafolio de creditos – capital,false,true,2,1,,2,0
21,2,PASIVOS DE INTERMEDIACIÓN,false,true,2,2,PASIVOS DE INTERMEDIACIÓN,2,0
22,2,OTROS PASIVOS,false,true,2,2,OTROS PASIVOS,2,0
23,2,OBLIGACIONES CONVERTIBLES EN ACCIONES,false,true,2,2,OBLIGACIONES CONVERTIBLES EN ACCIONES,2,0
24,2,DEUDA SUBORDINADA,false,true,2,2,DEUDA SUBORDINADA,2,0
25,2,fuente de fondos por pagar,false,true,2,2,,2,0
31,3,PATRIMONIO,false,true,2,3,PATRIMONIO,2,0
32,3,PATRIMONIO RESTRINGIDO,false,true,2,3,PATRIMONIO RESTRINGIDO,2,0
33,3,contra- cuenta de apertura,false,true,1,3,,2,1
41,4,DERECHOS FUTUROS Y CONTINGENCIAS,false,true,2,1,DERECHOS FUTUROS Y CONTINGENCIAS,2,0
51,5,COMPROMISOS FUTUROS Y CONTINGENCIAS,false,true,2,2,COMPROMISOS FUTUROS Y CONTINGENCIAS,2,0
61,6,INGRESOS DE OPERACIONES DE INTERMEDIACION,false,true,2,4,INGRESOS DE OPERACIONES DE INTERMEDIACION,2,0
62,6,INGRESOS DE OTRAS OPERACIONES,false,true,2,4,INGRESOS DE OTRAS OPERACIONES,2,0
63,6,INGRESOS NO OPERACIONALES,false,true,2,4,INGRESOS NO OPERACIONALES,2,0
64,6,ingreso por creditos y gestion,false,true,2,4,,2,0
71,7,COSTOS DE OPERACIONES DE INTERMEDIACIÓN,false,true,2,5,COSTOS DE OPERACIONES DE INTERMEDIACIÓN,2,0
72,7,COSTOS DE OTRAS OPERACIONES,false,true,2,5,COSTOS DE OTRAS OPERACIONES,2,0
73,7,perdida de credito - incobrable,false,true,1,5,,2,1
74,7,costo - credito inactivo,false,true,1,5,,2,1
75,7,costo - fraude inactivo,false,true,1,5,,2,1
76,7,costo - condonación,false,true,1,5,,2,1
81,8,GASTOS DE OPERACIÓN,false,true,2,5,GASTOS DE OPERACIÓN,2,0
82,8,GASTOS NO OPERACIONALES,false,true,2,5,GASTOS NO OPERACIONALES,2,0
83,8,IMPUESTOS DIRECTOS,false,true,2,5,IMPUESTOS DIRECTOS,2,0
84,8,CONTRIBUCIONES ESPECIALES ,false,true,2,5,CONTRIBUCIONES ESPECIALES ,2,0
91,9,INFORMACIÓN FINANCIERA,false,true,2,6,INFORMACIÓN FINANCIERA,2,0
92,9,EXISTENCIAS EN LA BÓVEDA,false,true,2,6,EXISTENCIAS EN LA BÓVEDA,2,0
93,9,INFORMACIÓN FINANCIERA POR CONTRA,false,true,1,6,INFORMACIÓN FINANCIERA POR CONTRA,2,1
94,9,EXISTENCIAS EN LA BÓVEDA POR CONTRA,false,true,1,6,EXISTENCIAS EN LA BÓVEDA POR CONTRA,2,1
111,11,FONDOS DISPONIBLES,false,true,2,1,FONDOS DISPONIBLES,3,0
112,11,ADQUISICIÓN TEMPORAL DE DOCUMENTOS,false,true,2,1,ADQUISICIÓN TEMPORAL DE DOCUMENTOS,3,0
113,11,INVERSIONES FINANCIERAS,false,true,2,1,INVERSIONES FINANCIERAS,3,0
114,11,PRÉSTAMOS,false,true,2,1,PRÉSTAMOS,3,0
121,12,SALDOS ENTRE COMPAÑÍAS,false,true,2,1,SALDOS ENTRE COMPAÑÍAS,3,0
122,12,BIENES RECIBIDOS EN PAGO O ADJUDICADOS,false,true,2,1,BIENES RECIBIDOS EN PAGO O ADJUDICADOS,3,0
123,12,EXISTENCIAS,false,true,2,1,EXISTENCIAS,3,0
124,12,GASTOS PAGADOS POR ANTICIPADO Y CARGOS DIFERIDOS,false,true,2,1,GASTOS PAGADOS POR ANTICIPADO Y CARGOS DIFERIDOS,3,0
125,12,CUENTAS POR COBRAR,false,true,2,1,CUENTAS POR COBRAR,3,0
126,12,DERECHOS Y PARTICIPACIONES,false,true,2,1,DERECHOS Y PARTICIPACIONES,3,0
127,12,FONDOS PARA PROVEER DINERO ELECTRÓNICO,false,true,2,1,FONDOS PARA PROVEER DINERO ELECTRÓNICO,3,0
131,13,NO DEPRECIABLES,false,true,2,1,NO DEPRECIABLES,3,0
132,13,DEPRECIABLES,false,true,2,1,DEPRECIABLES,3,0
133,13,AMORTIZABLES,false,true,2,1,AMORTIZABLES,3,0
1510,15,transferencias,false,true,1,1,,3,1
1520,15,interes por cobrar,false,true,1,1,,3,1
1530,15,comisiones por cobrar,false,true,1,1,,3,1
1540,15,penalidades por cobrar,false,true,1,1,,3,1
211,21,DEPÓSITOS,false,true,2,2,DEPÓSITOS,3,0
212,21,PRÉSTAMOS,false,true,2,2,PRÉSTAMOS,3,0
213,21,OBLIGACIONES A LA VISTA,false,true,2,2,OBLIGACIONES A LA VISTA,3,0
214,21,TÍTULOS DE EMISIÓN PROPIA,false,true,2,2,TÍTULOS DE EMISIÓN PROPIA,3,0
215,21,DOCUMENTOS TRANSADOS,false,true,2,2,DOCUMENTOS TRANSADOS,3,0
216,21,CHEQUES Y OTROS VALORES POR APLICAR,false,true,2,2,CHEQUES Y OTROS VALORES POR APLICAR,3,0
221,22,SALDOS ENTRE COMPAÑÍAS,false,true,2,2,SALDOS ENTRE COMPAÑÍAS,3,0
222,22,CUENTAS POR PAGAR,false,true,2,2,CUENTAS POR PAGAR,3,0
223,22,RETENCIONES,false,true,2,2,RETENCIONES,3,0
224,22,PROVISIONES,false,true,2,2,PROVISIONES,3,0
225,22,CRÉDITOS DIFERIDOS,false,true,2,2,CRÉDITOS DIFERIDOS,3,0
226,22,DEUDA POR PROVEER DINERO ELECTRÓNICO,false,true,2,2,DEUDA POR PROVEER DINERO ELECTRÓNICO,3,0
231,23,PRÉSTAMOS CONVERTIBLES EN ACCIONES,false,true,2,2,PRÉSTAMOS CONVERTIBLES EN ACCIONES,3,0
241,24,DEUDA SUBORDINADA A PLAZO FIJO,false,true,2,2,DEUDA SUBORDINADA A PLAZO FIJO,3,0
2510,25,transferencias - pasivos,false,true,1,2,,3,1
311,31,CAPITAL SOCIAL,false,true,2,3,CAPITAL SOCIAL,3,0
312,31,APORTES DE CAPITAL PENDIENTES DE FORMALIZAR,false,true,2,3,APORTES DE CAPITAL PENDIENTES DE FORMALIZAR,3,0
313,31,RESERVAS DE CAPITAL,false,true,2,3,RESERVAS DE CAPITAL,3,0
314,31,RESULTADOS POR APLICAR,false,true,2,3,RESULTADOS POR APLICAR,3,0
321,32,UTILIDADES NO DISTRIBUIBLES,false,true,2,3,UTILIDADES NO DISTRIBUIBLES,3,0
322,32,REVALUACIONES,false,true,2,3,REVALUACIONES,3,0
323,32,RECUPERACIONES DE ACTIVOS CASTIGADOS,false,true,2,3,RECUPERACIONES DE ACTIVOS CASTIGADOS,3,0
324,32,DONACIONES,false,true,2,3,DONACIONES,3,0
325,32,PROVISIONES,false,true,2,3,PROVISIONES,3,0
412,41,CONTINGENCIAS POR AVALES Y FIANZAS,false,true,2,1,CONTINGENCIAS POR AVALES Y FIANZAS,3,0
413,41,DERECHOS POR OPERACIONES EN MONEDA EXTRANJERA,false,true,2,1,DERECHOS POR OPERACIONES EN MONEDA EXTRANJERA,3,0
512,51,CONTINGENCIAS POR AVALES Y FIANZAS,false,true,2,2,CONTINGENCIAS POR AVALES Y FIANZAS,3,0
513,51,COMPROMISOS POR OPERACIONES EN MONEDA EXTRANJERA,false,true,2,2,COMPROMISOS POR OPERACIONES EN MONEDA EXTRANJERA,3,0
611,61,INGRESOS DE OPERACIONES DE INTERMEDIACION,false,true,2,4,INGRESOS DE OPERACIONES DE INTERMEDIACION,3,0
621,62,INGRESOS DE OTRAS OPERACIONES,false,true,2,4,INGRESOS DE OTRAS OPERACIONES,3,0
631,63,INGRESOS NO OPERACIONALES,false,true,2,4,INGRESOS NO OPERACIONALES,3,0
6410,64,Ingreso por Intereses,false,true,2,4,,3,0
6420,64,Ingreso por Comisiones,false,true,2,4,,3,0
6430,64,Ingreso por penalidades,false,true,2,4,,3,0
6440,64,Ingreso por recuperación - capital ,false,true,1,4,,3,1
6450,64,Ingreso por recuperación - incobrable - interes,false,true,1,4,,3,1
6460,64,Ingreso por recuperación - incobrable - comisiones,false,true,1,4,,3,1
6470,64,Ingreso por recuperación - incobrable - penalidades,false,true,1,4,,3,1
711,71,CAPTACIÓN DE RECURSOS,false,true,2,5,CAPTACIÓN DE RECURSOS,3,0
712,71,SANEAMIENTO DE ACTIVOS DE INTERMEDIACIÓN,false,true,2,5,SANEAMIENTO DE ACTIVOS DE INTERMEDIACIÓN,3,0
713,71,CASTIGOS DE ACTIVOS DE INTERMEDIACIÓN,false,true,2,5,CASTIGOS DE ACTIVOS DE INTERMEDIACIÓN,3,0
721,72,OPERACIONES EN MONEDA EXTRANJERA,false,true,2,5,OPERACIONES EN MONEDA EXTRANJERA,3,0
722,72,PRESTACIÓN DE SERVICIOS,false,true,2,5,PRESTACIÓN DE SERVICIOS,3,0
723,72,AVALES Y FIANZAS,false,true,2,5,AVALES Y FIANZAS,3,0
724,72,SANEAMIENTOS,false,true,2,5,SANEAMIENTOS,3,0
725,72,CASTIGOS DE CONTINGENCIAS,false,true,2,5,CASTIGOS DE CONTINGENCIAS,3,0
726,72,COMISIÓN POR DEPÓSITOS EN GARANTÍA POR PROVEER DINERO ELECTRÓNICO,false,true,2,5,COMISIÓN POR DEPÓSITOS EN GARANTÍA POR PROVEER DINERO ELECTRÓNICO,3,0
727,72,COMERCIALIZACIÓN DE CUOTAS DE PARTICIPACIÓN DE FONDOS DE INVERSIÓN ABIERTOS,false,true,2,5,COMERCIALIZACIÓN DE CUOTAS DE PARTICIPACIÓN DE FONDOS DE INVERSIÓN ABIERTOS,3,0
728,72,SERVICIOS CON FONDOS DE AHORRO PREVISIONAL VOLUNTARIO,false,true,2,5,SERVICIOS CON FONDOS DE AHORRO PREVISIONAL VOLUNTARIO,3,0
811,81,GASTOS DE FUNCIONARIOS Y EMPLEADOS,false,true,2,5,GASTOS DE FUNCIONARIOS Y EMPLEADOS,3,0
812,81,GASTOS GENERALES,false,true,2,5,GASTOS GENERALES,3,0
813,81,DEPRECIACIONES Y AMORTIZACIONES,false,true,2,5,DEPRECIACIONES Y AMORTIZACIONES,3,0
821,82,GASTOS DE EJERCICIOS ANTERIORES,false,true,2,5,GASTOS DE EJERCICIOS ANTERIORES,3,0
822,82,PÉRDIDAS EN VENTA DE ACTIVOS,false,true,2,5,PÉRDIDAS EN VENTA DE ACTIVOS,3,0
823,82,GASTOS POR EXPLOTACIÓN DE ACTIVOS,false,true,2,5,GASTOS POR EXPLOTACIÓN DE ACTIVOS,3,0
824,82,CASTIGOS DE BIENES RECIBIDOS EN PAGO O ADJUDICADOS,false,true,2,5,CASTIGOS DE BIENES RECIBIDOS EN PAGO O ADJUDICADOS,3,0
825,82,GASTOS POR DIFERENCIAS TEMPORARIAS DE IMPUESTO SOBRE LAS GANANCIAS,false,true,2,5,GASTOS POR DIFERENCIAS TEMPORARIAS DE IMPUESTO SOBRE LAS GANANCIAS,3,0
826,82,PÉRDIDAS POR CONTINGENCIAS,false,true,2,5,PÉRDIDAS POR CONTINGENCIAS,3,0
827,82,OTROS,false,true,2,5,OTROS,3,0
831,83,IMPUESTO SOBRE LA RENTA,false,true,2,5,IMPUESTO SOBRE LA RENTA,3,0
841,84,CONTRIBUCIONES ESPECIALES,false,true,2,5,CONTRIBUCIONES ESPECIALES,3,0
911,91,DERECHOS Y OBLIGACIONES POR CRÉDITOS,false,true,2,6,DERECHOS Y OBLIGACIONES POR CRÉDITOS,3,0
912,91,FONDOS EN ADMINISTRACION,false,true,2,6,FONDOS EN ADMINISTRACION,3,0
913,91,FONDOS DE GARANTÍA,false,true,2,6,FONDOS DE GARANTÍA,3,0
914,91,CARTERA EN ADMINISTRACIÓN,false,true,2,6,CARTERA EN ADMINISTRACIÓN,3,0
915,91,INTERESES SOBRE PRESTAMOS DE DUDOSA RECUPERACIÓN,false,true,2,6,INTERESES SOBRE PRESTAMOS DE DUDOSA RECUPERACIÓN,3,0
916,91,CARTERA DE PRESTAMOS DE DUDOSA RECUPERACIÓN,false,true,2,6,CARTERA DE PRESTAMOS DE DUDOSA RECUPERACIÓN,3,0
917,91,SALDOS A CARGO DE DEUDORES,false,true,2,6,SALDOS A CARGO DE DEUDORES,3,0
921,92,DOCUMENTOS DE PRESTAMOS Y CRÉDITOS,false,true,2,6,DOCUMENTOS DE PRESTAMOS Y CRÉDITOS,3,0
922,92,TÍTULOSVALORES Y OTROS DOCUMENTOS,false,true,2,6,TÍTULOSVALORES Y OTROS DOCUMENTOS,3,0
923,92,CARTERA DE INVERSIONES FINANCIERAS,false,true,2,6,CARTERA DE INVERSIONES FINANCIERAS,3,0
924,92,ACTIVOS CASTIGADOS,false,true,2,6,ACTIVOS CASTIGADOS,3,0
1110,111,FONDOS DISPONIBLES,false,true,2,1,FONDOS DISPONIBLES,4,0
1121,112,DOCUMENTOS ADQUIRIDOS HASTA UN AÑO PLAZO,false,true,2,1,DOCUMENTOS ADQUIRIDOS HASTA UN AÑO PLAZO,4,0
1128,112,DOCUMENTOS VENCIDOS,false,true,2,1,DOCUMENTOS VENCIDOS,4,0
1129,112,PROVISIÓN POR PÉRDIDAS EN LA ADQUISICION TEMPORAL DE DOCUMENTOS,false,true,2,1,PROVISIÓN POR PÉRDIDAS EN LA ADQUISICION TEMPORAL DE DOCUMENTOS,4,0
1130,113,TÍTULOSVALORES CONSERVADOS PARA NEGOCIACIÓN,false,true,2,1,TÍTULOSVALORES CONSERVADOS PARA NEGOCIACIÓN,4,0
1131,113,TITULOSVALORES PARA CONSERVARSE HASTA EL VENCIMIENTO,false,true,2,1,TITULOSVALORES PARA CONSERVARSE HASTA EL VENCIMIENTO,4,0
1132,113,TITULOSVALORES DISPONIBLES PARA VENTA,false,true,2,1,TITULOSVALORES DISPONIBLES PARA VENTA,4,0
1138,113,INVERSIONES VENCIDAS,false,true,2,1,INVERSIONES VENCIDAS,4,0
1139,113,PROVISIÓN PARA VALUACIÓN DE INVERSIONES,false,true,2,1,PROVISIÓN PARA VALUACIÓN DE INVERSIONES,4,0
1141,114,PRÉSTAMOS PACTADOS HASTA UN AÑO PLAZO,false,true,2,1,PRÉSTAMOS PACTADOS HASTA UN AÑO PLAZO,4,0
1142,114,PRÉSTAMOS PACTADOS A MÁS DE UN AÑO PLAZO,false,true,2,1,PRÉSTAMOS PACTADOS A MÁS DE UN AÑO PLAZO,4,0
1148,114,PRÉSTAMOS VENCIDOS,false,true,2,1,PRÉSTAMOS VENCIDOS,4,0
1149,114,PROVISIÓN PARA INCOBRABILIDAD DE PRÉSTAMOS,false,true,2,1,PROVISIÓN PARA INCOBRABILIDAD DE PRÉSTAMOS,4,0
1210,121,SALDOS ENTRE COMPAÑÍAS,false,true,2,1,SALDOS ENTRE COMPAÑÍAS,4,0
1220,122,BIENES RECIBIDOS EN PAGO O ADJUDICADOS,false,true,2,1,BIENES RECIBIDOS EN PAGO O ADJUDICADOS,4,0
1229,122,ELIMINADA,false,true,1,1,ELIMINADA,4,1
1230,123,EXISTENCIAS,false,true,2,1,EXISTENCIAS,4,0
1240,124,GASTOS PAGADOS POR ANTICIPADO Y CARGOS DIFERIDOS,false,true,2,1,GASTOS PAGADOS POR ANTICIPADO Y CARGOS DIFERIDOS,4,0
1250,125,CUENTAS POR COBRAR,false,true,2,1,CUENTAS POR COBRAR,4,0
1259,125,PROVISIÓN DE INCOBRABILIDAD DE CUENTAS POR COBRAR,false,true,2,1,PROVISIÓN DE INCOBRABILIDAD DE CUENTAS POR COBRAR,4,0
1260,126,DERECHOS Y PARTICIPACIONES,false,true,2,1,DERECHOS Y PARTICIPACIONES,4,0
1270,127,FONDOS PARA PROVEER DINERO ELECTRÓNICO,false,true,2,1,FONDOS PARA PROVEER DINERO ELECTRÓNICO,4,0
1310,131,NO DEPRECIABLES,false,true,2,1,NO DEPRECIABLES,4,0
1320,132,DEPRECIABLES,false,true,2,1,DEPRECIABLES,4,0
1329,132,DEPRECIACIÓN ACUMULADA,false,true,2,1,DEPRECIACIÓN ACUMULADA,4,0
1330,133,AMORTIZABLES,false,true,2,1,AMORTIZABLES,4,0
1339,133,AMORTIZACION,false,true,2,1,AMORTIZACION,4,0
2110,211,DEPOSITOS A LA VISTA,false,true,2,2,DEPOSITOS A LA VISTA,4,0
2111,211,DEPÓSITOS PACTADOS HASTA UN AÑO PLAZO,false,true,2,2,DEPÓSITOS PACTADOS HASTA UN AÑO PLAZO,4,0
2112,211,DEPÓSITOS PACTADOS A MÁS DE UN AÑO PLAZO,false,true,2,2,DEPÓSITOS PACTADOS A MÁS DE UN AÑO PLAZO,4,0
2114,211,DEPÓSITOS RESTRINGIDOS E INACTIVOS,false,true,2,2,DEPÓSITOS RESTRINGIDOS E INACTIVOS,4,0
2121,212,PRÉSTAMOS PACTADOS HASTA UN AÑO PLAZO,false,true,2,2,PRÉSTAMOS PACTADOS HASTA UN AÑO PLAZO,4,0
2122,212,PRÉSTAMOS PACTADOS A MÁS DE UN AÑO PLAZO,false,true,2,2,PRÉSTAMOS PACTADOS A MÁS DE UN AÑO PLAZO,4,0
2123,212,PRÉSTAMOS PACTADOS A CINCO O MAS AÑOS PLAZO,false,true,2,2,PRÉSTAMOS PACTADOS A CINCO O MAS AÑOS PLAZO,4,0
2130,213,OBLIGACIONES A LA VISTA,false,true,2,2,OBLIGACIONES A LA VISTA,4,0
2141,214,TÍTULOS DE EMISIÓN PROPIA PACTADOS HASTA UN AÑO PLAZO,false,true,2,2,TÍTULOS DE EMISIÓN PROPIA PACTADOS HASTA UN AÑO PLAZO,4,0
2142,214,PACTADOS A MÁS DE UN AÑO PLAZO,false,true,2,2,PACTADOS A MÁS DE UN AÑO PLAZO,4,0
2151,215,DOCUMENTOS TRANSADOS HASTA UN AÑO PLAZO,false,true,2,2,DOCUMENTOS TRANSADOS HASTA UN AÑO PLAZO,4,0
2160,216,CHEQUES Y OTROS VALORES POR APLICAR,false,true,2,2,CHEQUES Y OTROS VALORES POR APLICAR,4,0
2210,221,SALDOS ENTRE COMPAÑIAS,false,true,2,2,SALDOS ENTRE COMPAÑIAS,4,0
2220,222,CUENTAS POR PAGAR,false,true,2,2,CUENTAS POR PAGAR,4,0
2230,223,RETENCIONES,false,true,2,2,RETENCIONES,4,0
2240,224,PROVISIONES,false,true,2,2,PROVISIONES,4,0
2250,225,CRÉDITOS DIFERIDOS,false,true,2,2,CRÉDITOS DIFERIDOS,4,0
2260,226,DEUDA POR PROVEER DINERO ELECTRÓNICO,false,true,2,2,DEUDA POR PROVEER DINERO ELECTRÓNICO,4,0
2311,231,PRESTAMOS CONVERTIBLES EN ACCIONES PACTADOS HASTA UN AÑO PLAZO,false,true,2,2,PRESTAMOS CONVERTIBLES EN ACCIONES PACTADOS HASTA UN AÑO PLAZO,4,0
2312,231,PRESTAMOS CONVERTIBLES EN ACCIONES PACTADOS A MÁS DE UN AÑO PLAZO ,false,true,2,2,PRESTAMOS CONVERTIBLES EN ACCIONES PACTADOS A MÁS DE UN AÑO PLAZO ,4,0
2413,241,DEUDA SUBORDINADA A CINCO O MÁS AÑOS,false,true,2,2,DEUDA SUBORDINADA A CINCO O MÁS AÑOS,4,0
3110,311,CAPITAL SOCIAL FIJO,false,true,2,3,CAPITAL SOCIAL FIJO,4,0
3111,311,CAPITAL SOCIAL VARIABLE,false,true,2,3,CAPITAL SOCIAL VARIABLE,4,0
3120,312,APORTES DE CAPITAL PENDIENTES DE FORMALIZAR,false,true,2,3,APORTES DE CAPITAL PENDIENTES DE FORMALIZAR,4,0
3130,313,RESERVAS DE CAPITAL,false,true,2,3,RESERVAS DE CAPITAL,4,0
3140,314,RESULTADOS POR APLICAR,false,true,2,3,RESULTADOS POR APLICAR,4,0
3210,321,UTILIDADES NO DISTRIBUIBLES,false,true,2,3,UTILIDADES NO DISTRIBUIBLES,4,0
3220,322,REVALUACIONES,false,true,2,3,REVALUACIONES,4,0
3230,323,RECUPERACIONES DE ACTIVOS CASTIGADOS,false,true,2,3,RECUPERACIONES DE ACTIVOS CASTIGADOS,4,0
3240,324,DONACIONES,false,true,2,3,DONACIONES,4,0
3250,325,PROVISIONES,false,true,2,3,PROVISIONES,4,0
4120,412,CONTINGENCIAS POR AVALES Y FIANZAS,false,true,2,1,CONTINGENCIAS POR AVALES Y FIANZAS,4,0
4129,412,PROVISIÓN POR PERDIDAS,false,true,2,1,PROVISIÓN POR PERDIDAS,4,0
4131,413,CONTRATOS A FUTUROS EN MONEDA EXTRANJERA,false,true,2,1,CONTRATOS A FUTUROS EN MONEDA EXTRANJERA,4,0
4139,413,PROVISIÓN POR PÉRDIDAS,false,true,2,1,PROVISIÓN POR PÉRDIDAS,4,0
5120,512,CONTINGENCIAS POR AVALES Y FIANZAS,false,true,2,2,CONTINGENCIAS POR AVALES Y FIANZAS,4,0
5131,513,CONTRATOS A FUTUROS EN MONEDA EXTRANJERA,false,true,2,2,CONTRATOS A FUTUROS EN MONEDA EXTRANJERA,4,0
6110,611,INGRESOS DE OPERACIONES DE INTERMEDIACION,false,true,2,4,INGRESOS DE OPERACIONES DE INTERMEDIACION,4,0
6210,621,INGRESOS DE OTRAS OPERACIONES,false,true,2,4,INGRESOS DE OTRAS OPERACIONES,4,0
6310,631,INGRESOS NO OPERACIONALES,false,true,2,4,INGRESOS NO OPERACIONALES,4,0
6411,6410,Ingreso por Interes - contra - condonacion,false,true,1,4,,4,1
6412,6410,Ingreso por Interes - contra - incobrable,false,true,1,4,,4,1
6413,6410,INGRESO POR INTERESES - NORMAL,false,true,1,4,"Ingreso normal por intereses, separado de cuentas contra",4,1
6421,6420,Ingreso por Comisión - contra - condonación,false,true,1,4,,4,1
6422,6420,Ingreso por Comisión - contra - incobrable,false,true,1,4,,4,1
6423,6420,INGRESO POR COMISIONES - NORMAL,false,true,1,4,"Ingreso normal por comisiones, separado de cuentas contra",4,1
6431,6430,Ingreso por penalidades - contra - condonación,false,true,1,4,,4,1
6432,6430,Ingreso por penalidades - contra - incobrable,false,true,1,4,,4,1
6433,6430,INGRESO POR PENALIDADES - NORMAL,false,true,1,4,"Ingreso normal por penalidades, separado de cuentas contra",4,1
7110,711,CAPTACIÓN DE RECURSOS,false,true,2,5,CAPTACIÓN DE RECURSOS,4,0
7120,712,SANEAMIENTO DE ACTIVOS DE INTERMEDIACION,false,true,2,5,SANEAMIENTO DE ACTIVOS DE INTERMEDIACION,4,0
7130,713,CASTIGOS DE ACTIVOS DE INTERMEDIACION,false,true,2,5,CASTIGOS DE ACTIVOS DE INTERMEDIACION,4,0
7210,721,OPERACIONES EN MONEDA EXTRANJERA,false,true,2,5,OPERACIONES EN MONEDA EXTRANJERA,4,0
7220,722,PRESTACIÓN DE SERVICIOS,false,true,2,5,PRESTACIÓN DE SERVICIOS,4,0
7230,723,AVALES Y FIANZAS,false,true,2,5,AVALES Y FIANZAS,4,0
7240,724,SANEAMIENTOS,false,true,2,5,SANEAMIENTOS,4,0
7250,725,CASTIGOS DE CONTINGENCIAS,false,true,2,5,CASTIGOS DE CONTINGENCIAS,4,0
7260,726,COMISIÓN POR DEPÓSITOS EN GARANTÍA POR PROVEER DINERO ELECTRÓNICO,false,true,2,5,COMISIÓN POR DEPÓSITOS EN GARANTÍA POR PROVEER DINERO ELECTRÓNICO,4,0
7270,727,COMERCIALIZACIÓN DE CUOTAS DE PARTICIPACIÓN DE FONDOS DE INVERSIÓN ABIERTOS,false,true,2,5,COMERCIALIZACIÓN DE CUOTAS DE PARTICIPACIÓN DE FONDOS DE INVERSIÓN ABIERTOS,4,0
7280,728,SERVICIOS CON FONDOS DE AHORRO PREVISIONAL VOLUNTARIO,false,true,2,5,SERVICIOS CON FONDOS DE AHORRO PREVISIONAL VOLUNTARIO,4,0
8110,811,GASTOS DE FUNCIONARIOS Y EMPLEADOS,false,true,2,5,GASTOS DE FUNCIONARIOS Y EMPLEADOS,4,0
8120,812,GASTOS GENERALES,false,true,2,5,GASTOS GENERALES,4,0
8130,813,DEPRECIACIONES Y AMORTIZACIONES,false,true,2,5,DEPRECIACIONES Y AMORTIZACIONES,4,0
8210,821,GASTOS DE EJERCICIOS ANTERIORES,false,true,2,5,GASTOS DE EJERCICIOS ANTERIORES,4,0
8220,822,PÉRDIDAS EN VENTA DE ACTIVOS,false,true,2,5,PÉRDIDAS EN VENTA DE ACTIVOS,4,0
8230,823,GASTOS POR EXPLOTACIÓN DE ACTIVOS,false,true,2,5,GASTOS POR EXPLOTACIÓN DE ACTIVOS,4,0
8240,824,CASTIGOS DE BIENES RECIBIDOS EN PAGO O ADJUDICADOS,false,true,2,5,CASTIGOS DE BIENES RECIBIDOS EN PAGO O ADJUDICADOS,4,0
8250,825,GASTOS POR DIFERENCIAS TEMPORARIAS DE IMPUESTO SOBRE LAS GANANCIAS,false,true,2,5,GASTOS POR DIFERENCIAS TEMPORARIAS DE IMPUESTO SOBRE LAS GANANCIAS,4,0
8260,826,PÉRDIDAS POR CONTINGENCIAS,false,true,2,5,PÉRDIDAS POR CONTINGENCIAS,4,0
8270,827,OTROS,false,true,2,5,OTROS,4,0
8310,831,IMPUESTO SOBRE LA RENTA,false,true,2,5,IMPUESTO SOBRE LA RENTA,4,0
8410,841,CONTRIBUCIONES ESPECIALES POR LEY,false,true,2,5,CONTRIBUCIONES ESPECIALES POR LEY,4,0
9110,911,DERECHOS Y OBLIGACIONES POR CRÉDITOS,false,true,2,6,DERECHOS Y OBLIGACIONES POR CRÉDITOS,4,0
9120,912,FONDOS EN ADMINISTRACION,false,true,2,6,FONDOS EN ADMINISTRACION,4,0
9130,913,FONDOS DE GARANTÍA,false,true,2,6,FONDOS DE GARANTÍA,4,0
9140,914,CARTERA EN ADMINISTRACIÓN,false,true,2,6,CARTERA EN ADMINISTRACIÓN,4,0
9150,915,INTERESES SOBRE PRESTAMOS DE DUDOSA RECUPERACIÓN,false,true,2,6,INTERESES SOBRE PRESTAMOS DE DUDOSA RECUPERACIÓN,4,0
9160,916,CARTERA DE PRÉSTAMOS PIGNORADA,false,true,2,6,CARTERA DE PRÉSTAMOS PIGNORADA,4,0
9170,917,SALDOS A CARGO DE DEUDORES,false,true,2,6,SALDOS A CARGO DE DEUDORES,4,0
9210,921,DOCUMENTOS DE PRESTAMOS Y CRÉDITOS,false,true,2,6,DOCUMENTOS DE PRESTAMOS Y CRÉDITOS,4,0
9220,922,TÍTULOSVALORES Y OTROS DOCUMENTOS,false,true,2,6,TÍTULOSVALORES Y OTROS DOCUMENTOS,4,0
9230,923,CARTERA DE INVERSIONES FINANCIERAS,false,true,2,6,CARTERA DE INVERSIONES FINANCIERAS,4,0
9240,924,ACTIVOS CASTIGADOS,false,true,2,6,ACTIVOS CASTIGADOS,4,0
111001,1110,CAJA,false,true,2,1,CAJA,5,0
111002,1110,DEPÓSITOS EN EL BCR,false,true,2,1,DEPÓSITOS EN EL BCR,5,0
111003,1110,DOCUMENTOS A CARGO DE BANCOS,false,true,2,1,DOCUMENTOS A CARGO DE BANCOS,5,0
111004,1110,DEPÓSITOS EN BANCOS LOCALES,false,true,2,1,DEPÓSITOS EN BANCOS LOCALES,5,0
111005,1110,DEPÓSITOS EN OTRAS ENTIDADES DEL SISTEMA FINANCIERO,false,true,2,1,DEPÓSITOS EN OTRAS ENTIDADES DEL SISTEMA FINANCIERO,5,0
111006,1110,DEPOSITOS EN BANCOS Y OTRAS INSTITUCIONES EXTRANJERAS,false,true,2,1,DEPOSITOS EN BANCOS Y OTRAS INSTITUCIONES EXTRANJERAS,5,0
112101,1121,OPERACIONES DE REPORTO CON EL BANCO CENTRAL DE RESERVA,false,true,2,1,OPERACIONES DE REPORTO CON EL BANCO CENTRAL DE RESERVA,5,0
112102,1121,OPERACIONES DE REPORTO CON ENTIDADES DEL ESTADO,false,true,2,1,OPERACIONES DE REPORTO CON ENTIDADES DEL ESTADO,5,0
112103,1121,OPERACIONES DE REPORTO CON EMPRESAS PRIVADAS,false,true,2,1,OPERACIONES DE REPORTO CON EMPRESAS PRIVADAS,5,0
112104,1121,OPERACIONES DE REPORTO CON PARTICULARES,false,true,2,1,OPERACIONES DE REPORTO CON PARTICULARES,5,0
112105,1121,OPERACIONES DE REPORTO CON BANCOS,false,true,2,1,OPERACIONES DE REPORTO CON BANCOS,5,0
112106,1121,OPERACIONES DE REPORTO CON OTRAS ENTIDADES DEL SISTEMA FINANCIERO,false,true,2,1,OPERACIONES DE REPORTO CON OTRAS ENTIDADES DEL SISTEMA FINANCIERO,5,0
112107,1121,OPERACIONES BURSÁTILES,false,true,2,1,OPERACIONES BURSÁTILES,5,0
112800,1128,DOCUMENTOS VENCIDOS,false,true,2,1,DOCUMENTOS VENCIDOS,5,0
112900,1129,PROVISIÓN POR PÉRDIDAS EN LA ADQUISICION TEMPORAL DE DOCUMENTOS,false,true,2,1,PROVISIÓN POR PÉRDIDAS EN LA ADQUISICION TEMPORAL DE DOCUMENTOS,5,0
113001,1130,TÍTULOSVALORES PROPIOS,false,true,2,1,TÍTULOSVALORES PROPIOS,5,0
113002,1130,TÍTULOSVALORES TRANSFERIDOS,false,true,2,1,TÍTULOSVALORES TRANSFERIDOS,5,0
113003,1130,COLOCACIÓN DE FONDOS,false,true,2,1,COLOCACIÓN DE FONDOS,5,0
113100,1131,TITULOSVALORES CONSERVARSE HASTA EL VENCIMIENTO,false,true,2,1,TITULOSVALORES CONSERVARSE HASTA EL VENCIMIENTO,5,0
113200,1132,TITULOSVALORES DISPONIBLES PARA VENTA,false,true,2,1,TITULOSVALORES DISPONIBLES PARA VENTA,5,0
113801,1138,TITULOSVALORES NEGOCIABLES,false,true,2,1,TITULOSVALORES NEGOCIABLES,5,0
113802,1138,TITULOSVALORES MANTENIDOS HASTA EL VENCIMIENTO,false,true,2,1,TITULOSVALORES MANTENIDOS HASTA EL VENCIMIENTO,5,0
113803,1138,TITULOSVALORES DISPONIBLES PARA LA VENTA,false,true,2,1,TITULOSVALORES DISPONIBLES PARA LA VENTA,5,0
113900,1139,PROVISIÓN PARA VALUACIÓN DE INVERSIONES,false,true,2,1,PROVISIÓN PARA VALUACIÓN DE INVERSIONES,5,0
114102,1141,PRÉSTAMOS A ENTIDADES DEL ESTADO,false,true,2,1,PRÉSTAMOS A ENTIDADES DEL ESTADO,5,0
114103,1141,PRÉSTAMOS A EMPRESAS PRIVADAS,false,true,2,1,PRÉSTAMOS A EMPRESAS PRIVADAS,5,0
114104,1141,PRÉSTAMOS A PARTICULARES,false,true,2,1,PRÉSTAMOS A PARTICULARES,5,0
114105,1141,PRÉSTAMOS A BANCOS,false,true,2,1,PRÉSTAMOS A BANCOS,5,0
114106,1141,PRÉSTAMOS A OTRAS ENTIDADES DEL SISTEMA FINANCIERO,false,true,2,1,PRÉSTAMOS A OTRAS ENTIDADES DEL SISTEMA FINANCIERO,5,0
114107,1141,PRÉSTAMOS A AGENCIAS Y SUBSIDIARIAS EN EL EXTRANJERO,false,true,2,1,PRÉSTAMOS A AGENCIAS Y SUBSIDIARIAS EN EL EXTRANJERO,5,0
114108,1141,PRÉSTAMOS A EMPRESAS NO DOMICILIADAS,false,true,2,1,PRÉSTAMOS A EMPRESAS NO DOMICILIADAS,5,0
114199,1141,DESEMBOLSOS Y RECUPERACIONES POR APLICAR,false,true,2,1,DESEMBOLSOS Y RECUPERACIONES POR APLICAR,5,0
114202,1142,PRÉSTAMOS A ENTIDADES DEL ESTADO,false,true,2,1,PRÉSTAMOS A ENTIDADES DEL ESTADO,5,0
114203,1142,PRÉSTAMOS A EMPRESAS PRIVADAS,false,true,2,1,PRÉSTAMOS A EMPRESAS PRIVADAS,5,0
114204,1142,PRÉSTAMOS A PARTICULARES,false,true,2,1,PRÉSTAMOS A PARTICULARES,5,0
114206,1142,PRÉSTAMOS A OTRAS ENTIDADES DEL SISTEMA FINANCIERO,false,true,2,1,PRÉSTAMOS A OTRAS ENTIDADES DEL SISTEMA FINANCIERO,5,0
114207,1142,PRÉSTAMOS A AGENCIAS Y SUBSIDIARIAS EN EL EXTRANJERO,false,true,2,1,PRÉSTAMOS A AGENCIAS Y SUBSIDIARIAS EN EL EXTRANJERO,5,0
114208,1142,PRÉSTAMOS A EMPRESAS NO DOMICILIADAS,false,true,2,1,PRÉSTAMOS A EMPRESAS NO DOMICILIADAS,5,0
114802,1148,PRÉSTAMOS A ENTIDADES DEL ESTADO,false,true,2,1,PRÉSTAMOS A ENTIDADES DEL ESTADO,5,0
114803,1148,PRÉSTAMOS A EMPRESAS PRIVADAS,false,true,2,1,PRÉSTAMOS A EMPRESAS PRIVADAS,5,0
114804,1148,PRÉSTAMOS A PARTICULARES,false,true,2,1,PRÉSTAMOS A PARTICULARES,5,0
114805,1148,PRÉSTAMOS A BANCOS,false,true,2,1,PRÉSTAMOS A BANCOS,5,0
114806,1148,PRÉSTAMOS A OTRAS ENTIDADES DEL SISTEMA FINANCIERO,false,true,2,1,PRÉSTAMOS A OTRAS ENTIDADES DEL SISTEMA FINANCIERO,5,0
114807,1148,PRÉSTAMOS A AGENCIAS Y SUBSIDIARIAS EN EL EXTRANJERO,false,true,2,1,PRÉSTAMOS A AGENCIAS Y SUBSIDIARIAS EN EL EXTRANJERO,5,0
114808,1148,PRÉSTAMOS A EMPRESAS NO DOMICILIADAS,false,true,2,1,PRÉSTAMOS A EMPRESAS NO DOMICILIADAS,5,0
114899,1148,RECUPERACIONES DE PRÉSTAMOS EN COBRO JUDICIAL,false,true,2,1,RECUPERACIONES DE PRÉSTAMOS EN COBRO JUDICIAL,5,0
114901,1149,PROVISIÓN PARA INCOBRABILIDAD DE PRÉSTAMOS,false,true,2,1,PROVISIÓN PARA INCOBRABILIDAD DE PRÉSTAMOS,5,0
121000,1210,SALDOS ENTRE COMPAÑÍAS,false,true,2,1,SALDOS ENTRE COMPAÑÍAS,5,0
122001,1220,BIENES INMUEBLES,false,true,2,1,BIENES INMUEBLES,5,0
122002,1220,BIENES MUEBLES,false,true,2,1,BIENES MUEBLES,5,0
122003,1220,TÍTULOS VALORES,false,true,2,1,TÍTULOS VALORES,5,0
122004,1220,CONSTRUCCIONES EN PROCESO,false,true,2,1,CONSTRUCCIONES EN PROCESO,5,0
123001,1230,BIENES PARA LA VENTA,false,true,2,1,BIENES PARA LA VENTA,5,0
123002,1230,BIENES PARA CONSUMO,false,true,2,1,BIENES PARA CONSUMO,5,0
124001,1240,SEGUROS,false,true,2,1,SEGUROS,5,0
124002,1240,ALQUILERES,false,true,2,1,ALQUILERES,5,0
124003,1240,INTERESES PAGADOS POR ANTICIPADO,false,true,2,1,INTERESES PAGADOS POR ANTICIPADO,5,0
124004,1240,INTANGIBLES,false,true,2,1,INTANGIBLES,5,0
124006,1240,DIFERENCIAS TEMPORARIAS POR IMPUESTOS SOBRE LAS GANANCIAS,false,true,2,1,DIFERENCIAS TEMPORARIAS POR IMPUESTOS SOBRE LAS GANANCIAS,5,0
124098,1240,OTROS PAGOS ANTICIPADOS,false,true,2,1,OTROS PAGOS ANTICIPADOS,5,0
124099,1240,OTROS CARGOS DIFERIDOS,false,true,2,1,OTROS CARGOS DIFERIDOS,5,0
125001,1250,SALDOS POR COBRAR,false,true,2,1,SALDOS POR COBRAR,5,0
125002,1250,COMISIONES Y RECARGOS DE AVALES Y FIANZAS,false,true,2,1,COMISIONES Y RECARGOS DE AVALES Y FIANZAS,5,0
125003,1250,PAGOS POR CUENTA AJENA,false,true,2,1,PAGOS POR CUENTA AJENA,5,0
125004,1250,SERVICIOS FINANCIEROS,false,true,2,1,SERVICIOS FINANCIEROS,5,0
125005,1250,ANTICIPOS,false,true,2,1,ANTICIPOS,5,0
125006,1250,SERVICIOS TECNICOS,false,true,2,1,SERVICIOS TECNICOS,5,0
125007,1250,COMISIÓN POR COMERCIALIZACIÓN DE CUOTAS DE PARTICIPACIÓN DE FONDOS DE INVERSIÓN ABIERTOS,false,true,2,1,COMISIÓN POR COMERCIALIZACIÓN DE CUOTAS DE PARTICIPACIÓN DE FONDOS DE INVERSIÓN ABIERTOS,5,0
125008,1250,COMISIÓN POR COMERCIALIZACIÓN DE FONDOS DE AHORRO PREVISIONAL VOLUNTARIO,false,true,2,1,COMISIÓN POR COMERCIALIZACIÓN DE FONDOS DE AHORRO PREVISIONAL VOLUNTARIO,5,0
125009,1250,COMISIÓN POR ADMINISTRACIÓN DE FONDOS DE AHORRO PREVISIONAL VOLUNTARIO,false,true,2,1,COMISIÓN POR ADMINISTRACIÓN DE FONDOS DE AHORRO PREVISIONAL VOLUNTARIO,5,0
125099,1250,OTRAS,false,true,2,1,OTRAS,5,0
125900,1259,PROVISIÓN DE INCOBRABILIDAD DE CUENTAS POR COBRAR,false,true,2,1,PROVISIÓN DE INCOBRABILIDAD DE CUENTAS POR COBRAR,5,0
126001,1260,INVERSIONES CONJUNTAS,false,true,2,1,INVERSIONES CONJUNTAS,5,0
126002,1260,SUBSIDIARIAS,false,true,2,1,SUBSIDIARIAS,5,0
126003,1260,PARTICIPACIONES Y OTROS DERECHOS,false,true,2,1,PARTICIPACIONES Y OTROS DERECHOS,5,0
126004,1260,CAPITAL ASIGNADO A SUCURSALES,false,true,2,1,CAPITAL ASIGNADO A SUCURSALES,5,0
126005,1260,BANCOS EXTRANJEROS,false,true,2,1,BANCOS EXTRANJEROS,5,0
127001,1270,DEPÓSITOS BANCO CENTRAL DE RESERVA,false,true,2,1,DEPÓSITOS BANCO CENTRAL DE RESERVA,5,0
131001,1310,TERRENOS,false,true,2,1,TERRENOS,5,0
131002,1310,CONSTRUCCIONES EN PROCESO,false,true,2,1,CONSTRUCCIONES EN PROCESO,5,0
131003,1310,MOBILIARIO Y EQUIPO POR UTILIZAR,false,true,2,1,MOBILIARIO Y EQUIPO POR UTILIZAR,5,0
132001,1320,EDIFICACIONES,false,true,2,1,EDIFICACIONES,5,0
132002,1320,EQUIPO DE COMPUTACIÓN,false,true,2,1,EQUIPO DE COMPUTACIÓN,5,0
132003,1320,EQUIPO DE OFICINA,false,true,2,1,EQUIPO DE OFICINA,5,0
132004,1320,MOBILIARIO,false,true,2,1,MOBILIARIO,5,0
132005,1320,VEHÍCULOS,false,true,2,1,VEHÍCULOS,5,0
132006,1320,"MAQUINARIA, EQUIPO Y HERRAMIENTA",false,true,2,1,"MAQUINARIA, EQUIPO Y HERRAMIENTA",5,0
132007,1320,INSTALACIONES,false,true,2,1,INSTALACIONES,5,0
132099,1320,OTROS,false,true,2,1,OTROS,5,0
132901,1329,VALOR HISTORICO,false,true,2,1,VALOR HISTORICO,5,0
132902,1329,REVALUOS,false,true,2,1,REVALUOS,5,0
133001,1330,CONSTRUCCIONES EN LOCALES ARRENDADOS,false,true,2,1,CONSTRUCCIONES EN LOCALES ARRENDADOS,5,0
133002,1330,REMODELACIONES Y READECUACIONES,false,true,2,1,REMODELACIONES Y READECUACIONES,5,0
133003,1330,SISTEMA INFORMATICO,false,true,2,1,SISTEMA INFORMATICO,5,0
133099,1330,OTROS,false,true,2,1,OTROS,5,0
133903,1339,SISTEMA INFORMATICO,false,true,2,1,SISTEMA INFORMATICO,5,0
211001,2110,DEPOSITOS EN CUENTA CORRIENTE,false,true,2,2,DEPOSITOS EN CUENTA CORRIENTE,5,0
211002,2110,DEPOSITOS DE AHORRO,false,true,2,2,DEPOSITOS DE AHORRO,5,0
211003,2110,DEPÓSITOS EN CUENTA DE AHORRO SIMPLIFICADA,false,true,2,2,DEPÓSITOS EN CUENTA DE AHORRO SIMPLIFICADA,5,0
211101,2111,TÍTULOS DE AHORRO PACTADOS A MENOS DE TREINTA DÍAS PLAZO,false,true,2,2,TÍTULOS DE AHORRO PACTADOS A MENOS DE TREINTA DÍAS PLAZO,5,0
211102,2111,DEPÓSITOS A 30 DÍAS PLAZO,false,true,2,2,DEPÓSITOS A 30 DÍAS PLAZO,5,0
211103,2111,DEPÓSITOS A 60 DÍAS PLAZO,false,true,2,2,DEPÓSITOS A 60 DÍAS PLAZO,5,0
211104,2111,DEPÓSITOS A 90 DÍAS PLAZO,false,true,2,2,DEPÓSITOS A 90 DÍAS PLAZO,5,0
211105,2111,DEPÓSITOS A 120 DÍAS PLAZO,false,true,2,2,DEPÓSITOS A 120 DÍAS PLAZO,5,0
211106,2111,DEPÓSITOS A 150 DÍAS PLAZO,false,true,2,2,DEPÓSITOS A 150 DÍAS PLAZO,5,0
211107,2111,DEPÓSITOS A 180 DÍAS PLAZO,false,true,2,2,DEPÓSITOS A 180 DÍAS PLAZO,5,0
211108,2111,DEPÓSITOS PACTADOS A MAS DE 180 DÍAS PLAZO,false,true,2,2,DEPÓSITOS PACTADOS A MAS DE 180 DÍAS PLAZO,5,0
211113,2111,DEPÓSITOS A 360 DÍAS PLAZO,false,true,2,2,DEPÓSITOS A 360 DÍAS PLAZO,5,0
211114,2111,DEPÓSITOS DE AHORRO PROGRAMADO,false,true,2,2,DEPÓSITOS DE AHORRO PROGRAMADO,5,0
211201,2112,DEPÓSITOS A PLAZO,false,true,2,2,DEPÓSITOS A PLAZO,5,0
211202,2112,DEPOSITOS A PLAZO CON RESERVA LIQUIDEZ ESPECIAL,false,true,2,2,DEPOSITOS A PLAZO CON RESERVA LIQUIDEZ ESPECIAL,5,0
211204,2112,DEPÓSITOS DE AHORRO PROGRAMADO,false,true,2,2,DEPÓSITOS DE AHORRO PROGRAMADO,5,0
211401,2114,DEPÓSITOS EN GARANTÍA - CUENTA DE AHORRO,false,true,2,2,DEPÓSITOS EN GARANTÍA - CUENTA DE AHORRO,5,0
211402,2114,DEPÓSITOS EN GARANTÍA - A PLAZO,false,true,2,2,DEPÓSITOS EN GARANTÍA - A PLAZO,5,0
211403,2114,DEPÓSITOS EMBARGADOS - CUENTA CORRIENTE,false,true,2,2,DEPÓSITOS EMBARGADOS - CUENTA CORRIENTE,5,0
211404,2114,DEPÓSITOS EMBARGADOS - CUENTA DE AHORRO,false,true,2,2,DEPÓSITOS EMBARGADOS - CUENTA DE AHORRO,5,0
211405,2114,DEPOSITOS EMBARGADOS - DEPOSITOS A PLAZO,false,true,2,2,DEPOSITOS EMBARGADOS - DEPOSITOS A PLAZO,5,0
211406,2114,DEPOSITOS INACTIVOS - CUENTAS CORRIENTES,false,true,2,2,DEPOSITOS INACTIVOS - CUENTAS CORRIENTES,5,0
211407,2114,DEPÓSITOS INACTIVOS – AHORROS,false,true,2,2,DEPÓSITOS INACTIVOS – AHORROS,5,0
211408,2114,DEPÓSITOS EN GARANTIA - CUENTA DE AHORRO SIMPLIFICADA,false,true,2,2,DEPÓSITOS EN GARANTIA - CUENTA DE AHORRO SIMPLIFICADA,5,0
211409,2114,DEPÓSITOS EMBARGADOS - CUENTA DE AHORRO SIMPLIFICADA,false,true,2,2,DEPÓSITOS EMBARGADOS - CUENTA DE AHORRO SIMPLIFICADA,5,0
211410,2114,DEPÓSITOS INACTIVOS - CUENTA DE AHORRO SIMPLIFICADA,false,true,2,2,DEPÓSITOS INACTIVOS - CUENTA DE AHORRO SIMPLIFICADA,5,0
212102,2121,ADEUDADO A ENTIDADES DEL ESTADO,false,true,2,2,ADEUDADO A ENTIDADES DEL ESTADO,5,0
212103,2121,ADEUDADO AL INSTITUTO DE GARANTÍA DE DEPÓSITOS,false,true,2,2,ADEUDADO AL INSTITUTO DE GARANTÍA DE DEPÓSITOS,5,0
212105,2121,ADEUDADO A BANCOS,false,true,2,2,ADEUDADO A BANCOS,5,0
212106,2121,ADEUDADO A OTRAS ENTIDADES DEL SISTEMA FINANCIERO,false,true,2,2,ADEUDADO A OTRAS ENTIDADES DEL SISTEMA FINANCIERO,5,0
212107,2121,ADEUDADO AL BMI PARA PRESTAR A TERCEROS,false,true,2,2,ADEUDADO AL BMI PARA PRESTAR A TERCEROS,5,0
212108,2121,ADEUDADO A ENTIDADES EXTRANJERAS,false,true,2,2,ADEUDADO A ENTIDADES EXTRANJERAS,5,0
212109,2121,OTROS PRÉSTAMOS,false,true,2,2,OTROS PRÉSTAMOS,5,0
212202,2122,ADEUDADO A ENTIDADES DEL ESTADO,false,true,2,2,ADEUDADO A ENTIDADES DEL ESTADO,5,0
212203,2122,ADEUDADO AL INSTITUTO DE GARANTÍA DE DEPÓSITOS,false,true,2,2,ADEUDADO AL INSTITUTO DE GARANTÍA DE DEPÓSITOS,5,0
212206,2122,ADEUDADO A OTRAS ENTIDADES DEL SISTEMA FINANCIERO,false,true,2,2,ADEUDADO A OTRAS ENTIDADES DEL SISTEMA FINANCIERO,5,0
212207,2122,ADEUDADO AL BMI PARA PRESTAR A TERCEROS,false,true,2,2,ADEUDADO AL BMI PARA PRESTAR A TERCEROS,5,0
212208,2122,ADEUDADO A ENTIDADES EXTRANJERAS,false,true,2,2,ADEUDADO A ENTIDADES EXTRANJERAS,5,0
212209,2122,OTROS PRÉSTAMOS,false,true,2,2,OTROS PRÉSTAMOS,5,0
212306,2123,ADEUDADO A ENTIDADES EXTRANJERAS,false,true,2,2,ADEUDADO A ENTIDADES EXTRANJERAS,5,0
212307,2123,OTROS PRÉSTAMOS,false,true,2,2,OTROS PRÉSTAMOS,5,0
213001,2130,CHEQUES PROPIOS,false,true,2,2,CHEQUES PROPIOS,5,0
213002,2130,OBLIGACIONES POR TARJETAS DE CRÉDITO,false,true,2,2,OBLIGACIONES POR TARJETAS DE CRÉDITO,5,0
213003,2130,COBROS POR CUENTA AJENA,false,true,2,2,COBROS POR CUENTA AJENA,5,0
213004,2130,CORRESPONSALÍAS,false,true,2,2,CORRESPONSALÍAS,5,0
213005,2130,TRANSFERENCIAS DE FONDOS,false,true,2,2,TRANSFERENCIAS DE FONDOS,5,0
214100,2141,TÍTULOS DE EMISIÓN PROPIA PACTADOS HASTA UN AÑO PLAZO,false,true,2,2,TÍTULOS DE EMISIÓN PROPIA PACTADOS HASTA UN AÑO PLAZO,5,0
214201,2142,PACTADOS A MENOS DE CINCO AÑOS PLAZO,false,true,2,2,PACTADOS A MENOS DE CINCO AÑOS PLAZO,5,0
214202,2142,PACTADOS A CINCO O MAS AÑOS PLAZO,false,true,2,2,PACTADOS A CINCO O MAS AÑOS PLAZO,5,0
215101,2151,OPERACIONES DE REPORTO CON EL BANCO CENTRAL DE RESERVA,false,true,2,2,OPERACIONES DE REPORTO CON EL BANCO CENTRAL DE RESERVA,5,0
215102,2151,OPERACIONES DE REPORTO CON ENTIDADES DEL ESTADO,false,true,2,2,OPERACIONES DE REPORTO CON ENTIDADES DEL ESTADO,5,0
215103,2151,OPERACIONES DE REPORTO CON EMPRESAS PRIVADAS,false,true,2,2,OPERACIONES DE REPORTO CON EMPRESAS PRIVADAS,5,0
215104,2151,OPERACIONES DE REPORTO CON PARTICULARES,false,true,2,2,OPERACIONES DE REPORTO CON PARTICULARES,5,0
215105,2151,OPERACIONES DE REPORTO CON BANCOS,false,true,2,2,OPERACIONES DE REPORTO CON BANCOS,5,0
215106,2151,OPERACIONES DE REPORTO CON OTRAS ENTIDADES DEL SISTEMA FINANCIERO,false,true,2,2,OPERACIONES DE REPORTO CON OTRAS ENTIDADES DEL SISTEMA FINANCIERO,5,0
215107,2151,OPERACIONES BURSÁTILES,false,true,2,2,OPERACIONES BURSÁTILES,5,0
216001,2160,CAMARA DE COMPENSACIÓN,false,true,2,2,CAMARA DE COMPENSACIÓN,5,0
216002,2160,DOCUMENTOS REMESADOS A BANCOS EXTRANJEROS,false,true,2,2,DOCUMENTOS REMESADOS A BANCOS EXTRANJEROS,5,0
221000,2210,SALDOS ENTRE COMPAÑÍAS,false,true,2,2,SALDOS ENTRE COMPAÑÍAS,5,0
222001,2220,CHEQUES DE CAJA PARA PROVEEDORES,false,true,2,2,CHEQUES DE CAJA PARA PROVEEDORES,5,0
222002,2220,SALDOS POR PAGAR A FEDERACIONES,false,true,2,2,SALDOS POR PAGAR A FEDERACIONES,5,0
222003,2220,SALDOS A ORGANISMOS DE INTEGRACION COOPERATIVA INTERNACIONAL,false,true,2,2,SALDOS A ORGANISMOS DE INTEGRACION COOPERATIVA INTERNACIONAL,5,0
222004,2220,DIVIDENDOS Y PARTICIPACIONES,false,true,2,2,DIVIDENDOS Y PARTICIPACIONES,5,0
222005,2220,"IMPUESTOS, SERVICIOS PÚBLICOS Y OTRAS OBLIGACIONES",false,true,2,2,"IMPUESTOS, SERVICIOS PÚBLICOS Y OTRAS OBLIGACIONES",5,0
222006,2220,IMPUESTO SOBRE LA RENTA,false,true,2,2,IMPUESTO SOBRE LA RENTA,5,0
222007,2220,PASIVOS TRANSITORIOS,false,true,2,2,PASIVOS TRANSITORIOS,5,0
222008,2220,CONTRIBUCIONES ESPECIALES POR LEY,false,true,2,2,CONTRIBUCIONES ESPECIALES POR LEY,5,0
222099,2220,OTRAS,false,true,2,2,OTRAS,5,0
223000,2230,RETENCIONES,false,true,2,2,RETENCIONES,5,0
224001,2240,PROVISIONES LABORALES,false,true,2,2,PROVISIONES LABORALES,5,0
224002,2240,FONDO DE EDUCACION,false,true,2,2,FONDO DE EDUCACION,5,0
224003,2240,OTRAS PROVISIONES,false,true,2,2,OTRAS PROVISIONES,5,0
224004,2240,PROVISIONES POR CONTINGENCIAS,false,true,2,2,PROVISIONES POR CONTINGENCIAS,5,0
225001,2250,INTERESES,false,true,2,2,INTERESES,5,0
225002,2250,DIFERENCIAS DE PRECIOS EN OPERACIONES CON TÍTULOS VALORES,false,true,2,2,DIFERENCIAS DE PRECIOS EN OPERACIONES CON TÍTULOS VALORES,5,0
225003,2250,ANTICIPOS PARA RESERVACIÓN DE VIVIENDA,false,true,2,2,ANTICIPOS PARA RESERVACIÓN DE VIVIENDA,5,0
225004,2250,"INGRESOS, PERCIBIDOS NO DEVENGADOS",false,true,2,2,"INGRESOS, PERCIBIDOS NO DEVENGADOS",5,0
225005,2250,SUBVENCIONES,false,true,2,2,SUBVENCIONES,5,0
225006,2250,DIFERENCIAS TEMPORARIAS POR IMPUESTOS SOBRE LAS GANANCIAS,false,true,2,2,DIFERENCIAS TEMPORARIAS POR IMPUESTOS SOBRE LAS GANANCIAS,5,0
226001,2260,POR DINERO ELECTRÓNICO,false,true,2,2,POR DINERO ELECTRÓNICO,5,0
231100,2311,PRESTAMOS CONVERTIBLES EN ACCIONES PACTADOS HASTA UN AÑO PLAZO,false,true,2,2,PRESTAMOS CONVERTIBLES EN ACCIONES PACTADOS HASTA UN AÑO PLAZO,5,0
231200,2312,PRESTAMOS CONVERTIBLES EN ACCIONES PACTADOS A MÁS DE UN AÑO PLAZO,false,true,2,2,PRESTAMOS CONVERTIBLES EN ACCIONES PACTADOS A MÁS DE UN AÑO PLAZO,5,0
241300,2413,DEUDA SUBORDINADA A CINCO O MÁS AÑOS,false,true,2,2,DEUDA SUBORDINADA A CINCO O MÁS AÑOS,5,0
311001,3110,CAPITAL SUSCRITO PAGADO,false,true,2,3,CAPITAL SUSCRITO PAGADO,5,0
311002,3110,CAPITAL SUSCRITO NO PAGADO,false,true,2,3,CAPITAL SUSCRITO NO PAGADO,5,0
311003,3110,APORTES DEL ESTADO,false,true,2,3,APORTES DEL ESTADO,5,0
311101,3111,CAPITAL SUSCRITO PAGADO,false,true,2,3,CAPITAL SUSCRITO PAGADO,5,0
311102,3111,CAPITAL SUSCRITO NO PAGADO,false,true,2,3,CAPITAL SUSCRITO NO PAGADO,5,0
311103,3111,APORTES DEL ESTADO,false,true,2,3,APORTES DEL ESTADO,5,0
312000,3120,APORTES DE CAPITAL PENDIENTES DE FORMALIZAR,false,true,2,3,APORTES DE CAPITAL PENDIENTES DE FORMALIZAR,5,0
313000,3130,RESERVAS DE CAPITAL,false,true,2,3,RESERVAS DE CAPITAL,5,0
314001,3140,RESULTADOS DE EJERCICIOS ANTERIORES,false,true,2,3,RESULTADOS DE EJERCICIOS ANTERIORES,5,0
314002,3140,RESULTADOS DEL PRESENTE EJERCICIO,false,true,2,3,RESULTADOS DEL PRESENTE EJERCICIO,5,0
321000,3210,UTILIDADES NO DISTRIBUIBLES,false,true,2,3,UTILIDADES NO DISTRIBUIBLES,5,0
322000,3220,REVALUACIONES,false,true,2,3,REVALUACIONES,5,0
323001,3230,RECUPERACIONES DE BIENES INMUEBLES Y MUEBLES,false,true,2,3,RECUPERACIONES DE BIENES INMUEBLES Y MUEBLES,5,0
324001,3240,DONACIONES DE ASOCIADOS,false,true,2,3,DONACIONES DE ASOCIADOS,5,0
324002,3240,OTRAS DONACIONES,false,true,2,3,OTRAS DONACIONES,5,0
325001,3250,POR RIESGOS GENERICOS DE LA ACTIVIDAD BANCARIO,false,true,2,3,POR RIESGOS GENERICOS DE LA ACTIVIDAD BANCARIO,5,0
325002,3250,POR BIENES RECIBIDOS EN PAGO O ADJUDICADOS,false,true,2,3,POR BIENES RECIBIDOS EN PAGO O ADJUDICADOS,5,0
412001,4120,CONTINGENCIAS POR AVALES A MENOS DE CINCO AÑOS PLAZO,false,true,2,1,CONTINGENCIAS POR AVALES A MENOS DE CINCO AÑOS PLAZO,5,0
412002,4120,CONTINGENCIAS POR FIANZAS A MENOS DE CINCO AÑOS PLAZO,false,true,2,1,CONTINGENCIAS POR FIANZAS A MENOS DE CINCO AÑOS PLAZO,5,0
412003,4120,CONTINGENCIAS POR AVALES A CINCO O MÁS AÑOS PLAZO,false,true,2,1,CONTINGENCIAS POR AVALES A CINCO O MÁS AÑOS PLAZO,5,0
412004,4120,CONTINGENCIAS POR FIANZAS A CINCO O MÁS AÑOS PLAZO,false,true,2,1,CONTINGENCIAS POR FIANZAS A CINCO O MÁS AÑOS PLAZO,5,0
412900,4129,PROVISIÓN POR PÉRDIDAS,false,true,2,1,PROVISIÓN POR PÉRDIDAS,5,0
413101,4131,CONTRATOS A FUTUROS EN MONEDA EXTRANJERA,false,true,2,1,CONTRATOS A FUTUROS EN MONEDA EXTRANJERA,5,0
413102,4131,CONTRATOS A FUTURO CON ARBITRAJE,false,true,2,1,CONTRATOS A FUTURO CON ARBITRAJE,5,0
413900,4139,PROVISIÓN POR PÉRDIDAS,false,true,2,1,PROVISIÓN POR PÉRDIDAS,5,0
512001,5120,AVALES A MENOS DE CINCO AÑOS PLAZO,false,true,2,2,AVALES A MENOS DE CINCO AÑOS PLAZO,5,0
512002,5120,FIANZAS A MENOS DE CINCO AÑOS PLAZO,false,true,2,2,FIANZAS A MENOS DE CINCO AÑOS PLAZO,5,0
512003,5120,AVALES A MÁS DE CINCO AÑOS PLAZO,false,true,2,2,AVALES A MÁS DE CINCO AÑOS PLAZO,5,0
512004,5120,FIANZAS A MÁS DE CINCO AÑOS PLAZO,false,true,2,2,FIANZAS A MÁS DE CINCO AÑOS PLAZO,5,0
513101,5131,CONTRATOS A FUTUROS EN MONEDA EXTRANJERA,false,true,2,2,CONTRATOS A FUTUROS EN MONEDA EXTRANJERA,5,0
513102,5131,CONTRATOS A FUTURO CON ARBITRAJE,false,true,2,2,CONTRATOS A FUTURO CON ARBITRAJE,5,0
611001,6110,CARTERA DE PRÉSTAMOS,false,true,2,4,CARTERA DE PRÉSTAMOS,5,0
611002,6110,CARTERA DE INVERSIONES,false,true,2,4,CARTERA DE INVERSIONES,5,0
611003,6110,OPERACIONES TEMPORALES CON DOCUMENTOS,false,true,2,4,OPERACIONES TEMPORALES CON DOCUMENTOS,5,0
611004,6110,INTERESES SOBRE DEPÓSITOS,false,true,2,4,INTERESES SOBRE DEPÓSITOS,5,0
621001,6210,OPERACIONES EN MONEDA EXTRANJERA,false,true,2,4,OPERACIONES EN MONEDA EXTRANJERA,5,0
621002,6210,SERVICIOS TECNICOS,false,true,2,4,SERVICIOS TECNICOS,5,0
621003,6210,AVALES Y FIANZAS,false,true,2,4,AVALES Y FIANZAS,5,0
621004,6210,SERVICIOS FINANCIEROS,false,true,2,4,SERVICIOS FINANCIEROS,5,0
621005,6210,CUOTAS COOPERATIVAS,false,true,2,4,CUOTAS COOPERATIVAS,5,0
621006,6210,COMERCIALIZACIÓN DE CUOTAS DE PARTICIPACIÓN DE FONDOS DE INVERSIÓN ABIERTOS,false,true,2,4,COMERCIALIZACIÓN DE CUOTAS DE PARTICIPACIÓN DE FONDOS DE INVERSIÓN ABIERTOS,5,0
621007,6210,OPERACIONES DE PROVEEDURIA DE DINERO ELECTRÓNICO,false,true,2,4,OPERACIONES DE PROVEEDURIA DE DINERO ELECTRÓNICO,5,0
621008,6210,COMISIÓN POR COMERCIALIZACIÓN DE FONDOS DE AHORRO PREVISIONAL VOLUNTARIO,false,true,2,4,COMISIÓN POR COMERCIALIZACIÓN DE FONDOS DE AHORRO PREVISIONAL VOLUNTARIO,5,0
621009,6210,COMISIÓN POR ADMINISTRACIÓN DE FONDOS DE AHORRO PREVISIONAL VOLUNTARIO,false,true,2,4,COMISIÓN POR ADMINISTRACIÓN DE FONDOS DE AHORRO PREVISIONAL VOLUNTARIO,5,0
631001,6310,INGRESOS DE EJERCICIOS ANTERIORES,false,true,2,4,INGRESOS DE EJERCICIOS ANTERIORES,5,0
631002,6310,UTILIDAD EN VENTA DE ACTIVOS,false,true,2,4,UTILIDAD EN VENTA DE ACTIVOS,5,0
631003,6310,INGRESOS POR EXPLOTACIÓN DE ACTIVOS,false,true,2,4,INGRESOS POR EXPLOTACIÓN DE ACTIVOS,5,0
631004,6310,DIVIDENDOS,false,true,2,4,DIVIDENDOS,5,0
631005,6310,SUBVENCIONES,false,true,2,4,SUBVENCIONES,5,0
631006,6310,INGRESO POR DIFERENCIAS TEMPORARIAS DE IMPUESTO SOBRE LAS GANANCIAS,false,true,2,4,INGRESO POR DIFERENCIAS TEMPORARIAS DE IMPUESTO SOBRE LAS GANANCIAS,5,0
631099,6310,OTROS,false,true,2,4,OTROS,5,0
711001,7110,DEPÓSITOS,false,true,2,5,DEPÓSITOS,5,0
711002,7110,PRÉSTAMOS PARA TERCEROS,false,true,2,5,PRÉSTAMOS PARA TERCEROS,5,0
711003,7110,PRÉSTAMOS PARA CUBRIR DÉFICIT DE CAJA,false,true,2,5,PRÉSTAMOS PARA CUBRIR DÉFICIT DE CAJA,5,0
711004,7110,TÍTULOS DE EMISIÓN PROPIA,false,true,2,5,TÍTULOS DE EMISIÓN PROPIA,5,0
711005,7110,PÉRDIDA POR DIFERENCIA DE PRECIOS,false,true,2,5,PÉRDIDA POR DIFERENCIA DE PRECIOS,5,0
711006,7110,PRIMAS POR GARANTÍA DE DEPÓSITOS,false,true,2,5,PRIMAS POR GARANTÍA DE DEPÓSITOS,5,0
711007,7110,OTROS COSTOS DE INTERMEDIACIÓN,false,true,2,5,OTROS COSTOS DE INTERMEDIACIÓN,5,0
712000,7120,SANEAMIENTO DE ACTIVOS DE INTERMEDIACION,false,true,2,5,SANEAMIENTO DE ACTIVOS DE INTERMEDIACION,5,0
713000,7130,CASTIGOS DE ACTIVOS DE INTERMEDIACION,false,true,2,5,CASTIGOS DE ACTIVOS DE INTERMEDIACION,5,0
721000,7210,OPERACIONES EN MONEDA EXTRANJERA,false,true,2,5,OPERACIONES EN MONEDA EXTRANJERA,5,0
722001,7220,PRESTACIÓN DE SERVICIOS FINANCIEROS,false,true,2,5,PRESTACIÓN DE SERVICIOS FINANCIEROS,5,0
722002,7220,PRESTACION DE SERVICIOS TECNICOS,false,true,2,5,PRESTACION DE SERVICIOS TECNICOS,5,0
723001,7230,AVALES Y FIANZAS,false,true,2,5,AVALES Y FIANZAS,5,0
724000,7240,SANEAMIENTOS,false,true,2,5,SANEAMIENTOS,5,0
725000,7250,CASTIGOS DE CONTINGENCIAS,false,true,2,5,CASTIGOS DE CONTINGENCIAS,5,0
726000,7260,COMISIÓN POR DEPÓSITOS EN GARANTÍA,false,true,2,5,COMISIÓN POR DEPÓSITOS EN GARANTÍA,5,0
727000,7270,COSTOS POR COMERCIALIZACION DE CUOTAS DE PARTICIPACION DE FONDOS DE INVERSIÓN ABIERTOS,false,true,2,5,COSTOS POR COMERCIALIZACION DE CUOTAS DE PARTICIPACION DE FONDOS DE INVERSIÓN ABIERTOS,5,0
728000,7280,COSTOS POR COMERCIALIZACIÓN DE FONDOS DE AHORRO PREVISIONAL VOLUNTARIO,false,true,2,5,COSTOS POR COMERCIALIZACIÓN DE FONDOS DE AHORRO PREVISIONAL VOLUNTARIO,5,0
728001,7280,COSTOS POR ADMINISTRACIÓN DE FONDOS DE AHORRO PREVISIONAL VOLUNTARIO,false,true,2,5,COSTOS POR ADMINISTRACIÓN DE FONDOS DE AHORRO PREVISIONAL VOLUNTARIO,5,0
811001,8110,REMUNERACIONES,false,true,2,5,REMUNERACIONES,5,0
811002,8110,PRESTACIONES AL PERSONAL,false,true,2,5,PRESTACIONES AL PERSONAL,5,0
811003,8110,INDEMNIZACIONES AL PERSONAL,false,true,2,5,INDEMNIZACIONES AL PERSONAL,5,0
811004,8110,GASTOS DEL DIRECTORIO,false,true,2,5,GASTOS DEL DIRECTORIO,5,0
811005,8110,OTROS GASTOS DEL PERSONAL,false,true,2,5,OTROS GASTOS DEL PERSONAL,5,0
811006,8110,PENSIONES Y JUBILACIONES,false,true,2,5,PENSIONES Y JUBILACIONES,5,0
812001,8120,CONSUMO DE MATERIALES,false,true,2,5,CONSUMO DE MATERIALES,5,0
812002,8120,REPARACIÓN Y MANTENIMIENTO DE ACTIVO FIJO,false,true,2,5,REPARACIÓN Y MANTENIMIENTO DE ACTIVO FIJO,5,0
812003,8120,SERVICIOS PÚBLICOS E IMPUESTOS,false,true,2,5,SERVICIOS PÚBLICOS E IMPUESTOS,5,0
812004,8120,PUBLICIDAD Y PROMOCIÓN,false,true,2,5,PUBLICIDAD Y PROMOCIÓN,5,0
812005,8120,ARRENDAMIENTOS Y MANTENIMIENTOS,false,true,2,5,ARRENDAMIENTOS Y MANTENIMIENTOS,5,0
812006,8120,SEGUROS SOBRE BIENES,false,true,2,5,SEGUROS SOBRE BIENES,5,0
812007,8120,HONORARIOS PROFESIONALES,false,true,2,5,HONORARIOS PROFESIONALES,5,0
812008,8120,SUPERINTENDENCIA DEL SISTEMA FINANCIERO,false,true,2,5,SUPERINTENDENCIA DEL SISTEMA FINANCIERO,5,0
812009,8120,CUOTAS COOPERATIVAS,false,true,2,5,CUOTAS COOPERATIVAS,5,0
812010,8120,ELIMINADA,false,true,1,5,ELIMINADA,5,1
812011,8120,SERVICIOS TECNICOS,false,true,2,5,SERVICIOS TECNICOS,5,0
812012,8120,SERVICIOS DE ADMINISTRACIÓN,false,true,2,5,SERVICIOS DE ADMINISTRACIÓN,5,0
812013,8120,GASTOS NO DEDUCIBLES,false,true,2,5,GASTOS NO DEDUCIBLES,5,0
812099,8120,OTROS,false,true,2,5,OTROS,5,0
813001,8130,DEPRECIACIONES,false,true,2,5,DEPRECIACIONES,5,0
813002,8130,AMORTIZACIONES,false,true,2,5,AMORTIZACIONES,5,0
821001,8210,INTERESES,false,true,2,5,INTERESES,5,0
821002,8210,COMISIONES,false,true,2,5,COMISIONES,5,0
821099,8210,OTROS,false,true,2,5,OTROS,5,0
822001,8220,ACTIVO FIJO,false,true,2,5,ACTIVO FIJO,5,0
822002,8220,BIENES RECIBIDOS EN PAGO O ADJUDICADOS,false,true,2,5,BIENES RECIBIDOS EN PAGO O ADJUDICADOS,5,0
823001,8230,ACTIVO FIJO,false,true,2,5,ACTIVO FIJO,5,0
823002,8230,BIENES RECIBIDOS EN PAGO O ADJUDICADOS,false,true,2,5,BIENES RECIBIDOS EN PAGO O ADJUDICADOS,5,0
824000,8240,CASTIGOS DE BIENES RECIBIDOS EN PAGO O ADJUDICADOS,false,true,2,5,CASTIGOS DE BIENES RECIBIDOS EN PAGO O ADJUDICADOS,5,0
825000,8250,GASTOS POR DIFERENCIAS TEMPORARIAS DE IMPUESTO SOBRE LAS GANANCIAS,false,true,2,5,GASTOS POR DIFERENCIAS TEMPORARIAS DE IMPUESTO SOBRE LAS GANANCIAS,5,0
826000,8260,PÉRDIDAS POR CONTINGENCIAS,false,true,2,5,PÉRDIDAS POR CONTINGENCIAS,5,0
827000,8270,OTROS,false,true,2,5,OTROS,5,0
831000,8310,IMPUESTO SOBRE LA RENTA,false,true,2,5,IMPUESTO SOBRE LA RENTA,5,0
841000,8410,PLAN DE SEGURIDAD CIUDADANA-GRANDES CONTRIBUYENTES,false,true,2,5,PLAN DE SEGURIDAD CIUDADANA-GRANDES CONTRIBUYENTES,5,0
911001,9110,DISPONIBILIDAD POR CRÉDITOS OBTENIDOS,false,true,2,6,DISPONIBILIDAD POR CRÉDITOS OBTENIDOS,5,0
911002,9110,EXIGIBILIDAD POR CRÉDITOS OTORGADOS,false,true,2,6,EXIGIBILIDAD POR CRÉDITOS OTORGADOS,5,0
912000,9120,FONDOS EN ADMINISTRACION,false,true,2,6,FONDOS EN ADMINISTRACION,5,0
913000,9130,FONDOS DE GARANTÍA,false,true,2,6,FONDOS DE GARANTÍA,5,0
914000,9140,CARTERA EN ADMINISTRACIÓN,false,true,2,6,CARTERA EN ADMINISTRACIÓN,5,0
915000,9150,INTERESES SOBRE PRÉSTAMOS DE DUDOSA RECUPERACIÓN,false,true,1,6,INTERESES SOBRE PRÉSTAMOS DE DUDOSA RECUPERACIÓN,5,1
916001,9160,A FAVOR DEL BMI,false,true,2,6,A FAVOR DEL BMI,5,0
916002,9160,PARA GARANTIZAR EMISIONES DE OBLIGACIONES NEGOCIABLES,false,true,2,6,PARA GARANTIZAR EMISIONES DE OBLIGACIONES NEGOCIABLES,5,0
916003,9160,A FAVOR DEL INSTITUTO DE GARANTÍA DE DEPÓSITOS,false,true,2,6,A FAVOR DEL INSTITUTO DE GARANTÍA DE DEPÓSITOS,5,0
916005,9160,A FAVOR DE OTRAS ENTIDADES DEL SISTEMA FINANCIERO,false,true,2,6,A FAVOR DE OTRAS ENTIDADES DEL SISTEMA FINANCIERO,5,0
916006,9160,A FAVOR DE OTRAS ENTIDADES EXTRANJERAS,false,true,2,6,A FAVOR DE OTRAS ENTIDADES EXTRANJERAS,5,0
916007,9160,A FAVOR DE OTRAS ENTIDADES,false,true,2,6,A FAVOR DE OTRAS ENTIDADES,5,0
917000,9170,SALDOS A CARGO DE DEUDORES,false,true,2,6,SALDOS A CARGO DE DEUDORES,5,0
921000,9210,DOCUMENTOS DE PRESTAMOS Y CRÉDITOS,false,true,2,6,DOCUMENTOS DE PRESTAMOS Y CRÉDITOS,5,0
922001,9220,CHEQUES DE VIAJERO PARA LA VENTA,false,true,2,6,CHEQUES DE VIAJERO PARA LA VENTA,5,0
922002,9220,DOCUMENTOS AJENOS AL COBRO,false,true,2,6,DOCUMENTOS AJENOS AL COBRO,5,0
922003,9220,CONTRA - GARANTIAS POR AVALES Y FIANZAS,false,true,2,6,CONTRA - GARANTIAS POR AVALES Y FIANZAS,5,0
922004,9220,DOCUMENTOS DESCONTADOS,false,true,2,6,DOCUMENTOS DESCONTADOS,5,0
922005,9220,DOCUMENTOS ADQUIRIDOS TEMPORALMENTE,false,true,2,6,DOCUMENTOS ADQUIRIDOS TEMPORALMENTE,5,0
922006,9220,DOCUMENTOS DE CARTERA EN ADMINISTRACION,false,true,2,6,DOCUMENTOS DE CARTERA EN ADMINISTRACION,5,0
922007,9220,DOCUMENTOS DE FONDOS DE GARANTÍA,false,true,2,6,DOCUMENTOS DE FONDOS DE GARANTÍA,5,0
922008,9220,DOCUMENTOS EN CUSTODIA,false,true,2,6,DOCUMENTOS EN CUSTODIA,5,0
923001,9230,TÍTULOSVALORES NEGOCIABLES,false,true,2,6,TÍTULOSVALORES NEGOCIABLES,5,0
923002,9230,TÍTULOSVALORES NO NEGOCIABLES,false,true,2,6,TÍTULOSVALORES NO NEGOCIABLES,5,0
924001,9240,CARTERA DE PRÉSTAMOS,false,true,2,6,CARTERA DE PRÉSTAMOS,5,0
924002,9240,INVERSIONES FINANCIERAS,false,true,2,6,INVERSIONES FINANCIERAS,5,0
924003,9240,CUENTAS POR COBRAR,false,true,2,6,CUENTAS POR COBRAR,5,0
1110010101,111001,CAJA SANTIAGO DE MARIA,false,true,1,1,CAJA SANTIAGO DE MARIA,6,1
1110010102,111001,CAJA SUCURSAL USULUTAN,false,true,1,1,CAJA SUCURSAL USULUTAN,6,1
1110010199,111001,CAJA,false,true,1,1,Canonical cash account; office is carried by journal-entry office_id.,6,1
1110010201,111001,AGENCIAS,false,true,1,1,AGENCIAS,6,1
1110010202,111001,AGENCIAS,false,true,2,1,AGENCIAS,6,0
1110010301,111001,BOVEDA,false,true,1,1,BOVEDA,6,1
1110010302,111001,BOVEDA,false,true,2,1,BOVEDA,6,0
1110010401,111001,REMESAS LOCALES EN TRÁNSITO,false,true,1,1,REMESAS LOCALES EN TRÁNSITO,6,1
1110010402,111001,REMESAS LOCALES EN TRÁNSITO,false,true,1,1,REMESAS LOCALES EN TRÁNSITO,6,1
1110020101,111002,DEPÓSITOS PARA RESERVA DE LIQUIDEZ,false,true,1,1,DEPÓSITOS PARA RESERVA DE LIQUIDEZ,6,1
1110020102,111002,DEPÓSITOS PARA RESERVA DE LIQUIDEZ,false,true,1,1,DEPÓSITOS PARA RESERVA DE LIQUIDEZ,6,1
1110020201,111002,ELIMINADA,false,true,1,1,ELIMINADA,6,1
1110020202,111002,ELIMINADA,false,true,1,1,ELIMINADA,6,1
1110020301,111002,DEPÓSITOS OTROS,false,true,1,1,DEPÓSITOS OTROS,6,1
1110020302,111002,DEPÓSITOS OTROS,false,true,1,1,DEPÓSITOS OTROS,6,1
1110029901,111002,INTERESES Y OTROS POR COBRAR,false,true,1,1,INTERESES Y OTROS POR COBRAR,6,1
1110029902,111002,INTERESES Y OTROS POR COBRAR,false,true,1,1,INTERESES Y OTROS POR COBRAR,6,1
1110030100,111003,COMPENSACIONES PENDIENTES,false,true,1,1,COMPENSACIONES PENDIENTES,6,1
1110030200,111003,RECHAZOS POR COMPENSACIÓN,false,true,1,1,RECHAZOS POR COMPENSACIÓN,6,1
1110040101,111004,A LA VISTA – ML,false,true,2,1,A LA VISTA – ML,6,0
1110040102,111004,A LA VISTA – ME,false,true,1,1,A LA VISTA – ME,6,1
1110040201,111004,DEPÓSITOS DE AHORRO,false,true,2,1,DEPÓSITOS DE AHORRO,6,0
1110040202,111004,DEPÓSITOS DE AHORRO,false,true,1,1,DEPÓSITOS DE AHORRO,6,1
1110040301,111004,A PLAZO – ML,false,true,1,1,A PLAZO – ML,6,1
1110040302,111004,A PLAZO – ME,false,true,1,1,A PLAZO – ME,6,1
1110049901,111004,INTERESES Y OTROS POR COBRAR,false,true,1,1,INTERESES Y OTROS POR COBRAR,6,1
1110049902,111004,INTERESES Y OTROS POR COBRAR,false,true,1,1,INTERESES Y OTROS POR COBRAR,6,1
1110050101,111005,A LA VISTA,false,true,2,1,A LA VISTA,6,0
1110050102,111005,A LA VISTA,false,true,1,1,A LA VISTA,6,1
1110050201,111005,DEPÓSITOS DE AHORRO,false,true,1,1,DEPÓSITOS DE AHORRO,6,1
1110050202,111005,DEPÓSITOS DE AHORRO,false,true,1,1,DEPÓSITOS DE AHORRO,6,1
1110050301,111005,A PLAZO,false,true,2,1,A PLAZO,6,0
1110050302,111005,A PLAZO,false,true,1,1,A PLAZO,6,1
1110050401,111005,REMESAS EN TRÁNSITO,false,true,1,1,REMESAS EN TRÁNSITO,6,1
1110050402,111005,REMESAS EN TRÁNSITO,false,true,1,1,REMESAS EN TRÁNSITO,6,1
1110050501,111005,ELIMINADA,false,true,1,1,ELIMINADA,6,1
1110050502,111005,ELIMINADA,false,true,1,1,ELIMINADA,6,1
1110059901,111005,INTERESES Y OTROS POR COBRAR,false,true,1,1,INTERESES Y OTROS POR COBRAR,6,1
1110059902,111005,INTERESES Y OTROS POR COBRAR,false,true,1,1,INTERESES Y OTROS POR COBRAR,6,1
1110060101,111006,A LA VISTA,false,true,1,1,A LA VISTA,6,1
1110060102,111006,A LA VISTA,false,true,1,1,A LA VISTA,6,1
1110060201,111006,A PLAZO,false,true,1,1,A PLAZO,6,1
1110060202,111006,A PLAZO,false,true,1,1,A PLAZO,6,1
1110060301,111006,REMESAS EN TRANSITO,false,true,1,1,REMESAS EN TRANSITO,6,1
1110060302,111006,REMESAS EN TRANSITO,false,true,1,1,REMESAS EN TRANSITO,6,1
1110060401,111006,DEPÓSITOS DE AHORRO,false,true,1,1,DEPÓSITOS DE AHORRO,6,1
1110060402,111006,DEPÓSITOS DE AHORRO,false,true,1,1,DEPÓSITOS DE AHORRO,6,1
1110069901,111006,INTERESES Y OTROS POR COBRAR,false,true,1,1,INTERESES Y OTROS POR COBRAR,6,1
1110069902,111006,INTERESES Y OTROS POR COBRAR,false,true,1,1,INTERESES Y OTROS POR COBRAR,6,1
1121010101,112101,EMITIDOS POR EL BANCO CENTRAL DE RESERVA,false,true,1,1,EMITIDOS POR EL BANCO CENTRAL DE RESERVA,6,1
1121010102,112101,EMITIDOS POR EL BANCO CENTRAL DE RESERVA,false,true,1,1,EMITIDOS POR EL BANCO CENTRAL DE RESERVA,6,1
1121010201,112101,EMITIDOS POR ENTIDADES DEL ESTADO,false,true,1,1,EMITIDOS POR ENTIDADES DEL ESTADO,6,1
1121010202,112101,EMITIDOS POR ENTIDADES DEL ESTADO,false,true,1,1,EMITIDOS POR ENTIDADES DEL ESTADO,6,1
1121010301,112101,EMITIDOS POR EMPRESAS PRIVADAS,false,true,1,1,EMITIDOS POR EMPRESAS PRIVADAS,6,1
1121010302,112101,EMITIDOS POR EMPRESAS PRIVADAS,false,true,1,1,EMITIDOS POR EMPRESAS PRIVADAS,6,1
1121010501,112101,EMITIDOS POR BANCOS,false,true,1,1,EMITIDOS POR BANCOS,6,1
1121010502,112101,EMITIDOS POR BANCOS,false,true,1,1,EMITIDOS POR BANCOS,6,1
1121010601,112101,EMITIDOS POR OTRAS ENTIDADES DEL SISTEMA FINANCIERO,false,true,1,1,EMITIDOS POR OTRAS ENTIDADES DEL SISTEMA FINANCIERO,6,1
1121010602,112101,EMITIDOS POR OTRAS ENTIDADES DEL SISTEMA FINANCIERO,false,true,1,1,EMITIDOS POR OTRAS ENTIDADES DEL SISTEMA FINANCIERO,6,1
1121010701,112101,EMITIDOS POR ENTIDADES DEL EXTRANJERO,false,true,1,1,EMITIDOS POR ENTIDADES DEL EXTRANJERO,6,1
1121010702,112101,EMITIDOS POR ENTIDADES DEL EXTRANJERO,false,true,1,1,EMITIDOS POR ENTIDADES DEL EXTRANJERO,6,1
1121020101,112102,EMITIDOS POR EL BANCO CENTRAL DE RESERVA,false,true,1,1,EMITIDOS POR EL BANCO CENTRAL DE RESERVA,6,1
1121020102,112102,EMITIDOS POR EL BANCO CENTRAL DE RESERVA,false,true,1,1,EMITIDOS POR EL BANCO CENTRAL DE RESERVA,6,1
1121020201,112102,EMITIDOS POR ENTIDADES DEL ESTADO,false,true,1,1,EMITIDOS POR ENTIDADES DEL ESTADO,6,1
1121020202,112102,EMITIDOS POR ENTIDADES DEL ESTADO,false,true,1,1,EMITIDOS POR ENTIDADES DEL ESTADO,6,1
1121020301,112102,EMITIDOS POR EMPRESAS PRIVADAS,false,true,1,1,EMITIDOS POR EMPRESAS PRIVADAS,6,1
1121020302,112102,EMITIDOS POR EMPRESAS PRIVADAS,false,true,1,1,EMITIDOS POR EMPRESAS PRIVADAS,6,1
1121020501,112102,EMITIDOS POR BANCOS,false,true,1,1,EMITIDOS POR BANCOS,6,1
1121020502,112102,EMITIDOS POR BANCOS,false,true,1,1,EMITIDOS POR BANCOS,6,1
1121020601,112102,EMITIDOS POR OTRAS ENTIDADES DEL SISTEMA FINANCIERO,false,true,1,1,EMITIDOS POR OTRAS ENTIDADES DEL SISTEMA FINANCIERO,6,1
1121020602,112102,EMITIDOS POR OTRAS ENTIDADES DEL SISTEMA FINANCIERO,false,true,1,1,EMITIDOS POR OTRAS ENTIDADES DEL SISTEMA FINANCIERO,6,1
1121020701,112102,EMITIDOS POR ENTIDADES DEL EXTRANJERO,false,true,1,1,EMITIDOS POR ENTIDADES DEL EXTRANJERO,6,1
1121020702,112102,EMITIDOS POR ENTIDADES DEL EXTRANJERO,false,true,1,1,EMITIDOS POR ENTIDADES DEL EXTRANJERO,6,1
1121030101,112103,EMITIDOS POR EL BANCO CENTRAL DE RESERVA,false,true,1,1,EMITIDOS POR EL BANCO CENTRAL DE RESERVA,6,1
1121030102,112103,EMITIDOS POR EL BANCO CENTRAL DE RESERVA,false,true,1,1,EMITIDOS POR EL BANCO CENTRAL DE RESERVA,6,1
1121030201,112103,EMITIDOS POR ENTIDADES DEL ESTADO,false,true,1,1,EMITIDOS POR ENTIDADES DEL ESTADO,6,1
1121030202,112103,EMITIDOS POR ENTIDADES DEL ESTADO,false,true,1,1,EMITIDOS POR ENTIDADES DEL ESTADO,6,1
1121030301,112103,EMITIDOS POR EMPRESAS PRIVADAS,false,true,1,1,EMITIDOS POR EMPRESAS PRIVADAS,6,1
1121030302,112103,EMITIDOS POR EMPRESAS PRIVADAS,false,true,1,1,EMITIDOS POR EMPRESAS PRIVADAS,6,1
1121030501,112103,EMITIDOS POR BANCOS,false,true,1,1,EMITIDOS POR BANCOS,6,1
1121030502,112103,EMITIDOS POR BANCOS,false,true,1,1,EMITIDOS POR BANCOS,6,1
1121030601,112103,EMITIDOS POR OTRAS ENTIDADES DEL SISTEMA FINANCIERO,false,true,1,1,EMITIDOS POR OTRAS ENTIDADES DEL SISTEMA FINANCIERO,6,1
1121030602,112103,EMITIDOS POR OTRAS ENTIDADES DEL SISTEMA FINANCIERO,false,true,1,1,EMITIDOS POR OTRAS ENTIDADES DEL SISTEMA FINANCIERO,6,1
1121030701,112103,EMITIDOS POR ENTIDADES DEL EXTRANJERO,false,true,1,1,EMITIDOS POR ENTIDADES DEL EXTRANJERO,6,1
1121030702,112103,EMITIDOS POR ENTIDADES DEL EXTRANJERO,false,true,1,1,EMITIDOS POR ENTIDADES DEL EXTRANJERO,6,1
1121040101,112104,EMITIDOS POR EL BANCO CENTRAL DE RESERVA,false,true,1,1,EMITIDOS POR EL BANCO CENTRAL DE RESERVA,6,1
1121040102,112104,EMITIDOS POR EL BANCO CENTRAL DE RESERVA,false,true,1,1,EMITIDOS POR EL BANCO CENTRAL DE RESERVA,6,1
1121040201,112104,EMITIDOS POR ENTIDADES DEL ESTADO,false,true,1,1,EMITIDOS POR ENTIDADES DEL ESTADO,6,1
1121040202,112104,EMITIDOS POR ENTIDADES DEL ESTADO,false,true,1,1,EMITIDOS POR ENTIDADES DEL ESTADO,6,1
1121040301,112104,EMITIDOS POR EMPRESAS PRIVADAS,false,true,1,1,EMITIDOS POR EMPRESAS PRIVADAS,6,1
1121040302,112104,EMITIDOS POR EMPRESAS PRIVADAS,false,true,1,1,EMITIDOS POR EMPRESAS PRIVADAS,6,1
1121040501,112104,EMITIDOS POR BANCOS,false,true,1,1,EMITIDOS POR BANCOS,6,1
1121040502,112104,EMITIDOS POR BANCOS,false,true,1,1,EMITIDOS POR BANCOS,6,1
1121040601,112104,EMITIDOS POR OTRAS ENTIDADES DEL SISTEMA FINANCIERO,false,true,1,1,EMITIDOS POR OTRAS ENTIDADES DEL SISTEMA FINANCIERO,6,1
1121040602,112104,EMITIDOS POR OTRAS ENTIDADES DEL SISTEMA FINANCIERO,false,true,1,1,EMITIDOS POR OTRAS ENTIDADES DEL SISTEMA FINANCIERO,6,1
1121040701,112104,EMITIDOS POR ENTIDADES DEL EXTRANJERO,false,true,1,1,EMITIDOS POR ENTIDADES DEL EXTRANJERO,6,1
1121040702,112104,EMITIDOS POR ENTIDADES DEL EXTRANJERO,false,true,1,1,EMITIDOS POR ENTIDADES DEL EXTRANJERO,6,1
1121050101,112105,EMITIDOS POR EL BANCO CENTRAL DE RESERVA,false,true,1,1,EMITIDOS POR EL BANCO CENTRAL DE RESERVA,6,1
1121050102,112105,EMITIDOS POR EL BANCO CENTRAL DE RESERVA,false,true,1,1,EMITIDOS POR EL BANCO CENTRAL DE RESERVA,6,1
1121050201,112105,EMITIDOS POR ENTIDADES DEL ESTADO,false,true,1,1,EMITIDOS POR ENTIDADES DEL ESTADO,6,1
1121050202,112105,EMITIDOS POR ENTIDADES DEL ESTADO,false,true,1,1,EMITIDOS POR ENTIDADES DEL ESTADO,6,1
1121050301,112105,EMITIDOS POR EMPRESAS PRIVADAS,false,true,1,1,EMITIDOS POR EMPRESAS PRIVADAS,6,1
1121050302,112105,EMITIDOS POR EMPRESAS PRIVADAS,false,true,1,1,EMITIDOS POR EMPRESAS PRIVADAS,6,1
1121050501,112105,EMITIDOS POR BANCOS,false,true,1,1,EMITIDOS POR BANCOS,6,1
1121050502,112105,EMITIDOS POR BANCOS,false,true,1,1,EMITIDOS POR BANCOS,6,1
1121050601,112105,EMITIDOS POR OTRAS ENTIDADES DEL SISTEMA FINANCIERO,false,true,1,1,EMITIDOS POR OTRAS ENTIDADES DEL SISTEMA FINANCIERO,6,1
1121050602,112105,EMITIDOS POR OTRAS ENTIDADES DEL SISTEMA FINANCIERO,false,true,1,1,EMITIDOS POR OTRAS ENTIDADES DEL SISTEMA FINANCIERO,6,1
1121050701,112105,EMITIDOS POR ENTIDADES DEL EXTRANJERO,false,true,1,1,EMITIDOS POR ENTIDADES DEL EXTRANJERO,6,1
1121050702,112105,EMITIDOS POR ENTIDADES DEL EXTRANJERO,false,true,1,1,EMITIDOS POR ENTIDADES DEL EXTRANJERO,6,1
1121060101,112106,EMITIDOS POR EL BANCO CENTRAL DE RESERVA,false,true,1,1,EMITIDOS POR EL BANCO CENTRAL DE RESERVA,6,1
1121060102,112106,EMITIDOS POR EL BANCO CENTRAL DE RESERVA,false,true,1,1,EMITIDOS POR EL BANCO CENTRAL DE RESERVA,6,1
1121060201,112106,EMITIDOS POR ENTIDADES DEL ESTADO,false,true,1,1,EMITIDOS POR ENTIDADES DEL ESTADO,6,1
1121060202,112106,EMITIDOS POR ENTIDADES DEL ESTADO,false,true,1,1,EMITIDOS POR ENTIDADES DEL ESTADO,6,1
1121060301,112106,EMITIDOS POR EMPRESAS PRIVADAS,false,true,1,1,EMITIDOS POR EMPRESAS PRIVADAS,6,1
1121060302,112106,EMITIDOS POR EMPRESAS PRIVADAS,false,true,1,1,EMITIDOS POR EMPRESAS PRIVADAS,6,1
1121060501,112106,EMITIDOS POR BANCOS,false,true,1,1,EMITIDOS POR BANCOS,6,1
1121060502,112106,EMITIDOS POR BANCOS,false,true,1,1,EMITIDOS POR BANCOS,6,1
1121060601,112106,EMITIDOS POR OTRAS ENTIDADES DEL SISTEMA FINANCIERO,false,true,1,1,EMITIDOS POR OTRAS ENTIDADES DEL SISTEMA FINANCIERO,6,1
1121060602,112106,EMITIDOS POR OTRAS ENTIDADES DEL SISTEMA FINANCIERO,false,true,1,1,EMITIDOS POR OTRAS ENTIDADES DEL SISTEMA FINANCIERO,6,1
1121060701,112106,EMITIDOS POR ENTIDADES DEL EXTRANJERO,false,true,1,1,EMITIDOS POR ENTIDADES DEL EXTRANJERO,6,1
1121060702,112106,EMITIDOS POR ENTIDADES DEL EXTRANJERO,false,true,1,1,EMITIDOS POR ENTIDADES DEL EXTRANJERO,6,1
1121070101,112107,EMITIDOS POR EL BANCO CENTRAL DE RESERVA,false,true,1,1,EMITIDOS POR EL BANCO CENTRAL DE RESERVA,6,1
1121070102,112107,EMITIDOS POR EL BANCO CENTRAL DE RESERVA,false,true,1,1,EMITIDOS POR EL BANCO CENTRAL DE RESERVA,6,1
1121070201,112107,EMITIDOS POR ENTIDADES DEL ESTADO,false,true,1,1,EMITIDOS POR ENTIDADES DEL ESTADO,6,1
1121070202,112107,EMITIDOS POR ENTIDADES DEL ESTADO,false,true,1,1,EMITIDOS POR ENTIDADES DEL ESTADO,6,1
1121070301,112107,EMITIDOS POR EMPRESAS PRIVADAS,false,true,1,1,EMITIDOS POR EMPRESAS PRIVADAS,6,1
1121070302,112107,EMITIDOS POR EMPRESAS PRIVADAS,false,true,1,1,EMITIDOS POR EMPRESAS PRIVADAS,6,1
1121070501,112107,EMITIDOS POR BANCOS,false,true,1,1,EMITIDOS POR BANCOS,6,1
1121070502,112107,EMITIDOS POR BANCOS,false,true,1,1,EMITIDOS POR BANCOS,6,1
1121070601,112107,EMITIDOS POR OTRAS ENTIDADES DEL SISTEMA FINANCIERO,false,true,1,1,EMITIDOS POR OTRAS ENTIDADES DEL SISTEMA FINANCIERO,6,1
1121070602,112107,EMITIDOS POR OTRAS ENTIDADES DEL SISTEMA FINANCIERO,false,true,1,1,EMITIDOS POR OTRAS ENTIDADES DEL SISTEMA FINANCIERO,6,1
1121070701,112107,EMITIDOS POR ENTIDADES DEL EXTRANJERO,false,true,1,1,EMITIDOS POR ENTIDADES DEL EXTRANJERO,6,1
1121070702,112107,EMITIDOS POR ENTIDADES DEL EXTRANJERO,false,true,1,1,EMITIDOS POR ENTIDADES DEL EXTRANJERO,6,1
1128000101,112800,EMITIDOS POR EL BANCO CENTRAL DE RESERVA,false,true,1,1,EMITIDOS POR EL BANCO CENTRAL DE RESERVA,6,1
1128000102,112800,EMITIDOS POR EL BANCO CENTRAL DE RESERVA,false,true,1,1,EMITIDOS POR EL BANCO CENTRAL DE RESERVA,6,1
1128000201,112800,EMITIDOS POR ENTIDADES DEL ESTADO,false,true,1,1,EMITIDOS POR ENTIDADES DEL ESTADO,6,1
1128000202,112800,EMITIDOS POR ENTIDADES DEL ESTADO,false,true,1,1,EMITIDOS POR ENTIDADES DEL ESTADO,6,1
1128000301,112800,EMITIDOS POR EMPRESAS PRIVADAS,false,true,1,1,EMITIDOS POR EMPRESAS PRIVADAS,6,1
1128000302,112800,EMITIDOS POR EMPRESAS PRIVADAS,false,true,1,1,EMITIDOS POR EMPRESAS PRIVADAS,6,1
1128000501,112800,EMITIDOS POR BANCOS,false,true,1,1,EMITIDOS POR BANCOS,6,1
1128000502,112800,EMITIDOS POR BANCOS,false,true,1,1,EMITIDOS POR BANCOS,6,1
1128000601,112800,EMITIDOS POR OTRAS ENTIDADES DEL SISTEMA FINANCIERO,false,true,1,1,EMITIDOS POR OTRAS ENTIDADES DEL SISTEMA FINANCIERO,6,1
1128000602,112800,EMITIDOS POR OTRAS ENTIDADES DEL SISTEMA FINANCIERO,false,true,1,1,EMITIDOS POR OTRAS ENTIDADES DEL SISTEMA FINANCIERO,6,1
1128000701,112800,EMITIDOS POR ENTIDADES DEL EXTRANJERO,false,true,1,1,EMITIDOS POR ENTIDADES DEL EXTRANJERO,6,1
1128000702,112800,EMITIDOS POR ENTIDADES DEL EXTRANJERO,false,true,1,1,EMITIDOS POR ENTIDADES DEL EXTRANJERO,6,1
1129000001,112900,PROVISIÓN POR PÉRDIDAS,false,true,1,1,PROVISIÓN POR PÉRDIDAS,6,1
1129000002,112900,PROVISIÓN POR PÉRDIDAS,false,true,1,1,PROVISIÓN POR PÉRDIDAS,6,1
1130010101,113001,EMITIDOS POR EL BCR,false,true,1,1,EMITIDOS POR EL BCR,6,1
1130010102,113001,EMITIDOS POR EL BCR,false,true,1,1,EMITIDOS POR EL BCR,6,1
1130010201,113001,EMITIDOS POR EL ESTADO,false,true,1,1,EMITIDOS POR EL ESTADO,6,1
1130010202,113001,EMITIDOS POR EL ESTADO,false,true,1,1,EMITIDOS POR EL ESTADO,6,1
1130010301,113001,EMITIDOS POR EMPRESAS PRIVADAS,false,true,1,1,EMITIDOS POR EMPRESAS PRIVADAS,6,1
1130010302,113001,EMITIDOS POR EMPRESAS PRIVADAS,false,true,1,1,EMITIDOS POR EMPRESAS PRIVADAS,6,1
1130010501,113001,EMITIDOS POR BANCOS,false,true,1,1,EMITIDOS POR BANCOS,6,1
1130010502,113001,EMITIDOS POR BANCOS,false,true,1,1,EMITIDOS POR BANCOS,6,1
1130010601,113001,EMITIDOS POR OTRAS ENTIDADES DEL SISTEMA FINANCIERO,false,true,1,1,EMITIDOS POR OTRAS ENTIDADES DEL SISTEMA FINANCIERO,6,1
1130010602,113001,EMITIDOS POR OTRAS ENTIDADES DEL SISTEMA FINANCIERO,false,true,1,1,EMITIDOS POR OTRAS ENTIDADES DEL SISTEMA FINANCIERO,6,1
1130010701,113001,EMITIDOS POR INSTITUCIONES EXTRANJERAS,false,true,1,1,EMITIDOS POR INSTITUCIONES EXTRANJERAS,6,1
1130010702,113001,EMITIDOS POR INSTITUCIONES EXTRANJERAS,false,true,1,1,EMITIDOS POR INSTITUCIONES EXTRANJERAS,6,1
1130010801,113001,EMITIDOS POR EL INSTITUTO DE GARANTÍA DE DEPÓSITOS,false,true,1,1,EMITIDOS POR EL INSTITUTO DE GARANTÍA DE DEPÓSITOS,6,1
1130010802,113001,EMITIDOS POR EL INSTITUTO DE GARANTÍA DE DEPÓSITOS,false,true,1,1,EMITIDOS POR EL INSTITUTO DE GARANTÍA DE DEPÓSITOS,6,1
1130019901,113001,INTERESES Y OTROS POR COBRAR,false,true,1,1,INTERESES Y OTROS POR COBRAR,6,1
1130019902,113001,INTERESES Y OTROS POR COBRAR,false,true,1,1,INTERESES Y OTROS POR COBRAR,6,1
1130020101,113002,EMITIDOS POR EL BCR,false,true,1,1,EMITIDOS POR EL BCR,6,1
1130020102,113002,EMITIDOS POR EL BCR,false,true,1,1,EMITIDOS POR EL BCR,6,1
1130020201,113002,EMITIDOS POR EL ESTADO,false,true,1,1,EMITIDOS POR EL ESTADO,6,1
1130020202,113002,EMITIDOS POR EL ESTADO,false,true,1,1,EMITIDOS POR EL ESTADO,6,1
1130020301,113002,EMITIDOS POR EMPRESAS PRIVADAS,false,true,1,1,EMITIDOS POR EMPRESAS PRIVADAS,6,1
1130020302,113002,EMITIDOS POR EMPRESAS PRIVADAS,false,true,1,1,EMITIDOS POR EMPRESAS PRIVADAS,6,1
1130020501,113002,EMITIDOS POR BANCOS,false,true,1,1,EMITIDOS POR BANCOS,6,1
1130020502,113002,EMITIDOS POR BANCOS,false,true,1,1,EMITIDOS POR BANCOS,6,1
1130020601,113002,EMITIDOS POR OTRAS ENTIDADES DEL SISTEMA FINANCIERO,false,true,1,1,EMITIDOS POR OTRAS ENTIDADES DEL SISTEMA FINANCIERO,6,1
1130020602,113002,EMITIDOS POR OTRAS ENTIDADES DEL SISTEMA FINANCIERO,false,true,1,1,EMITIDOS POR OTRAS ENTIDADES DEL SISTEMA FINANCIERO,6,1
1130020701,113002,EMITIDOS POR INSTITUCIONES EXTRANJERAS,false,true,1,1,EMITIDOS POR INSTITUCIONES EXTRANJERAS,6,1
1130020702,113002,EMITIDOS POR INSTITUCIONES EXTRANJERAS,false,true,1,1,EMITIDOS POR INSTITUCIONES EXTRANJERAS,6,1
1130020801,113002,EMITIDOS POR EL INSTITUTO DE GARANTÍA DE DEPÓSITOS,false,true,1,1,EMITIDOS POR EL INSTITUTO DE GARANTÍA DE DEPÓSITOS,6,1
1130020802,113002,EMITIDOS POR EL INSTITUTO DE GARANTÍA DE DEPÓSITOS,false,true,1,1,EMITIDOS POR EL INSTITUTO DE GARANTÍA DE DEPÓSITOS,6,1
1130029901,113002,INTERESES Y OTROS POR COBRAR,false,true,1,1,INTERESES Y OTROS POR COBRAR,6,1
1130029902,113002,INTERESES Y OTROS POR COBRAR,false,true,1,1,INTERESES Y OTROS POR COBRAR,6,1
1130030101,113003,FONDOS EN ADMINISTRACIÓN DE CARTERA,false,true,1,1,FONDOS EN ADMINISTRACIÓN DE CARTERA,6,1
1130030102,113003,FONDOS EN ADMINISTRACIÓN DE CARTERA,false,true,1,1,FONDOS EN ADMINISTRACIÓN DE CARTERA,6,1
1131000101,113100,EMITIDOS POR EL BCR,false,true,1,1,EMITIDOS POR EL BCR,6,1
1131000102,113100,EMITIDOS POR EL BCR,false,true,1,1,EMITIDOS POR EL BCR,6,1
1131000201,113100,EMITIDOS POR EL ESTADO,false,true,1,1,EMITIDOS POR EL ESTADO,6,1
1131000202,113100,EMITIDOS POR EL ESTADO,false,true,1,1,EMITIDOS POR EL ESTADO,6,1
1131000301,113100,EMITIDOS POR EMPRESAS PRIVADAS,false,true,1,1,EMITIDOS POR EMPRESAS PRIVADAS,6,1
1131000302,113100,EMITIDOS POR EMPRESAS PRIVADAS,false,true,1,1,EMITIDOS POR EMPRESAS PRIVADAS,6,1
1131000501,113100,EMITIDOS POR BANCOS,false,true,1,1,EMITIDOS POR BANCOS,6,1
1131000502,113100,EMITIDOS POR BANCOS,false,true,1,1,EMITIDOS POR BANCOS,6,1
1131000601,113100,EMITIDOS POR OTRAS ENTIDADES DEL SISTEMA FINANCIERO,false,true,1,1,EMITIDOS POR OTRAS ENTIDADES DEL SISTEMA FINANCIERO,6,1
1131000602,113100,EMITIDOS POR OTRAS ENTIDADES DEL SISTEMA FINANCIERO,false,true,1,1,EMITIDOS POR OTRAS ENTIDADES DEL SISTEMA FINANCIERO,6,1
1131000701,113100,EMITIDOS POR INSTITUCIONES EXTRANJERAS,false,true,1,1,EMITIDOS POR INSTITUCIONES EXTRANJERAS,6,1
1131000702,113100,EMITIDOS POR INSTITUCIONES EXTRANJERAS,false,true,1,1,EMITIDOS POR INSTITUCIONES EXTRANJERAS,6,1
1131000801,113100,EMITIDOS POR EL INSTITUTO DE GARANTÍA DE DEPÓSITOS,false,true,1,1,EMITIDOS POR EL INSTITUTO DE GARANTÍA DE DEPÓSITOS,6,1
1131000802,113100,EMITIDOS POR EL INSTITUTO DE GARANTÍA DE DEPÓSITOS,false,true,1,1,EMITIDOS POR EL INSTITUTO DE GARANTÍA DE DEPÓSITOS,6,1
1131009901,113100,INTERESES Y OTROS POR COBRAR,false,true,1,1,INTERESES Y OTROS POR COBRAR,6,1
1131009902,113100,INTERESES Y OTROS POR COBRAR,false,true,1,1,INTERESES Y OTROS POR COBRAR,6,1
1132000101,113200,EMITIDOS POR EL BCR,false,true,1,1,EMITIDOS POR EL BCR,6,1
1132000102,113200,EMITIDOS POR EL BCR,false,true,1,1,EMITIDOS POR EL BCR,6,1
1132000201,113200,EMITIDOS POR EL ESTADO,false,true,1,1,EMITIDOS POR EL ESTADO,6,1
1132000202,113200,EMITIDOS POR EL ESTADO,false,true,1,1,EMITIDOS POR EL ESTADO,6,1
1132000301,113200,EMITIDOS POR EMPRESAS PRIVADAS,false,true,1,1,EMITIDOS POR EMPRESAS PRIVADAS,6,1
1132000302,113200,EMITIDOS POR EMPRESAS PRIVADAS,false,true,1,1,EMITIDOS POR EMPRESAS PRIVADAS,6,1
1132000501,113200,EMITIDOS POR BANCOS,false,true,1,1,EMITIDOS POR BANCOS,6,1
1132000502,113200,EMITIDOS POR BANCOS,false,true,1,1,EMITIDOS POR BANCOS,6,1
1132000601,113200,EMITIDOS POR OTRAS ENTIDADES DEL SISTEMA FINANCIERO,false,true,1,1,EMITIDOS POR OTRAS ENTIDADES DEL SISTEMA FINANCIERO,6,1
1132000602,113200,EMITIDOS POR OTRAS ENTIDADES DEL SISTEMA FINANCIERO,false,true,1,1,EMITIDOS POR OTRAS ENTIDADES DEL SISTEMA FINANCIERO,6,1
1132000701,113200,EMITIDOS POR INSTITUCIONES EXTRANJERAS,false,true,1,1,EMITIDOS POR INSTITUCIONES EXTRANJERAS,6,1
1132000702,113200,EMITIDOS POR INSTITUCIONES EXTRANJERAS,false,true,1,1,EMITIDOS POR INSTITUCIONES EXTRANJERAS,6,1
1132000801,113200,EMITIDOS POR EL INSTITUTO DE GARANTÍA DE DEPÓSITOS,false,true,1,1,EMITIDOS POR EL INSTITUTO DE GARANTÍA DE DEPÓSITOS,6,1
1132000802,113200,EMITIDOS POR EL INSTITUTO DE GARANTÍA DE DEPÓSITOS,false,true,1,1,EMITIDOS POR EL INSTITUTO DE GARANTÍA DE DEPÓSITOS,6,1
1132009901,113200,INTERESES Y OTROS POR COBRAR,false,true,1,1,INTERESES Y OTROS POR COBRAR,6,1
1132009902,113200,INTERESES Y OTROS POR COBRAR,false,true,1,1,INTERESES Y OTROS POR COBRAR,6,1
1138010101,113801,EMITIDOS POR EL BCR,false,true,1,1,EMITIDOS POR EL BCR,6,1
1138010102,113801,EMITIDOS POR EL BCR,false,true,1,1,EMITIDOS POR EL BCR,6,1
1138010201,113801,EMITIDOS POR EL ESTADO,false,true,1,1,EMITIDOS POR EL ESTADO,6,1
1138010202,113801,EMITIDOS POR EL ESTADO,false,true,1,1,EMITIDOS POR EL ESTADO,6,1
1138010301,113801,EMITIDOS POR EMPRESAS PRIVADAS,false,true,1,1,EMITIDOS POR EMPRESAS PRIVADAS,6,1
1138010302,113801,EMITIDOS POR EMPRESAS PRIVADAS,false,true,1,1,EMITIDOS POR EMPRESAS PRIVADAS,6,1
1138010501,113801,EMITIDOS POR BANCOS,false,true,1,1,EMITIDOS POR BANCOS,6,1
1138010502,113801,EMITIDOS POR BANCOS,false,true,1,1,EMITIDOS POR BANCOS,6,1
1138010601,113801,EMITIDOS POR OTRAS ENTIDADES DEL SISTEMA FINANCIERO,false,true,1,1,EMITIDOS POR OTRAS ENTIDADES DEL SISTEMA FINANCIERO,6,1
1138010602,113801,EMITIDOS POR OTRAS ENTIDADES DEL SISTEMA FINANCIERO,false,true,1,1,EMITIDOS POR OTRAS ENTIDADES DEL SISTEMA FINANCIERO,6,1
1138010701,113801,EMITIDOS POR INSTITUCIONES EXTRANJERAS,false,true,1,1,EMITIDOS POR INSTITUCIONES EXTRANJERAS,6,1
1138010702,113801,EMITIDOS POR INSTITUCIONES EXTRANJERAS,false,true,1,1,EMITIDOS POR INSTITUCIONES EXTRANJERAS,6,1
1138010801,113801,EMITIDOS POR EL INSTITUTO DE GARANTÍA DE DEPÓSITOS,false,true,1,1,EMITIDOS POR EL INSTITUTO DE GARANTÍA DE DEPÓSITOS,6,1
1138010802,113801,EMITIDOS POR EL INSTITUTO DE GARANTÍA DE DEPÓSITOS,false,true,1,1,EMITIDOS POR EL INSTITUTO DE GARANTÍA DE DEPÓSITOS,6,1
1138019901,113801,INTERESES Y OTROS POR COBRAR,false,true,1,1,INTERESES Y OTROS POR COBRAR,6,1
1138019902,113801,INTERESES Y OTROS POR COBRAR,false,true,1,1,INTERESES Y OTROS POR COBRAR,6,1
1138020101,113802,EMITIDOS POR EL BCR,false,true,1,1,EMITIDOS POR EL BCR,6,1
1138020102,113802,EMITIDOS POR EL BCR,false,true,1,1,EMITIDOS POR EL BCR,6,1
1138020201,113802,EMITIDOS POR EL ESTADO,false,true,1,1,EMITIDOS POR EL ESTADO,6,1
1138020202,113802,EMITIDOS POR EL ESTADO,false,true,1,1,EMITIDOS POR EL ESTADO,6,1
1138020301,113802,EMITIDOS POR EMPRESAS PRIVADAS,false,true,1,1,EMITIDOS POR EMPRESAS PRIVADAS,6,1
1138020302,113802,EMITIDOS POR EMPRESAS PRIVADAS,false,true,1,1,EMITIDOS POR EMPRESAS PRIVADAS,6,1
1138020501,113802,EMITIDOS POR BANCOS,false,true,1,1,EMITIDOS POR BANCOS,6,1
1138020502,113802,EMITIDOS POR BANCOS,false,true,1,1,EMITIDOS POR BANCOS,6,1
1138020601,113802,EMITIDOS POR OTRAS ENTIDADES DEL SISTEMA FINANCIERO,false,true,1,1,EMITIDOS POR OTRAS ENTIDADES DEL SISTEMA FINANCIERO,6,1
1138020602,113802,EMITIDOS POR OTRAS ENTIDADES DEL SISTEMA FINANCIERO,false,true,1,1,EMITIDOS POR OTRAS ENTIDADES DEL SISTEMA FINANCIERO,6,1
1138020701,113802,EMITIDOS POR INSTITUCIONES EXTRANJERAS,false,true,1,1,EMITIDOS POR INSTITUCIONES EXTRANJERAS,6,1
1138020702,113802,EMITIDOS POR INSTITUCIONES EXTRANJERAS,false,true,1,1,EMITIDOS POR INSTITUCIONES EXTRANJERAS,6,1
1138020801,113802,EMITIDOS POR EL INSTITUTO DE GARANTÍA DE DEPÓSITOS,false,true,1,1,EMITIDOS POR EL INSTITUTO DE GARANTÍA DE DEPÓSITOS,6,1
1138020802,113802,EMITIDOS POR EL INSTITUTO DE GARANTÍA DE DEPÓSITOS,false,true,1,1,EMITIDOS POR EL INSTITUTO DE GARANTÍA DE DEPÓSITOS,6,1
1138029901,113802,INTERESES Y OTROS POR COBRAR,false,true,1,1,INTERESES Y OTROS POR COBRAR,6,1
1138029902,113802,INTERESES Y OTROS POR COBRAR,false,true,1,1,INTERESES Y OTROS POR COBRAR,6,1
1138030101,113803,EMITIDOS POR EL BCR,false,true,1,1,EMITIDOS POR EL BCR,6,1
1138030102,113803,EMITIDOS POR EL BCR,false,true,1,1,EMITIDOS POR EL BCR,6,1
1138030201,113803,EMITIDOS POR EL ESTADO,false,true,1,1,EMITIDOS POR EL ESTADO,6,1
1138030202,113803,EMITIDOS POR EL ESTADO,false,true,1,1,EMITIDOS POR EL ESTADO,6,1
1138030301,113803,EMITIDOS POR EMPRESAS PRIVADAS,false,true,1,1,EMITIDOS POR EMPRESAS PRIVADAS,6,1
1138030302,113803,EMITIDOS POR EMPRESAS PRIVADAS,false,true,1,1,EMITIDOS POR EMPRESAS PRIVADAS,6,1
1138030501,113803,EMITIDOS POR BANCOS,false,true,1,1,EMITIDOS POR BANCOS,6,1
1138030502,113803,EMITIDOS POR BANCOS,false,true,1,1,EMITIDOS POR BANCOS,6,1
1138030601,113803,EMITIDOS POR OTRAS ENTIDADES DEL SISTEMA FINANCIERO,false,true,1,1,EMITIDOS POR OTRAS ENTIDADES DEL SISTEMA FINANCIERO,6,1
1138030602,113803,EMITIDOS POR OTRAS ENTIDADES DEL SISTEMA FINANCIERO,false,true,1,1,EMITIDOS POR OTRAS ENTIDADES DEL SISTEMA FINANCIERO,6,1
1138030701,113803,EMITIDOS POR INSTITUCIONES EXTRANJERAS,false,true,1,1,EMITIDOS POR INSTITUCIONES EXTRANJERAS,6,1
1138030702,113803,EMITIDOS POR INSTITUCIONES EXTRANJERAS,false,true,1,1,EMITIDOS POR INSTITUCIONES EXTRANJERAS,6,1
1138030801,113803,EMITIDOS POR EL INSTITUTO DE GARANTÍA DE DEPÓSITOS,false,true,1,1,EMITIDOS POR EL INSTITUTO DE GARANTÍA DE DEPÓSITOS,6,1
1138030802,113803,EMITIDOS POR EL INSTITUTO DE GARANTÍA DE DEPÓSITOS,false,true,1,1,EMITIDOS POR EL INSTITUTO DE GARANTÍA DE DEPÓSITOS,6,1
1138039901,113803,INTERESES Y OTROS POR COBRAR,false,true,1,1,INTERESES Y OTROS POR COBRAR,6,1
1138039902,113803,INTERESES Y OTROS POR COBRAR,false,true,1,1,INTERESES Y OTROS POR COBRAR,6,1
1139000001,113900,PROVISIÓN PARA VALUACIÓN DE INVERSIONES,false,true,1,1,PROVISIÓN PARA VALUACIÓN DE INVERSIONES,6,1
1139000002,113900,PROVISIÓN PARA VALUACIÓN DE INVERSIONES,false,true,1,1,PROVISIÓN PARA VALUACIÓN DE INVERSIONES,6,1
1141020101,114102,OTORGAMIENTOS ORIGINALES,false,true,1,1,OTORGAMIENTOS ORIGINALES,6,1
1141020102,114102,OTORGAMIENTOS ORIGINALES,false,true,1,1,OTORGAMIENTOS ORIGINALES,6,1
1141020201,114102,REFINANCIADOS,false,true,1,1,REFINANCIADOS,6,1
1141020202,114102,REFINANCIADOS,false,true,1,1,REFINANCIADOS,6,1
1141020301,114102,REESTRUCTURADOS,false,true,1,1,REESTRUCTURADOS,6,1
1141020302,114102,REESTRUCTURADOS,false,true,1,1,REESTRUCTURADOS,6,1
1141029901,114102,INTERESES Y OTROS POR COBRAR,false,true,1,1,INTERESES Y OTROS POR COBRAR,6,1
1141029902,114102,INTERESES Y OTROS POR COBRAR,false,true,1,1,INTERESES Y OTROS POR COBRAR,6,1
1141030101,114103,OTORGAMIENTOS ORIGINALES,false,true,1,1,OTORGAMIENTOS ORIGINALES,6,1
1141030102,114103,OTORGAMIENTOS ORIGINALES,false,true,1,1,OTORGAMIENTOS ORIGINALES,6,1
1141030201,114103,REFINANCIADOS,false,true,1,1,REFINANCIADOS,6,1
1141030202,114103,REFINANCIADOS,false,true,1,1,REFINANCIADOS,6,1
1141030301,114103,REESTRUCTURADOS,false,true,1,1,REESTRUCTURADOS,6,1
1141030302,114103,REESTRUCTURADOS,false,true,1,1,REESTRUCTURADOS,6,1
1141039901,114103,INTERESES Y OTROS POR COBRAR,false,true,1,1,INTERESES Y OTROS POR COBRAR,6,1
1141039902,114103,INTERESES Y OTROS POR COBRAR,false,true,1,1,INTERESES Y OTROS POR COBRAR,6,1
1141040101,114104,OTORGAMIENTOS ORIGINALES,false,true,1,1,OTORGAMIENTOS ORIGINALES,6,1
1141040102,114104,OTORGAMIENTOS ORIGINALES,false,true,1,1,OTORGAMIENTOS ORIGINALES,6,1
1141040201,114104,REFINANCIADOS,false,true,1,1,REFINANCIADOS,6,1
1141040202,114104,REFINANCIADOS,false,true,1,1,REFINANCIADOS,6,1
1141040301,114104,REESTRUCTURADOS,false,true,1,1,REESTRUCTURADOS,6,1
1141040302,114104,REESTRUCTURADOS,false,true,1,1,REESTRUCTURADOS,6,1
1141049901,114104,INTERESES Y OTROS POR COBRAR,false,true,1,1,INTERESES Y OTROS POR COBRAR,6,1
1141049902,114104,INTERESES Y OTROS POR COBRAR,false,true,1,1,INTERESES Y OTROS POR COBRAR,6,1
1141050101,114105,PARA CUBRIR DÉFICIT DE CAJA,false,true,1,1,PARA CUBRIR DÉFICIT DE CAJA,6,1
1141050102,114105,PARA CUBRIR DÉFICIT DE CAJA,false,true,1,1,PARA CUBRIR DÉFICIT DE CAJA,6,1
1141059901,114105,INTERESES Y OTROS POR COBRAR,false,true,1,1,INTERESES Y OTROS POR COBRAR,6,1
1141059902,114105,INTERESES Y OTROS POR COBRAR,false,true,1,1,INTERESES Y OTROS POR COBRAR,6,1
1141060101,114106,PARA CUBRIR DÉFICIT DE CAJA,false,true,1,1,PARA CUBRIR DÉFICIT DE CAJA,6,1
1141060102,114106,PARA CUBRIR DÉFICIT DE CAJA,false,true,1,1,PARA CUBRIR DÉFICIT DE CAJA,6,1
1141060201,114106,PRÉSTAMOS PARA OTROS PROPÓSITOS,false,true,1,1,PRÉSTAMOS PARA OTROS PROPÓSITOS,6,1
1141060202,114106,PRÉSTAMOS PARA OTROS PROPÓSITOS,false,true,1,1,PRÉSTAMOS PARA OTROS PROPÓSITOS,6,1
1141060301,114106,PRÉSTAMOS CONVERTIBLES EN ACCIONES,false,true,1,1,PRÉSTAMOS CONVERTIBLES EN ACCIONES,6,1
1141060302,114106,PRÉSTAMOS CONVERTIBLES EN ACCIONES,false,true,1,1,PRÉSTAMOS CONVERTIBLES EN ACCIONES,6,1
1141069901,114106,INTERESES Y OTROS POR COBRAR,false,true,1,1,INTERESES Y OTROS POR COBRAR,6,1
1141069902,114106,INTERESES Y OTROS POR COBRAR,false,true,1,1,INTERESES Y OTROS POR COBRAR,6,1
1141070101,114107,OTORGAMIENTOS ORIGINALES,false,true,1,1,OTORGAMIENTOS ORIGINALES,6,1
1141070102,114107,OTORGAMIENTOS ORIGINALES,false,true,1,1,OTORGAMIENTOS ORIGINALES,6,1
1141070201,114107,REFINANCIADOS,false,true,1,1,REFINANCIADOS,6,1
1141070202,114107,REFINANCIADOS,false,true,1,1,REFINANCIADOS,6,1
1141070301,114107,REESTRUCTURADOS,false,true,1,1,REESTRUCTURADOS,6,1
1141070302,114107,REESTRUCTURADOS,false,true,1,1,REESTRUCTURADOS,6,1
1141079901,114107,INTERESES Y OTROS POR COBRAR,false,true,1,1,INTERESES Y OTROS POR COBRAR,6,1
1141079902,114107,INTERESES Y OTROS POR COBRAR,false,true,1,1,INTERESES Y OTROS POR COBRAR,6,1
1141080101,114108,OTORGAMIENTOS ORIGINALES,false,true,1,1,OTORGAMIENTOS ORIGINALES,6,1
1141080102,114108,OTORGAMIENTOS ORIGINALES,false,true,1,1,OTORGAMIENTOS ORIGINALES,6,1
1141080201,114108,REFINANCIADOS,false,true,1,1,REFINANCIADOS,6,1
1141080202,114108,REFINANCIADOS,false,true,1,1,REFINANCIADOS,6,1
1141080301,114108,REESTRUCTURADOS,false,true,1,1,REESTRUCTURADOS,6,1
1141080302,114108,REESTRUCTURADOS,false,true,1,1,REESTRUCTURADOS,6,1
1141089901,114108,INTERESES Y OTROS POR COBRAR,false,true,1,1,INTERESES Y OTROS POR COBRAR,6,1
1141089902,114108,INTERESES Y OTROS POR COBRAR,false,true,1,1,INTERESES Y OTROS POR COBRAR,6,1
1141990101,114199,DESEMBOLSOS POR APLICAR,false,true,1,1,DESEMBOLSOS POR APLICAR,6,1
1141990102,114199,DESEMBOLSOS POR APLICAR,false,true,1,1,DESEMBOLSOS POR APLICAR,6,1
1141990201,114199,RECUPERACIONES POR APLICAR,false,true,1,1,RECUPERACIONES POR APLICAR,6,1
1141990202,114199,RECUPERACIONES POR APLICAR,false,true,1,1,RECUPERACIONES POR APLICAR,6,1
1142020101,114202,OTORGAMIENTOS ORIGINALES,false,true,1,1,OTORGAMIENTOS ORIGINALES,6,1
1142020102,114202,OTORGAMIENTOS ORIGINALES,false,true,1,1,OTORGAMIENTOS ORIGINALES,6,1
1142020201,114202,REFINANCIADOS,false,true,1,1,REFINANCIADOS,6,1
1142020202,114202,REFINANCIADOS,false,true,1,1,REFINANCIADOS,6,1
1142020301,114202,REESTRUCTURADOS,false,true,1,1,REESTRUCTURADOS,6,1
1142020302,114202,REESTRUCTURADOS,false,true,1,1,REESTRUCTURADOS,6,1
1142029901,114202,INTERESES Y OTROS POR COBRAR,false,true,1,1,INTERESES Y OTROS POR COBRAR,6,1
1142029902,114202,INTERESES Y OTROS POR COBRAR,false,true,1,1,INTERESES Y OTROS POR COBRAR,6,1
1142030101,114203,OTORGAMIENTOS ORIGINALES,false,true,1,1,OTORGAMIENTOS ORIGINALES,6,1
1142030102,114203,OTORGAMIENTOS ORIGINALES,false,true,1,1,OTORGAMIENTOS ORIGINALES,6,1
1142030201,114203,REFINANCIADOS,false,true,1,1,REFINANCIADOS,6,1
1142030202,114203,REFINANCIADOS,false,true,1,1,REFINANCIADOS,6,1
1142030301,114203,REESTRUCTURADOS,false,true,1,1,REESTRUCTURADOS,6,1
1142030302,114203,REESTRUCTURADOS,false,true,1,1,REESTRUCTURADOS,6,1
1142039901,114203,INTERESES Y OTROS POR COBRAR,false,true,1,1,INTERESES Y OTROS POR COBRAR,6,1
1142039902,114203,INTERESES Y OTROS POR COBRAR,false,true,1,1,INTERESES Y OTROS POR COBRAR,6,1
1142040101,114204,OTORGAMIENTOS ORIGINALES,false,true,2,1,OTORGAMIENTOS ORIGINALES,6,0
1142040102,114204,OTORGAMIENTOS ORIGINALES,false,true,1,1,OTORGAMIENTOS ORIGINALES,6,1
1142040201,114204,REFINANCIADOS,false,true,1,1,REFINANCIADOS,6,1
1142040202,114204,REFINANCIADOS,false,true,1,1,REFINANCIADOS,6,1
1142040301,114204,REESTRUCTURADOS,false,true,1,1,REESTRUCTURADOS,6,1
1142040302,114204,REESTRUCTURADOS,false,true,1,1,REESTRUCTURADOS,6,1
1142040701,114204,ADQUISICIÓN DE VIVIENDA,false,true,1,1,ADQUISICIÓN DE VIVIENDA,6,1
1142040702,114204,ADQUISICIÓN DE VIVIENDA,false,true,1,1,ADQUISICIÓN DE VIVIENDA,6,1
1142049901,114204,INTERESES Y OTROS POR COBRAR,false,true,1,1,INTERESES Y OTROS POR COBRAR,6,1
1142049902,114204,INTERESES Y OTROS POR COBRAR,false,true,1,1,INTERESES Y OTROS POR COBRAR,6,1
1142060101,114206,PRÉSTAMOS PARA OTROS PROPÓSITOS,false,true,1,1,PRÉSTAMOS PARA OTROS PROPÓSITOS,6,1
1142060102,114206,PRÉSTAMOS PARA OTROS PROPÓSITOS,false,true,1,1,PRÉSTAMOS PARA OTROS PROPÓSITOS,6,1
1142060201,114206,PRÉSTAMOS CONVERTIBLES EN ACCIONES,false,true,1,1,PRÉSTAMOS CONVERTIBLES EN ACCIONES,6,1
1142060202,114206,PRÉSTAMOS CONVERTIBLES EN ACCIONES,false,true,1,1,PRÉSTAMOS CONVERTIBLES EN ACCIONES,6,1
1142069901,114206,INTERESES Y OTROS POR COBRAR,false,true,1,1,INTERESES Y OTROS POR COBRAR,6,1
1142069902,114206,INTERESES Y OTROS POR COBRAR,false,true,1,1,INTERESES Y OTROS POR COBRAR,6,1
1142070101,114207,OTORGAMIENTOS ORIGINALES,false,true,1,1,OTORGAMIENTOS ORIGINALES,6,1
1142070102,114207,OTORGAMIENTOS ORIGINALES,false,true,1,1,OTORGAMIENTOS ORIGINALES,6,1
1142070201,114207,REFINANCIADOS,false,true,1,1,REFINANCIADOS,6,1
1142070202,114207,REFINANCIADOS,false,true,1,1,REFINANCIADOS,6,1
1142070301,114207,REESTRUCTURADOS,false,true,1,1,REESTRUCTURADOS,6,1
1142070302,114207,REESTRUCTURADOS,false,true,1,1,REESTRUCTURADOS,6,1
1142079901,114207,INTERESES Y OTROS POR COBRAR,false,true,1,1,INTERESES Y OTROS POR COBRAR,6,1
1142079902,114207,INTERESES Y OTROS POR COBRAR,false,true,1,1,INTERESES Y OTROS POR COBRAR,6,1
1142080101,114208,OTORGAMIENTOS ORIGINALES,false,true,1,1,OTORGAMIENTOS ORIGINALES,6,1
1142080102,114208,OTORGAMIENTOS ORIGINALES,false,true,1,1,OTORGAMIENTOS ORIGINALES,6,1
1142080201,114208,REFINANCIADOS,false,true,1,1,REFINANCIADOS,6,1
1142080202,114208,REFINANCIADOS,false,true,1,1,REFINANCIADOS,6,1
1142080301,114208,REESTRUCTURADOS,false,true,1,1,REESTRUCTURADOS,6,1
1142080302,114208,REESTRUCTURADOS,false,true,1,1,REESTRUCTURADOS,6,1
1142089901,114208,INTERESES Y OTROS POR COBRAR,false,true,1,1,INTERESES Y OTROS POR COBRAR,6,1
1142089902,114208,INTERESES Y OTROS POR COBRAR,false,true,1,1,INTERESES Y OTROS POR COBRAR,6,1
1148020101,114802,OTORGAMIENTOS ORIGINALES,false,true,1,1,OTORGAMIENTOS ORIGINALES,6,1
1148020102,114802,OTORGAMIENTOS ORIGINALES,false,true,1,1,OTORGAMIENTOS ORIGINALES,6,1
1148020201,114802,REFINANCIADOS,false,true,1,1,REFINANCIADOS,6,1
1148020202,114802,REFINANCIADOS,false,true,1,1,REFINANCIADOS,6,1
1148020301,114802,REESTRUCTURADOS,false,true,1,1,REESTRUCTURADOS,6,1
1148020302,114802,REESTRUCTURADOS,false,true,1,1,REESTRUCTURADOS,6,1
1148030101,114803,OTORGAMIENTOS ORIGINALES,false,true,1,1,OTORGAMIENTOS ORIGINALES,6,1
1148030102,114803,OTORGAMIENTOS ORIGINALES,false,true,1,1,OTORGAMIENTOS ORIGINALES,6,1
1148030201,114803,REFINANCIADOS,false,true,1,1,REFINANCIADOS,6,1
1148030202,114803,REFINANCIADOS,false,true,1,1,REFINANCIADOS,6,1
1148030301,114803,REESTRUCTURADOS,false,true,1,1,REESTRUCTURADOS,6,1
1148030302,114803,REESTRUCTURADOS,false,true,1,1,REESTRUCTURADOS,6,1
1148040101,114804,OTORGAMIENTOS ORIGINALES,false,true,1,1,OTORGAMIENTOS ORIGINALES,6,1
1148040102,114804,OTORGAMIENTOS ORIGINALES,false,true,1,1,OTORGAMIENTOS ORIGINALES,6,1
1148040201,114804,REFINANCIADOS,false,true,1,1,REFINANCIADOS,6,1
1148040202,114804,REFINANCIADOS,false,true,1,1,REFINANCIADOS,6,1
1148040301,114804,REESTRUCTURADOS,false,true,1,1,REESTRUCTURADOS,6,1
1148040302,114804,REESTRUCTURADOS,false,true,1,1,REESTRUCTURADOS,6,1
1148040701,114804,ADQUISICIÓN DE VIVIENDA,false,true,1,1,ADQUISICIÓN DE VIVIENDA,6,1
1148040702,114804,ADQUISICIÓN DE VIVIENDA,false,true,1,1,ADQUISICIÓN DE VIVIENDA,6,1
1148050101,114805,PARA CUBRIR DÉFICIT DE CAJA,false,true,1,1,PARA CUBRIR DÉFICIT DE CAJA,6,1
1148050102,114805,PARA CUBRIR DÉFICIT DE CAJA,false,true,1,1,PARA CUBRIR DÉFICIT DE CAJA,6,1
1148060101,114806,PARA CUBRIR DÉFICIT DE CAJA,false,true,1,1,PARA CUBRIR DÉFICIT DE CAJA,6,1
1148060102,114806,PARA CUBRIR DÉFICIT DE CAJA,false,true,1,1,PARA CUBRIR DÉFICIT DE CAJA,6,1
1148070101,114807,OTORGAMIENTOS ORIGINALES,false,true,1,1,OTORGAMIENTOS ORIGINALES,6,1
1148070102,114807,OTORGAMIENTOS ORIGINALES,false,true,1,1,OTORGAMIENTOS ORIGINALES,6,1
1148070201,114807,REFINANCIADOS,false,true,1,1,REFINANCIADOS,6,1
1148070202,114807,REFINANCIADOS,false,true,1,1,REFINANCIADOS,6,1
1148070301,114807,REESTRUCTURADOS,false,true,1,1,REESTRUCTURADOS,6,1
1148070302,114807,REESTRUCTURADOS,false,true,1,1,REESTRUCTURADOS,6,1
1148080101,114808,OTORGAMIENTOS ORIGINALES,false,true,1,1,OTORGAMIENTOS ORIGINALES,6,1
1148080102,114808,OTORGAMIENTOS ORIGINALES,false,true,1,1,OTORGAMIENTOS ORIGINALES,6,1
1148080201,114808,REFINANCIADOS,false,true,1,1,REFINANCIADOS,6,1
1148080202,114808,REFINANCIADOS,false,true,1,1,REFINANCIADOS,6,1
1148080301,114808,REESTRUCTURADOS,false,true,1,1,REESTRUCTURADOS,6,1
1148080302,114808,REESTRUCTURADOS,false,true,1,1,REESTRUCTURADOS,6,1
1148990101,114899,OTORGAMIENTOS ORIGINALES,false,true,1,1,OTORGAMIENTOS ORIGINALES,6,1
1148990102,114899,OTORGAMIENTOS ORIGINALES,false,true,1,1,OTORGAMIENTOS ORIGINALES,6,1
1148990201,114899,REFINANCIADOS,false,true,1,1,REFINANCIADOS,6,1
1148990202,114899,REFINANCIADOS,false,true,1,1,REFINANCIADOS,6,1
1148990301,114899,REESTRUCTURADOS,false,true,1,1,REESTRUCTURADOS,6,1
1148990302,114899,REESTRUCTURADOS,false,true,1,1,REESTRUCTURADOS,6,1
1149010101,114901,PROVISIONES POR CATEGORÍA DE RIESGO,false,true,1,1,PROVISIONES POR CATEGORÍA DE RIESGO,6,1
1149010102,114901,PROVISIONES POR CATEGORÍA DE RIESGO,false,true,1,1,PROVISIONES POR CATEGORÍA DE RIESGO,6,1
1149010201,114901,PROVISIONES POR EXCESO DE CRÉDITOS RELACIONADOS,false,true,1,1,PROVISIONES POR EXCESO DE CRÉDITOS RELACIONADOS,6,1
1149010202,114901,PROVISIONES POR EXCESO DE CRÉDITOS RELACIONADOS,false,true,1,1,PROVISIONES POR EXCESO DE CRÉDITOS RELACIONADOS,6,1
1149010301,114901,PROVISIONES VOLUNTARIAS,false,true,1,1,PROVISIONES VOLUNTARIAS,6,1
1149010302,114901,PROVISIONES VOLUNTARIAS,false,true,1,1,PROVISIONES VOLUNTARIAS,6,1
1149010401,114901,PROVISIONES RESTRINGIDAS,false,true,1,1,PROVISIONES RESTRINGIDAS,6,1
1149010402,114901,PROVISIONES RESTRINGIDAS,false,true,1,1,PROVISIONES RESTRINGIDAS,6,1
1149010501,114901,PROVISIONES POR RIESGO DE MANEJO DE CARTERA,false,true,1,1,PROVISIONES POR RIESGO DE MANEJO DE CARTERA,6,1
1149010502,114901,PROVISIONES POR RIESGO DE MANEJO DE CARTERA,false,true,1,1,PROVISIONES POR RIESGO DE MANEJO DE CARTERA,6,1
1149010601,114901,PROVISIONES GENÉRICAS,false,true,1,1,PROVISIONES GENÉRICAS,6,1
1149010602,114901,PROVISIONES GENÉRICAS,false,true,1,1,PROVISIONES GENÉRICAS,6,1
1149010701,114901,PROVISIONES POR RIESGOS DE CALIFICACIÓN DE DEUDORES,false,true,1,1,PROVISIONES POR RIESGOS DE CALIFICACIÓN DE DEUDORES,6,1
1149010702,114901,PROVISIONES POR RIESGOS DE CALIFICACIÓN DE DEUDORES,false,true,1,1,PROVISIONES POR RIESGOS DE CALIFICACIÓN DE DEUDORES,6,1
1149010801,114901,PROVISIONES ESPECIALES,false,true,1,1,PROVISIONES ESPECIALES,6,1
1149010802,114901,PROVISIONES ESPECIALES,false,true,1,1,PROVISIONES ESPECIALES,6,1
1210000101,121000,SALDOS CON AGENCIAS NACIONALES,false,true,1,1,SALDOS CON AGENCIAS NACIONALES,6,1
1210000102,121000,SALDOS CON AGENCIAS NACIONALES,false,true,1,1,SALDOS CON AGENCIAS NACIONALES,6,1
1210000201,121000,SALDOS CON AGENCIAS EXTRANJERAS,false,true,1,1,SALDOS CON AGENCIAS EXTRANJERAS,6,1
1210000202,121000,SALDOS CON AGENCIAS EXTRANJERAS,false,true,1,1,SALDOS CON AGENCIAS EXTRANJERAS,6,1
1210000301,121000,SALDOS CON AFILIADAS NACIONALES,false,true,1,1,SALDOS CON AFILIADAS NACIONALES,6,1
1210000302,121000,SALDOS CON AFILIADAS NACIONALES,false,true,1,1,SALDOS CON AFILIADAS NACIONALES,6,1
1210000501,121000,SALDOS CON SUBSIDIARIAS NACIONALES,false,true,1,1,SALDOS CON SUBSIDIARIAS NACIONALES,6,1
1210000502,121000,SALDOS CON SUBSIDIARIAS NACIONALES,false,true,1,1,SALDOS CON SUBSIDIARIAS NACIONALES,6,1
1210000601,121000,SALDOS CON SUBSIDIARIAS EXTRANJERAS,false,true,1,1,SALDOS CON SUBSIDIARIAS EXTRANJERAS,6,1
1210000602,121000,SALDOS CON SUBSIDIARIAS EXTRANJERAS,false,true,1,1,SALDOS CON SUBSIDIARIAS EXTRANJERAS,6,1
1210000701,121000,SALDOS CON BANCOS EXTRANJEROS,false,true,1,1,SALDOS CON BANCOS EXTRANJEROS,6,1
1210000702,121000,SALDOS CON BANCOS EXTRANJEROS,false,true,1,1,SALDOS CON BANCOS EXTRANJEROS,6,1
1220010100,122001,URBANOS,false,true,1,1,URBANOS,6,1
1220010200,122001,RÚSTICOS,false,true,1,1,RÚSTICOS,6,1
1220010300,122001,SALDO A CARGO DE DEUDORES,false,true,1,1,SALDO A CARGO DE DEUDORES,6,1
1220020100,122002,BIENES MUEBLES,false,true,1,1,BIENES MUEBLES,6,1
1220020200,122002,SALDO A CARGO DE DEUDORES,false,true,1,1,SALDO A CARGO DE DEUDORES,6,1
1220030101,122003,VIGENTES,false,true,1,1,VIGENTES,6,1
1220030102,122003,VIGENTES,false,true,1,1,VIGENTES,6,1
1220030201,122003,VENCIDOS,false,true,1,1,VENCIDOS,6,1
1220030202,122003,VENCIDOS,false,true,1,1,VENCIDOS,6,1
1220030301,122003,SALDO A CARGO DE DEUDORES,false,true,1,1,SALDO A CARGO DE DEUDORES,6,1
1220030302,122003,SALDO A CARGO DE DEUDORES,false,true,1,1,SALDO A CARGO DE DEUDORES,6,1
1220040001,122004,CONSTRUCCIONES EN PROCESO,false,true,1,1,CONSTRUCCIONES EN PROCESO,6,1
1230010100,123001,TARJETAS DE CRÉDITO,false,true,1,1,TARJETAS DE CRÉDITO,6,1
1230010200,123001,CHEQUERAS,false,true,1,1,CHEQUERAS,6,1
1230019100,123001,OTROS,false,true,1,1,OTROS,6,1
1230020100,123002,"PAPELERÍA, ÚTILES Y ENSERES",false,true,1,1,"PAPELERÍA, ÚTILES Y ENSERES",6,1
1230020200,123002,ESPECIES POSTALES,false,true,1,1,ESPECIES POSTALES,6,1
1230020300,123002,ARTÍCULOS PROMOCIONALES,false,true,1,1,ARTÍCULOS PROMOCIONALES,6,1
1230020500,123002,MATERIALES DE LIMPIEZA,false,true,1,1,MATERIALES DE LIMPIEZA,6,1
1230020600,123002,PROMOCINALES,false,true,1,1,PROMOCINALES,6,1
1230029100,123002,OTROS,false,true,1,1,OTROS,6,1
1240010100,124001,SOBRE PERSONAS,false,true,1,1,SOBRE PERSONAS,6,1
1240010200,124001,SOBRE BIENES,false,true,1,1,SOBRE BIENES,6,1
1240010300,124001,SOBRE RIESGOS DE INTERMEDIACIÓN,false,true,1,1,SOBRE RIESGOS DE INTERMEDIACIÓN,6,1
1240020100,124002,LOCALES,false,true,1,1,LOCALES,6,1
1240020200,124002,EQUIPO,false,true,1,1,EQUIPO,6,1
1240030001,124003,INTERESES PAGADOS POR ANTICIPADO,false,true,1,1,INTERESES PAGADOS POR ANTICIPADO,6,1
1240030002,124003,INTERESES PAGADOS POR ANTICIPADO,false,true,1,1,INTERESES PAGADOS POR ANTICIPADO,6,1
1240040100,124004,PROGRAMAS COMPUTACIONALES,false,true,1,1,PROGRAMAS COMPUTACIONALES,6,1
1240040200,124004,ANTIVIRUS,false,true,1,1,ANTIVIRUS,6,1
1240040300,124004,LICENCIAS,false,true,1,1,LICENCIAS,6,1
1240060100,124006,IMPUESTO SOBRE LA RENTA,false,true,1,1,IMPUESTO SOBRE LA RENTA,6,1
1240060901,124006,OTROS,false,true,1,1,OTROS,6,1
1240980100,124098,PAGO A CUENTA DEL IMPUESTO SOBRE LA RENTA,false,true,1,1,PAGO A CUENTA DEL IMPUESTO SOBRE LA RENTA,6,1
1240980200,124098,SUSCRIPCIONES Y CONTRATOS DE MANTENIMIENTO,false,true,1,1,SUSCRIPCIONES Y CONTRATOS DE MANTENIMIENTO,6,1
1240980300,124098,RUEDA DE NEGOCIOS,false,true,1,1,RUEDA DE NEGOCIOS,6,1
1240980400,124098,CONVENIO,false,true,1,1,CONVENIO,6,1
1240980500,124098,BETIS ACADEMY EL SALVADOR,false,true,1,1,BETIS ACADEMY EL SALVADOR,6,1
1240980600,124098,ESCUELA DE MUSICA,false,true,1,1,ESCUELA DE MUSICA,6,1
1240980700,124098,GASTOS DE ORGANIZACION,false,true,1,1,GASTOS DE ORGANIZACION,6,1
1240989100,124098,OTROS,false,true,1,1,OTROS,6,1
1240990100,124099,PRESTACIONES AL PERSONAL,false,true,1,1,PRESTACIONES AL PERSONAL,6,1
1240990200,124099,COSTOS DE PUBLICIDAD,false,true,1,1,COSTOS DE PUBLICIDAD,6,1
1240999100,124099,OTROS,false,true,1,1,OTROS,6,1
1250010100,125001,SOCIOS,false,true,2,1,SOCIOS,6,0
1250010200,125001,FILIALES,false,true,1,1,FILIALES,6,1
1250010300,125001,FEDERACIONES,false,true,1,1,FEDERACIONES,6,1
1250010400,125001,A TERCEROS,false,true,2,1,A TERCEROS,6,0
1250020101,125002,INGRESOS POR RECIBIR DE AVALES Y FIANZAS,false,true,1,1,INGRESOS POR RECIBIR DE AVALES Y FIANZAS,6,1
1250020102,125002,INGRESOS POR RECIBIR DE AVALES Y FIANZAS,false,true,1,1,INGRESOS POR RECIBIR DE AVALES Y FIANZAS,6,1
1250030101,125003,GASTOS DE OTRAS OPERACIONES,false,true,1,1,GASTOS DE OTRAS OPERACIONES,6,1
1250030102,125003,GASTOS DE OTRAS OPERACIONES,false,true,1,1,GASTOS DE OTRAS OPERACIONES,6,1
1250030201,125003,COSTAS PROCESALES,false,true,1,1,COSTAS PROCESALES,6,1
1250030301,125003,WESTERN UNION,false,true,1,1,WESTERN UNION,6,1
1250030401,125003,DEUDORES VARIOS,false,true,1,1,DEUDORES VARIOS,6,1
1250039101,125003,OTROS DEUDORES,false,true,1,1,OTROS DEUDORES,6,1
1250040101,125004,ALMACENAJES POR PERCIBIR,false,true,1,1,ALMACENAJES POR PERCIBIR,6,1
1250040201,125004,SERVICIOS DE CAJA POR PERCIBIR,false,true,1,1,SERVICIOS DE CAJA POR PERCIBIR,6,1
1250040301,125004,TRÁMITES JURÍDICOS POR PERCIBIR,false,true,1,1,TRÁMITES JURÍDICOS POR PERCIBIR,6,1
1250049101,125004,OTROS SERVICIOS FINANCIEROS,false,true,1,1,OTROS SERVICIOS FINANCIEROS,6,1
1250049102,125004,OTROS SERVICIOS FINANCIEROS,false,true,1,1,OTROS SERVICIOS FINANCIEROS,6,1
1250050101,125005,AL PERSONAL,false,true,1,1,AL PERSONAL,6,1
1250050102,125005,AL PERSONAL,false,true,1,1,AL PERSONAL,6,1
1250050201,125005,A PROVEEDORES,false,true,1,1,A PROVEEDORES,6,1
1250050202,125005,A PROVEEDORES,false,true,1,1,A PROVEEDORES,6,1
1250060100,125006,SERVICIOS DE SUPERVISIÓN,false,true,1,1,SERVICIOS DE SUPERVISIÓN,6,1
1250060200,125006,SERVICIOS EDUCATIVOS,false,true,1,1,SERVICIOS EDUCATIVOS,6,1
1250060300,125006,SERVICIOS DE CAPACITACIÓN,false,true,1,1,SERVICIOS DE CAPACITACIÓN,6,1
1250060400,125006,SERVICIOS DE CONSULTORIA ADMINISTRATIVA-CONTABLE,false,true,1,1,SERVICIOS DE CONSULTORIA ADMINISTRATIVA-CONTABLE,6,1
1250060500,125006,SERVICIOS JURÍDICOS,false,true,1,1,SERVICIOS JURÍDICOS,6,1
1250060600,125006,PROTECCIONES,false,true,1,1,PROTECCIONES,6,1
1250060700,125006,ASESORÍA,false,true,1,1,ASESORÍA,6,1
1250060800,125006,INFORMÁTICA,false,true,1,1,INFORMÁTICA,6,1
1250069100,125006,OTROS,false,true,1,1,OTROS,6,1
1250070101,125007,COMISIÓN POR PERCIBIR POR COMERCIALIZACIÓN DE CUOTAS DE PARTICIPACIÓN DE FONDOS DE INVERSIÓN ABIERTOS LOCALES,false,true,1,1,COMISIÓN POR PERCIBIR POR COMERCIALIZACIÓN DE CUOTAS DE PARTICIPACIÓN DE FONDOS DE INVERSIÓN ABIERTOS LOCALES,6,1
1250070102,125007,COMISIÓN POR PERCIBIR POR COMERCIALIZACIÓN DE CUOTAS DE PARTICIPACIÓN DE FONDOS DE INVERSIÓN ABIERTOS EXTRANJEROS,false,true,1,1,COMISIÓN POR PERCIBIR POR COMERCIALIZACIÓN DE CUOTAS DE PARTICIPACIÓN DE FONDOS DE INVERSIÓN ABIERTOS EXTRANJEROS,6,1
1250079100,125007,OTROS,false,true,1,1,OTROS,6,1
1250080101,125008,COMISIÓN POR PERCIBIR POR COMERCIALIZACIÓN DE FONDOS DE AHORRO PREVISIONAL VOLUNTARIO,false,true,1,1,COMISIÓN POR PERCIBIR POR COMERCIALIZACIÓN DE FONDOS DE AHORRO PREVISIONAL VOLUNTARIO,6,1
1250090101,125009,COMISIÓN POR PERCIBIR POR ADMINISTRACIÓN DE FONDOS DE AHORRO PREVISIONAL VOLUNTARIO,false,true,1,1,COMISIÓN POR PERCIBIR POR ADMINISTRACIÓN DE FONDOS DE AHORRO PREVISIONAL VOLUNTARIO,6,1
1250990101,125099,FALTANTES DE CAJEROS,false,true,1,1,FALTANTES DE CAJEROS,6,1
1250990102,125099,FALTANTES DE CAJEROS,false,true,1,1,FALTANTES DE CAJEROS,6,1
1250990201,125099,OTROS FALTANTES,false,true,1,1,OTROS FALTANTES,6,1
1250990301,125099,CRÉDITO FISCAL- IVA,false,true,1,1,CRÉDITO FISCAL- IVA,6,1
1250990401,125099,VALORES POR LIQUIDAR,false,true,1,1,VALORES POR LIQUIDAR,6,1
1250990501,125099,TRANSITORIA POR DIFERENCIAS EN SISTEMA,false,true,1,1,TRANSITORIA POR DIFERENCIAS EN SISTEMA,6,1
1250990601,125099,DIFERENCIA EN CARTERA DE PRESTAMOS.,false,true,1,1,DIFERENCIA EN CARTERA DE PRESTAMOS.,6,1
1250990701,125099,DIFERENCIA EN CARTERA DE AHORROS,false,true,1,1,DIFERENCIA EN CARTERA DE AHORROS,6,1
1250990801,125099,FALTANTE EN EJECUTIVO DE CREDITOS,false,true,2,1,FALTANTE EN EJECUTIVO DE CREDITOS,6,0
1250990901,125099,COBROS DE ACCIONES POR IDENTIFICAR,false,true,1,1,Fallback share-reference asset for missing payment-channel mappings; expected balance is zero.,6,1
1250999101,125099,OTRAS,false,true,1,1,OTRAS,6,1
1250999102,125099,OTRAS,false,true,1,1,OTRAS,6,1
1259000001,125900,PROVISIÓN POR INCOBRABILIDAD DE CUENTAS POR COBRAR,false,true,1,1,PROVISIÓN POR INCOBRABILIDAD DE CUENTAS POR COBRAR,6,1
1259000002,125900,PROVISIÓN POR INCOBRABILIDAD DE CUENTAS POR COBRAR,false,true,1,1,PROVISIÓN POR INCOBRABILIDAD DE CUENTAS POR COBRAR,6,1
1260010101,126001,EN SOCIEDADES NACIONALES – VALOR DE ADQUISICIÓN,false,true,1,1,EN SOCIEDADES NACIONALES – VALOR DE ADQUISICIÓN,6,1
1260010102,126001,EN SOCIEDADES NACIONALES – VALOR DE ADQUISICIÓN,false,true,1,1,EN SOCIEDADES NACIONALES – VALOR DE ADQUISICIÓN,6,1
1260010201,126001,EN SOCIEDADES EXTRANJERAS – VALOR DE ADQUISICIÓN,false,true,1,1,EN SOCIEDADES EXTRANJERAS – VALOR DE ADQUISICIÓN,6,1
1260010202,126001,EN SOCIEDADES EXTRANJERAS – VALOR DE ADQUISICIÓN,false,true,1,1,EN SOCIEDADES EXTRANJERAS – VALOR DE ADQUISICIÓN,6,1
1260019801,126001,EN SOCIEDADES NACIONALES – REVALÚO,false,true,1,1,EN SOCIEDADES NACIONALES – REVALÚO,6,1
1260019802,126001,EN SOCIEDADES EXTRANJERAS – REVALÚO,false,true,1,1,EN SOCIEDADES EXTRANJERAS – REVALÚO,6,1
1260020101,126002,EN SOCIEDADES NACIONALES – VALOR DE ADQUISICIÓN,false,true,1,1,EN SOCIEDADES NACIONALES – VALOR DE ADQUISICIÓN,6,1
1260020102,126002,EN SOCIEDADES NACIONALES – VALOR DE ADQUISICIÓN,false,true,1,1,EN SOCIEDADES NACIONALES – VALOR DE ADQUISICIÓN,6,1
1260020201,126002,EN SOCIEDADES EXTRANJERAS – VALOR DE ADQUISICIÓN,false,true,1,1,EN SOCIEDADES EXTRANJERAS – VALOR DE ADQUISICIÓN,6,1
1260020202,126002,EN SOCIEDADES EXTRANJERAS – VALOR DE ADQUISICIÓN,false,true,1,1,EN SOCIEDADES EXTRANJERAS – VALOR DE ADQUISICIÓN,6,1
1260029801,126002,EN SOCIEDADES NACIONALES – REVALÚO,false,true,1,1,EN SOCIEDADES NACIONALES – REVALÚO,6,1
1260029802,126002,EN SOCIEDADES EXTRANJERAS – REVALÚO,false,true,1,1,EN SOCIEDADES EXTRANJERAS – REVALÚO,6,1
1260030101,126003,PARTICIPACIONES – VALOR DE ADQUISICIÓN,false,true,2,1,PARTICIPACIONES – VALOR DE ADQUISICIÓN,6,0
1260030102,126003,PARTICIPACIONES – VALOR DE ADQUISICIÓN,false,true,1,1,PARTICIPACIONES – VALOR DE ADQUISICIÓN,6,1
1260030201,126003,FONDOS PARA DESPENSA DE EMPLEADOS,false,true,1,1,FONDOS PARA DESPENSA DE EMPLEADOS,6,1
1260030301,126003,APORTACIONES EN FEDERACIONES,false,true,1,1,APORTACIONES EN FEDERACIONES,6,1
1260030401,126003,ELIMINADA,false,true,1,1,ELIMINADA,6,1
1260030501,126003,ASOCIACIONES COOPERATIVAS,false,true,2,1,ASOCIACIONES COOPERATIVAS,6,0
1260039801,126003,PARTICIPACIONES – REVALÚO,false,true,1,1,PARTICIPACIONES – REVALÚO,6,1
1260039802,126003,PARTICIPACIONES – REVALÚO,false,true,1,1,PARTICIPACIONES – REVALÚO,6,1
1260040100,126004,NACIONALES – VALOR DE ADQUISICIÓN,false,true,1,1,NACIONALES – VALOR DE ADQUISICIÓN,6,1
1260049801,126004,NACIONALES – REVALÚO,false,true,1,1,NACIONALES – REVALÚO,6,1
1260050101,126005,BANCOS EXTRANJEROS - VALOR DE ADQUISICIÓN,false,true,1,1,BANCOS EXTRANJEROS - VALOR DE ADQUISICIÓN,6,1
1260050102,126005,BANCOS EXTRANJEROS - VALOR DE ADQUISICIÓN,false,true,1,1,BANCOS EXTRANJEROS - VALOR DE ADQUISICIÓN,6,1
1260059802,126005,BANCOS EXTRANJEROS - REVALÚO,false,true,1,1,BANCOS EXTRANJEROS - REVALÚO,6,1
1270010101,127001,DEPÓSITOS PARA PROVEER DINERO ELECTRÓNICO,false,true,1,1,DEPÓSITOS PARA PROVEER DINERO ELECTRÓNICO,6,1
1310010100,131001,TERRENOS – VALOR DE ADQUISICIÓN,false,true,1,1,TERRENOS – VALOR DE ADQUISICIÓN,6,1
1310019800,131001,TERRENOS – REVALÚO,false,true,1,1,TERRENOS – REVALÚO,6,1
1310020100,131002,INMUEBLES,false,true,2,1,INMUEBLES,6,0
1310020200,131002,MUEBLES,false,true,1,1,MUEBLES,6,1
1310030100,131003,MOBILIARIO Y EQUIPO EN TRÁNSITO,false,true,1,1,MOBILIARIO Y EQUIPO EN TRÁNSITO,6,1
1310030200,131003,MOBILIARIO Y EQUIPO EN EXISTENCIA,false,true,1,1,MOBILIARIO Y EQUIPO EN EXISTENCIA,6,1
1320010100,132001,EDIFICACIONES – VALOR DE ADQUISICIÓN,false,true,1,1,EDIFICACIONES – VALOR DE ADQUISICIÓN,6,1
1320019800,132001,EDIFICACIONES – REVALÚO,false,true,1,1,EDIFICACIONES – REVALÚO,6,1
1320020100,132002,EQUIPO DE COMPUTACIÓN – VALOR DE ADQUISICIÓN,false,true,1,1,EQUIPO DE COMPUTACIÓN – VALOR DE ADQUISICIÓN,6,1
1320029800,132002,EQUIPO DE COMPUTACIÓN – REVALÚO,false,true,1,1,EQUIPO DE COMPUTACIÓN – REVALÚO,6,1
1320030100,132003,EQUIPO DE OFICINA – VALOR DE ADQUISICIÓN,false,true,1,1,EQUIPO DE OFICINA – VALOR DE ADQUISICIÓN,6,1
1320039800,132003,EQUIPO DE OFICINA – REVALÚO,false,true,1,1,EQUIPO DE OFICINA – REVALÚO,6,1
1320040100,132004,MOBILIARIO – VALOR DE ADQUISICIÓN,false,true,1,1,MOBILIARIO – VALOR DE ADQUISICIÓN,6,1
1320049800,132004,MOBILIARIO – REVALÚO,false,true,1,1,MOBILIARIO – REVALÚO,6,1
1320050100,132005,VEHÍCULOS – VALOR DE ADQUISICIÓN,false,true,1,1,VEHÍCULOS – VALOR DE ADQUISICIÓN,6,1
1320059800,132005,VEHÍCULOS – REVALÚO,false,true,1,1,VEHÍCULOS – REVALÚO,6,1
1320060100,132006,"MAQUINARIA, EQUIPO Y HERRAMIENTA - VALOR DE ADQUISICIÓN.",false,true,1,1,"MAQUINARIA, EQUIPO Y HERRAMIENTA - VALOR DE ADQUISICIÓN.",6,1
1320069800,132006,"MAQUINARIA, EQUIPO Y HERRAMIENTA - REVALÚO",false,true,1,1,"MAQUINARIA, EQUIPO Y HERRAMIENTA - REVALÚO",6,1
1320070100,132007,SERVICIO DE ENERGÍA,false,true,1,1,SERVICIO DE ENERGÍA,6,1
1320070200,132007,AIRE ACONDICIONADO,false,true,1,1,AIRE ACONDICIONADO,6,1
1320070300,132007,SISTEMA DE ALARMA Y CÁMARAS,false,true,1,1,SISTEMA DE ALARMA Y CÁMARAS,6,1
1320990100,132099,BIBLIOTECA,false,true,1,1,BIBLIOTECA,6,1
1329010100,132901,EDIFICACIONES,false,true,1,1,EDIFICACIONES,6,1
1329010200,132901,EQUIPO DE COMPUTACIÓN,false,true,1,1,EQUIPO DE COMPUTACIÓN,6,1
1329010300,132901,EQUIPO DE OFICINA,false,true,1,1,EQUIPO DE OFICINA,6,1
1329010400,132901,MOBILIARIO,false,true,1,1,MOBILIARIO,6,1
1329010500,132901,VEHÍCULOS,false,true,1,1,VEHÍCULOS,6,1
1329010600,132901,"MAQUINARIA, EQUIPO Y HERRAMIENTA",false,true,1,1,"MAQUINARIA, EQUIPO Y HERRAMIENTA",6,1
1329010700,132901,INSTALACIONES,false,true,1,1,INSTALACIONES,6,1
1329020100,132902,EDIFICACIONES,false,true,1,1,EDIFICACIONES,6,1
1329020200,132902,EQUIPO DE COMPUTACIÓN,false,true,1,1,EQUIPO DE COMPUTACIÓN,6,1
1329020300,132902,EQUIPO DE OFICINA,false,true,1,1,EQUIPO DE OFICINA,6,1
1329020400,132902,MOBILIARIO,false,true,1,1,MOBILIARIO,6,1
1329020500,132902,VEHÍCULOS,false,true,1,1,VEHÍCULOS,6,1
1329020600,132902,"MAQUINARIA, EQUIPO Y HERRAMIENTA",false,true,1,1,"MAQUINARIA, EQUIPO Y HERRAMIENTA",6,1
1330010100,133001,CONSTRUCCIONES EN LOCALES ARRENDADOS,false,true,2,1,CONSTRUCCIONES EN LOCALES ARRENDADOS,6,0
1330010200,133001,MUEBLES,false,true,1,1,MUEBLES,6,1
1330020100,133002,INMUEBLES PROPIOS,false,true,1,1,INMUEBLES PROPIOS,6,1
1330020200,133002,INMUEBLES ARRENDADOS,false,true,1,1,INMUEBLES ARRENDADOS,6,1
1330020300,133002,MUEBLES PROPIOS,false,true,1,1,MUEBLES PROPIOS,6,1
1330020400,133002,MUEBLES ARRENDADOS,false,true,1,1,MUEBLES ARRENDADOS,6,1
1330030100,133003,SOFTWARE ARISSTO,false,true,1,1,SOFTWARE ARISSTO,6,1
1330990000,133099,OTROS,false,true,1,1,OTROS,6,1
1339030100,133903,SOFTWARE ARISSTO,false,true,1,1,SOFTWARE ARISSTO,6,1
2110010101,211001,BANCO CENTRAL DE RESERVA,false,true,1,2,BANCO CENTRAL DE RESERVA,6,1
2110010102,211001,BANCO CENTRAL DE RESERVA,false,true,1,2,BANCO CENTRAL DE RESERVA,6,1
2110010201,211001,ENTIDADES DEL ESTADO,false,true,1,2,ENTIDADES DEL ESTADO,6,1
2110010202,211001,ENTIDADES DEL ESTADO,false,true,1,2,ENTIDADES DEL ESTADO,6,1
2110010301,211001,EMPRESAS PRIVADAS,false,true,1,2,EMPRESAS PRIVADAS,6,1
2110010302,211001,EMPRESAS PRIVADAS,false,true,1,2,EMPRESAS PRIVADAS,6,1
2110010401,211001,PARTICULARES,false,true,1,2,PARTICULARES,6,1
2110010402,211001,PARTICULARES,false,true,1,2,PARTICULARES,6,1
2110010501,211001,BANCOS,false,true,1,2,BANCOS,6,1
2110010502,211001,BANCOS,false,true,1,2,BANCOS,6,1
2110010601,211001,OTRAS ENTIDADES DEL SISTEMA FINANCIERO,false,true,1,2,OTRAS ENTIDADES DEL SISTEMA FINANCIERO,6,1
2110010602,211001,OTRAS ENTIDADES DEL SISTEMA FINANCIERO,false,true,1,2,OTRAS ENTIDADES DEL SISTEMA FINANCIERO,6,1
2110010701,211001,DEPÓSITOS POR APLICAR,false,true,1,2,DEPÓSITOS POR APLICAR,6,1
2110010702,211001,DEPÓSITOS POR APLICAR,false,true,1,2,DEPÓSITOS POR APLICAR,6,1
2110010801,211001,RETIROS POR APLICAR,false,true,1,2,RETIROS POR APLICAR,6,1
2110010802,211001,RETIROS POR APLICAR,false,true,1,2,RETIROS POR APLICAR,6,1
2110019901,211001,INTERESES Y OTROS POR PAGAR,false,true,1,2,INTERESES Y OTROS POR PAGAR,6,1
2110019902,211001,INTERESES Y OTROS POR PAGAR,false,true,1,2,INTERESES Y OTROS POR PAGAR,6,1
2110020101,211002,BANCO CENTRAL DE RESERVA,false,true,1,2,BANCO CENTRAL DE RESERVA,6,1
2110020102,211002,BANCO CENTRAL DE RESERVA,false,true,1,2,BANCO CENTRAL DE RESERVA,6,1
2110020201,211002,ENTIDADES DEL ESTADO,false,true,1,2,ENTIDADES DEL ESTADO,6,1
2110020202,211002,ENTIDADES DEL ESTADO,false,true,1,2,ENTIDADES DEL ESTADO,6,1
2110020301,211002,EMPRESAS PRIVADAS,false,true,1,2,EMPRESAS PRIVADAS,6,1
2110020302,211002,EMPRESAS PRIVADAS,false,true,1,2,EMPRESAS PRIVADAS,6,1
2110020401,211002,PARTICULARES,false,true,1,2,PARTICULARES,6,1
2110020402,211002,PARTICULARES,false,true,1,2,PARTICULARES,6,1
2110020501,211002,BANCOS,false,true,1,2,BANCOS,6,1
2110020502,211002,BANCOS,false,true,1,2,BANCOS,6,1
2110020601,211002,OTRAS ENTIDADES DEL SISTEMA FINANCIERO,false,true,1,2,OTRAS ENTIDADES DEL SISTEMA FINANCIERO,6,1
2110020602,211002,OTRAS ENTIDADES DEL SISTEMA FINANCIERO,false,true,1,2,OTRAS ENTIDADES DEL SISTEMA FINANCIERO,6,1
2110020701,211002,DEPÓSITOS POR APLICAR,false,true,1,2,DEPÓSITOS POR APLICAR,6,1
2110020702,211002,DEPÓSITOS POR APLICAR,false,true,1,2,DEPÓSITOS POR APLICAR,6,1
2110020801,211002,RETIROS POR APLICAR,false,true,1,2,RETIROS POR APLICAR,6,1
2110020802,211002,RETIROS POR APLICAR,false,true,1,2,RETIROS POR APLICAR,6,1
2110029901,211002,INTERESES Y OTROS POR PAGAR,false,true,2,2,INTERESES Y OTROS POR PAGAR,6,0
2110029902,211002,INTERESES Y OTROS POR PAGAR,false,true,1,2,INTERESES Y OTROS POR PAGAR,6,1
2110030101,211003,PARTICULARES,false,true,1,2,PARTICULARES,6,1
2110039901,211003,INTERESES Y OTROS POR PAGAR,false,true,1,2,INTERESES Y OTROS POR PAGAR,6,1
2111010101,211101,BANCO CENTRAL DE RESERVA,false,true,1,2,BANCO CENTRAL DE RESERVA,6,1
2111010102,211101,BANCO CENTRAL DE RESERVA,false,true,1,2,BANCO CENTRAL DE RESERVA,6,1
2111010201,211101,ENTIDADES DEL ESTADO,false,true,1,2,ENTIDADES DEL ESTADO,6,1
2111010202,211101,ENTIDADES DEL ESTADO,false,true,1,2,ENTIDADES DEL ESTADO,6,1
2111010301,211101,EMPRESAS PRIVADAS,false,true,1,2,EMPRESAS PRIVADAS,6,1
2111010302,211101,EMPRESAS PRIVADAS,false,true,1,2,EMPRESAS PRIVADAS,6,1
2111010401,211101,PARTICULARES,false,true,1,2,PARTICULARES,6,1
2111010402,211101,PARTICULARES,false,true,1,2,PARTICULARES,6,1
2111010501,211101,BANCOS,false,true,1,2,BANCOS,6,1
2111010502,211101,BANCOS,false,true,1,2,BANCOS,6,1
2111010601,211101,OTRAS ENTIDADES DEL SISTEMA FINANCIERO,false,true,1,2,OTRAS ENTIDADES DEL SISTEMA FINANCIERO,6,1
2111010602,211101,OTRAS ENTIDADES DEL SISTEMA FINANCIERO,false,true,1,2,OTRAS ENTIDADES DEL SISTEMA FINANCIERO,6,1
2111010701,211101,DEPÓSITOS POR APLICAR,false,true,1,2,DEPÓSITOS POR APLICAR,6,1
2111010702,211101,DEPÓSITOS POR APLICAR,false,true,1,2,DEPÓSITOS POR APLICAR,6,1
2111010801,211101,RETIROS POR APLICAR,false,true,1,2,RETIROS POR APLICAR,6,1
2111010802,211101,RETIROS POR APLICAR,false,true,1,2,RETIROS POR APLICAR,6,1
2111019901,211101,INTERESES Y OTROS POR PAGAR,false,true,1,2,INTERESES Y OTROS POR PAGAR,6,1
2111019902,211101,INTERESES Y OTROS POR PAGAR,false,true,1,2,INTERESES Y OTROS POR PAGAR,6,1
2111020101,211102,BANCO CENTRAL DE RESERVA,false,true,1,2,BANCO CENTRAL DE RESERVA,6,1
2111020102,211102,BANCO CENTRAL DE RESERVA,false,true,1,2,BANCO CENTRAL DE RESERVA,6,1
2111020201,211102,ENTIDADES DEL ESTADO,false,true,1,2,ENTIDADES DEL ESTADO,6,1
2111020202,211102,ENTIDADES DEL ESTADO,false,true,1,2,ENTIDADES DEL ESTADO,6,1
2111020301,211102,EMPRESAS PRIVADAS,false,true,1,2,EMPRESAS PRIVADAS,6,1
2111020302,211102,EMPRESAS PRIVADAS,false,true,1,2,EMPRESAS PRIVADAS,6,1
2111020401,211102,PARTICULARES,false,true,1,2,PARTICULARES,6,1
2111020402,211102,PARTICULARES,false,true,1,2,PARTICULARES,6,1
2111020501,211102,BANCOS,false,true,1,2,BANCOS,6,1
2111020502,211102,BANCOS,false,true,1,2,BANCOS,6,1
2111020601,211102,OTRAS ENTIDADES DEL SISTEMA FINANCIERO,false,true,1,2,OTRAS ENTIDADES DEL SISTEMA FINANCIERO,6,1
2111020602,211102,OTRAS ENTIDADES DEL SISTEMA FINANCIERO,false,true,1,2,OTRAS ENTIDADES DEL SISTEMA FINANCIERO,6,1
2111020701,211102,DEPÓSITOS POR APLICAR,false,true,1,2,DEPÓSITOS POR APLICAR,6,1
2111020702,211102,DEPÓSITOS POR APLICAR,false,true,1,2,DEPÓSITOS POR APLICAR,6,1
2111020801,211102,RETIROS POR APLICAR,false,true,1,2,RETIROS POR APLICAR,6,1
2111020802,211102,RETIROS POR APLICAR,false,true,1,2,RETIROS POR APLICAR,6,1
2111029901,211102,INTERESES Y OTROS POR PAGAR,false,true,2,2,INTERESES Y OTROS POR PAGAR,6,0
2111029902,211102,INTERESES Y OTROS POR PAGAR,false,true,1,2,INTERESES Y OTROS POR PAGAR,6,1
2111030101,211103,BANCO CENTRAL DE RESERVA,false,true,1,2,BANCO CENTRAL DE RESERVA,6,1
2111030102,211103,BANCO CENTRAL DE RESERVA,false,true,1,2,BANCO CENTRAL DE RESERVA,6,1
2111030201,211103,ENTIDADES DEL ESTADO,false,true,1,2,ENTIDADES DEL ESTADO,6,1
2111030202,211103,ENTIDADES DEL ESTADO,false,true,1,2,ENTIDADES DEL ESTADO,6,1
2111030301,211103,EMPRESAS PRIVADAS,false,true,1,2,EMPRESAS PRIVADAS,6,1
2111030302,211103,EMPRESAS PRIVADAS,false,true,1,2,EMPRESAS PRIVADAS,6,1
2111030401,211103,PARTICULARES,false,true,1,2,PARTICULARES,6,1
2111030402,211103,PARTICULARES,false,true,1,2,PARTICULARES,6,1
2111030501,211103,BANCOS,false,true,1,2,BANCOS,6,1
2111030502,211103,BANCOS,false,true,1,2,BANCOS,6,1
2111030601,211103,OTRAS ENTIDADES DEL SISTEMA FINANCIERO,false,true,1,2,OTRAS ENTIDADES DEL SISTEMA FINANCIERO,6,1
2111030602,211103,OTRAS ENTIDADES DEL SISTEMA FINANCIERO,false,true,1,2,OTRAS ENTIDADES DEL SISTEMA FINANCIERO,6,1
2111030701,211103,DEPÓSITOS POR APLICAR,false,true,1,2,DEPÓSITOS POR APLICAR,6,1
2111030702,211103,DEPÓSITOS POR APLICAR,false,true,1,2,DEPÓSITOS POR APLICAR,6,1
2111030801,211103,RETIROS POR APLICAR,false,true,1,2,RETIROS POR APLICAR,6,1
2111030802,211103,RETIROS POR APLICAR,false,true,1,2,RETIROS POR APLICAR,6,1
2111039901,211103,INTERESES Y OTROS POR PAGAR,false,true,2,2,INTERESES Y OTROS POR PAGAR,6,0
2111039902,211103,INTERESES Y OTROS POR PAGAR,false,true,1,2,INTERESES Y OTROS POR PAGAR,6,1
2111040101,211104,BANCO CENTRAL DE RESERVA,false,true,1,2,BANCO CENTRAL DE RESERVA,6,1
2111040102,211104,BANCO CENTRAL DE RESERVA,false,true,1,2,BANCO CENTRAL DE RESERVA,6,1
2111040201,211104,ENTIDADES DEL ESTADO,false,true,1,2,ENTIDADES DEL ESTADO,6,1
2111040202,211104,ENTIDADES DEL ESTADO,false,true,1,2,ENTIDADES DEL ESTADO,6,1
2111040301,211104,EMPRESAS PRIVADAS,false,true,1,2,EMPRESAS PRIVADAS,6,1
2111040302,211104,EMPRESAS PRIVADAS,false,true,1,2,EMPRESAS PRIVADAS,6,1
2111040401,211104,PARTICULARES,false,true,1,2,PARTICULARES,6,1
2111040402,211104,PARTICULARES,false,true,1,2,PARTICULARES,6,1
2111040501,211104,BANCOS,false,true,1,2,BANCOS,6,1
2111040502,211104,BANCOS,false,true,1,2,BANCOS,6,1
2111040601,211104,OTRAS ENTIDADES DEL SISTEMA FINANCIERO,false,true,1,2,OTRAS ENTIDADES DEL SISTEMA FINANCIERO,6,1
2111040602,211104,OTRAS ENTIDADES DEL SISTEMA FINANCIERO,false,true,1,2,OTRAS ENTIDADES DEL SISTEMA FINANCIERO,6,1
2111040701,211104,DEPÓSITOS POR APLICAR,false,true,1,2,DEPÓSITOS POR APLICAR,6,1
2111040702,211104,DEPÓSITOS POR APLICAR,false,true,1,2,DEPÓSITOS POR APLICAR,6,1
2111040801,211104,RETIROS POR APLICAR,false,true,1,2,RETIROS POR APLICAR,6,1
2111040802,211104,RETIROS POR APLICAR,false,true,1,2,RETIROS POR APLICAR,6,1
2111049901,211104,INTERESES Y OTROS POR PAGAR,false,true,2,2,INTERESES Y OTROS POR PAGAR,6,0
2111049902,211104,INTERESES Y OTROS POR PAGAR,false,true,1,2,INTERESES Y OTROS POR PAGAR,6,1
2111050101,211105,BANCO CENTRAL DE RESERVA,false,true,1,2,BANCO CENTRAL DE RESERVA,6,1
2111050102,211105,BANCO CENTRAL DE RESERVA,false,true,1,2,BANCO CENTRAL DE RESERVA,6,1
2111050201,211105,ENTIDADES DEL ESTADO,false,true,1,2,ENTIDADES DEL ESTADO,6,1
2111050202,211105,ENTIDADES DEL ESTADO,false,true,1,2,ENTIDADES DEL ESTADO,6,1
2111050301,211105,EMPRESAS PRIVADAS,false,true,1,2,EMPRESAS PRIVADAS,6,1
2111050302,211105,EMPRESAS PRIVADAS,false,true,1,2,EMPRESAS PRIVADAS,6,1
2111050401,211105,PARTICULARES,false,true,1,2,PARTICULARES,6,1
2111050402,211105,PARTICULARES,false,true,1,2,PARTICULARES,6,1
2111050501,211105,BANCOS,false,true,1,2,BANCOS,6,1
2111050502,211105,BANCOS,false,true,1,2,BANCOS,6,1
2111050601,211105,OTRAS ENTIDADES DEL SISTEMA FINANCIERO,false,true,1,2,OTRAS ENTIDADES DEL SISTEMA FINANCIERO,6,1
2111050602,211105,OTRAS ENTIDADES DEL SISTEMA FINANCIERO,false,true,1,2,OTRAS ENTIDADES DEL SISTEMA FINANCIERO,6,1
2111050701,211105,DEPÓSITOS POR APLICAR,false,true,1,2,DEPÓSITOS POR APLICAR,6,1
2111050702,211105,DEPÓSITOS POR APLICAR,false,true,1,2,DEPÓSITOS POR APLICAR,6,1
2111050801,211105,RETIROS POR APLICAR,false,true,1,2,RETIROS POR APLICAR,6,1
2111050802,211105,RETIROS POR APLICAR,false,true,1,2,RETIROS POR APLICAR,6,1
2111059901,211105,INTERESES Y OTROS POR PAGAR,false,true,2,2,INTERESES Y OTROS POR PAGAR,6,0
2111059902,211105,INTERESES Y OTROS POR PAGAR,false,true,1,2,INTERESES Y OTROS POR PAGAR,6,1
2111060101,211106,BANCO CENTRAL DE RESERVA,false,true,1,2,BANCO CENTRAL DE RESERVA,6,1
2111060102,211106,BANCO CENTRAL DE RESERVA,false,true,1,2,BANCO CENTRAL DE RESERVA,6,1
2111060201,211106,ENTIDADES DEL ESTADO,false,true,1,2,ENTIDADES DEL ESTADO,6,1
2111060202,211106,ENTIDADES DEL ESTADO,false,true,1,2,ENTIDADES DEL ESTADO,6,1
2111060301,211106,EMPRESAS PRIVADAS,false,true,1,2,EMPRESAS PRIVADAS,6,1
2111060302,211106,EMPRESAS PRIVADAS,false,true,1,2,EMPRESAS PRIVADAS,6,1
2111060401,211106,PARTICULARES,false,true,1,2,PARTICULARES,6,1
2111060402,211106,PARTICULARES,false,true,1,2,PARTICULARES,6,1
2111060501,211106,BANCOS,false,true,1,2,BANCOS,6,1
2111060502,211106,BANCOS,false,true,1,2,BANCOS,6,1
2111060601,211106,OTRAS ENTIDADES DEL SISTEMA FINANCIERO,false,true,1,2,OTRAS ENTIDADES DEL SISTEMA FINANCIERO,6,1
2111060602,211106,OTRAS ENTIDADES DEL SISTEMA FINANCIERO,false,true,1,2,OTRAS ENTIDADES DEL SISTEMA FINANCIERO,6,1
2111060701,211106,DEPÓSITOS POR APLICAR,false,true,1,2,DEPÓSITOS POR APLICAR,6,1
2111060702,211106,DEPÓSITOS POR APLICAR,false,true,1,2,DEPÓSITOS POR APLICAR,6,1
2111060801,211106,RETIROS POR APLICAR,false,true,1,2,RETIROS POR APLICAR,6,1
2111060802,211106,RETIROS POR APLICAR,false,true,1,2,RETIROS POR APLICAR,6,1
2111069901,211106,INTERESES Y OTROS POR PAGAR,false,true,2,2,INTERESES Y OTROS POR PAGAR,6,0
2111069902,211106,INTERESES Y OTROS POR PAGAR,false,true,1,2,INTERESES Y OTROS POR PAGAR,6,1
2111070101,211107,BANCO CENTRAL DE RESERVA,false,true,1,2,BANCO CENTRAL DE RESERVA,6,1
2111070102,211107,BANCO CENTRAL DE RESERVA,false,true,1,2,BANCO CENTRAL DE RESERVA,6,1
2111070201,211107,ENTIDADES DEL ESTADO,false,true,1,2,ENTIDADES DEL ESTADO,6,1
2111070202,211107,ENTIDADES DEL ESTADO,false,true,1,2,ENTIDADES DEL ESTADO,6,1
2111070301,211107,EMPRESAS PRIVADAS,false,true,1,2,EMPRESAS PRIVADAS,6,1
2111070302,211107,EMPRESAS PRIVADAS,false,true,1,2,EMPRESAS PRIVADAS,6,1
2111070401,211107,PARTICULARES,false,true,1,2,PARTICULARES,6,1
2111070402,211107,PARTICULARES,false,true,1,2,PARTICULARES,6,1
2111070501,211107,BANCOS,false,true,1,2,BANCOS,6,1
2111070502,211107,BANCOS,false,true,1,2,BANCOS,6,1
2111070601,211107,OTRAS ENTIDADES DEL SISTEMA FINANCIERO,false,true,1,2,OTRAS ENTIDADES DEL SISTEMA FINANCIERO,6,1
2111070602,211107,OTRAS ENTIDADES DEL SISTEMA FINANCIERO,false,true,1,2,OTRAS ENTIDADES DEL SISTEMA FINANCIERO,6,1
2111070701,211107,DEPÓSITOS POR APLICAR,false,true,1,2,DEPÓSITOS POR APLICAR,6,1
2111070702,211107,DEPÓSITOS POR APLICAR,false,true,1,2,DEPÓSITOS POR APLICAR,6,1
2111070801,211107,RETIROS POR APLICAR,false,true,1,2,RETIROS POR APLICAR,6,1
2111070802,211107,RETIROS POR APLICAR,false,true,1,2,RETIROS POR APLICAR,6,1
2111079901,211107,INTERESES Y OTROS POR PAGAR,false,true,2,2,INTERESES Y OTROS POR PAGAR,6,0
2111079902,211107,INTERESES Y OTROS POR PAGAR,false,true,1,2,INTERESES Y OTROS POR PAGAR,6,1
2111080101,211108,BANCO CENTRAL DE RESERVA,false,true,1,2,BANCO CENTRAL DE RESERVA,6,1
2111080102,211108,BANCO CENTRAL DE RESERVA,false,true,1,2,BANCO CENTRAL DE RESERVA,6,1
2111080201,211108,ENTIDADES DEL ESTADO,false,true,1,2,ENTIDADES DEL ESTADO,6,1
2111080202,211108,ENTIDADES DEL ESTADO,false,true,1,2,ENTIDADES DEL ESTADO,6,1
2111080301,211108,EMPRESAS PRIVADAS,false,true,1,2,EMPRESAS PRIVADAS,6,1
2111080302,211108,EMPRESAS PRIVADAS,false,true,1,2,EMPRESAS PRIVADAS,6,1
2111080401,211108,PARTICULARES,false,true,1,2,PARTICULARES,6,1
2111080402,211108,PARTICULARES,false,true,1,2,PARTICULARES,6,1
2111080501,211108,BANCOS,false,true,1,2,BANCOS,6,1
2111080502,211108,BANCOS,false,true,1,2,BANCOS,6,1
2111080601,211108,OTRAS ENTIDADES DEL SISTEMA FINANCIERO,false,true,1,2,OTRAS ENTIDADES DEL SISTEMA FINANCIERO,6,1
2111080602,211108,OTRAS ENTIDADES DEL SISTEMA FINANCIERO,false,true,1,2,OTRAS ENTIDADES DEL SISTEMA FINANCIERO,6,1
2111080701,211108,DEPÓSITOS POR APLICAR,false,true,1,2,DEPÓSITOS POR APLICAR,6,1
2111080702,211108,DEPÓSITOS POR APLICAR,false,true,1,2,DEPÓSITOS POR APLICAR,6,1
2111080801,211108,RETIROS POR APLICAR,false,true,1,2,RETIROS POR APLICAR,6,1
2111080802,211108,RETIROS POR APLICAR,false,true,1,2,RETIROS POR APLICAR,6,1
2111089901,211108,INTERESES Y OTROS POR PAGAR,false,true,2,2,INTERESES Y OTROS POR PAGAR,6,0
2111089902,211108,INTERESES Y OTROS POR PAGAR,false,true,1,2,INTERESES Y OTROS POR PAGAR,6,1
2111130101,211113,BANCO CENTRAL DE RESERVA,false,true,1,2,BANCO CENTRAL DE RESERVA,6,1
2111130102,211113,BANCO CENTRAL DE RESERVA,false,true,1,2,BANCO CENTRAL DE RESERVA,6,1
2111130201,211113,ENTIDADES DEL ESTADO,false,true,1,2,ENTIDADES DEL ESTADO,6,1
2111130202,211113,ENTIDADES DEL ESTADO,false,true,1,2,ENTIDADES DEL ESTADO,6,1
2111130301,211113,EMPRESAS PRIVADAS,false,true,2,2,EMPRESAS PRIVADAS,6,0
2111130302,211113,EMPRESAS PRIVADAS,false,true,1,2,EMPRESAS PRIVADAS,6,1
2111130401,211113,PARTICULARES,false,true,1,2,PARTICULARES,6,1
2111130402,211113,PARTICULARES,false,true,1,2,PARTICULARES,6,1
2111130501,211113,BANCOS,false,true,1,2,BANCOS,6,1
2111130502,211113,BANCOS,false,true,1,2,BANCOS,6,1
2111130601,211113,OTRAS ENTIDADES DEL SISTEMA FINANCIERO,false,true,1,2,OTRAS ENTIDADES DEL SISTEMA FINANCIERO,6,1
2111130602,211113,OTRAS ENTIDADES DEL SISTEMA FINANCIERO,false,true,1,2,OTRAS ENTIDADES DEL SISTEMA FINANCIERO,6,1
2111130701,211113,DEPÓSITOS POR APLICAR,false,true,1,2,DEPÓSITOS POR APLICAR,6,1
2111130702,211113,DEPÓSITOS POR APLICAR,false,true,1,2,DEPÓSITOS POR APLICAR,6,1
2111130801,211113,RETIROS POR APLICAR,false,true,1,2,RETIROS POR APLICAR,6,1
2111130802,211113,RETIROS POR APLICAR,false,true,1,2,RETIROS POR APLICAR,6,1
2111139901,211113,INTERESES Y OTROS POR PAGAR,false,true,2,2,INTERESES Y OTROS POR PAGAR,6,0
2111139902,211113,INTERESES Y OTROS POR PAGAR,false,true,1,2,INTERESES Y OTROS POR PAGAR,6,1
2111140101,211114,BANCO CENTRAL DE RESERVA,false,true,1,2,BANCO CENTRAL DE RESERVA,6,1
2111140102,211114,BANCO CENTRAL DE RESERVA,false,true,1,2,BANCO CENTRAL DE RESERVA,6,1
2111140201,211114,ENTIDADES DEL ESTADO,false,true,1,2,ENTIDADES DEL ESTADO,6,1
2111140202,211114,ENTIDADES DEL ESTADO,false,true,1,2,ENTIDADES DEL ESTADO,6,1
2111140301,211114,EMPRESAS PRIVADAS,false,true,2,2,EMPRESAS PRIVADAS,6,0
2111140302,211114,EMPRESAS PRIVADAS,false,true,1,2,EMPRESAS PRIVADAS,6,1
2111140401,211114,PARTICULARES,false,true,2,2,PARTICULARES,6,0
2111140402,211114,PARTICULARES,false,true,1,2,PARTICULARES,6,1
2111140501,211114,BANCOS,false,true,1,2,BANCOS,6,1
2111140502,211114,BANCOS,false,true,1,2,BANCOS,6,1
2111140601,211114,OTRAS ENTIDADES DEL SISTEMA FINANCIERO,false,true,1,2,OTRAS ENTIDADES DEL SISTEMA FINANCIERO,6,1
2111140602,211114,OTRAS ENTIDADES DEL SISTEMA FINANCIERO,false,true,1,2,OTRAS ENTIDADES DEL SISTEMA FINANCIERO,6,1
2111140701,211114,DEPÓSITOS POR APLICAR,false,true,1,2,DEPÓSITOS POR APLICAR,6,1
2111140702,211114,DEPÓSITOS POR APLICAR,false,true,1,2,DEPÓSITOS POR APLICAR,6,1
2111140801,211114,RETIROS POR APLICAR,false,true,1,2,RETIROS POR APLICAR,6,1
2111140802,211114,RETIROS POR APLICAR,false,true,1,2,RETIROS POR APLICAR,6,1
2111149901,211114,INTERESES Y OTROS POR PAGAR,false,true,2,2,INTERESES Y OTROS POR PAGAR,6,0
2111149902,211114,INTERESES Y OTROS POR PAGAR,false,true,1,2,INTERESES Y OTROS POR PAGAR,6,1
2112010101,211201,BANCO CENTRAL DE RESERVA,false,true,1,2,BANCO CENTRAL DE RESERVA,6,1
2112010102,211201,BANCO CENTRAL DE RESERVA,false,true,1,2,BANCO CENTRAL DE RESERVA,6,1
2112010201,211201,ENTIDADES DEL ESTADO,false,true,1,2,ENTIDADES DEL ESTADO,6,1
2112010202,211201,ENTIDADES DEL ESTADO,false,true,1,2,ENTIDADES DEL ESTADO,6,1
2112010301,211201,EMPRESAS PRIVADAS,false,true,1,2,EMPRESAS PRIVADAS,6,1
2112010302,211201,EMPRESAS PRIVADAS,false,true,1,2,EMPRESAS PRIVADAS,6,1
2112010401,211201,PARTICULARES,false,true,1,2,PARTICULARES,6,1
2112010402,211201,PARTICULARES,false,true,1,2,PARTICULARES,6,1
2112010501,211201,BANCOS,false,true,1,2,BANCOS,6,1
2112010502,211201,BANCOS,false,true,1,2,BANCOS,6,1
2112010601,211201,OTRAS ENTIDADES DEL SISTEMA FINANCIERO,false,true,1,2,OTRAS ENTIDADES DEL SISTEMA FINANCIERO,6,1
2112010602,211201,OTRAS ENTIDADES DEL SISTEMA FINANCIERO,false,true,1,2,OTRAS ENTIDADES DEL SISTEMA FINANCIERO,6,1
2112010701,211201,DEPÓSITOS POR APLICAR,false,true,1,2,DEPÓSITOS POR APLICAR,6,1
2112010702,211201,DEPÓSITOS POR APLICAR,false,true,1,2,DEPÓSITOS POR APLICAR,6,1
2112010801,211201,RETIROS POR APLICAR,false,true,1,2,RETIROS POR APLICAR,6,1
2112010802,211201,RETIROS POR APLICAR,false,true,1,2,RETIROS POR APLICAR,6,1
2112019901,211201,INTERESES Y OTROS POR PAGAR,false,true,2,2,INTERESES Y OTROS POR PAGAR,6,0
2112019902,211201,INTERESES Y OTROS POR PAGAR,false,true,1,2,INTERESES Y OTROS POR PAGAR,6,1
2112020101,211202,BANCO CENTRAL DE RESERVA,false,true,1,2,BANCO CENTRAL DE RESERVA,6,1
2112020102,211202,BANCO CENTRAL DE RESERVA,false,true,1,2,BANCO CENTRAL DE RESERVA,6,1
2112020201,211202,ENTIDADES DEL ESTADO,false,true,1,2,ENTIDADES DEL ESTADO,6,1
2112020202,211202,ENTIDADES DEL ESTADO,false,true,1,2,ENTIDADES DEL ESTADO,6,1
2112020301,211202,EMPRESAS PRIVADAS,false,true,1,2,EMPRESAS PRIVADAS,6,1
2112020302,211202,EMPRESAS PRIVADAS,false,true,1,2,EMPRESAS PRIVADAS,6,1
2112020401,211202,PARTICULARES,false,true,1,2,PARTICULARES,6,1
2112020402,211202,PARTICULARES,false,true,1,2,PARTICULARES,6,1
2112020501,211202,BANCOS,false,true,1,2,BANCOS,6,1
2112020502,211202,BANCOS,false,true,1,2,BANCOS,6,1
2112020601,211202,OTRAS ENTIDADES DEL SISTEMA FINANCIERO,false,true,1,2,OTRAS ENTIDADES DEL SISTEMA FINANCIERO,6,1
2112020602,211202,OTRAS ENTIDADES DEL SISTEMA FINANCIERO,false,true,1,2,OTRAS ENTIDADES DEL SISTEMA FINANCIERO,6,1
2112020701,211202,DEPÓSITOS POR APLICAR,false,true,1,2,DEPÓSITOS POR APLICAR,6,1
2112020702,211202,DEPÓSITOS POR APLICAR,false,true,1,2,DEPÓSITOS POR APLICAR,6,1
2112020801,211202,RETIROS POR APLICAR,false,true,1,2,RETIROS POR APLICAR,6,1
2112020802,211202,RETIROS POR APLICAR,false,true,1,2,RETIROS POR APLICAR,6,1
2112029901,211202,INTERESES Y OTROS POR PAGAR,false,true,1,2,INTERESES Y OTROS POR PAGAR,6,1
2112029902,211202,INTERESES Y OTROS POR PAGAR,false,true,1,2,INTERESES Y OTROS POR PAGAR,6,1
2112040101,211204,BANCO CENTRAL DE RESERVA,false,true,1,2,BANCO CENTRAL DE RESERVA,6,1
2112040102,211204,BANCO CENTRAL DE RESERVA,false,true,1,2,BANCO CENTRAL DE RESERVA,6,1
2112040201,211204,ENTIDADES DEL ESTADO,false,true,1,2,ENTIDADES DEL ESTADO,6,1
2112040202,211204,ENTIDADES DEL ESTADO,false,true,1,2,ENTIDADES DEL ESTADO,6,1
2112040301,211204,EMPRESAS PRIVADAS,false,true,2,2,EMPRESAS PRIVADAS,6,0
2112040302,211204,EMPRESAS PRIVADAS,false,true,1,2,EMPRESAS PRIVADAS,6,1
2112040401,211204,PARTICULARES,false,true,2,2,PARTICULARES,6,0
2112040402,211204,PARTICULARES,false,true,1,2,PARTICULARES,6,1
2112040501,211204,BANCOS,false,true,1,2,BANCOS,6,1
2112040502,211204,BANCOS,false,true,1,2,BANCOS,6,1
2112040601,211204,OTRAS ENTIDADES DEL SISTEMA FINANCIERO,false,true,1,2,OTRAS ENTIDADES DEL SISTEMA FINANCIERO,6,1
2112040602,211204,OTRAS ENTIDADES DEL SISTEMA FINANCIERO,false,true,1,2,OTRAS ENTIDADES DEL SISTEMA FINANCIERO,6,1
2112040701,211204,DEPÓSITOS POR APLICAR,false,true,1,2,DEPÓSITOS POR APLICAR,6,1
2112040702,211204,DEPÓSITOS POR APLICAR,false,true,1,2,DEPÓSITOS POR APLICAR,6,1
2112040801,211204,RETIROS POR APLICAR,false,true,1,2,RETIROS POR APLICAR,6,1
2112040802,211204,RETIROS POR APLICAR,false,true,1,2,RETIROS POR APLICAR,6,1
2112049901,211204,INTERESES Y OTROS POR PAGAR,false,true,2,2,INTERESES Y OTROS POR PAGAR,6,0
2112049902,211204,INTERESES Y OTROS POR PAGAR,false,true,1,2,INTERESES Y OTROS POR PAGAR,6,1
2114010101,211401,BANCO CENTRAL DE RESERVA,false,true,1,2,BANCO CENTRAL DE RESERVA,6,1
2114010102,211401,BANCO CENTRAL DE RESERVA,false,true,1,2,BANCO CENTRAL DE RESERVA,6,1
2114010201,211401,ENTIDADES DEL ESTADO,false,true,1,2,ENTIDADES DEL ESTADO,6,1
2114010202,211401,ENTIDADES DEL ESTADO,false,true,1,2,ENTIDADES DEL ESTADO,6,1
2114010301,211401,EMPRESAS PRIVADAS,false,true,1,2,EMPRESAS PRIVADAS,6,1
2114010302,211401,EMPRESAS PRIVADAS,false,true,1,2,EMPRESAS PRIVADAS,6,1
2114010401,211401,PARTICULARES,false,true,1,2,PARTICULARES,6,1
2114010402,211401,PARTICULARES,false,true,1,2,PARTICULARES,6,1
2114010501,211401,BANCOS,false,true,1,2,BANCOS,6,1
2114010502,211401,BANCOS,false,true,1,2,BANCOS,6,1
2114010601,211401,OTRAS ENTIDADES DEL SISTEMA FINANCIERO,false,true,1,2,OTRAS ENTIDADES DEL SISTEMA FINANCIERO,6,1
2114010602,211401,OTRAS ENTIDADES DEL SISTEMA FINANCIERO,false,true,1,2,OTRAS ENTIDADES DEL SISTEMA FINANCIERO,6,1
2114019901,211401,INTERESES Y OTROS POR PAGAR,false,true,1,2,INTERESES Y OTROS POR PAGAR,6,1
2114019902,211401,INTERESES Y OTROS POR PAGAR,false,true,1,2,INTERESES Y OTROS POR PAGAR,6,1
2114020101,211402,BANCO CENTRAL DE RESERVA,false,true,1,2,BANCO CENTRAL DE RESERVA,6,1
2114020102,211402,BANCO CENTRAL DE RESERVA,false,true,1,2,BANCO CENTRAL DE RESERVA,6,1
2114020201,211402,ENTIDADES DEL ESTADO,false,true,1,2,ENTIDADES DEL ESTADO,6,1
2114020202,211402,ENTIDADES DEL ESTADO,false,true,1,2,ENTIDADES DEL ESTADO,6,1
2114020301,211402,EMPRESAS PRIVADAS,false,true,1,2,EMPRESAS PRIVADAS,6,1
2114020302,211402,EMPRESAS PRIVADAS,false,true,1,2,EMPRESAS PRIVADAS,6,1
2114020401,211402,PARTICULARES,false,true,1,2,PARTICULARES,6,1
2114020402,211402,PARTICULARES,false,true,1,2,PARTICULARES,6,1
2114020501,211402,BANCOS,false,true,1,2,BANCOS,6,1
2114020502,211402,BANCOS,false,true,1,2,BANCOS,6,1
2114020601,211402,OTRAS ENTIDADES DEL SISTEMA FINANCIERO,false,true,1,2,OTRAS ENTIDADES DEL SISTEMA FINANCIERO,6,1
2114020602,211402,OTRAS ENTIDADES DEL SISTEMA FINANCIERO,false,true,1,2,OTRAS ENTIDADES DEL SISTEMA FINANCIERO,6,1
2114029901,211402,INTERESES Y OTROS POR PAGAR,false,true,1,2,INTERESES Y OTROS POR PAGAR,6,1
2114029902,211402,INTERESES Y OTROS POR PAGAR,false,true,1,2,INTERESES Y OTROS POR PAGAR,6,1
2114030101,211403,BANCO CENTRAL DE RESERVA,false,true,1,2,BANCO CENTRAL DE RESERVA,6,1
2114030102,211403,BANCO CENTRAL DE RESERVA,false,true,1,2,BANCO CENTRAL DE RESERVA,6,1
2114030201,211403,ENTIDADES DEL ESTADO,false,true,1,2,ENTIDADES DEL ESTADO,6,1
2114030202,211403,ENTIDADES DEL ESTADO,false,true,1,2,ENTIDADES DEL ESTADO,6,1
2114030301,211403,EMPRESAS PRIVADAS,false,true,1,2,EMPRESAS PRIVADAS,6,1
2114030302,211403,EMPRESAS PRIVADAS,false,true,1,2,EMPRESAS PRIVADAS,6,1
2114030401,211403,PARTICULARES,false,true,1,2,PARTICULARES,6,1
2114030402,211403,PARTICULARES,false,true,1,2,PARTICULARES,6,1
2114030501,211403,BANCOS,false,true,1,2,BANCOS,6,1
2114030502,211403,BANCOS,false,true,1,2,BANCOS,6,1
2114030601,211403,OTRAS ENTIDADES DEL SISTEMA FINANCIERO,false,true,1,2,OTRAS ENTIDADES DEL SISTEMA FINANCIERO,6,1
2114030602,211403,OTRAS ENTIDADES DEL SISTEMA FINANCIERO,false,true,1,2,OTRAS ENTIDADES DEL SISTEMA FINANCIERO,6,1
2114039901,211403,INTERESES Y OTROS POR PAGAR,false,true,1,2,INTERESES Y OTROS POR PAGAR,6,1
2114039902,211403,INTERESES Y OTROS POR PAGAR,false,true,1,2,INTERESES Y OTROS POR PAGAR,6,1
2114040101,211404,BANCO CENTRAL DE RESERVA,false,true,1,2,BANCO CENTRAL DE RESERVA,6,1
2114040102,211404,BANCO CENTRAL DE RESERVA,false,true,1,2,BANCO CENTRAL DE RESERVA,6,1
2114040201,211404,ENTIDADES DEL ESTADO,false,true,1,2,ENTIDADES DEL ESTADO,6,1
2114040202,211404,ENTIDADES DEL ESTADO,false,true,1,2,ENTIDADES DEL ESTADO,6,1
2114040301,211404,EMPRESAS PRIVADAS,false,true,1,2,EMPRESAS PRIVADAS,6,1
2114040302,211404,EMPRESAS PRIVADAS,false,true,1,2,EMPRESAS PRIVADAS,6,1
2114040401,211404,PARTICULARES,false,true,1,2,PARTICULARES,6,1
2114040402,211404,PARTICULARES,false,true,1,2,PARTICULARES,6,1
2114040501,211404,BANCOS,false,true,1,2,BANCOS,6,1
2114040502,211404,BANCOS,false,true,1,2,BANCOS,6,1
2114040601,211404,OTRAS ENTIDADES DEL SISTEMA FINANCIERO,false,true,1,2,OTRAS ENTIDADES DEL SISTEMA FINANCIERO,6,1
2114040602,211404,OTRAS ENTIDADES DEL SISTEMA FINANCIERO,false,true,1,2,OTRAS ENTIDADES DEL SISTEMA FINANCIERO,6,1
2114049901,211404,INTERESES Y OTROS POR PAGAR,false,true,1,2,INTERESES Y OTROS POR PAGAR,6,1
2114049902,211404,INTERESES Y OTROS POR PAGAR,false,true,1,2,INTERESES Y OTROS POR PAGAR,6,1
2114050101,211405,BANCO CENTRAL DE RESERVA,false,true,1,2,BANCO CENTRAL DE RESERVA,6,1
2114050102,211405,BANCO CENTRAL DE RESERVA,false,true,1,2,BANCO CENTRAL DE RESERVA,6,1
2114050201,211405,ENTIDADES DEL ESTADO,false,true,1,2,ENTIDADES DEL ESTADO,6,1
2114050202,211405,ENTIDADES DEL ESTADO,false,true,1,2,ENTIDADES DEL ESTADO,6,1
2114050301,211405,EMPRESAS PRIVADAS,false,true,1,2,EMPRESAS PRIVADAS,6,1
2114050302,211405,EMPRESAS PRIVADAS,false,true,1,2,EMPRESAS PRIVADAS,6,1
2114050401,211405,PARTICULARES,false,true,1,2,PARTICULARES,6,1
2114050402,211405,PARTICULARES,false,true,1,2,PARTICULARES,6,1
2114050501,211405,BANCOS,false,true,1,2,BANCOS,6,1
2114050502,211405,BANCOS,false,true,1,2,BANCOS,6,1
2114050601,211405,OTRAS ENTIDADES DEL SISTEMA FINANCIERO,false,true,1,2,OTRAS ENTIDADES DEL SISTEMA FINANCIERO,6,1
2114050602,211405,OTRAS ENTIDADES DEL SISTEMA FINANCIERO,false,true,1,2,OTRAS ENTIDADES DEL SISTEMA FINANCIERO,6,1
2114059901,211405,INTERESES Y OTROS POR PAGAR,false,true,1,2,INTERESES Y OTROS POR PAGAR,6,1
2114059902,211405,INTERESES Y OTROS POR PAGAR,false,true,1,2,INTERESES Y OTROS POR PAGAR,6,1
2114060101,211406,BANCO CENTRAL DE RESERVA,false,true,1,2,BANCO CENTRAL DE RESERVA,6,1
2114060102,211406,BANCO CENTRAL DE RESERVA,false,true,1,2,BANCO CENTRAL DE RESERVA,6,1
2114060201,211406,ENTIDADES DEL ESTADO,false,true,1,2,ENTIDADES DEL ESTADO,6,1
2114060202,211406,ENTIDADES DEL ESTADO,false,true,1,2,ENTIDADES DEL ESTADO,6,1
2114060301,211406,EMPRESAS PRIVADAS,false,true,1,2,EMPRESAS PRIVADAS,6,1
2114060302,211406,EMPRESAS PRIVADAS,false,true,1,2,EMPRESAS PRIVADAS,6,1
2114060401,211406,PARTICULARES,false,true,1,2,PARTICULARES,6,1
2114060402,211406,PARTICULARES,false,true,1,2,PARTICULARES,6,1
2114060501,211406,BANCOS,false,true,1,2,BANCOS,6,1
2114060502,211406,BANCOS,false,true,1,2,BANCOS,6,1
2114060601,211406,OTRAS ENTIDADES DEL SISTEMA FINANCIERO,false,true,1,2,OTRAS ENTIDADES DEL SISTEMA FINANCIERO,6,1
2114060602,211406,OTRAS ENTIDADES DEL SISTEMA FINANCIERO,false,true,1,2,OTRAS ENTIDADES DEL SISTEMA FINANCIERO,6,1
2114069901,211406,INTERESES Y OTROS POR PAGAR,false,true,1,2,INTERESES Y OTROS POR PAGAR,6,1
2114069902,211406,INTERESES Y OTROS POR PAGAR,false,true,1,2,INTERESES Y OTROS POR PAGAR,6,1
2114070101,211407,BANCO CENTRAL DE RESERVA,false,true,1,2,BANCO CENTRAL DE RESERVA,6,1
2114070102,211407,BANCO CENTRAL DE RESERVA,false,true,1,2,BANCO CENTRAL DE RESERVA,6,1
2114070201,211407,ENTIDADES DEL ESTADO,false,true,1,2,ENTIDADES DEL ESTADO,6,1
2114070202,211407,ENTIDADES DEL ESTADO,false,true,1,2,ENTIDADES DEL ESTADO,6,1
2114070301,211407,EMPRESAS PRIVADAS,false,true,1,2,EMPRESAS PRIVADAS,6,1
2114070302,211407,EMPRESAS PRIVADAS,false,true,1,2,EMPRESAS PRIVADAS,6,1
2114070401,211407,PARTICULARES,false,true,1,2,PARTICULARES,6,1
2114070402,211407,PARTICULARES,false,true,1,2,PARTICULARES,6,1
2114070501,211407,BANCOS,false,true,1,2,BANCOS,6,1
2114070502,211407,BANCOS,false,true,1,2,BANCOS,6,1
2114070601,211407,OTRAS ENTIDADES DEL SISTEMA FINANCIERO,false,true,1,2,OTRAS ENTIDADES DEL SISTEMA FINANCIERO,6,1
2114070602,211407,OTRAS ENTIDADES DEL SISTEMA FINANCIERO,false,true,1,2,OTRAS ENTIDADES DEL SISTEMA FINANCIERO,6,1
2114079901,211407,INTERESES Y OTROS POR PAGAR,false,true,1,2,INTERESES Y OTROS POR PAGAR,6,1
2114079902,211407,INTERESES Y OTROS POR PAGAR,false,true,1,2,INTERESES Y OTROS POR PAGAR,6,1
2114080101,211408,PARTICULARES,false,true,1,2,PARTICULARES,6,1
2114089901,211408,INTERESES Y OTROS POR PAGAR,false,true,1,2,INTERESES Y OTROS POR PAGAR,6,1
2114090101,211409,PARTICULARES,false,true,1,2,PARTICULARES,6,1
2114099901,211409,INTERESES Y OTROS POR PAGAR,false,true,1,2,INTERESES Y OTROS POR PAGAR,6,1
2114100101,211410,PARTICULARES,false,true,1,2,PARTICULARES,6,1
2114109901,211410,INTERESES Y OTROS POR PAGAR,false,true,1,2,INTERESES Y OTROS POR PAGAR,6,1
2121020101,212102,PARA PRESTAR A TERCEROS,false,true,1,2,PARA PRESTAR A TERCEROS,6,1
2121020102,212102,PARA PRESTAR A TERCEROS,false,true,1,2,PARA PRESTAR A TERCEROS,6,1
2121029901,212102,INTERESES Y OTROS POR PAGAR,false,true,1,2,INTERESES Y OTROS POR PAGAR,6,1
2121029902,212102,INTERESES Y OTROS POR PAGAR,false,true,1,2,INTERESES Y OTROS POR PAGAR,6,1
2121030100,212103,PRÉSTAMOS CONVERTIBLES EN ACCIONES,false,true,1,2,PRÉSTAMOS CONVERTIBLES EN ACCIONES,6,1
2121030200,212103,PRÉSTAMOS PARA CUBRIR SITUACIONES DE INSOLVENCIA,false,true,1,2,PRÉSTAMOS PARA CUBRIR SITUACIONES DE INSOLVENCIA,6,1
2121050101,212105,PARA CUBRIR DÉFICIT DE CAJA – ML,false,true,1,2,PARA CUBRIR DÉFICIT DE CAJA – ML,6,1
2121050102,212105,PARA CUBRIR DÉFICIT DE CAJA – ME,false,true,1,2,PARA CUBRIR DÉFICIT DE CAJA – ME,6,1
2121059901,212105,INTERESES Y OTROS POR PAGAR – ML,false,true,1,2,INTERESES Y OTROS POR PAGAR – ML,6,1
2121059902,212105,INTERESES Y OTROS POR PAGAR – ME,false,true,1,2,INTERESES Y OTROS POR PAGAR – ME,6,1
2121060101,212106,A COOPERATIVAS,false,true,1,2,A COOPERATIVAS,6,1
2121060102,212106,A COOPERATIVAS,false,true,1,2,A COOPERATIVAS,6,1
2121060201,212106,A BANCOS DE LOS TRABAJADORES,false,true,1,2,A BANCOS DE LOS TRABAJADORES,6,1
2121060202,212106,A BANCOS DE LOS TRABAJADORES,false,true,1,2,A BANCOS DE LOS TRABAJADORES,6,1
2121060301,212106,A SOCIEDADES DE AHORRO Y CRÉDITO,false,true,1,2,A SOCIEDADES DE AHORRO Y CRÉDITO,6,1
2121060302,212106,A SOCIEDADES DE AHORRO Y CRÉDITO,false,true,1,2,A SOCIEDADES DE AHORRO Y CRÉDITO,6,1
2121060401,212106,A CAJAS DE CRÉDITO RURALES,false,true,1,2,A CAJAS DE CRÉDITO RURALES,6,1
2121060402,212106,A CAJAS DE CRÉDITO RURALES,false,true,1,2,A CAJAS DE CRÉDITO RURALES,6,1
2121060501,212106,ELIMINADA,false,true,1,2,ELIMINADA,6,1
2121060502,212106,ELIMINADA,false,true,1,2,ELIMINADA,6,1
2121060601,212106,A FEDERACIONES,false,true,1,2,A FEDERACIONES,6,1
2121060602,212106,A FEDERACIONES,false,true,1,2,A FEDERACIONES,6,1
2121060701,212106,BANCOS,false,true,1,2,BANCOS,6,1
2121060702,212106,BANCOS,false,true,1,2,BANCOS,6,1
2121069101,212106,OTROS,false,true,1,2,OTROS,6,1
2121069102,212106,OTROS,false,true,1,2,OTROS,6,1
2121069901,212106,INTERESES Y OTROS POR PAGAR,false,true,1,2,INTERESES Y OTROS POR PAGAR,6,1
2121069902,212106,INTERESES Y OTROS POR PAGAR,false,true,1,2,INTERESES Y OTROS POR PAGAR,6,1
2121070101,212107,PARA PRESTAR A TERCEROS,false,true,1,2,PARA PRESTAR A TERCEROS,6,1
2121070102,212107,PARA PRESTAR A TERCEROS,false,true,1,2,PARA PRESTAR A TERCEROS,6,1
2121079901,212107,INTERESES Y OTROS POR PAGAR,false,true,1,2,INTERESES Y OTROS POR PAGAR,6,1
2121079902,212107,INTERESES Y OTROS POR PAGAR,false,true,1,2,INTERESES Y OTROS POR PAGAR,6,1
2121080201,212108,ADEUDADO A BANCOS EXTRANJEROS POR LÍNEAS DE CRÉDITO,false,true,1,2,ADEUDADO A BANCOS EXTRANJEROS POR LÍNEAS DE CRÉDITO,6,1
2121080202,212108,ADEUDADO A BANCOS EXTRANJEROS POR LÍNEAS DE CRÉDITO,false,true,1,2,ADEUDADO A BANCOS EXTRANJEROS POR LÍNEAS DE CRÉDITO,6,1
2121080301,212108,ADEUDADO A BANCOS EXTRANJEROS - OTROS,false,true,1,2,ADEUDADO A BANCOS EXTRANJEROS - OTROS,6,1
2121080302,212108,ADEUDADO A BANCOS EXTRANJEROS - OTROS,false,true,1,2,ADEUDADO A BANCOS EXTRANJEROS - OTROS,6,1
2121080401,212108,ADEUDADO A ORGANISMOS MULTILATERALES,false,true,1,2,ADEUDADO A ORGANISMOS MULTILATERALES,6,1
2121080402,212108,ADEUDADO A ORGANISMOS MULTILATERALES,false,true,1,2,ADEUDADO A ORGANISMOS MULTILATERALES,6,1
2121080501,212108,ADEUDADO A COOPERATIVAS EXTRANJERAS,false,true,1,2,ADEUDADO A COOPERATIVAS EXTRANJERAS,6,1
2121080502,212108,ADEUDADO A COOPERATIVAS EXTRANJERAS,false,true,1,2,ADEUDADO A COOPERATIVAS EXTRANJERAS,6,1
2121089901,212108,INTERESES Y OTROS POR PAGAR,false,true,1,2,INTERESES Y OTROS POR PAGAR,6,1
2121089902,212108,INTERESES Y OTROS POR PAGAR,false,true,1,2,INTERESES Y OTROS POR PAGAR,6,1
2121090101,212109,PARA PRESTAR A TERCEROS,false,true,1,2,PARA PRESTAR A TERCEROS,6,1
2121090102,212109,PARA PRESTAR A TERCEROS,false,true,1,2,PARA PRESTAR A TERCEROS,6,1
2121099901,212109,INTERESES Y OTROS POR PAGAR,false,true,1,2,INTERESES Y OTROS POR PAGAR,6,1
2121099902,212109,INTERESES Y OTROS POR PAGAR,false,true,1,2,INTERESES Y OTROS POR PAGAR,6,1
2122020101,212202,PARA PRESTAR A TERCEROS,false,true,1,2,PARA PRESTAR A TERCEROS,6,1
2122020102,212202,PARA PRESTAR A TERCEROS,false,true,1,2,PARA PRESTAR A TERCEROS,6,1
2122020201,212202,OTROS USOS,false,true,1,2,OTROS USOS,6,1
2122020202,212202,OTROS USOS,false,true,1,2,OTROS USOS,6,1
2122029901,212202,INTERESES Y OTROS POR PAGAR,false,true,1,2,INTERESES Y OTROS POR PAGAR,6,1
2122029902,212202,INTERESES Y OTROS POR PAGAR,false,true,1,2,INTERESES Y OTROS POR PAGAR,6,1
2122030100,212203,PRÉSTAMOS CONVERTIBLES EN ACCIONES,false,true,1,2,PRÉSTAMOS CONVERTIBLES EN ACCIONES,6,1
2122030200,212203,PRÉSTAMOS PARA CUBRIR SITUACIONES DE INSOLVENCIA,false,true,1,2,PRÉSTAMOS PARA CUBRIR SITUACIONES DE INSOLVENCIA,6,1
2122060101,212206,A COOPERATIVAS,false,true,1,2,A COOPERATIVAS,6,1
2122060102,212206,A COOPERATIVAS,false,true,1,2,A COOPERATIVAS,6,1
2122060201,212206,A BANCOS DE LOS TRABAJADORES,false,true,1,2,A BANCOS DE LOS TRABAJADORES,6,1
2122060202,212206,A BANCOS DE LOS TRABAJADORES,false,true,1,2,A BANCOS DE LOS TRABAJADORES,6,1
2122060301,212206,A SOCIEDADES DE AHORRO Y CRÉDITO,false,true,1,2,A SOCIEDADES DE AHORRO Y CRÉDITO,6,1
2122060302,212206,A SOCIEDADES DE AHORRO Y CRÉDITO,false,true,1,2,A SOCIEDADES DE AHORRO Y CRÉDITO,6,1
2122060401,212206,A CAJAS DE CRÉDITO RURALES,false,true,1,2,A CAJAS DE CRÉDITO RURALES,6,1
2122060402,212206,A CAJAS DE CRÉDITO RURALES,false,true,1,2,A CAJAS DE CRÉDITO RURALES,6,1
2122060501,212206,ELIMINADA,false,true,1,2,ELIMINADA,6,1
2122060502,212206,ELIMINADA,false,true,1,2,ELIMINADA,6,1
2122060601,212206,A FEDERACIONES,false,true,1,2,A FEDERACIONES,6,1
2122060602,212206,A FEDERACIONES,false,true,1,2,A FEDERACIONES,6,1
2122060701,212206,BANCOS,false,true,1,2,BANCOS,6,1
2122060702,212206,BANCOS,false,true,1,2,BANCOS,6,1
2122069101,212206,OTROS,false,true,1,2,OTROS,6,1
2122069102,212206,OTROS,false,true,1,2,OTROS,6,1
2122069901,212206,INTERESES Y OTROS POR PAGAR,false,true,1,2,INTERESES Y OTROS POR PAGAR,6,1
2122069902,212206,INTERESES Y OTROS POR PAGAR,false,true,1,2,INTERESES Y OTROS POR PAGAR,6,1
2122070101,212207,PARA PRESTAR A TERCEROS,false,true,1,2,PARA PRESTAR A TERCEROS,6,1
2122070102,212207,PARA PRESTAR A TERCEROS,false,true,1,2,PARA PRESTAR A TERCEROS,6,1
2122079901,212207,INTERESES Y OTROS POR PAGAR,false,true,1,2,INTERESES Y OTROS POR PAGAR,6,1
2122079902,212207,INTERESES Y OTROS POR PAGAR,false,true,1,2,INTERESES Y OTROS POR PAGAR,6,1
2122080201,212208,ADEUDADO A BANCOS EXTRANJEROS POR LÍNEAS DE CRÉDITO,false,true,1,2,ADEUDADO A BANCOS EXTRANJEROS POR LÍNEAS DE CRÉDITO,6,1
2122080202,212208,ADEUDADO A BANCOS EXTRANJEROS POR LÍNEAS DE CRÉDITO,false,true,1,2,ADEUDADO A BANCOS EXTRANJEROS POR LÍNEAS DE CRÉDITO,6,1
2122080301,212208,ADEUDADO A BANCOS EXTRANJEROS - OTROS,false,true,1,2,ADEUDADO A BANCOS EXTRANJEROS - OTROS,6,1
2122080302,212208,ADEUDADO A BANCOS EXTRANJEROS - OTROS,false,true,1,2,ADEUDADO A BANCOS EXTRANJEROS - OTROS,6,1
2122080401,212208,ADEUDADO A ORGANISMOS MULTILATERALES,false,true,1,2,ADEUDADO A ORGANISMOS MULTILATERALES,6,1
2122080402,212208,ADEUDADO A ORGANISMOS MULTILATERALES,false,true,1,2,ADEUDADO A ORGANISMOS MULTILATERALES,6,1
2122080501,212208,ADEUDADO A COOPERATIVAS EXTRANJERAS,false,true,1,2,ADEUDADO A COOPERATIVAS EXTRANJERAS,6,1
2122080502,212208,ADEUDADO A COOPERATIVAS EXTRANJERAS,false,true,1,2,ADEUDADO A COOPERATIVAS EXTRANJERAS,6,1
2122089901,212208,INTERESES Y OTROS POR PAGAR,false,true,1,2,INTERESES Y OTROS POR PAGAR,6,1
2122089902,212208,INTERESES Y OTROS POR PAGAR,false,true,1,2,INTERESES Y OTROS POR PAGAR,6,1
2122090101,212209,PARA PRESTAR A TERCEROS,false,true,1,2,PARA PRESTAR A TERCEROS,6,1
2122090102,212209,PARA PRESTAR A TERCEROS,false,true,1,2,PARA PRESTAR A TERCEROS,6,1
2122099901,212209,INTERESES Y OTROS POR PAGAR,false,true,1,2,INTERESES Y OTROS POR PAGAR,6,1
2122099902,212209,INTERESES Y OTROS POR PAGAR,false,true,1,2,INTERESES Y OTROS POR PAGAR,6,1
2123060201,212306,ADEUDADO A BANCOS EXTRANJEROS POR LÍNEAS DE CRÉDITO,false,true,1,2,ADEUDADO A BANCOS EXTRANJEROS POR LÍNEAS DE CRÉDITO,6,1
2123060202,212306,ADEUDADO A BANCOS EXTRANJEROS POR LÍNEAS DE CRÉDITO,false,true,1,2,ADEUDADO A BANCOS EXTRANJEROS POR LÍNEAS DE CRÉDITO,6,1
2123060301,212306,ADEUDADO A BANCOS EXTRANJEROS - OTROS,false,true,1,2,ADEUDADO A BANCOS EXTRANJEROS - OTROS,6,1
2123060302,212306,ADEUDADO A BANCOS EXTRANJEROS - OTROS,false,true,1,2,ADEUDADO A BANCOS EXTRANJEROS - OTROS,6,1
2123060401,212306,ADEUDADO A ORGANISMOS MULTILATERALES,false,true,1,2,ADEUDADO A ORGANISMOS MULTILATERALES,6,1
2123060402,212306,ADEUDADO A ORGANISMOS MULTILATERALES,false,true,1,2,ADEUDADO A ORGANISMOS MULTILATERALES,6,1
2123060501,212306,ADEUDADO A COOPERATIVAS EXTRANJERAS,false,true,1,2,ADEUDADO A COOPERATIVAS EXTRANJERAS,6,1
2123060502,212306,ADEUDADO A COOPERATIVAS EXTRANJERAS,false,true,1,2,ADEUDADO A COOPERATIVAS EXTRANJERAS,6,1
2123069901,212306,INTERESES Y OTROS POR PAGAR,false,true,1,2,INTERESES Y OTROS POR PAGAR,6,1
2123069902,212306,INTERESES Y OTROS POR PAGAR,false,true,1,2,INTERESES Y OTROS POR PAGAR,6,1
2123070101,212307,PARA PRESTAR A TERCEROS,false,true,1,2,PARA PRESTAR A TERCEROS,6,1
2123070102,212307,PARA PRESTAR A TERCEROS,false,true,1,2,PARA PRESTAR A TERCEROS,6,1
2123070103,212307,DESEMBOLSO DE CREDITOS EN EFECTIVO,false,true,1,2,DESEMBOLSO DE CREDITOS EN EFECTIVO,6,1
2123079901,212307,INTERESES Y OTROS POR PAGAR,false,true,1,2,INTERESES Y OTROS POR PAGAR,6,1
2123079902,212307,INTERESES Y OTROS POR PAGAR,false,true,1,2,INTERESES Y OTROS POR PAGAR,6,1
2130010101,213001,CHEQUES DE CAJA O GERENCIA,false,true,1,2,CHEQUES DE CAJA O GERENCIA,6,1
2130010102,213001,CHEQUES DE CAJA O GERENCIA,false,true,1,2,CHEQUES DE CAJA O GERENCIA,6,1
2130010201,213001,CHEQUES CERTIFICADOS – ML,false,true,1,2,CHEQUES CERTIFICADOS – ML,6,1
2130010202,213001,CHEQUES CERTIFICADOS – ME,false,true,1,2,CHEQUES CERTIFICADOS – ME,6,1
2130020001,213002,OBLIGACIONES POR TARJETAS DE CRÉDITO,false,true,1,2,OBLIGACIONES POR TARJETAS DE CRÉDITO,6,1
2130020002,213002,OBLIGACIONES POR TARJETAS DE CRÉDITO,false,true,1,2,OBLIGACIONES POR TARJETAS DE CRÉDITO,6,1
2130030100,213003,COBRANZAS LOCALES,false,true,1,2,COBRANZAS LOCALES,6,1
2130030200,213003,COBRANZAS DEL EXTERIOR,false,true,1,2,COBRANZAS DEL EXTERIOR,6,1
2130030300,213003,IMPUESTOS Y SERVICIOS PÚBLICOS,false,true,1,2,IMPUESTOS Y SERVICIOS PÚBLICOS,6,1
2130040100,213004,FONDOS FIJOS,false,true,1,2,FONDOS FIJOS,6,1
2130040201,213004,CHEQUES DE VIAJERO,false,true,1,2,CHEQUES DE VIAJERO,6,1
2130040202,213004,CHEQUES DE VIAJERO,false,true,1,2,CHEQUES DE VIAJERO,6,1
2130050101,213005,TRANSFERENCIAS LOCALES,false,true,1,2,TRANSFERENCIAS LOCALES,6,1
2130050102,213005,TRANSFERENCIAS LOCALES,false,true,1,2,TRANSFERENCIAS LOCALES,6,1
2130050201,213005,GIROS EMITIDOS POR PAGAR,false,true,1,2,GIROS EMITIDOS POR PAGAR,6,1
2130050202,213005,GIROS EMITIDOS POR PAGAR,false,true,1,2,GIROS EMITIDOS POR PAGAR,6,1
2130050301,213005,GIROS RECIBIDOS POR PAGAR,false,true,1,2,GIROS RECIBIDOS POR PAGAR,6,1
2130050302,213005,GIROS RECIBIDOS POR PAGAR,false,true,1,2,GIROS RECIBIDOS POR PAGAR,6,1
2141000101,214100,TÍTULOSVALORES CON GARANTÍA HIPOTECARIA,false,true,1,2,TÍTULOSVALORES CON GARANTÍA HIPOTECARIA,6,1
2141000102,214100,TÍTULOSVALORES CON GARANTÍA HIPOTECARIA,false,true,1,2,TÍTULOSVALORES CON GARANTÍA HIPOTECARIA,6,1
2141000201,214100,TÍTULOSVALORES SIN GARANTÍA HIPOTECARIA,false,true,1,2,TÍTULOSVALORES SIN GARANTÍA HIPOTECARIA,6,1
2141000202,214100,TITULOSVALORES SIN GARANTÍA HIPOTECARIA,false,true,1,2,TITULOSVALORES SIN GARANTÍA HIPOTECARIA,6,1
2141009901,214100,INTERESES Y OTROS POR PAGAR,false,true,1,2,INTERESES Y OTROS POR PAGAR,6,1
2141009902,214100,INTERESES Y OTROS POR PAGAR,false,true,1,2,INTERESES Y OTROS POR PAGAR,6,1
2142010101,214201,TÍTULOSVALORES CON GARANTÍA HIPOTECARIA,false,true,1,2,TÍTULOSVALORES CON GARANTÍA HIPOTECARIA,6,1
2142010102,214201,TÍTULOSVALORES CON GARANTÍA HIPOTECARIA,false,true,1,2,TÍTULOSVALORES CON GARANTÍA HIPOTECARIA,6,1
2142010201,214201,TÍTULOSVALORES SIN GARANTÍA HIPOTECARIA,false,true,1,2,TÍTULOSVALORES SIN GARANTÍA HIPOTECARIA,6,1
2142010202,214201,TITULOSVALORES SIN GARANTÍA HIPOTECARIA,false,true,1,2,TITULOSVALORES SIN GARANTÍA HIPOTECARIA,6,1
2142019901,214201,INTERESES Y OTROS POR PAGAR,false,true,1,2,INTERESES Y OTROS POR PAGAR,6,1
2142019902,214201,INTERESES Y OTROS POR PAGAR,false,true,1,2,INTERESES Y OTROS POR PAGAR,6,1
2142020101,214202,TÍTULOSVALORES CON GARANTÍA HIPOTECARIA,false,true,1,2,TÍTULOSVALORES CON GARANTÍA HIPOTECARIA,6,1
2142020102,214202,TÍTULOSVALORES CON GARANTÍA HIPOTECARIA,false,true,1,2,TÍTULOSVALORES CON GARANTÍA HIPOTECARIA,6,1
2142020201,214202,TÍTULOSVALORES SIN GARANTÍA HIPOTECARIA,false,true,1,2,TÍTULOSVALORES SIN GARANTÍA HIPOTECARIA,6,1
2142020202,214202,TITULOSVALORES SIN GARANTÍA HIPOTECARIA,false,true,1,2,TITULOSVALORES SIN GARANTÍA HIPOTECARIA,6,1
2142029901,214202,INTERESES Y OTROS POR PAGAR,false,true,1,2,INTERESES Y OTROS POR PAGAR,6,1
2142029902,214202,INTERESES Y OTROS POR PAGAR,false,true,1,2,INTERESES Y OTROS POR PAGAR,6,1
2151010001,215101,OPERACIONES DE REPORTO CON EL BANCO CENTRAL DE RESERVA,false,true,1,2,OPERACIONES DE REPORTO CON EL BANCO CENTRAL DE RESERVA,6,1
2151010002,215101,OPERACIONES DE REPORTO CON EL BANCO CENTRAL DE RESERVA,false,true,1,2,OPERACIONES DE REPORTO CON EL BANCO CENTRAL DE RESERVA,6,1
2151019901,215101,"COMISIONES, PREMIOS O PRIMAS",false,true,1,2,"COMISIONES, PREMIOS O PRIMAS",6,1
2151019902,215101,"COMISIONES, PREMIOS O PRIMAS",false,true,1,2,"COMISIONES, PREMIOS O PRIMAS",6,1
2151020001,215102,OPERACIONES DE REPORTO CON ENTIDADES DEL ESTADO,false,true,1,2,OPERACIONES DE REPORTO CON ENTIDADES DEL ESTADO,6,1
2151020002,215102,OPERACIONES DE REPORTO CON ENTIDADES DEL ESTADO,false,true,1,2,OPERACIONES DE REPORTO CON ENTIDADES DEL ESTADO,6,1
2151029901,215102,"COMISIONES, PREMIOS O PRIMAS",false,true,1,2,"COMISIONES, PREMIOS O PRIMAS",6,1
2151029902,215102,"COMISIONES, PREMIOS O PRIMAS",false,true,1,2,"COMISIONES, PREMIOS O PRIMAS",6,1
2151030001,215103,OPERACIONES DE REPORTO CON EMPRESAS PRIVADAS,false,true,1,2,OPERACIONES DE REPORTO CON EMPRESAS PRIVADAS,6,1
2151030002,215103,OPERACIONES DE REPORTO CON EMPRESAS PRIVADAS,false,true,1,2,OPERACIONES DE REPORTO CON EMPRESAS PRIVADAS,6,1
2151039901,215103,"COMISIONES, PREMIOS O PRIMAS",false,true,1,2,"COMISIONES, PREMIOS O PRIMAS",6,1
2151039902,215103,"COMISIONES, PREMIOS O PRIMAS",false,true,1,2,"COMISIONES, PREMIOS O PRIMAS",6,1
2151040001,215104,OPERACIONES DE REPORTO CON PARTICULARES,false,true,1,2,OPERACIONES DE REPORTO CON PARTICULARES,6,1
2151040002,215104,OPERACIONES DE REPORTO CON PARTICULARES,false,true,1,2,OPERACIONES DE REPORTO CON PARTICULARES,6,1
2151049901,215104,"COMISIONES, PREMIOS O PRIMAS",false,true,1,2,"COMISIONES, PREMIOS O PRIMAS",6,1
2151049902,215104,"COMISIONES, PREMIOS O PRIMAS",false,true,1,2,"COMISIONES, PREMIOS O PRIMAS",6,1
2151050001,215105,OPERACIONES DE REPORTO CON BANCOS,false,true,1,2,OPERACIONES DE REPORTO CON BANCOS,6,1
2151050002,215105,OPERACIONES DE REPORTO CON BANCOS,false,true,1,2,OPERACIONES DE REPORTO CON BANCOS,6,1
2151059901,215105,"COMISIONES, PREMIOS O PRIMAS",false,true,1,2,"COMISIONES, PREMIOS O PRIMAS",6,1
2151059902,215105,"COMISIONES, PREMIOS O PRIMAS",false,true,1,2,"COMISIONES, PREMIOS O PRIMAS",6,1
2151060101,215106,A COOPERATIVAS,false,true,1,2,A COOPERATIVAS,6,1
2151060102,215106,A COOPERATIVAS,false,true,1,2,A COOPERATIVAS,6,1
2151060201,215106,A BANCOS DE LOS TRABAJADORES,false,true,1,2,A BANCOS DE LOS TRABAJADORES,6,1
2151060202,215106,A BANCOS DE LOS TRABAJADORES,false,true,1,2,A BANCOS DE LOS TRABAJADORES,6,1
2151060301,215106,A SOCIEDADES DE AHORRO Y CRÉDITO,false,true,1,2,A SOCIEDADES DE AHORRO Y CRÉDITO,6,1
2151060302,215106,A SOCIEDADES DE AHORRO Y CRÉDITO,false,true,1,2,A SOCIEDADES DE AHORRO Y CRÉDITO,6,1
2151060401,215106,A CAJAS DE CRÉDITO RURALES,false,true,1,2,A CAJAS DE CRÉDITO RURALES,6,1
2151060402,215106,A CAJAS DE CRÉDITO RURALES,false,true,1,2,A CAJAS DE CRÉDITO RURALES,6,1
2151060501,215106,ELIMINADA,false,true,1,2,ELIMINADA,6,1
2151060502,215106,ELIMINADA,false,true,1,2,ELIMINADA,6,1
2151060601,215106,A FEDERACIONES,false,true,1,2,A FEDERACIONES,6,1
2151060602,215106,A FEDERACIONES,false,true,1,2,A FEDERACIONES,6,1
2151060701,215106,BANCOS,false,true,1,2,BANCOS,6,1
2151060702,215106,BANCOS,false,true,1,2,BANCOS,6,1
2151069101,215106,OTROS,false,true,1,2,OTROS,6,1
2151069102,215106,OTROS,false,true,1,2,OTROS,6,1
2151069901,215106,"COMISIONES, PREMIOS O PRIMAS",false,true,1,2,"COMISIONES, PREMIOS O PRIMAS",6,1
2151069902,215106,"COMISIONES, PREMIOS O PRIMAS",false,true,1,2,"COMISIONES, PREMIOS O PRIMAS",6,1
2151070001,215107,OPERACIONES BURSÁTILES,false,true,1,2,OPERACIONES BURSÁTILES,6,1
2151070002,215107,OPERACIONES BURSÁTILES,false,true,1,2,OPERACIONES BURSÁTILES,6,1
2151079901,215107,"COMISIONES, PREMIOS O PRIMAS",false,true,1,2,"COMISIONES, PREMIOS O PRIMAS",6,1
2151079902,215107,"COMISIONES, PREMIOS O PRIMAS",false,true,1,2,"COMISIONES, PREMIOS O PRIMAS",6,1
2160010000,216001,CÁMARA DE COMPENSACIÓN,false,true,1,2,CÁMARA DE COMPENSACIÓN,6,1
2160020001,216002,DOCUMENTOS REMESADOS A BANCOS EXTRANJEROS,false,true,1,2,DOCUMENTOS REMESADOS A BANCOS EXTRANJEROS,6,1
2160020002,216002,DOCUMENTOS REMESADOS A BANCOS EXTRANJEROS,false,true,1,2,DOCUMENTOS REMESADOS A BANCOS EXTRANJEROS,6,1
2210000101,221000,SALDOS CON AGENCIAS NACIONALES,false,true,1,2,SALDOS CON AGENCIAS NACIONALES,6,1
2210000102,221000,SALDOS CON AGENCIAS NACIONALES,false,true,1,2,SALDOS CON AGENCIAS NACIONALES,6,1
2210000201,221000,SALDOS CON AGENCIAS NACIONALES,false,true,1,2,SALDOS CON AGENCIAS NACIONALES,6,1
2210000202,221000,SALDOS CON AGENCIAS NACIONALES,false,true,1,2,SALDOS CON AGENCIAS NACIONALES,6,1
2210000301,221000,SALDOS CON SUCURSALES NACIONALES,false,true,1,2,SALDOS CON SUCURSALES NACIONALES,6,1
2210000302,221000,SALDOS CON SUCURSALES NACIONALES,false,true,1,2,SALDOS CON SUCURSALES NACIONALES,6,1
2210000401,221000,SALDOS CON SUCURSALES EXTRANJERAS,false,true,1,2,SALDOS CON SUCURSALES EXTRANJERAS,6,1
2210000402,221000,SALDOS CON SUCURSALES EXTRANJERAS,false,true,1,2,SALDOS CON SUCURSALES EXTRANJERAS,6,1
2210000501,221000,SALDOS CON SUBSIDIARIAS NACIONALES,false,true,1,2,SALDOS CON SUBSIDIARIAS NACIONALES,6,1
2210000502,221000,SALDOS CON SUBSIDIARIAS NACIONALES,false,true,1,2,SALDOS CON SUBSIDIARIAS NACIONALES,6,1
2210000601,221000,SALDOS CON SUBSIDIARIAS EXTRANJERAS,false,true,1,2,SALDOS CON SUBSIDIARIAS EXTRANJERAS,6,1
2210000602,221000,SALDOS CON SUBSIDIARIAS EXTRANJERAS,false,true,1,2,SALDOS CON SUBSIDIARIAS EXTRANJERAS,6,1
2210000701,221000,SALDOS CON BANCOS EXTRANJEROS,false,true,1,2,SALDOS CON BANCOS EXTRANJEROS,6,1
2210000702,221000,SALDOS CON BANCOS EXTRANJEROS,false,true,1,2,SALDOS CON BANCOS EXTRANJEROS,6,1
2210000801,221000,PRÉSTAMOS DE LA MATRIZ,false,true,1,2,PRÉSTAMOS DE LA MATRIZ,6,1
2210000802,221000,PRÉSTAMOS DE LA MATRIZ,false,true,1,2,PRÉSTAMOS DE LA MATRIZ,6,1
2220010101,222001,CHEQUES DE CAJA PARA PROVEEDORES,false,true,1,2,CHEQUES DE CAJA PARA PROVEEDORES,6,1
2220010102,222001,CHEQUES DE CAJA PARA PROVEEDORES,false,true,1,2,CHEQUES DE CAJA PARA PROVEEDORES,6,1
2220020100,222002,CUOTAS DE AFILIACIÓN,false,true,1,2,CUOTAS DE AFILIACIÓN,6,1
2220020200,222002,ELIMINADA,false,true,1,2,ELIMINADA,6,1
2220030101,222003,CUOTAS DE AFILIACIÓN,false,true,1,2,CUOTAS DE AFILIACIÓN,6,1
2220030102,222003,CUOTAS DE AFILIACIÓN,false,true,1,2,CUOTAS DE AFILIACIÓN,6,1
2220039101,222003,OTROS,false,true,1,2,OTROS,6,1
2220039102,222003,OTROS,false,true,1,2,OTROS,6,1
2220040100,222004,DIVIDENDOS,false,true,1,2,DIVIDENDOS,6,1
2220040200,222004,PARTICIPACIÓN DE UTILIDADES AL PERSONAL,false,true,1,2,PARTICIPACIÓN DE UTILIDADES AL PERSONAL,6,1
2220050100,222005,IMPUESTOS,false,true,2,2,IMPUESTOS,6,0
2220050200,222005,SERVICIOS PÚBLICOS,false,true,1,2,SERVICIOS PÚBLICOS,6,1
2220050300,222005,CUOTA PATRONAL ISSS,false,true,1,2,CUOTA PATRONAL ISSS,6,1
2220050400,222005,PROVEEDORES,false,true,1,2,PROVEEDORES,6,1
2220050501,222005,OTROS ACREEDORES,false,true,2,2,OTROS ACREEDORES,6,0
2220050502,222005,OTROS ACREEDORES,false,true,1,2,OTROS ACREEDORES,6,1
2220050600,222005,LIQUIDACIÓN DE ASOCIADOS,false,true,1,2,LIQUIDACIÓN DE ASOCIADOS,6,1
2220050700,222005,CUOTA PATRONAL AFP,false,true,1,2,CUOTA PATRONAL AFP,6,1
2220060000,222006,IMPUESTO SOBRE LA RENTA,false,true,1,2,IMPUESTO SOBRE LA RENTA,6,1
2220070101,222007,DERECHOS REGÍSTRALES,false,true,1,2,DERECHOS REGÍSTRALES,6,1
2220070201,222007,COBROS POR CUENTA AJENA,false,true,2,2,COBROS POR CUENTA AJENA,6,0
2220070202,222007,COBROS POR CUENTA AJENA,false,true,1,2,COBROS POR CUENTA AJENA,6,1
22200703,222007,INGRESOS PENDIENTES DE LIQUIDAR,false,true,2,2,INGRESOS PENDIENTES DE LIQUIDAR,6,0
2220080101,222008,PLAN DE SEGURIDAD CIUDADANA-GRANDES CONTRIBUYENTES,false,true,1,2,PLAN DE SEGURIDAD CIUDADANA-GRANDES CONTRIBUYENTES,6,1
2220990101,222099,SOBRANTES DE CAJA,false,true,1,2,SOBRANTES DE CAJA,6,1
2220990102,222099,SOBRANTES DE CAJA,false,true,1,2,SOBRANTES DE CAJA,6,1
2220990201,222099,DÉBITO FISCAL,false,true,1,2,DÉBITO FISCAL,6,1
2220990301,222099,IVA RETENIDO,false,true,1,2,IVA RETENIDO,6,1
2220999101,222099,OTRAS,false,true,2,2,OTRAS,6,0
2220999401,222099,OTRAS CUENTAS POR PAGAR,false,true,2,2,Rama Arissto de otras cuentas por pagar,6,0
2230000100,223000,IMPUESTO SOBRE LA RENTA,false,true,2,2,IMPUESTO SOBRE LA RENTA,6,0
2230000200,223000,ISSS,false,true,1,2,ISSS,6,1
2230000300,223000,AFPS,false,true,1,2,AFPS,6,1
2230000400,223000,BANCOS Y FINANCIERAS,false,true,1,2,BANCOS Y FINANCIERAS,6,1
2230000500,223000,OTRAS RETENCIONES,false,true,1,2,OTRAS RETENCIONES,6,1
2230000600,223000,DEPOSITOS EN GARANTIA,false,true,1,2,DEPOSITOS EN GARANTIA,6,1
2240010100,224001,SALARIOS,false,true,1,2,SALARIOS,6,1
2240010200,224001,VACACIONES,false,true,1,2,VACACIONES,6,1
2240010300,224001,GRATIFICACIONES,false,true,1,2,GRATIFICACIONES,6,1
2240010400,224001,AGUINALDOS,false,true,1,2,AGUINALDOS,6,1
2240010500,224001,INDEMNIZACIONES,false,true,1,2,INDEMNIZACIONES,6,1
2240010600,224001,RETIRO VOLUNTARIO,false,true,1,2,RETIRO VOLUNTARIO,6,1
2240010700,224001,PENSIONES Y JUBILACIONES,false,true,1,2,PENSIONES Y JUBILACIONES,6,1
2240020000,224002,FONDO DE EDUCACIÓN,false,true,1,2,FONDO DE EDUCACIÓN,6,1
2240030001,224003,OTRAS PROVISIONES,false,true,1,2,OTRAS PROVISIONES,6,1
2240030002,224003,OTRAS PROVISIONES,false,true,1,2,OTRAS PROVISIONES,6,1
2240040101,224004,CONTINGENCIA POR LITIGIOS JUDICIALES,false,true,1,2,CONTINGENCIA POR LITIGIOS JUDICIALES,6,1
2240040102,224004,CONTINGENCIA POR LITIGIOS JUDICIALES,false,true,1,2,CONTINGENCIA POR LITIGIOS JUDICIALES,6,1
2240040201,224004,OTRAS CONTINGENCIAS,false,true,1,2,OTRAS CONTINGENCIAS,6,1
2240040202,224004,OTRAS CONTINGENCIAS,false,true,1,2,OTRAS CONTINGENCIAS,6,1
2250010000,225001,INTERESES,false,true,1,2,INTERESES,6,1
2250020000,225002,DIFERENCIAS DE PRECIOS EN OPERACIONES CON TÍTULOS VALORES,false,true,1,2,DIFERENCIAS DE PRECIOS EN OPERACIONES CON TÍTULOS VALORES,6,1
2250030000,225003,ANTICIPOS PARA RESERVACIÓN DE VIVIENDA,false,true,1,2,ANTICIPOS PARA RESERVACIÓN DE VIVIENDA,6,1
2250040100,225004,OPERACIONES DE PRÉSTAMOS,false,true,1,2,OPERACIONES DE PRÉSTAMOS,6,1
2250040200,225004,OTRAS OPERACIONES,false,true,1,2,OTRAS OPERACIONES,6,1
2250040500,225004,OTROS,false,true,1,2,OTROS,6,1
2250050100,225005,RELACIONADOS CON ACTIVOS,false,true,1,2,RELACIONADOS CON ACTIVOS,6,1
2250050200,225005,RELACIONADOS CON INGRESOS,false,true,1,2,RELACIONADOS CON INGRESOS,6,1
2250060100,225006,IMPUESTO SOBRE LA RENTA,false,true,1,2,IMPUESTO SOBRE LA RENTA,6,1
2250060900,225006,OTROS,false,true,1,2,OTROS,6,1
2260010101,226001,DINERO ELECTRÓNICO,false,true,1,2,DINERO ELECTRÓNICO,6,1
2311000000,231100,PRÉSTAMOS CONVERTIBLES EN ACCIONES,false,true,1,2,PRÉSTAMOS CONVERTIBLES EN ACCIONES,6,1
2311009901,231100,INTERESES Y OTROS POR PAGAR,false,true,1,2,INTERESES Y OTROS POR PAGAR,6,1
2312000000,231200,PRESTAMOS CONVERTIBLES EN ACCIONES,false,true,1,2,PRESTAMOS CONVERTIBLES EN ACCIONES,6,1
2312009901,231200,INTERESES Y OTROS POR PAGAR,false,true,1,2,INTERESES Y OTROS POR PAGAR,6,1
2413000001,241300,DEUDA SUBORDINADA CON INSTITUCIONES EXTRANJERAS DE PRIMERA LÍNEA,false,true,1,2,DEUDA SUBORDINADA CON INSTITUCIONES EXTRANJERAS DE PRIMERA LÍNEA,6,1
2413000002,241300,DEUDA SUBORDINADA CON INSTITUCIONES EXTRANJERAS DE PRIMERA LÍNEA,false,true,1,2,DEUDA SUBORDINADA CON INSTITUCIONES EXTRANJERAS DE PRIMERA LÍNEA,6,1
2413009901,241300,INTERESES Y OTROS POR PAGAR,false,true,1,2,INTERESES Y OTROS POR PAGAR,6,1
2413009902,241300,INTERESES Y OTROS POR PAGAR,false,true,1,2,INTERESES Y OTROS POR PAGAR,6,1
3110010100,311001,APORTACIONES,false,true,2,3,APORTACIONES,6,0
3110010200,311001,ACCIONES,false,true,2,3,ACCIONES,6,0
3110020100,311002,APORTACIONES,false,true,1,3,APORTACIONES,6,1
3110020200,311002,ACCIONES,false,true,2,3,ACCIONES,6,0
3110030000,311003,APORTES DEL ESTADO,false,true,1,3,APORTES DEL ESTADO,6,1
3111010100,311101,APORTACIONES,false,true,1,3,APORTACIONES,6,1
3111010200,311101,ACCIONES,false,true,2,3,ACCIONES,6,0
3111020100,311102,APORTACIONES,false,true,1,3,APORTACIONES,6,1
3111020200,311102,ACCIONES,false,true,2,3,ACCIONES,6,0
3111030000,311103,APORTES DEL ESTADO,false,true,1,3,APORTES DEL ESTADO,6,1
3120000100,312000,ELIMINADA,false,true,1,3,ELIMINADA,6,1
3120000200,312000,CAPITAL FINANCIADO POR LA ENTIDAD,false,true,1,3,CAPITAL FINANCIADO POR LA ENTIDAD,6,1
3130000100,313000,RESERVA LEGAL,false,true,1,3,RESERVA LEGAL,6,1
3130000200,313000,RESERVAS ESTATUTARIAS,false,true,1,3,RESERVAS ESTATUTARIAS,6,1
3130000300,313000,RESERVAS VOLUNTARIAS,false,true,1,3,RESERVAS VOLUNTARIAS,6,1
3140010100,314001,UTILIDADES,false,true,1,3,UTILIDADES,6,1
3140010200,314001,PÉRDIDAS,false,true,1,3,PÉRDIDAS,6,1
3140020100,314002,UTILIDADES,false,true,1,3,UTILIDADES,6,1
3140020200,314002,PÉRDIDAS,false,true,1,3,PÉRDIDAS,6,1
3210000000,321000,UTILIDADES NO DISTRIBUIBLES,false,true,1,3,UTILIDADES NO DISTRIBUIBLES,6,1
3220000100,322000,REVALÚO DE INMUEBLES DEL ACTIVO FIJO,false,true,2,3,REVALÚO DE INMUEBLES DEL ACTIVO FIJO,6,0
3220000200,322000,REVALÚO DE MUEBLES DEL ACTIVO FIJO,false,true,1,3,REVALÚO DE MUEBLES DEL ACTIVO FIJO,6,1
3230010100,323001,BIENES INMUEBLES,false,true,1,3,BIENES INMUEBLES,6,1
3230010200,323001,BIENES MUEBLES,false,true,1,3,BIENES MUEBLES,6,1
3240010100,324001,EN EFECTIVO,false,true,1,3,EN EFECTIVO,6,1
3240010200,324001,INMUEBLES,false,true,1,3,INMUEBLES,6,1
3240010300,324001,MUEBLES,false,true,1,3,MUEBLES,6,1
3240020100,324002,EN EFECTIVO,false,true,1,3,EN EFECTIVO,6,1
3240020200,324002,INMUEBLES,false,true,1,3,INMUEBLES,6,1
3240020300,324002,MUEBLES,false,true,1,3,MUEBLES,6,1
3250010100,325001,RIESGO PAÍS,false,true,1,3,RIESGO PAÍS,6,1
3250010200,325001,VOLUNTARIAS,false,true,1,3,VOLUNTARIAS,6,1
3250020100,325002,BIENES INMUEBLES,false,true,1,3,BIENES INMUEBLES,6,1
3250020200,325002,BIENES MUEBLES,false,true,1,3,BIENES MUEBLES,6,1
3250020301,325002,VALORES – ML,false,true,1,3,VALORES – ML,6,1
3250020302,325002,VALORES – ME,false,true,1,3,VALORES – ME,6,1
4120010101,412001,EMPRESA PRIVADA,false,true,1,1,EMPRESA PRIVADA,6,1
4120010102,412001,EMPRESA PRIVADA,false,true,1,1,EMPRESA PRIVADA,6,1
4120010201,412001,BANCOS – ML,false,true,1,1,BANCOS – ML,6,1
4120010202,412001,BANCOS – ME,false,true,1,1,BANCOS – ME,6,1
4120010301,412001,OTRAS ENTIDADES DEL SISTEMA FINANCIERO,false,true,1,1,OTRAS ENTIDADES DEL SISTEMA FINANCIERO,6,1
4120010302,412001,OTRAS ENTIDADES DEL SISTEMA FINANCIERO,false,true,1,1,OTRAS ENTIDADES DEL SISTEMA FINANCIERO,6,1
4120010401,412001,ENTIDADES DEL ESTADO,false,true,1,1,ENTIDADES DEL ESTADO,6,1
4120010402,412001,ENTIDADES DEL ESTADO,false,true,1,1,ENTIDADES DEL ESTADO,6,1
4120010501,412001,"SUBSIDIARIAS, AGENCIAS Y BANCOS EXTRANJEROS",false,true,1,1,"SUBSIDIARIAS, AGENCIAS Y BANCOS EXTRANJEROS",6,1
4120010502,412001,"SUCURSALES, SUBSIDIARIAS, AGENCIAS Y BANCOS EXTRANJEROS",false,true,1,1,"SUCURSALES, SUBSIDIARIAS, AGENCIAS Y BANCOS EXTRANJEROS",6,1
4120010601,412001,PARTICULARES,false,true,1,1,PARTICULARES,6,1
4120010602,412001,PARTICULARES,false,true,1,1,PARTICULARES,6,1
4120020101,412002,EMPRESA PRIVADA,false,true,1,1,EMPRESA PRIVADA,6,1
4120020102,412002,EMPRESA PRIVADA,false,true,1,1,EMPRESA PRIVADA,6,1
4120020201,412002,BANCOS – ML,false,true,1,1,BANCOS – ML,6,1
4120020202,412002,BANCOS – ME,false,true,1,1,BANCOS – ME,6,1
4120020301,412002,OTRAS ENTIDADES DEL SISTEMA FINANCIERO,false,true,1,1,OTRAS ENTIDADES DEL SISTEMA FINANCIERO,6,1
4120020302,412002,OTRAS ENTIDADES DEL SISTEMA FINANCIERO,false,true,1,1,OTRAS ENTIDADES DEL SISTEMA FINANCIERO,6,1
4120020401,412002,ENTIDADES DEL ESTADO,false,true,1,1,ENTIDADES DEL ESTADO,6,1
4120020402,412002,ENTIDADES DEL ESTADO,false,true,1,1,ENTIDADES DEL ESTADO,6,1
4120020501,412002,"SUBSIDIARIAS, AGENCIAS Y BANCOS EXTRANJEROS",false,true,1,1,"SUBSIDIARIAS, AGENCIAS Y BANCOS EXTRANJEROS",6,1
4120020502,412002,"SUCURSALES, SUBSIDIARIAS, AGENCIAS Y BANCOS EXTRANJEROS",false,true,1,1,"SUCURSALES, SUBSIDIARIAS, AGENCIAS Y BANCOS EXTRANJEROS",6,1
4120020601,412002,PARTICULARES,false,true,1,1,PARTICULARES,6,1
4120020602,412002,PARTICULARES,false,true,1,1,PARTICULARES,6,1
4120030101,412003,EMPRESA PRIVADA,false,true,1,1,EMPRESA PRIVADA,6,1
4120030102,412003,EMPRESA PRIVADA,false,true,1,1,EMPRESA PRIVADA,6,1
4120030201,412003,BANCOS – ML,false,true,1,1,BANCOS – ML,6,1
4120030202,412003,BANCOS – ME,false,true,1,1,BANCOS – ME,6,1
4120030301,412003,OTRAS ENTIDADES DEL SISTEMA FINANCIERO,false,true,1,1,OTRAS ENTIDADES DEL SISTEMA FINANCIERO,6,1
4120030302,412003,OTRAS ENTIDADES DEL SISTEMA FINANCIERO,false,true,1,1,OTRAS ENTIDADES DEL SISTEMA FINANCIERO,6,1
4120030401,412003,ENTIDADES DEL ESTADO,false,true,1,1,ENTIDADES DEL ESTADO,6,1
4120030402,412003,ENTIDADES DEL ESTADO,false,true,1,1,ENTIDADES DEL ESTADO,6,1
4120030501,412003,"SUBSIDIARIAS, AGENCIAS Y BANCOS EXTRANJEROS",false,true,1,1,"SUBSIDIARIAS, AGENCIAS Y BANCOS EXTRANJEROS",6,1
4120030502,412003,"SUCURSALES, SUBSIDIARIAS, AGENCIAS Y BANCOS EXTRANJEROS",false,true,1,1,"SUCURSALES, SUBSIDIARIAS, AGENCIAS Y BANCOS EXTRANJEROS",6,1
4120030601,412003,PARTICULARES,false,true,1,1,PARTICULARES,6,1
4120030602,412003,PARTICULARES,false,true,1,1,PARTICULARES,6,1
4120040101,412004,EMPRESA PRIVADA,false,true,1,1,EMPRESA PRIVADA,6,1
4120040102,412004,EMPRESA PRIVADA,false,true,1,1,EMPRESA PRIVADA,6,1
4120040201,412004,BANCOS – ML,false,true,1,1,BANCOS – ML,6,1
4120040202,412004,BANCOS – ME,false,true,1,1,BANCOS – ME,6,1
4120040301,412004,OTRAS ENTIDADES DEL SISTEMA FINANCIERO,false,true,1,1,OTRAS ENTIDADES DEL SISTEMA FINANCIERO,6,1
4120040302,412004,OTRAS ENTIDADES DEL SISTEMA FINANCIERO,false,true,1,1,OTRAS ENTIDADES DEL SISTEMA FINANCIERO,6,1
4120040401,412004,ENTIDADES DEL ESTADO,false,true,1,1,ENTIDADES DEL ESTADO,6,1
4120040402,412004,ENTIDADES DEL ESTADO,false,true,1,1,ENTIDADES DEL ESTADO,6,1
4120040501,412004,"SUBSIDIARIAS, AGENCIAS Y BANCOS EXTRANJEROS",false,true,1,1,"SUBSIDIARIAS, AGENCIAS Y BANCOS EXTRANJEROS",6,1
4120040502,412004,"SUCURSALES, SUBSIDIARIAS, AGENCIAS Y BANCOS EXTRANJEROS",false,true,1,1,"SUCURSALES, SUBSIDIARIAS, AGENCIAS Y BANCOS EXTRANJEROS",6,1
4120040601,412004,PARTICULARES,false,true,1,1,PARTICULARES,6,1
4120040602,412004,PARTICULARES,false,true,1,1,PARTICULARES,6,1
4129000001,412900,PROVISIÓN POR PÉRDIDAS,false,true,1,1,PROVISIÓN POR PÉRDIDAS,6,1
4129000002,412900,PROVISIÓN POR PÉRDIDAS,false,true,1,1,PROVISIÓN POR PÉRDIDAS,6,1
4131010101,413101,BANCO CENTRAL DE RESERVA,false,true,1,1,BANCO CENTRAL DE RESERVA,6,1
4131010102,413101,BANCO CENTRAL DE RESERVA,false,true,1,1,BANCO CENTRAL DE RESERVA,6,1
4131010201,413101,EMPRESAS PRIVADAS,false,true,1,1,EMPRESAS PRIVADAS,6,1
4131010202,413101,EMPRESAS PRIVADAS,false,true,1,1,EMPRESAS PRIVADAS,6,1
4131010301,413101,ASOCIADOS,false,true,1,1,ASOCIADOS,6,1
4131010302,413101,ASOCIADOS,false,true,1,1,ASOCIADOS,6,1
4131010401,413101,PARTICULARES,false,true,1,1,PARTICULARES,6,1
4131010402,413101,PARTICULARES,false,true,1,1,PARTICULARES,6,1
4131010501,413101,OTRAS ENTIDADES DEL SISTEMA FINANCIERO,false,true,1,1,OTRAS ENTIDADES DEL SISTEMA FINANCIERO,6,1
4131010502,413101,OTRAS ENTIDADES DEL SISTEMA FINANCIERO,false,true,1,1,OTRAS ENTIDADES DEL SISTEMA FINANCIERO,6,1
4131020100,413102,DIFERENCIA DE TIPO DE CAMBIO,false,true,1,1,DIFERENCIA DE TIPO DE CAMBIO,6,1
4131020101,413102,BANCO CENTRAL DE RESERVA,false,true,1,1,BANCO CENTRAL DE RESERVA,6,1
4131020102,413102,BANCO CENTRAL DE RESERVA,false,true,1,1,BANCO CENTRAL DE RESERVA,6,1
4131020201,413102,EMPRESAS PRIVADAS,false,true,1,1,EMPRESAS PRIVADAS,6,1
4131020202,413102,EMPRESAS PRIVADAS,false,true,1,1,EMPRESAS PRIVADAS,6,1
4131020301,413102,ASOCIADOS,false,true,1,1,ASOCIADOS,6,1
4131020302,413102,ASOCIADOS,false,true,1,1,ASOCIADOS,6,1
4131020401,413102,PARTICULARES,false,true,1,1,PARTICULARES,6,1
4131020402,413102,PARTICULARES,false,true,1,1,PARTICULARES,6,1
4131020501,413102,OTRAS ENTIDADES DEL SISTEMA FINANCIERO,false,true,1,1,OTRAS ENTIDADES DEL SISTEMA FINANCIERO,6,1
4131020502,413102,OTRAS ENTIDADES DEL SISTEMA FINANCIERO,false,true,1,1,OTRAS ENTIDADES DEL SISTEMA FINANCIERO,6,1
4139000001,413900,PROVISIÓN POR PÉRDIDAS,false,true,1,1,PROVISIÓN POR PÉRDIDAS,6,1
4139000002,413900,PROVISIÓN POR PÉRDIDAS,false,true,1,1,PROVISIÓN POR PÉRDIDAS,6,1
5120010001,512001,AVALES,false,true,1,2,AVALES,6,1
5120010002,512001,AVALES,false,true,1,2,AVALES,6,1
5120020001,512002,FIANZAS,false,true,1,2,FIANZAS,6,1
5120020002,512002,FIANZAS,false,true,1,2,FIANZAS,6,1
5120030001,512003,AVALES,false,true,1,2,AVALES,6,1
5120030002,512003,AVALES,false,true,1,2,AVALES,6,1
5120040001,512004,FIANZAS,false,true,1,2,FIANZAS,6,1
5120040002,512004,FIANZAS,false,true,1,2,FIANZAS,6,1
5131010100,513101,DIFERENCIA DE TIPO DE CAMBIO,false,true,1,2,DIFERENCIA DE TIPO DE CAMBIO,6,1
5131010101,513101,BANCO CENTRAL DE RESERVA,false,true,1,2,BANCO CENTRAL DE RESERVA,6,1
5131010102,513101,BANCO CENTRAL DE RESERVA,false,true,1,2,BANCO CENTRAL DE RESERVA,6,1
5131010201,513101,EMPRESAS PRIVADAS,false,true,1,2,EMPRESAS PRIVADAS,6,1
5131010202,513101,EMPRESAS PRIVADAS,false,true,1,2,EMPRESAS PRIVADAS,6,1
5131010301,513101,ASOCIADOS,false,true,1,2,ASOCIADOS,6,1
5131010302,513101,ASOCIADOS,false,true,1,2,ASOCIADOS,6,1
5131010401,513101,PARTICULARES,false,true,1,2,PARTICULARES,6,1
5131010402,513101,PARTICULARES,false,true,1,2,PARTICULARES,6,1
5131010501,513101,OTRAS ENTIDADES DEL SISTEMA FINANCIERO,false,true,1,2,OTRAS ENTIDADES DEL SISTEMA FINANCIERO,6,1
5131010502,513101,OTRAS ENTIDADES DEL SISTEMA FINANCIERO,false,true,1,2,OTRAS ENTIDADES DEL SISTEMA FINANCIERO,6,1
5131020100,513102,DIFERENCIA DE TIPO DE CAMBIO,false,true,1,2,DIFERENCIA DE TIPO DE CAMBIO,6,1
5131020101,513102,BANCO CENTRAL DE RESERVA,false,true,1,2,BANCO CENTRAL DE RESERVA,6,1
5131020102,513102,BANCO CENTRAL DE RESERVA,false,true,1,2,BANCO CENTRAL DE RESERVA,6,1
5131020201,513102,EMPRESAS PRIVADAS,false,true,1,2,EMPRESAS PRIVADAS,6,1
5131020202,513102,EMPRESAS PRIVADAS,false,true,1,2,EMPRESAS PRIVADAS,6,1
5131020301,513102,ASOCIADOS,false,true,1,2,ASOCIADOS,6,1
5131020302,513102,ASOCIADOS,false,true,1,2,ASOCIADOS,6,1
5131020401,513102,PARTICULARES,false,true,1,2,PARTICULARES,6,1
5131020402,513102,PARTICULARES,false,true,1,2,PARTICULARES,6,1
5131020501,513102,OTRAS ENTIDADES DEL SISTEMA FINANCIERO,false,true,1,2,OTRAS ENTIDADES DEL SISTEMA FINANCIERO,6,1
5131020502,513102,OTRAS ENTIDADES DEL SISTEMA FINANCIERO,false,true,1,2,OTRAS ENTIDADES DEL SISTEMA FINANCIERO,6,1
6110010100,611001,INTERESES,false,true,2,4,INTERESES,6,0
6110010200,611001,COMISIONES POR ADMINISTRACIÓN DEL CRÉDITO,false,true,1,4,COMISIONES POR ADMINISTRACIÓN DEL CRÉDITO,6,1
6110010300,611001,COMISIONES POR DESEMBOLSOS PENDIENTES,false,true,1,4,COMISIONES POR DESEMBOLSOS PENDIENTES,6,1
6110010400,611001,COMISIONES Y RECARGOS POR TARJETAS DE CRÉDITO,false,true,1,4,COMISIONES Y RECARGOS POR TARJETAS DE CRÉDITO,6,1
6110010500,611001,COMISIONES POR OTORGAMIENTO,false,true,1,4,COMISIONES POR OTORGAMIENTO,6,1
6110010600,611001,OTRAS COMISIONES Y RECARGOS SOBRE CRÉDITOS,false,true,1,4,OTRAS COMISIONES Y RECARGOS SOBRE CRÉDITOS,6,1
6110010700,611001,INSPECCIONES Y AVALÚOS,false,true,1,4,INSPECCIONES Y AVALÚOS,6,1
6110010800,611001,ANÁLISIS Y ESTRUCTURA DE CRÉDITO,false,true,1,4,ANÁLISIS Y ESTRUCTURA DE CRÉDITO,6,1
6110020100,611002,INTERESES,false,true,1,4,INTERESES,6,1
6110020200,611002,VENTA DE TÍTULOSVALORES,false,true,1,4,VENTA DE TÍTULOSVALORES,6,1
6110030100,611003,PRIMAS,false,true,1,4,PRIMAS,6,1
6110030200,611003,OTROS INGRESOS,false,true,1,4,OTROS INGRESOS,6,1
6110040100,611004,EN EL BCR,false,true,1,4,EN EL BCR,6,1
6110040200,611004,EN OTRAS INSTITUCIONES FINANCIERAS,false,true,1,4,EN OTRAS INSTITUCIONES FINANCIERAS,6,1
6210010100,621001,UTILIDAD EN VENTA DE MONEDA EXTRANJERA,false,true,1,4,UTILIDAD EN VENTA DE MONEDA EXTRANJERA,6,1
6210010200,621001,COMISIONES,false,true,1,4,COMISIONES,6,1
6210010300,621001,INTERESES,false,true,1,4,INTERESES,6,1
6210010400,621001,REVALUACIONES,false,true,1,4,REVALUACIONES,6,1
6210020100,621002,SERVICIOS DE SUPERVISIÓN,false,true,1,4,SERVICIOS DE SUPERVISIÓN,6,1
6210020200,621002,SERVICIOS EDUCATIVOS,false,true,1,4,SERVICIOS EDUCATIVOS,6,1
6210020300,621002,SERVICIOS DE CAPACITACIÓN,false,true,1,4,SERVICIOS DE CAPACITACIÓN,6,1
6210020400,621002,SERVICIOS DE CONSULTORIA ADMINISTRATIVA CONTABLE,false,true,1,4,SERVICIOS DE CONSULTORIA ADMINISTRATIVA CONTABLE,6,1
6210020500,621002,SERVICIOS JURÍDICOS,false,true,1,4,SERVICIOS JURÍDICOS,6,1
6210020600,621002,PROTECCIONES,false,true,1,4,PROTECCIONES,6,1
6210020700,621002,ASESORIA,false,true,1,4,ASESORIA,6,1
6210020800,621002,INFORMÁTICA,false,true,1,4,INFORMÁTICA,6,1
6210029100,621002,OTROS,false,true,1,4,OTROS,6,1
6210030100,621003,COMISIONES,false,true,1,4,COMISIONES,6,1
6210030200,621003,OTROS,false,true,1,4,OTROS,6,1
6210040100,621004,TRAMITES JURÍDICOS,false,true,1,4,TRAMITES JURÍDICOS,6,1
6210040200,621004,ALQUILER DE CAJAS DE SEGURIDAD,false,true,1,4,ALQUILER DE CAJAS DE SEGURIDAD,6,1
6210040300,621004,CUSTODIA DE VALORES,false,true,1,4,CUSTODIA DE VALORES,6,1
6210040400,621004,OTROS,false,true,2,4,OTROS,6,0
6210050100,621005,CUOTAS ZONALES,false,true,1,4,CUOTAS ZONALES,6,1
6210050200,621005,AFILIACIONES Y CONTRIBUCIONES,false,true,1,4,AFILIACIONES Y CONTRIBUCIONES,6,1
6210060100,621006,COMISIONES POR COMERCIALIZACIÓN DE CUOTAS DE PARTICIPACIÓN DE FONDOS DE INVERSIÓN ABIERTOS LOCALES,false,true,1,4,COMISIONES POR COMERCIALIZACIÓN DE CUOTAS DE PARTICIPACIÓN DE FONDOS DE INVERSIÓN ABIERTOS LOCALES,6,1
6210060200,621006,COMISIONES POR COMERCIALIZACIÓN DE CUOTAS DE PARTICIPACIÓN DE FONDOS DE INVERSIÓN ABIERTOS EXTRANJEROS,false,true,1,4,COMISIONES POR COMERCIALIZACIÓN DE CUOTAS DE PARTICIPACIÓN DE FONDOS DE INVERSIÓN ABIERTOS EXTRANJEROS,6,1
6210060300,621006,OTROS,false,true,1,4,OTROS,6,1
6210070100,621007,COMISIONES,false,true,1,4,COMISIONES,6,1
6210080100,621008,COMISIONES POR COMERCIALIZACIÓN DE FONDOS DE AHORRO PREVISIONAL VOLUNTARIO,false,true,1,4,COMISIONES POR COMERCIALIZACIÓN DE FONDOS DE AHORRO PREVISIONAL VOLUNTARIO,6,1
6210090100,621009,COMISIONES POR ADMINISTRACIÓN DE FONDOS DE AHORRO PREVISIONAL VOLUNTARIO,false,true,1,4,COMISIONES POR ADMINISTRACIÓN DE FONDOS DE AHORRO PREVISIONAL VOLUNTARIO,6,1
6310010100,631001,RECUPERACIONES DE PRÉSTAMOS E INTERESES,false,true,1,4,RECUPERACIONES DE PRÉSTAMOS E INTERESES,6,1
6310010200,631001,RECUPERACIONES DE INVERSIONES FINANCIERAS E INTERESES,false,true,1,4,RECUPERACIONES DE INVERSIONES FINANCIERAS E INTERESES,6,1
6310010300,631001,RECUPERACIONES DE GASTOS,false,true,1,4,RECUPERACIONES DE GASTOS,6,1
6310010400,631001,LIBERACIÓN DE RESERVAS DE SANEAMIENTO,false,true,1,4,LIBERACIÓN DE RESERVAS DE SANEAMIENTO,6,1
6310020100,631002,ACTIVO FIJO,false,true,1,4,ACTIVO FIJO,6,1
6310020200,631002,BIENES RECIBIDOS EN PAGO,false,true,1,4,BIENES RECIBIDOS EN PAGO,6,1
6310030100,631003,ACTIVO FIJO,false,true,1,4,ACTIVO FIJO,6,1
6310030200,631003,BIENES RECIBIDOS EN PAGO,false,true,1,4,BIENES RECIBIDOS EN PAGO,6,1
6310040100,631004,SUBSIDIARIAS,false,true,1,4,SUBSIDIARIAS,6,1
6310040200,631004,OTROS,false,true,1,4,OTROS,6,1
6310050100,631005,RELACIONADOS CON ACTIVOS,false,true,1,4,RELACIONADOS CON ACTIVOS,6,1
6310050200,631005,RELACIONADOS CON INGRESOS,false,true,1,4,RELACIONADOS CON INGRESOS,6,1
6310060100,631006,IMPUESTO SOBRE LA RENTA TEMPORARIO DIFERIDO,false,true,1,4,IMPUESTO SOBRE LA RENTA TEMPORARIO DIFERIDO,6,1
6310060900,631006,OTROS,false,true,1,4,OTROS,6,1
6310990100,631099,OTROS,false,true,1,4,OTROS,6,1
7110010100,711001,INTERESES DE AHORRO,false,true,2,5,INTERESES DE AHORRO,6,0
7110010200,711001,INTERESES DE DEPÓSITOS A PLAZO,false,true,1,5,INTERESES DE DEPÓSITOS A PLAZO,6,1
7110010300,711001,PREMIOS CUENTAS DE AHORRO,false,true,1,5,PREMIOS CUENTAS DE AHORRO,6,1
7110010400,711001,SEGUROS SOBRE DEPÓSITOS,false,true,1,5,SEGUROS SOBRE DEPÓSITOS,6,1
7110010500,711001,INTERESES DE DEPÓSITOS EN CUENTA CORRIENTE,false,true,1,5,INTERESES DE DEPÓSITOS EN CUENTA CORRIENTE,6,1
7110010600,711001,INTERESES DE DEPÓSITOS EN CUENTA DE AHORRO SIMPLIFICADA,false,true,1,5,INTERESES DE DEPÓSITOS EN CUENTA DE AHORRO SIMPLIFICADA,6,1
7110020100,711002,INTERESES,false,true,1,5,INTERESES,6,1
7110020200,711002,COMISIONES,false,true,1,5,COMISIONES,6,1
7110030100,711003,INTERESES,false,true,1,5,INTERESES,6,1
7110030200,711003,COMISIONES,false,true,1,5,COMISIONES,6,1
7110040100,711004,INTERESES DE TÍTULOS VALORES,false,true,1,5,INTERESES DE TÍTULOS VALORES,6,1
7110040200,711004,OTROS COSTOS DE EMISIÓN,false,true,1,5,OTROS COSTOS DE EMISIÓN,6,1
7110050100,711005,PÉRDIDA POR VENTA DE TÍTULOSVALORES,false,true,1,5,PÉRDIDA POR VENTA DE TÍTULOSVALORES,6,1
7110050200,711005,PÉRDIDA POR OPERACIONES CON TÍTULOSVALORES,false,true,1,5,PÉRDIDA POR OPERACIONES CON TÍTULOSVALORES,6,1
7110060100,711006,DEPÓSITOS DE AHORRO,false,true,1,5,DEPÓSITOS DE AHORRO,6,1
7110060200,711006,DEPÓSITOS A PLAZO,false,true,1,5,DEPÓSITOS A PLAZO,6,1
7110060300,711006,DEPÓSITOS EN CUENTA CORRIENTE,false,true,1,5,DEPÓSITOS EN CUENTA CORRIENTE,6,1
7110060400,711006,DEPÓSITOS EN CUENTA DE AHORRO SIMPLIFICADA,false,true,1,5,DEPÓSITOS EN CUENTA DE AHORRO SIMPLIFICADA,6,1
7110070100,711007,MATERIALES DE TARJETAS DE CRÉDITO,false,true,1,5,MATERIALES DE TARJETAS DE CRÉDITO,6,1
7110070200,711007,COMISIONES Y REGALÍAS SOBRE TARJETAS DE CRÉDITO,false,true,1,5,COMISIONES Y REGALÍAS SOBRE TARJETAS DE CRÉDITO,6,1
7110070300,711007,COMISIONES PAGADAS POR ADQUISICIÓN DE TÍTULOS VALORES,false,true,1,5,COMISIONES PAGADAS POR ADQUISICIÓN DE TÍTULOS VALORES,6,1
7110070400,711007,COMISIÓN POR ADMINISTRACIÓN DE RESERVA DE LIQUIDEZ,false,true,1,5,COMISIÓN POR ADMINISTRACIÓN DE RESERVA DE LIQUIDEZ,6,1
7120000100,712000,SANEAMIENTO DE INVERSIONES FINANCIERAS E INTERESES,false,true,1,5,SANEAMIENTO DE INVERSIONES FINANCIERAS E INTERESES,6,1
7120000200,712000,SANEAMIENTO DE PRÉSTAMOS E INTERESES,false,true,1,5,SANEAMIENTO DE PRÉSTAMOS E INTERESES,6,1
7130000100,713000,INVERSIONES FINANCIERAS E INTERESES,false,true,1,5,INVERSIONES FINANCIERAS E INTERESES,6,1
7130000200,713000,CARTERA DE PRÉSTAMOS E INTERESES,false,true,1,5,CARTERA DE PRÉSTAMOS E INTERESES,6,1
7210000100,721000,COMISIONES POR COMPRA DE MONEDA EXTRANJERA,false,true,1,5,COMISIONES POR COMPRA DE MONEDA EXTRANJERA,6,1
7210000200,721000,FLUCTUACIONES DE TIPO DE CAMBIO,false,true,1,5,FLUCTUACIONES DE TIPO DE CAMBIO,6,1
7220010000,722001,PRESTACIÓN DE SERVICIOS FINANCIEROS,false,true,1,5,PRESTACIÓN DE SERVICIOS FINANCIEROS,6,1
7220020100,722002,SERVICIOS DE SUPERVISIÓN,false,true,1,5,SERVICIOS DE SUPERVISIÓN,6,1
7220020200,722002,SERVICIOS EDUCATIVOS,false,true,1,5,SERVICIOS EDUCATIVOS,6,1
7220020300,722002,SERVICIOS DE CAPACITACIÓN,false,true,1,5,SERVICIOS DE CAPACITACIÓN,6,1
7220020400,722002,SERVICIOS DE CONSULTORIA ADMINISTRATIVA CONTABLE,false,true,1,5,SERVICIOS DE CONSULTORIA ADMINISTRATIVA CONTABLE,6,1
7220020500,722002,SERVICIOS JURÍDICOS,false,true,1,5,SERVICIOS JURÍDICOS,6,1
7220020600,722002,PROTECCIONES,false,true,1,5,PROTECCIONES,6,1
7220020700,722002,ASESORIA,false,true,1,5,ASESORIA,6,1
7220020800,722002,INFORMÁTICA,false,true,1,5,INFORMÁTICA,6,1
7220029100,722002,OTROS,false,true,1,5,OTROS,6,1
7230010001,723001,AVALES,false,true,1,5,AVALES,6,1
7230010002,723001,FIANZAS,false,true,1,5,FIANZAS,6,1
7240000100,724000,SERVICIOS TÉCNICOS,false,true,1,5,SERVICIOS TÉCNICOS,6,1
7240000200,724000,SERVICIOS FINANCIEROS,false,true,1,5,SERVICIOS FINANCIEROS,6,1
7240000300,724000,AVALES Y FIANZAS,false,true,1,5,AVALES Y FIANZAS,6,1
7250000001,725000,AVALES,false,true,1,5,AVALES,6,1
7250000002,725000,FIANZAS,false,true,1,5,FIANZAS,6,1
7260000101,726000,COMISIÓN,false,true,1,5,COMISIÓN,6,1
7270000101,727000,COSTOS DE COMERCIALIZACIÓN DE CUOTAS DE PARTICIPACIÓN DE FONDOS DE INVERSIÓN ABIERTOS LOCALES,false,true,1,5,COSTOS DE COMERCIALIZACIÓN DE CUOTAS DE PARTICIPACIÓN DE FONDOS DE INVERSIÓN ABIERTOS LOCALES,6,1
7270000102,727000,COSTOS DE COMERCIALIZACIÓN DE CUOTAS DE PARTICIPACIÓN DE FONDOS DE INVERSIÓN ABIERTOS EXTRANJEROS,false,true,1,5,COSTOS DE COMERCIALIZACIÓN DE CUOTAS DE PARTICIPACIÓN DE FONDOS DE INVERSIÓN ABIERTOS EXTRANJEROS,6,1
7270009100,727000,OTROS,false,true,1,5,OTROS,6,1
7280000101,728000,COSTOS POR COMERCIALIZACIÓN DE FONDOS DE AHORRO PREVISIONAL VOLUNTARIO,false,true,1,5,COSTOS POR COMERCIALIZACIÓN DE FONDOS DE AHORRO PREVISIONAL VOLUNTARIO,6,1
7280010101,728001,COSTOS POR ADMINISTRACIÓN DE FONDOS DE AHORRO PREVISIONAL VOLUNTARIO,false,true,1,5,COSTOS POR ADMINISTRACIÓN DE FONDOS DE AHORRO PREVISIONAL VOLUNTARIO,6,1
8110010100,811001,SALARIOS ORDINARIOS,false,true,1,5,SALARIOS ORDINARIOS,6,1
8110010200,811001,SALARIOS EXTRAORDINARIOS,false,true,1,5,SALARIOS EXTRAORDINARIOS,6,1
8110010300,811001,COMISIONES,false,true,1,5,COMISIONES,6,1
8110020100,811002,AGUINALDOS Y BONIFICACIONES,false,true,1,5,AGUINALDOS Y BONIFICACIONES,6,1
8110020200,811002,VACACIONES,false,true,1,5,VACACIONES,6,1
8110020300,811002,UNIFORMES,false,true,1,5,UNIFORMES,6,1
8110020400,811002,SEGURO SOCIAL Y F.S.V.,false,true,1,5,SEGURO SOCIAL Y F.S.V.,6,1
8110020500,811002,INSAFOR,false,true,1,5,INSAFOR,6,1
8110020600,811002,GASTOS MÉDICOS,false,true,1,5,GASTOS MÉDICOS,6,1
8110020700,811002,FONDO DE CAJEROS,false,true,1,5,FONDO DE CAJEROS,6,1
8110020800,811002,ATENCIONES Y RECREACIONES,false,true,1,5,ATENCIONES Y RECREACIONES,6,1
8110020900,811002,OTROS SEGUROS,false,true,1,5,OTROS SEGUROS,6,1
8110021000,811002,AFPS,false,true,1,5,AFPS,6,1
8110029100,811002,OTRAS PRESTACIONES AL PERSONAL,false,true,1,5,OTRAS PRESTACIONES AL PERSONAL,6,1
8110030100,811003,POR DESPIDO,false,true,1,5,POR DESPIDO,6,1
8110030200,811003,POR INCAPACIDAD TEMPORAL,false,true,1,5,POR INCAPACIDAD TEMPORAL,6,1
8110040100,811004,DIETAS,false,true,1,5,DIETAS,6,1
8110040200,811004,REMUNERACIONES,false,true,1,5,REMUNERACIONES,6,1
8110040300,811004,ATENCIONES Y REPRESENTACIONES,false,true,1,5,ATENCIONES Y REPRESENTACIONES,6,1
8110049100,811004,OTRAS PRESTACIONES,false,true,1,5,OTRAS PRESTACIONES,6,1
8110050100,811005,CAPACITACIÓN,false,true,1,5,CAPACITACIÓN,6,1
8110050200,811005,GASTOS DE VIAJE,false,true,1,5,GASTOS DE VIAJE,6,1
8110050300,811005,COMBUSTIBLE Y LUBRICANTES,false,true,1,5,COMBUSTIBLE Y LUBRICANTES,6,1
8110050400,811005,VIÁTICOS Y TRANSPORTE,false,true,1,5,VIÁTICOS Y TRANSPORTE,6,1
8110060000,811006,PENSIONES Y JUBILACIONES,false,true,1,5,PENSIONES Y JUBILACIONES,6,1
8120010100,812001,COMBUSTIBLE Y LUBRICANTES,false,true,1,5,COMBUSTIBLE Y LUBRICANTES,6,1
8120010200,812001,PAPELERÍA Y ÚTILES,false,true,1,5,PAPELERÍA Y ÚTILES,6,1
8120010300,812001,MATERIALES DE LIMPIEZA,false,true,1,5,MATERIALES DE LIMPIEZA,6,1
8120010400,812001,MATERIALES DE BIOSEGURIDAD,false,true,1,5,MATERIALES DE BIOSEGURIDAD,6,1
8120020100,812002,EDIFICIOS PROPIOS,false,true,1,5,EDIFICIOS PROPIOS,6,1
8120020200,812002,EQUIPO DE COMPUTACIÓN,false,true,1,5,EQUIPO DE COMPUTACIÓN,6,1
8120020300,812002,VEHÍCULOS,false,true,1,5,VEHÍCULOS,6,1
8120020400,812002,MOBILIARIO Y EQUIPO DE OFICINA,false,true,1,5,MOBILIARIO Y EQUIPO DE OFICINA,6,1
8120020500,812002,AIRE ACONDICIONADO,false,true,1,5,AIRE ACONDICIONADO,6,1
8120020600,812002,INSTALACIONES,false,true,1,5,INSTALACIONES,6,1
8120030100,812003,COMUNICACIONES,false,true,1,5,COMUNICACIONES,6,1
8120030200,812003,ENERGÍA ELÉCTRICA,false,true,1,5,ENERGÍA ELÉCTRICA,6,1
8120030300,812003,AGUA POTABLE,false,true,1,5,AGUA POTABLE,6,1
8120030400,812003,IMPUESTOS FISCALES,false,true,1,5,IMPUESTOS FISCALES,6,1
8120030500,812003,IMPUESTOS MUNICIPALES,false,true,1,5,IMPUESTOS MUNICIPALES,6,1
8120030600,812003,MULTAS,false,true,1,5,MULTAS,6,1
8120030700,812003,IMPUESTOS REGISTRALES,false,true,1,5,IMPUESTOS REGISTRALES,6,1
8120040100,812004,TELEVISIÓN,false,true,1,5,TELEVISIÓN,6,1
8120040200,812004,RADIO,false,true,1,5,RADIO,6,1
8120040300,812004,PRENSA ESCRITA,false,true,1,5,PRENSA ESCRITA,6,1
8120040400,812004,OTROS MEDIOS,false,true,1,5,OTROS MEDIOS,6,1
8120040500,812004,ARTÍCULOS PROMOCIONALES,false,true,1,5,ARTÍCULOS PROMOCIONALES,6,1
8120040600,812004,GASTOS DE REPRESENTACIÓN,false,true,1,5,GASTOS DE REPRESENTACIÓN,6,1
8120040700,812004,PROMOCIONES,false,true,1,5,PROMOCIONES,6,1
8120050100,812005,LOCALES,false,true,1,5,LOCALES,6,1
8120050200,812005,EQUIPO,false,true,1,5,EQUIPO,6,1
8120050300,812005,MANTENIMIENTO DE LOCALES ARRENDADOS,false,true,1,5,MANTENIMIENTO DE LOCALES ARRENDADOS,6,1
8120050400,812005,MANTENIMIENTO DE EQUIPO ARRENDADO,false,true,1,5,MANTENIMIENTO DE EQUIPO ARRENDADO,6,1
8120050500,812005,MANTENIMIENTO DE BIENES RECIBIDOS EN PAGO,false,true,1,5,MANTENIMIENTO DE BIENES RECIBIDOS EN PAGO,6,1
8120060100,812006,SOBRE ACTIVOS FIJOS,false,true,1,5,SOBRE ACTIVOS FIJOS,6,1
8120060200,812006,SOBRE RIESGOS BANCARIOS,false,true,1,5,SOBRE RIESGOS BANCARIOS,6,1
8120070100,812007,AUDITORES,false,true,1,5,AUDITORES,6,1
8120070200,812007,ABOGADOS,false,true,1,5,ABOGADOS,6,1
8120070300,812007,EMPRESAS CONSULTORAS,false,true,1,5,EMPRESAS CONSULTORAS,6,1
8120070400,812007,ASESORES INDEPENDIENTES,false,true,1,5,ASESORES INDEPENDIENTES,6,1
8120070900,812007,OTROS,false,true,1,5,OTROS,6,1
8120080100,812008,CUOTA OBLIGATORIA,false,true,1,5,CUOTA OBLIGATORIA,6,1
8120080200,812008,MULTAS,false,true,1,5,MULTAS,6,1
8120090100,812009,CUOTAS ZONALES,false,true,1,5,CUOTAS ZONALES,6,1
8120090200,812009,AFILIACIONES Y CONTRIBUCIONES,false,true,1,5,AFILIACIONES Y CONTRIBUCIONES,6,1
8120110100,812011,SERVICIOS DE SUPERVISIÓN,false,true,1,5,SERVICIOS DE SUPERVISIÓN,6,1
8120110200,812011,SERVICIOS EDUCATIVOS,false,true,1,5,SERVICIOS EDUCATIVOS,6,1
8120110300,812011,SERVICIOS DE CAPACITACIÓN,false,true,1,5,SERVICIOS DE CAPACITACIÓN,6,1
8120110400,812011,SERVICIOS DE CONSULTORIA ADMINISTRATIVA CONTABLE,false,true,1,5,SERVICIOS DE CONSULTORIA ADMINISTRATIVA CONTABLE,6,1
8120110500,812011,SERVICIOS JURÍDICOS,false,true,1,5,SERVICIOS JURÍDICOS,6,1
8120110600,812011,PROTECCIONES,false,true,1,5,PROTECCIONES,6,1
8120110700,812011,ASESORIA,false,true,1,5,ASESORIA,6,1
8120110800,812011,INFORMÁTICA,false,true,1,5,INFORMÁTICA,6,1
8120119100,812011,OTROS,false,true,1,5,OTROS,6,1
8120120000,812012,SERVICIOS DE ADMINISTRACIÓN DE CARTERA DE PRÉSTAMOS,false,true,1,5,SERVICIOS DE ADMINISTRACIÓN DE CARTERA DE PRÉSTAMOS,6,1
8120130100,812013,RESERVA LABORAL,false,true,1,5,RESERVA LABORAL,6,1
8120130200,812013,PROPORCIONALIDAD IVA,false,true,1,5,PROPORCIONALIDAD IVA,6,1
8120130300,812013,PROVISION PARA CUENTAS INCOBRABLES,false,true,1,5,PROVISION PARA CUENTAS INCOBRABLES,6,1
8120990100,812099,SERVICIOS DE SEGURIDAD,false,true,1,5,SERVICIOS DE SEGURIDAD,6,1
8120990200,812099,SUSCRIPCIONES,false,true,1,5,SUSCRIPCIONES,6,1
8120990300,812099,CONTRIBUCIONES,false,true,1,5,CONTRIBUCIONES,6,1
8120990400,812099,PUBLICACIONES Y CONVOCATORIAS,false,true,1,5,PUBLICACIONES Y CONVOCATORIAS,6,1
8120990500,812099,SERVICIO DE TRASLADO DE VALORES,false,true,1,5,SERVICIO DE TRASLADO DE VALORES,6,1
8120990600,812099,GASTOS DE ORGANIZACIÓN,false,true,1,5,GASTOS DE ORGANIZACIÓN,6,1
8120990700,812099,CONTRIBUCIÓN ESPECIAL PARA LA SEGURIDAD CIUDADANA Y CONVIVENCIA,false,true,1,5,CONTRIBUCIÓN ESPECIAL PARA LA SEGURIDAD CIUDADANA Y CONVIVENCIA,6,1
8120990800,812099,GASTOS DE ASAMBLEA,false,true,1,5,GASTOS DE ASAMBLEA,6,1
8120990900,812099,ATENCIONES Y RECREACIONES,false,true,1,5,ATENCIONES Y RECREACIONES,6,1
8120991000,812099,ANIVERSARIOS Y FESTIVIDADES,false,true,1,5,ANIVERSARIOS Y FESTIVIDADES,6,1
8120991100,812099,REMODELACIONES DE INSTALACIONES,false,true,1,5,REMODELACIONES DE INSTALACIONES,6,1
8120991200,812099,ATENCIONES A SOCIOS,false,true,1,5,ATENCIONES A SOCIOS,6,1
8120991300,812099,COMISIONES BANCARIAS,false,true,1,5,COMISIONES BANCARIAS,6,1
8120991400,812099,ENSERES,false,true,1,5,ENSERES,6,1
8120991500,812099,COSTAS PROCESALES,false,true,1,5,COSTAS PROCESALES,6,1
8120991600,812099,SERVICIOS DE LIMPIEZA,false,true,1,5,SERVICIOS DE LIMPIEZA,6,1
8120991700,812099,INSPECCIONES Y AVALUOS,false,true,1,5,INSPECCIONES Y AVALUOS,6,1
8120991800,812099,PARQUEO,false,true,1,5,PARQUEO,6,1
8120991900,812099,"EDUCACION, CULTURA Y DEPORTE",false,true,1,5,"EDUCACION, CULTURA Y DEPORTE",6,1
8120992000,812099,FLETES Y TRANSPORTE,false,true,1,5,FLETES Y TRANSPORTE,6,1
8120992100,812099,AGUA PURIFICADA,false,true,1,5,AGUA PURIFICADA,6,1
8120992200,812099,CONSULTA CREDITICIA,false,true,1,5,CONSULTA CREDITICIA,6,1
8120992300,812099,GASTOS NO DEDUCIBLES,false,true,1,5,GASTOS NO DEDUCIBLES,6,1
8120999100,812099,OTROS,false,true,1,5,OTROS,6,1
8130010100,813001,BIENES MUEBLES,false,true,1,5,BIENES MUEBLES,6,1
8130010200,813001,BIENES INMUEBLES,false,true,1,5,BIENES INMUEBLES,6,1
8130020100,813002,CONSTRUCCIONES EN LOCALES ARRENDADOS,false,true,1,5,CONSTRUCCIONES EN LOCALES ARRENDADOS,6,1
8130020200,813002,REMODELACIONES Y READECUACIONES EN LOCALES PROPIOS,false,true,1,5,REMODELACIONES Y READECUACIONES EN LOCALES PROPIOS,6,1
8130020300,813002,PROGRAMAS COMPUTACIONALES,false,true,1,5,PROGRAMAS COMPUTACIONALES,6,1
8130020500,813002,INVERSIONES,false,true,1,5,INVERSIONES,6,1
8210010100,821001,SOBRE PRÉSTAMOS,false,true,1,5,SOBRE PRÉSTAMOS,6,1
8210010200,821001,SOBRE TÍTULOS DE EMISIÓN PROPIA,false,true,1,5,SOBRE TÍTULOS DE EMISIÓN PROPIA,6,1
8210020000,821002,COMISIONES,false,true,1,5,COMISIONES,6,1
8210990000,821099,OTROS,false,true,1,5,OTROS,6,1
8220010100,822001,BIENES INMUEBLES,false,true,1,5,BIENES INMUEBLES,6,1
8220010200,822001,BIENES MUEBLES,false,true,1,5,BIENES MUEBLES,6,1
8220020100,822002,BIENES INMUEBLES,false,true,1,5,BIENES INMUEBLES,6,1
8220020200,822002,BIENES MUEBLES,false,true,1,5,BIENES MUEBLES,6,1
8220020300,822002,TÍTULOSVALORES,false,true,1,5,TÍTULOSVALORES,6,1
8230010100,823001,BIENES INMUEBLES,false,true,1,5,BIENES INMUEBLES,6,1
8230010200,823001,BIENES MUEBLES,false,true,1,5,BIENES MUEBLES,6,1
8230020100,823002,BIENES INMUEBLES,false,true,1,5,BIENES INMUEBLES,6,1
8230020200,823002,BIENES MUEBLES,false,true,1,5,BIENES MUEBLES,6,1
8240000100,824000,BIENES INMUEBLES,false,true,1,5,BIENES INMUEBLES,6,1
8240000200,824000,BIENES MUEBLES,false,true,1,5,BIENES MUEBLES,6,1
8240000300,824000,TÍTULOSVALORES,false,true,1,5,TÍTULOSVALORES,6,1
8250000100,825000,IMPUESTO SOBRE LA RENTA TEMPORARIO,false,true,1,5,IMPUESTO SOBRE LA RENTA TEMPORARIO,6,1
8250000900,825000,OTROS,false,true,1,5,OTROS,6,1
8260000100,826000,LITIGIOS JUDICIALES,false,true,1,5,LITIGIOS JUDICIALES,6,1
8260000900,826000,OTROS,false,true,1,5,OTROS,6,1
8270000000,827000,OTROS,false,true,1,5,OTROS,6,1
8310000000,831000,IMPUESTO SOBRE LA RENTA,false,true,1,5,IMPUESTO SOBRE LA RENTA,6,1
8410000000,841000,PLAN DE SEGURIDAD CIUDADANA-GRANDES CONTRIBUYENTES,false,true,1,5,PLAN DE SEGURIDAD CIUDADANA-GRANDES CONTRIBUYENTES,6,1
9110010101,911001,OTORGADOS POR EL BMI,false,true,1,6,OTORGADOS POR EL BMI,6,1
9110010102,911001,OTORGADOS POR EL BMI,false,true,1,6,OTORGADOS POR EL BMI,6,1
9110010201,911001,OTORGADOS POR ENTIDADES DEL ESTADO,false,true,1,6,OTORGADOS POR ENTIDADES DEL ESTADO,6,1
9110010202,911001,OTORGADOS POR ENTIDADES DEL ESTADO,false,true,1,6,OTORGADOS POR ENTIDADES DEL ESTADO,6,1
9110010301,911001,OTORGADOS POR EMPRESAS PRIVADAS,false,true,1,6,OTORGADOS POR EMPRESAS PRIVADAS,6,1
9110010302,911001,OTORGADOS POR EMPRESAS PRIVADAS,false,true,1,6,OTORGADOS POR EMPRESAS PRIVADAS,6,1
9110010401,911001,OTORGADOS POR PARTICULARES,false,true,1,6,OTORGADOS POR PARTICULARES,6,1
9110010402,911001,OTORGADOS POR PARTICULARES,false,true,1,6,OTORGADOS POR PARTICULARES,6,1
9110010501,911001,OTORGADOS POR BANCOS,false,true,1,6,OTORGADOS POR BANCOS,6,1
9110010502,911001,OTORGADOS POR BANCOS,false,true,1,6,OTORGADOS POR BANCOS,6,1
9110010601,911001,OTRAS ENTIDADES DEL SISTEMA FINANCIERO,false,true,1,6,OTRAS ENTIDADES DEL SISTEMA FINANCIERO,6,1
9110010602,911001,OTRAS ENTIDADES DEL SISTEMA FINANCIERO,false,true,1,6,OTRAS ENTIDADES DEL SISTEMA FINANCIERO,6,1
9110010701,911001,OTORGADOS POR BANCOS EXTRANJEROS,false,true,1,6,OTORGADOS POR BANCOS EXTRANJEROS,6,1
9110010702,911001,OTORGADOS POR BANCOS EXTRANJEROS,false,true,1,6,OTORGADOS POR BANCOS EXTRANJEROS,6,1
9110020101,911002,CRÉDITOS APROBADOS PENDIENTES DE FORMALIZAR,false,true,1,6,CRÉDITOS APROBADOS PENDIENTES DE FORMALIZAR,6,1
9110020102,911002,CRÉDITOS APROBADOS PENDIENTES DE FORMALIZAR,false,true,1,6,CRÉDITOS APROBADOS PENDIENTES DE FORMALIZAR,6,1
9110020201,911002,SALDOS NO UTILIZADOS DE LÍNEAS DE CRÉDITO,false,true,1,6,SALDOS NO UTILIZADOS DE LÍNEAS DE CRÉDITO,6,1
9110020202,911002,SALDOS NO UTILIZADOS DE LÍNEAS DE CRÉDITO,false,true,1,6,SALDOS NO UTILIZADOS DE LÍNEAS DE CRÉDITO,6,1
9110020301,911002,SALDOS NO UTILIZADOS DE SOBREGIROS,false,true,1,6,SALDOS NO UTILIZADOS DE SOBREGIROS,6,1
9110020302,911002,SALDOS NO UTILIZADOS DE SOBREGIROS,false,true,1,6,SALDOS NO UTILIZADOS DE SOBREGIROS,6,1
9110020401,911002,SALDOS NO UTILIZADOS DE TARJETAS DE CRÉDITO,false,true,1,6,SALDOS NO UTILIZADOS DE TARJETAS DE CRÉDITO,6,1
9110020402,911002,SALDOS NO UTILIZADOS DE TARJETAS DE CRÉDITO,false,true,1,6,SALDOS NO UTILIZADOS DE TARJETAS DE CRÉDITO,6,1
9120000001,912000,FONDOS EN ADMINISTRACIÓN,false,true,1,6,FONDOS EN ADMINISTRACIÓN,6,1
9120000002,912000,FONDOS EN ADMINISTRACIÓN,false,true,1,6,FONDOS EN ADMINISTRACIÓN,6,1
9130000100,913000,EMPRESA PRIVADAS,false,true,1,6,EMPRESA PRIVADAS,6,1
9130000200,913000,BANCOS Y FINANCIERAS,false,true,1,6,BANCOS Y FINANCIERAS,6,1
9130000300,913000,OTRAS INSTITUCIONES DEL SISTEMA FINANCIERO,false,true,1,6,OTRAS INSTITUCIONES DEL SISTEMA FINANCIERO,6,1
9130000400,913000,ENTIDADES ESTATALES,false,true,1,6,ENTIDADES ESTATALES,6,1
9130000500,913000,PARTICULARES,false,true,1,6,PARTICULARES,6,1
9140000100,914000,EMPRESA PRIVADAS,false,true,1,6,EMPRESA PRIVADAS,6,1
9140000200,914000,BANCOS,false,true,1,6,BANCOS,6,1
9140000300,914000,OTRAS INSTITUCIONES DEL SISTEMA FINANCIERO,false,true,1,6,OTRAS INSTITUCIONES DEL SISTEMA FINANCIERO,6,1
9140000400,914000,ENTIDADES ESTATALES,false,true,1,6,ENTIDADES ESTATALES,6,1
9140000500,914000,PARTICULARES,false,true,1,6,PARTICULARES,6,1
9140000600,914000,FONDOS DE ESTABILIZACIÓN,false,true,1,6,FONDOS DE ESTABILIZACIÓN,6,1
9160010101,916001,PRESTAMOS A EMPRESAS PRIVADAS,false,true,1,6,PRESTAMOS A EMPRESAS PRIVADAS,6,1
9160010102,916001,PRESTAMOS A EMPRESAS PRIVADAS,false,true,1,6,PRESTAMOS A EMPRESAS PRIVADAS,6,1
9160010201,916001,INSTITUCIONES DE CRÉDITO,false,true,1,6,INSTITUCIONES DE CRÉDITO,6,1
9160010202,916001,INSTITUCIONES DE CRÉDITO,false,true,1,6,INSTITUCIONES DE CRÉDITO,6,1
9160010301,916001,INSTITUCIONES DE SEGURO Y PREVISIÓN SOCIAL,false,true,1,6,INSTITUCIONES DE SEGURO Y PREVISIÓN SOCIAL,6,1
9160010302,916001,INSTITUCIONES DE SEGURO Y PREVISIÓN SOCIAL,false,true,1,6,INSTITUCIONES DE SEGURO Y PREVISIÓN SOCIAL,6,1
9160010401,916001,PRESTAMOS A EMPRESAS PUBLICAS NO FINANCIERAS,false,true,1,6,PRESTAMOS A EMPRESAS PUBLICAS NO FINANCIERAS,6,1
9160010402,916001,PRESTAMOS A EMPRESAS PUBLICAS NO FINANCIERAS,false,true,1,6,PRESTAMOS A EMPRESAS PUBLICAS NO FINANCIERAS,6,1
9160010501,916001,PRESTAMOS A GOBIERNO CENTRAL,false,true,1,6,PRESTAMOS A GOBIERNO CENTRAL,6,1
9160010502,916001,PRESTAMOS A GOBIERNO CENTRAL,false,true,1,6,PRESTAMOS A GOBIERNO CENTRAL,6,1
9160010601,916001,PRESTAMOS A GOBIERNO MUNICIPALES,false,true,1,6,PRESTAMOS A GOBIERNO MUNICIPALES,6,1
9160010602,916001,PRESTAMOS A GOBIERNOS MUNICIPALES,false,true,1,6,PRESTAMOS A GOBIERNOS MUNICIPALES,6,1
9160010701,916001,PRESTAMOS A PARTICULARES,false,true,1,6,PRESTAMOS A PARTICULARES,6,1
9160010702,916001,PRESTAMOS A PARTICULARES,false,true,1,6,PRESTAMOS A PARTICULARES,6,1
9160010801,916001,PRESTAMOS A EMPRESAS NO DOMICILIADAS,false,true,1,6,PRESTAMOS A EMPRESAS NO DOMICILIADAS,6,1
9160010802,916001,PRESTAMOS A EMPRESAS NO DOMICILIADAS,false,true,1,6,PRESTAMOS A EMPRESAS NO DOMICILIADAS,6,1
9160010901,916001,PRESTAMOS A OTROS,false,true,1,6,PRESTAMOS A OTROS,6,1
9160010902,916001,PRESTAMOS A OTROS,false,true,1,6,PRESTAMOS A OTROS,6,1
9160020101,916002,PRESTAMOS A EMPRESAS PRIVADAS,false,true,1,6,PRESTAMOS A EMPRESAS PRIVADAS,6,1
9160020102,916002,PRESTAMOS A EMPRESAS PRIVADAS,false,true,1,6,PRESTAMOS A EMPRESAS PRIVADAS,6,1
9160020201,916002,INSTITUCIONES DE CRÉDITO,false,true,1,6,INSTITUCIONES DE CRÉDITO,6,1
9160020202,916002,INSTITUCIONES DE CRÉDITO,false,true,1,6,INSTITUCIONES DE CRÉDITO,6,1
9160020301,916002,INSTITUCIONES DE SEGURO Y PREVISIÓN SOCIAL,false,true,1,6,INSTITUCIONES DE SEGURO Y PREVISIÓN SOCIAL,6,1
9160020302,916002,INSTITUCIONES DE SEGURO Y PREVISIÓN SOCIAL,false,true,1,6,INSTITUCIONES DE SEGURO Y PREVISIÓN SOCIAL,6,1
9160020401,916002,PRESTAMOS A EMPRESAS PUBLICAS NO FINANCIERAS,false,true,1,6,PRESTAMOS A EMPRESAS PUBLICAS NO FINANCIERAS,6,1
9160020402,916002,PRESTAMOS A EMPRESAS PUBLICAS NO FINANCIERAS,false,true,1,6,PRESTAMOS A EMPRESAS PUBLICAS NO FINANCIERAS,6,1
9160020501,916002,PRESTAMOS A GOBIERNO CENTRAL,false,true,1,6,PRESTAMOS A GOBIERNO CENTRAL,6,1
9160020502,916002,PRESTAMOS A GOBIERNO CENTRAL,false,true,1,6,PRESTAMOS A GOBIERNO CENTRAL,6,1
9160020601,916002,PRESTAMOS A GOBIERNO MUNICIPALES,false,true,1,6,PRESTAMOS A GOBIERNO MUNICIPALES,6,1
9160020602,916002,PRESTAMOS A GOBIERNOS MUNICIPALES,false,true,1,6,PRESTAMOS A GOBIERNOS MUNICIPALES,6,1
9160020701,916002,PRESTAMOS A PARTICULARES,false,true,1,6,PRESTAMOS A PARTICULARES,6,1
9160020702,916002,PRESTAMOS A PARTICULARES,false,true,1,6,PRESTAMOS A PARTICULARES,6,1
9160020801,916002,PRESTAMOS A EMPRESAS NO DOMICILIADAS,false,true,1,6,PRESTAMOS A EMPRESAS NO DOMICILIADAS,6,1
9160020802,916002,PRESTAMOS A EMPRESAS NO DOMICILIADAS,false,true,1,6,PRESTAMOS A EMPRESAS NO DOMICILIADAS,6,1
9160020901,916002,PRESTAMOS A OTROS,false,true,1,6,PRESTAMOS A OTROS,6,1
9160020902,916002,PRESTAMOS A OTROS,false,true,1,6,PRESTAMOS A OTROS,6,1
9160030101,916003,PRESTAMOS A EMPRESAS PRIVADAS,false,true,1,6,PRESTAMOS A EMPRESAS PRIVADAS,6,1
9160030102,916003,PRESTAMOS A EMPRESAS PRIVADAS,false,true,1,6,PRESTAMOS A EMPRESAS PRIVADAS,6,1
9160030201,916003,INSTITUCIONES DE CRÉDITO,false,true,1,6,INSTITUCIONES DE CRÉDITO,6,1
9160030202,916003,INSTITUCIONES DE CRÉDITO,false,true,1,6,INSTITUCIONES DE CRÉDITO,6,1
9160030301,916003,INSTITUCIONES DE SEGURO Y PREVISIÓN SOCIAL,false,true,1,6,INSTITUCIONES DE SEGURO Y PREVISIÓN SOCIAL,6,1
9160030302,916003,INSTITUCIONES DE SEGURO Y PREVISIÓN SOCIAL,false,true,1,6,INSTITUCIONES DE SEGURO Y PREVISIÓN SOCIAL,6,1
9160030401,916003,PRESTAMOS A EMPRESAS PUBLICAS NO FINANCIERAS,false,true,1,6,PRESTAMOS A EMPRESAS PUBLICAS NO FINANCIERAS,6,1
9160030402,916003,PRESTAMOS A EMPRESAS PUBLICAS NO FINANCIERAS,false,true,1,6,PRESTAMOS A EMPRESAS PUBLICAS NO FINANCIERAS,6,1
9160030501,916003,PRESTAMOS A GOBIERNO CENTRAL,false,true,1,6,PRESTAMOS A GOBIERNO CENTRAL,6,1
9160030502,916003,PRESTAMOS A GOBIERNO CENTRAL,false,true,1,6,PRESTAMOS A GOBIERNO CENTRAL,6,1
9160030601,916003,PRESTAMOS A GOBIERNO MUNICIPALES,false,true,1,6,PRESTAMOS A GOBIERNO MUNICIPALES,6,1
9160030602,916003,PRESTAMOS A GOBIERNOS MUNICIPALES,false,true,1,6,PRESTAMOS A GOBIERNOS MUNICIPALES,6,1
9160030701,916003,PRESTAMOS A PARTICULARES,false,true,1,6,PRESTAMOS A PARTICULARES,6,1
9160030702,916003,PRESTAMOS A PARTICULARES,false,true,1,6,PRESTAMOS A PARTICULARES,6,1
9160030801,916003,PRESTAMOS A EMPRESAS NO DOMICILIADAS,false,true,1,6,PRESTAMOS A EMPRESAS NO DOMICILIADAS,6,1
9160030802,916003,PRESTAMOS A EMPRESAS NO DOMICILIADAS,false,true,1,6,PRESTAMOS A EMPRESAS NO DOMICILIADAS,6,1
9160030901,916003,PRESTAMOS A OTROS,false,true,1,6,PRESTAMOS A OTROS,6,1
9160030902,916003,PRESTAMOS A OTROS,false,true,1,6,PRESTAMOS A OTROS,6,1
9160050101,916005,PRESTAMOS A EMPRESAS PRIVADAS,false,true,1,6,PRESTAMOS A EMPRESAS PRIVADAS,6,1
9160050102,916005,PRESTAMOS A EMPRESAS PRIVADAS,false,true,1,6,PRESTAMOS A EMPRESAS PRIVADAS,6,1
9160050201,916005,INSTITUCIONES DE CRÉDITO,false,true,1,6,INSTITUCIONES DE CRÉDITO,6,1
9160050202,916005,INSTITUCIONES DE CRÉDITO,false,true,1,6,INSTITUCIONES DE CRÉDITO,6,1
9160050301,916005,INSTITUCIONES DE SEGURO Y PREVISIÓN SOCIAL,false,true,1,6,INSTITUCIONES DE SEGURO Y PREVISIÓN SOCIAL,6,1
9160050302,916005,INSTITUCIONES DE SEGURO Y PREVISIÓN SOCIAL,false,true,1,6,INSTITUCIONES DE SEGURO Y PREVISIÓN SOCIAL,6,1
9160050401,916005,PRESTAMOS A EMPRESAS PUBLICAS NO FINANCIERAS,false,true,1,6,PRESTAMOS A EMPRESAS PUBLICAS NO FINANCIERAS,6,1
9160050402,916005,PRESTAMOS A EMPRESAS PUBLICAS NO FINANCIERAS,false,true,1,6,PRESTAMOS A EMPRESAS PUBLICAS NO FINANCIERAS,6,1
9160050501,916005,PRESTAMOS A GOBIERNO CENTRAL,false,true,1,6,PRESTAMOS A GOBIERNO CENTRAL,6,1
9160050502,916005,PRESTAMOS A GOBIERNO CENTRAL,false,true,1,6,PRESTAMOS A GOBIERNO CENTRAL,6,1
9160050601,916005,PRESTAMOS A GOBIERNO MUNICIPALES,false,true,1,6,PRESTAMOS A GOBIERNO MUNICIPALES,6,1
9160050602,916005,PRESTAMOS A GOBIERNOS MUNICIPALES,false,true,1,6,PRESTAMOS A GOBIERNOS MUNICIPALES,6,1
9160050701,916005,PRESTAMOS A PARTICULARES,false,true,1,6,PRESTAMOS A PARTICULARES,6,1
9160050702,916005,PRESTAMOS A PARTICULARES,false,true,1,6,PRESTAMOS A PARTICULARES,6,1
9160050801,916005,PRESTAMOS A EMPRESAS NO DOMICILIADAS,false,true,1,6,PRESTAMOS A EMPRESAS NO DOMICILIADAS,6,1
9160050802,916005,PRESTAMOS A EMPRESAS NO DOMICILIADAS,false,true,1,6,PRESTAMOS A EMPRESAS NO DOMICILIADAS,6,1
9160050901,916005,PRESTAMOS A OTROS,false,true,1,6,PRESTAMOS A OTROS,6,1
9160050902,916005,PRESTAMOS A OTROS,false,true,1,6,PRESTAMOS A OTROS,6,1
9160060101,916006,PRESTAMOS A EMPRESAS PRIVADAS,false,true,1,6,PRESTAMOS A EMPRESAS PRIVADAS,6,1
9160060102,916006,PRESTAMOS A EMPRESAS PRIVADAS,false,true,1,6,PRESTAMOS A EMPRESAS PRIVADAS,6,1
9160060201,916006,INSTITUCIONES DE CRÉDITO,false,true,1,6,INSTITUCIONES DE CRÉDITO,6,1
9160060202,916006,INSTITUCIONES DE CRÉDITO,false,true,1,6,INSTITUCIONES DE CRÉDITO,6,1
9160060301,916006,INSTITUCIONES DE SEGURO Y PREVISIÓN SOCIAL,false,true,1,6,INSTITUCIONES DE SEGURO Y PREVISIÓN SOCIAL,6,1
9160060302,916006,INSTITUCIONES DE SEGURO Y PREVISIÓN SOCIAL,false,true,1,6,INSTITUCIONES DE SEGURO Y PREVISIÓN SOCIAL,6,1
9160060401,916006,PRESTAMOS A EMPRESAS PUBLICAS NO FINANCIERAS,false,true,1,6,PRESTAMOS A EMPRESAS PUBLICAS NO FINANCIERAS,6,1
9160060402,916006,PRESTAMOS A EMPRESAS PUBLICAS NO FINANCIERAS,false,true,1,6,PRESTAMOS A EMPRESAS PUBLICAS NO FINANCIERAS,6,1
9160060501,916006,PRESTAMOS A GOBIERNO CENTRAL,false,true,1,6,PRESTAMOS A GOBIERNO CENTRAL,6,1
9160060502,916006,PRESTAMOS A GOBIERNO CENTRAL,false,true,1,6,PRESTAMOS A GOBIERNO CENTRAL,6,1
9160060601,916006,PRESTAMOS A GOBIERNO MUNICIPALES,false,true,1,6,PRESTAMOS A GOBIERNO MUNICIPALES,6,1
9160060602,916006,PRESTAMOS A GOBIERNOS MUNICIPALES,false,true,1,6,PRESTAMOS A GOBIERNOS MUNICIPALES,6,1
9160060701,916006,PRESTAMOS A PARTICULARES,false,true,1,6,PRESTAMOS A PARTICULARES,6,1
9160060702,916006,PRESTAMOS A PARTICULARES,false,true,1,6,PRESTAMOS A PARTICULARES,6,1
9160060801,916006,PRESTAMOS A EMPRESAS NO DOMICILIADAS,false,true,1,6,PRESTAMOS A EMPRESAS NO DOMICILIADAS,6,1
9160060802,916006,PRESTAMOS A EMPRESAS NO DOMICILIADAS,false,true,1,6,PRESTAMOS A EMPRESAS NO DOMICILIADAS,6,1
9160060901,916006,PRESTAMOS A OTROS,false,true,1,6,PRESTAMOS A OTROS,6,1
9160060902,916006,PRESTAMOS A OTROS,false,true,1,6,PRESTAMOS A OTROS,6,1
9160070101,916007,PRESTAMOS A EMPRESAS PRIVADAS,false,true,1,6,PRESTAMOS A EMPRESAS PRIVADAS,6,1
9160070102,916007,PRESTAMOS A EMPRESAS PRIVADAS,false,true,1,6,PRESTAMOS A EMPRESAS PRIVADAS,6,1
9160070201,916007,INSTITUCIONES DE CRÉDITO,false,true,1,6,INSTITUCIONES DE CRÉDITO,6,1
9160070202,916007,INSTITUCIONES DE CRÉDITO,false,true,1,6,INSTITUCIONES DE CRÉDITO,6,1
9160070301,916007,INSTITUCIONES DE SEGURO Y PREVISIÓN SOCIAL,false,true,1,6,INSTITUCIONES DE SEGURO Y PREVISIÓN SOCIAL,6,1
9160070302,916007,INSTITUCIONES DE SEGURO Y PREVISIÓN SOCIAL,false,true,1,6,INSTITUCIONES DE SEGURO Y PREVISIÓN SOCIAL,6,1
9160070401,916007,PRESTAMOS A EMPRESAS PUBLICAS NO FINANCIERAS,false,true,1,6,PRESTAMOS A EMPRESAS PUBLICAS NO FINANCIERAS,6,1
9160070402,916007,PRESTAMOS A EMPRESAS PUBLICAS NO FINANCIERAS,false,true,1,6,PRESTAMOS A EMPRESAS PUBLICAS NO FINANCIERAS,6,1
9160070501,916007,PRESTAMOS A GOBIERNO CENTRAL,false,true,1,6,PRESTAMOS A GOBIERNO CENTRAL,6,1
9160070502,916007,PRESTAMOS A GOBIERNO CENTRAL,false,true,1,6,PRESTAMOS A GOBIERNO CENTRAL,6,1
9160070601,916007,PRESTAMOS A GOBIERNO MUNICIPALES,false,true,1,6,PRESTAMOS A GOBIERNO MUNICIPALES,6,1
9160070602,916007,PRESTAMOS A GOBIERNOS MUNICIPALES,false,true,1,6,PRESTAMOS A GOBIERNOS MUNICIPALES,6,1
9160070701,916007,PRESTAMOS A PARTICULARES,false,true,1,6,PRESTAMOS A PARTICULARES,6,1
9160070702,916007,PRESTAMOS A PARTICULARES,false,true,1,6,PRESTAMOS A PARTICULARES,6,1
9160070801,916007,PRESTAMOS A EMPRESAS NO DOMICILIADAS,false,true,1,6,PRESTAMOS A EMPRESAS NO DOMICILIADAS,6,1
9160070802,916007,PRESTAMOS A EMPRESAS NO DOMICILIADAS,false,true,1,6,PRESTAMOS A EMPRESAS NO DOMICILIADAS,6,1
9160070901,916007,PRESTAMOS A OTROS,false,true,1,6,PRESTAMOS A OTROS,6,1
9160070902,916007,PRESTAMOS A OTROS,false,true,1,6,PRESTAMOS A OTROS,6,1
9170000001,917000,SALDOS A CARGO DE DEUDORES,false,true,2,6,SALDOS A CARGO DE DEUDORES,6,0
9170000002,917000,SALDOS A CARGO DE DEUDORES,false,true,1,6,SALDOS A CARGO DE DEUDORES,6,1
9210000100,921000,CON HIPOTECA,false,true,1,6,CON HIPOTECA,6,1
9210000200,921000,CON HIPOTECA ABIERTA,false,true,1,6,CON HIPOTECA ABIERTA,6,1
9210000300,921000,CON PRENDA CON DESPLAZAMIENTO,false,true,1,6,CON PRENDA CON DESPLAZAMIENTO,6,1
9210000400,921000,CON PRENDA SIN DESPLAZAMIENTO,false,true,1,6,CON PRENDA SIN DESPLAZAMIENTO,6,1
9210000500,921000,PRENDA SOBRE COSECHAS (AVÍO),false,true,1,6,PRENDA SOBRE COSECHAS (AVÍO),6,1
9210000600,921000,MUTUOS SIN GARANTÍA REAL,false,true,1,6,MUTUOS SIN GARANTÍA REAL,6,1
9210000700,921000,HIPOTECA LEGAL SUBSIDIARIA,false,true,1,6,HIPOTECA LEGAL SUBSIDIARIA,6,1
9210000800,921000,CON FIANZAS O AVALES,false,true,1,6,CON FIANZAS O AVALES,6,1
9220010000,922001,CHEQUES DE VIAJERO PARA LA VENTA,false,true,1,6,CHEQUES DE VIAJERO PARA LA VENTA,6,1
9220020101,922002,COBRANZAS LOCALES,false,true,1,6,COBRANZAS LOCALES,6,1
9220020201,922002,COBRANZAS DEL EXTERIOR,false,true,1,6,COBRANZAS DEL EXTERIOR,6,1
9220020202,922002,COBRANZAS DEL EXTERIOR,false,true,1,6,COBRANZAS DEL EXTERIOR,6,1
9220030101,922003,OTORGADAS POR EMPRESAS NACIONALES,false,true,1,6,OTORGADAS POR EMPRESAS NACIONALES,6,1
9220030102,922003,OTORGADAS POR EMPRESAS EXTRANJERAS,false,true,1,6,OTORGADAS POR EMPRESAS EXTRANJERAS,6,1
9220040000,922004,DOCUMENTOS DESCONTADOS,false,true,1,6,DOCUMENTOS DESCONTADOS,6,1
9220050100,922005,A EMPRESAS PRIVADAS,false,true,1,6,A EMPRESAS PRIVADAS,6,1
9220050200,922005,A BANCOS,false,true,1,6,A BANCOS,6,1
9220050300,922005,A OTRAS INSTITUCIONES DEL SISTEMA FINANCIERO,false,true,1,6,A OTRAS INSTITUCIONES DEL SISTEMA FINANCIERO,6,1
9220050400,922005,A ENTIDADES DEL ESTADO,false,true,1,6,A ENTIDADES DEL ESTADO,6,1
9220050500,922005,A PARTICULARES,false,true,1,6,A PARTICULARES,6,1
9220060000,922006,DOCUMENTOS DE CARTERA EN ADMINISTRACIÓN,false,true,1,6,DOCUMENTOS DE CARTERA EN ADMINISTRACIÓN,6,1
9220070000,922007,DOCUMENTOS DE FONDOS DE GARANTÍA,false,true,1,6,DOCUMENTOS DE FONDOS DE GARANTÍA,6,1
9220080100,922008,PROPIOS,false,true,1,6,PROPIOS,6,1
9220080200,922008,AJENOS,false,true,1,6,AJENOS,6,1
9230010101,923001,EMITIDOS POR EL BCR,false,true,1,6,EMITIDOS POR EL BCR,6,1
9230010102,923001,EMITIDOS POR EL BCR,false,true,1,6,EMITIDOS POR EL BCR,6,1
9230010201,923001,EMITIDOS POR EL ESTADO,false,true,1,6,EMITIDOS POR EL ESTADO,6,1
9230010202,923001,EMITIDOS POR EL ESTADO,false,true,1,6,EMITIDOS POR EL ESTADO,6,1
9230010301,923001,EMITIDOS POR EMPRESAS PRIVADAS,false,true,1,6,EMITIDOS POR EMPRESAS PRIVADAS,6,1
9230010302,923001,EMITIDOS POR EMPRESAS PRIVADAS,false,true,1,6,EMITIDOS POR EMPRESAS PRIVADAS,6,1
9230010501,923001,EMITIDOS POR BANCOS,false,true,1,6,EMITIDOS POR BANCOS,6,1
9230010502,923001,EMITIDOS POR BANCOS,false,true,1,6,EMITIDOS POR BANCOS,6,1
9230010601,923001,EMITIDOS POR OTRAS ENTIDADES DEL SISTEMA FINANCIERO,false,true,1,6,EMITIDOS POR OTRAS ENTIDADES DEL SISTEMA FINANCIERO,6,1
9230010602,923001,EMITIDOS POR OTRAS ENTIDADES DEL SISTEMA FINANCIERO,false,true,1,6,EMITIDOS POR OTRAS ENTIDADES DEL SISTEMA FINANCIERO,6,1
9230010701,923001,EMITIDOS POR INSTITUCIONES EXTRANJERAS,false,true,1,6,EMITIDOS POR INSTITUCIONES EXTRANJERAS,6,1
9230010702,923001,EMITIDOS POR INSTITUCIONES EXTRANJERAS,false,true,1,6,EMITIDOS POR INSTITUCIONES EXTRANJERAS,6,1
9230010801,923001,EMITIDOS POR EL INSTITUTO DE GARANTÍA DE DEPÓSITOS,false,true,1,6,EMITIDOS POR EL INSTITUTO DE GARANTÍA DE DEPÓSITOS,6,1
9230010802,923001,EMITIDOS POR EL INSTITUTO DE GARANTÍA DE DEPÓSITOS,false,true,1,6,EMITIDOS POR EL INSTITUTO DE GARANTÍA DE DEPÓSITOS,6,1
9230019901,923001,INTERESES Y OTROS POR COBRAR,false,true,1,6,INTERESES Y OTROS POR COBRAR,6,1
9230019902,923001,INTERESES Y OTROS POR COBRAR,false,true,1,6,INTERESES Y OTROS POR COBRAR,6,1
9230020101,923002,EMITIDOS POR EL BCR,false,true,1,6,EMITIDOS POR EL BCR,6,1
9230020102,923002,EMITIDOS POR EL BCR,false,true,1,6,EMITIDOS POR EL BCR,6,1
9230020201,923002,EMITIDOS POR EL ESTADO,false,true,1,6,EMITIDOS POR EL ESTADO,6,1
9230020202,923002,EMITIDOS POR EL ESTADO,false,true,1,6,EMITIDOS POR EL ESTADO,6,1
9230020301,923002,EMITIDOS POR EMPRESAS PRIVADAS,false,true,1,6,EMITIDOS POR EMPRESAS PRIVADAS,6,1
9230020302,923002,EMITIDOS POR EMPRESAS PRIVADAS,false,true,1,6,EMITIDOS POR EMPRESAS PRIVADAS,6,1
9230020501,923002,EMITIDOS POR BANCOS,false,true,1,6,EMITIDOS POR BANCOS,6,1
9230020502,923002,EMITIDOS POR BANCOS,false,true,1,6,EMITIDOS POR BANCOS,6,1
9230020601,923002,EMITIDOS POR OTRAS ENTIDADES DEL SISTEMA FINANCIERO,false,true,1,6,EMITIDOS POR OTRAS ENTIDADES DEL SISTEMA FINANCIERO,6,1
9230020602,923002,EMITIDOS POR OTRAS ENTIDADES DEL SISTEMA FINANCIERO,false,true,1,6,EMITIDOS POR OTRAS ENTIDADES DEL SISTEMA FINANCIERO,6,1
9230020701,923002,EMITIDOS POR INSTITUCIONES EXTRANJERAS,false,true,1,6,EMITIDOS POR INSTITUCIONES EXTRANJERAS,6,1
9230020702,923002,EMITIDOS POR INSTITUCIONES EXTRANJERAS,false,true,1,6,EMITIDOS POR INSTITUCIONES EXTRANJERAS,6,1
9230020801,923002,EMITIDOS POR EL INSTITUTO DE GARANTÍA DE DEPÓSITOS,false,true,1,6,EMITIDOS POR EL INSTITUTO DE GARANTÍA DE DEPÓSITOS,6,1
9230020802,923002,EMITIDOS POR EL INSTITUTO DE GARANTÍA DE DEPÓSITOS,false,true,1,6,EMITIDOS POR EL INSTITUTO DE GARANTÍA DE DEPÓSITOS,6,1
9230029901,923002,INTERESES Y OTROS POR COBRAR,false,true,1,6,INTERESES Y OTROS POR COBRAR,6,1
9230029902,923002,INTERESES Y OTROS POR COBRAR,false,true,1,6,INTERESES Y OTROS POR COBRAR,6,1
9240010001,924001,CARTERA DE PRÉSTAMOS,false,true,1,6,CARTERA DE PRÉSTAMOS,6,1
9240010002,924001,CARTERA DE PRÉSTAMOS,false,true,1,6,CARTERA DE PRÉSTAMOS,6,1
9240020001,924002,INVERSIONES FINANCIERAS,false,true,1,6,INVERSIONES FINANCIERAS,6,1
9240020002,924002,INVERSIONES FINANCIERAS,false,true,1,6,INVERSIONES FINANCIERAS,6,1
9240030001,924003,CUENTAS POR COBRAR,false,true,1,6,CUENTAS POR COBRAR,6,1
9240030002,924003,CUENTAS POR COBRAR,false,true,1,6,CUENTAS POR COBRAR,6,1
111001020201,1110010202,BOVEDA,false,true,1,1,BOVEDA,7,1
111001020202,1110010202,NO. 2,false,true,1,1,NO. 2,7,1
111001030201,1110010302,BOVEDA SANTIAGO DE MARIA,false,true,1,1,BOVEDA SANTIAGO DE MARIA,7,1
111001030202,1110010302,BOVEDA USULUTAN,false,true,1,1,BOVEDA USULUTAN,7,1
111001030203,1110010302,CAJA CHICA SANTIAGO DE MARIA,false,true,1,1,CAJA CHICA SANTIAGO DE MARIA,7,1
111001030204,1110010302,CAJA CHICA AGENCIA USULUTAN,false,true,1,1,CAJA CHICA AGENCIA USULUTAN,7,1
111004010101,1110040101,"AMC, DE RL. DE C.V.",false,true,1,1,"AMC, DE RL. DE C.V.",7,1
111004010102,1110040101,BANCOVI AHORRO A LA VISTA,false,true,1,1,BANCOVI AHORRO A LA VISTA,7,1
111004010103,1110040101,BANCOVI DE R.L. AHORRO PROGRAMADO,false,true,1,1,BANCOVI DE R.L. AHORRO PROGRAMADO,7,1
111004010104,1110040101,BANCO DE FOMENTO AGROPECUARIO,false,true,1,1,BANCO DE FOMENTO AGROPECUARIO,7,1
111004020101,1110040201,BANCO ATLANTIDA (CTA.0303010321646),false,true,1,1,BANCO ATLANTIDA (CTA.0303010321646),7,1
111004020102,1110040201,BANCO CUSCATLAN 007-301-00-003649-5,false,true,1,1,BANCO CUSCATLAN 007-301-00-003649-5,7,1
111004020103,1110040201,BANCO AGRICOLA (XXXXXXXXXXX),false,true,1,1,BANCO AGRICOLA (XXXXXXXXXXX),7,1
111004020104,1110040201,BANCO HIPOTECARIO (XXXXXXXXXX),false,true,1,1,BANCO HIPOTECARIO (XXXXXXXXXX),7,1
111005010101,1110050101,XXXXXXXX,false,true,1,1,XXXXXXXX,7,1
111005010102,1110050101,XXXXX,false,true,1,1,XXXXX,7,1
111005010103,1110050101,XXXX,false,true,1,1,XXXX,7,1
111005030101,1110050301,XXXXXX,false,true,1,1,XXXXXX,7,1
114204010101,1142040101,CAPITAL CREDITOS DE CONSUMO,false,true,1,1,CAPITAL CREDITOS DE CONSUMO,7,1
125001010001,1250010100,OTRAS CUENTAS POR COBRAR,false,true,1,1,OTRAS CUENTAS POR COBRAR,7,1
125001010002,1250010100,INTERESES PAGADOS POR ANTICIPADO DE DEPOSITOS A PLAZO,false,true,1,1,INTERESES PAGADOS POR ANTICIPADO DE DEPOSITOS A PLAZO,7,1
125001010003,1250010100,INGRESO DE SOCIOS,false,true,1,1,INGRESO DE SOCIOS,7,1
125001010004,1250010100,CHEQUES RECHAZADOS,false,true,1,1,CHEQUES RECHAZADOS,7,1
125001010005,1250010100,SEGUROS,false,true,1,1,SEGUROS,7,1
125001010006,1250010100,SOBREGIROS EN CUENTAS DE AHORRO,false,true,1,1,Activo por sobregiros de productos de ahorro; actualmente inactivo,7,1
125001010007,1250010100,COMISIONES POR COBRAR - AHORROS,false,true,1,1,Comisiones por cobrar de productos de ahorro,7,1
125001010008,1250010100,PENALIDADES POR COBRAR - AHORROS,false,true,1,1,Penalidades por cobrar de productos de ahorro,7,1
125001040001,1250010400,DEPÓSITOS EN GARANTÍA,false,true,1,1,DEPÓSITOS EN GARANTÍA,7,1
125001040002,1250010400,DEPOSITO EN GARANTÍA DE CAESS,false,true,1,1,DEPOSITO EN GARANTÍA DE CAESS,7,1
125099080101,1250990801,LORENA BEATRIZ FLORES AMAYA,false,true,1,1,LORENA BEATRIZ FLORES AMAYA,7,1
126003010101,1260030101,"CAPITAL, S.C. DE R.L. DE C.V. ACCIONES",false,true,1,1,"CAPITAL, S.C. DE R.L. DE C.V. ACCIONES",7,1
126003050101,1260030501,AMC DE RL.DE CV,false,true,1,1,AMC DE RL.DE CV,7,1
126003050102,1260030501,ACOINCI DE R.L.,false,true,1,1,ACOINCI DE R.L.,7,1
126003050103,1260030501,BANCOVI,false,true,1,1,BANCOVI,7,1
126003050104,1260030501,ACOPACTO DE R.L.,false,true,1,1,ACOPACTO DE R.L.,7,1
126003050105,1260030501,ACACU DE R.L.,false,true,1,1,ACACU DE R.L.,7,1
126003050106,1260030501,ACOACAC DE R.L.,false,true,1,1,ACOACAC DE R.L.,7,1
126003050107,1260030501,ACAASS DE R.L.,false,true,1,1,ACAASS DE R.L.,7,1
131002010001,1310020100,CONSTRUCCIONES EN PROCESO CENTRO FINANCIERO,false,true,1,1,CONSTRUCCIONES EN PROCESO CENTRO FINANCIERO,7,1
131002010002,1310020100,CONSTRUCCIONES EN PROCESO AGENCIA PRESIDENTE PLAZA,false,true,1,1,CONSTRUCCIONES EN PROCESO AGENCIA PRESIDENTE PLAZA,7,1
133001010001,1330010100,INMUEBLES,false,true,1,1,INMUEBLES,7,1
133001010008,1330010100,OFICINAS ADMINISTRATIVAS,false,true,1,1,OFICINAS ADMINISTRATIVAS,7,1
211002990101,2110029901,INTERESES Y OTROS POR PAGAR EMPRESA PRIVADA,false,true,1,2,INTERESES Y OTROS POR PAGAR EMPRESA PRIVADA,7,1
211002990102,2110029901,INTERESES Y OTROS POR PAGAR PARTICULARES,false,true,1,2,INTERESES Y OTROS POR PAGAR PARTICULARES,7,1
211102990101,2111029901,PROVISION EMPRESAS,false,true,1,2,PROVISION EMPRESAS,7,1
211102990102,2111029901,PROVISION PARTICULARES,false,true,1,2,PROVISION PARTICULARES,7,1
211103990101,2111039901,PROVISION EMPRESA,false,true,1,2,PROVISION EMPRESA,7,1
211103990102,2111039901,PROVISION PARTICULARES,false,true,1,2,PROVISION PARTICULARES,7,1
211104990101,2111049901,PROVISION EMPRESAS,false,true,1,2,PROVISION EMPRESAS,7,1
211104990102,2111049901,PROVISION PARTICULARES,false,true,1,2,PROVISION PARTICULARES,7,1
211105990101,2111059901,PROVISION EMPRESAS,false,true,1,2,PROVISION EMPRESAS,7,1
211105990102,2111059901,PROVISION PARTICULARES,false,true,1,2,PROVISION PARTICULARES,7,1
211106990101,2111069901,PROVISION EMPRESAS,false,true,1,2,PROVISION EMPRESAS,7,1
211106990102,2111069901,PROVISION PARTICULARES,false,true,1,2,PROVISION PARTICULARES,7,1
211107990101,2111079901,PROVISION EMPRESA,false,true,1,2,PROVISION EMPRESA,7,1
211107990102,2111079901,PROVISION PARTICULARES,false,true,1,2,PROVISION PARTICULARES,7,1
211108990101,2111089901,PROVISION EMPRESA,false,true,1,2,PROVISION EMPRESA,7,1
211108990102,2111089901,PROVISION PARTICULARES,false,true,1,2,PROVISION PARTICULARES,7,1
211113030101,2111130301,PROVISION EMPRESA,false,true,1,2,PROVISION EMPRESA,7,1
211113030102,2111130301,PROVISION PARTICULARES,false,true,1,2,PROVISION PARTICULARES,7,1
211113990101,2111139901,PROVISION EMPRESA,false,true,1,2,PROVISION EMPRESA,7,1
211113990102,2111139901,PROVISION PARTICULARES,false,true,1,2,PROVISION PARTICULARES,7,1
211114030101,2111140301,CAPITAL AHORRO PROGRAMADO,false,true,1,2,CAPITAL AHORRO PROGRAMADO,7,1
211114040101,2111140401,CAPITAL PARTICULARES,false,true,1,2,CAPITAL PARTICULARES,7,1
211114990101,2111149901,PROVISION EMPRESA,false,true,1,2,PROVISION EMPRESA,7,1
211114990102,2111149901,PROVISION PARTICULARES,false,true,1,2,PROVISION PARTICULARES,7,1
211201990101,2112019901,PROVISION EMPRESA,false,true,1,2,PROVISION EMPRESA,7,1
211201990102,2112019901,PROVISION PARTICULARES,false,true,1,2,PROVISION PARTICULARES,7,1
211204030101,2112040301,CAPITAL EMPRESAS,false,true,1,2,CAPITAL EMPRESAS,7,1
211204040101,2112040401,CAPITAL PARTICULARES,false,true,1,2,CAPITAL PARTICULARES,7,1
211204990101,2112049901,EMPRESA PRIVADA- AHORRO PROGRAMADO,false,true,1,2,EMPRESA PRIVADA- AHORRO PROGRAMADO,7,1
211204990102,2112049901,PARTICULARES - AHORRO PROGRAMADO,false,true,1,2,PARTICULARES - AHORRO PROGRAMADO,7,1
222005010001,2220050100,IMPUESTO IVA,false,true,1,2,IMPUESTO IVA,7,1
222005010002,2220050100,PAGO A CUENTA,false,true,1,2,PAGO A CUENTA,7,1
222005050101,2220050501,AUDITORÍA EXTERNAS,false,true,1,2,AUDITORÍA EXTERNAS,7,1
222005050102,2220050501,REMESAS POR APLICAR EN BANCO,false,true,1,2,REMESAS POR APLICAR EN BANCO,7,1
222005050103,2220050501,COLECTURIAS PUNTO EXPRES,false,true,1,2,COLECTURIAS PUNTO EXPRES,7,1
222005050104,2220050501,RESERVA DE INMUEBLE,false,true,1,2,RESERVA DE INMUEBLE,7,1
222007020101,2220070201,SEGURO DE DAÑOS,false,true,1,2,SEGURO DE DAÑOS,7,1
222007020102,2220070201,SEGURO DE DEUDA,false,true,1,2,SEGURO DE DEUDA,7,1
222007020103,2220070201,SEGURO DE VEHICULO,false,true,1,2,SEGURO DE VEHICULO,7,1
222007020104,2220070201,GPS EN VEHICULO,false,true,1,2,GPS EN VEHICULO,7,1
222007020105,2220070201,AVALUOS,false,true,1,2,AVALUOS,7,1
2220070301,22200703,CUOTAS PENDIENTES DE APLICAR,false,true,1,2,CUOTAS PENDIENTES DE APLICAR,7,1
2220070302,22200703,REINTEGRO POR EXEDENTE EN PAGO DE CUOTA,false,true,1,2,Pasivo por excedentes en pagos de cuotas de préstamos,7,1
2220070303,22200703,APORTES DE CAPITAL PENDIENTES DE APROBAR,false,true,1,2,Temporary native share-purchase approval suspense; expected balance is zero.,7,1
222099910101,2220999101,RENDIMIENTO ACCIONES PREFERIDAS,false,true,1,2,RENDIMIENTO ACCIONES PREFERIDAS,7,1
222099910102,2220999101,DESEMBOLSO DE CREDITOS EN EFECTIVO SANTIAGO DE MARIA,false,true,1,2,DESEMBOLSO DE CREDITOS EN EFECTIVO SANTIAGO DE MARIA,7,1
222099910103,2220999101,DESEMBOLSOS DE CREDITOS EN EFECTIVO AGENCIA USULUTAN,false,true,1,2,DESEMBOLSOS DE CREDITOS EN EFECTIVO AGENCIA USULUTAN,7,1
222099910201,2220999101,DESEMBOLSO DE CREDITOS EN EFECTIVO,false,true,1,2,cuenta para cargar los desembolsos que se ejecutaran en caja,7,1
222099940104,2220999401,CUOTAS PENDIENTES DE APLICAR,false,true,1,2,Pasivo transitorio de cobros móviles pendientes de aplicar a créditos,7,1
222099940105,2220999401,EXEDENTE DE CUOTAS PAGADAS,false,true,1,2,Cuenta Arissto conservada; uso observado: fondos bancarios no identificados pendientes de devolución,7,1
223000010001,2230000100,ISR EMPLEADOS,false,true,1,2,ISR EMPLEADOS,7,1
223000010002,2230000100,ISR PROFESIONALES EVENTUALES,false,true,1,2,ISR PROFESIONALES EVENTUALES,7,1
223000010003,2230000100,ISR AHORRANTES,false,true,1,2,ISR AHORRANTES,7,1
223000010004,2230000100,ISR INTANGIBLES,false,true,1,2,ISR INTANGIBLES,7,1
223000010005,2230000100,ISR PREMIOS,false,true,1,2,ISR PREMIOS,7,1
223000010006,2230000100,ISR EXCEDENTES,false,true,1,2,ISR EXCEDENTES,7,1
223000010007,2230000100,ISR ARRENDAMIENTO PERSONAS NATURALES,false,true,1,2,ISR ARRENDAMIENTO PERSONAS NATURALES,7,1
311001010001,3110010100,APORTACIONES PAGADAS,false,true,1,3,APORTACIONES PAGADAS,7,1
311001010002,3110010100,CERTIFICADOS DE APORTACIONES,false,true,1,3,CERTIFICADOS DE APORTACIONES,7,1
311001020001,3110010200,ACCIONES COMUNES,false,true,1,3,ACCIONES COMUNES,7,1
311001020002,3110010200,ACCIONES PREFERIDAS,false,true,1,3,ACCIONES PREFERIDAS,7,1
311002020001,3110020200,ACCIONES COMUNES,false,true,1,3,ACCIONES COMUNES,7,1
311002020002,3110020200,ACCIONES PREFERIDAS,false,true,1,3,ACCIONES PREFERIDAS,7,1
311101020001,3111010200,ACCIONES COMUNES,false,true,1,3,ACCIONES COMUNES,7,1
311101020002,3111010200,ACCIONES PREFERIDAS,false,true,1,3,ACCIONES PREFERIDAS,7,1
311102020001,3111020200,ACCIONES COMUNES,false,true,1,3,ACCIONES COMUNES,7,1
311102020002,3111020200,ACCIONES PREFERIDAS,false,true,1,3,ACCIONES PREFERIDAS,7,1
322000010001,3220000100,TERRENOS,false,true,1,3,TERRENOS,7,1
322000010002,3220000100,EDIFICIOS,false,true,1,3,EDIFICIOS,7,1
611001010001,6110010100,INTERESES PERCIBIDOS,false,true,1,4,INTERESES PERCIBIDOS,7,1
611001010002,6110010100,INTERESES POR PERCIBIR,false,true,1,4,INTERESES POR PERCIBIR,7,1
611001010003,6110010100,INTERESES MORATORIOS,false,true,1,4,INTERESES MORATORIOS,7,1
621004040001,6210040400,COMISIONES POR EMISIÓN DE DOCUMENTOS,false,true,1,4,COMISIONES POR EMISIÓN DE DOCUMENTOS,7,1
621004040002,6210040400,CONSULTA DE BURO DE CREDITO,false,true,1,4,CONSULTA DE BURO DE CREDITO,7,1
621004040003,6210040400,COMISION POR PAGO DE REMESAS FAMILIARES,false,true,1,4,COMISION POR PAGO DE REMESAS FAMILIARES,7,1
621004040004,6210040400,COMISION POR EMISION DE CHEQUES,false,true,1,4,COMISION POR EMISION DE CHEQUES,7,1
621004040005,6210040400,COMISION POR INSPECCION Y VALUOS,false,true,1,4,COMISION POR INSPECCION Y VALUOS,7,1
621004040006,6210040400,VENTA DE LIBRETAS,false,true,1,4,VENTA DE LIBRETAS,7,1
621004040007,6210040400,COBRO DE PAPELERIA POR RETIRO DE ASOCIADO,false,true,1,4,COBRO DE PAPELERIA POR RETIRO DE ASOCIADO,7,1
711001010001,7110010100,COSTOS,false,true,1,5,COSTOS,7,1
711001010002,7110010100,COSTOS AHORRO PROGRAMADO,false,true,1,5,COSTOS AHORRO PROGRAMADO,7,1
917000000101,9170000001,CAPITAL Y ADITIVOS POR COBRAR DE PRESTAMOS,false,true,2,6,CAPITAL Y ADITIVOS POR COBRAR DE PRESTAMOS,7,0
917000000102,9170000001,RENDIMIENTO CERTIFICADOS DE APORTACION,false,true,2,6,RENDIMIENTO CERTIFICADOS DE APORTACION,7,0
91700000010101,917000000101,CAPITAL DE PRESTAMOS,false,true,1,6,CAPITAL DE PRESTAMOS,8,1
91700000010102,917000000101,INTERESES DE PRESTAMOS,false,true,2,6,INTERESES DE PRESTAMOS,8,0
91700000010103,917000000101,SEGUROS DE PRESTAMOS,false,true,2,6,SEGUROS DE PRESTAMOS,8,0
91700000010104,917000000101,AHORROS Y APORTACIONES DE PRESTAMO,false,true,2,6,AHORROS Y APORTACIONES DE PRESTAMO,8,0
91700000010201,917000000102,CERTIFICADO DE APORTACIONES PLUS SILVER,false,true,1,6,CERTIFICADO DE APORTACIONES PLUS SILVER,8,1
91700000010202,917000000102,CERTIFICADO DE APORTACIONES PLUS GOLD,false,true,1,6,CERTIFICADO DE APORTACIONES PLUS GOLD,8,1
91700000010203,917000000102,CERTIFICADO DE APORTACIONES PLUS PLATINUM,false,true,1,6,CERTIFICADO DE APORTACIONES PLUS PLATINUM,8,1
91700000010204,917000000102,CERTIFICADO DE APORTACIONES PLUS INFINITE,false,true,1,6,CERTIFICADO DE APORTACIONES PLUS INFINITE,8,1
9170000001010201,91700000010102,INTERESES ORDINARIO,false,true,1,6,INTERESES ORDINARIO,9,1
9170000001010301,91700000010103,SEGURO DE DAÑO,false,true,1,6,SEGURO DE DAÑO,9,1
9170000001010302,91700000010103,SEGURO DE DEUDA,false,true,1,6,SEGURO DE DEUDA,9,1
9170000001010303,91700000010103,SEGURO DE VEHICULO,false,true,1,6,SEGURO DE VEHICULO,9,1
9170000001010401,91700000010104,AHORROS,false,true,1,6,AHORROS,9,1
9170000001010402,91700000010104,APORTACIONES,false,true,1,6,APORTACIONES,9,1
