> Task :buildSrc:extractPluginRequests UP-TO-DATE
> Task :buildSrc:generatePluginAdapters UP-TO-DATE
> Task :buildSrc:compileJava UP-TO-DATE
> Task :buildSrc:compileGroovy UP-TO-DATE
> Task :buildSrc:compileGroovyPlugins UP-TO-DATE
> Task :buildSrc:pluginDescriptors UP-TO-DATE
> Task :buildSrc:processResources UP-TO-DATE
> Task :buildSrc:classes UP-TO-DATE
> Task :buildSrc:jar UP-TO-DATE

> Configure project :
matching ref: COMMIT - 67715eb14c548131a85c95535f08900fb77e5ba6
  ref configuration: COMMIT - pattern: null
    version: ${describe.tag.version.major}.${describe.tag.version.minor.next}.0-SNAPSHOT
    describeTagPattern: .*(\d+\.\d+\.\d+).*
    describeTagFirstParent: false

project version: 1.14.0-SNAPSHOT

> Configure project :fineract-provider
Loading environment variables from .env file...
[jib] no explicit credentials provided; relying on Docker credential helper if available
Loading environment variables from .env file...

> Task :fineract-charge:processResources UP-TO-DATE
> Task :fineract-core:processResources UP-TO-DATE
> Task :fineract-avro-schemas:preprocessAvroSchemas UP-TO-DATE
> Task :fineract-tax:processResources UP-TO-DATE
> Task :spotlessInternalRegisterDependencies UP-TO-DATE
> Task :fineract-branch:processResources UP-TO-DATE
> Task :fineract-accounting:processResources UP-TO-DATE
> Task :fineract-cob:processResources UP-TO-DATE
> Task :fineract-document:processResources UP-TO-DATE
> Task :fineract-rates:processResources UP-TO-DATE
> Task :fineract-progressive-loan:processResources UP-TO-DATE
> Task :fineract-loan:processResources UP-TO-DATE
> Task :fineract-investor:processResources UP-TO-DATE
> Task :fineract-report:processResources UP-TO-DATE
> Task :fineract-savings:processResources UP-TO-DATE
> Task :fineract-client:processResources UP-TO-DATE
> Task :fineract-avro-schemas:spotlessJson UP-TO-DATE
> Task :fineract-avro-schemas:spotlessJsonApply UP-TO-DATE
> Task :fineract-avro-schemas:buildJavaSdk UP-TO-DATE
> Task :fineract-validation:compileJava UP-TO-DATE
> Task :fineract-command:compileJava UP-TO-DATE
> Task :fineract-command:processResources UP-TO-DATE
> Task :fineract-validation:processResources UP-TO-DATE
> Task :fineract-command:classes UP-TO-DATE
> Task :fineract-validation:classes UP-TO-DATE
> Task :fineract-validation:jar UP-TO-DATE
> Task :fineract-command:jar UP-TO-DATE
> Task :fineract-avro-schemas:compileJava UP-TO-DATE
> Task :fineract-avro-schemas:processResources UP-TO-DATE
> Task :fineract-avro-schemas:classes UP-TO-DATE
> Task :fineract-avro-schemas:jar UP-TO-DATE
> Task :fineract-core:compileJava UP-TO-DATE
> Task :fineract-core:classes UP-TO-DATE
> Task :fineract-core:jar UP-TO-DATE
> Task :fineract-rates:compileJava UP-TO-DATE
> Task :fineract-rates:classes UP-TO-DATE
> Task :fineract-tax:compileJava UP-TO-DATE
> Task :fineract-tax:classes UP-TO-DATE
> Task :fineract-rates:jar UP-TO-DATE
> Task :fineract-tax:jar UP-TO-DATE
> Task :fineract-report:compileJava UP-TO-DATE
> Task :fineract-report:classes UP-TO-DATE
> Task :fineract-cob:compileJava UP-TO-DATE
> Task :fineract-cob:classes UP-TO-DATE
> Task :fineract-report:jar UP-TO-DATE
> Task :fineract-cob:jar UP-TO-DATE
> Task :fineract-document:compileJava UP-TO-DATE
> Task :fineract-document:classes UP-TO-DATE
> Task :fineract-document:jar UP-TO-DATE
> Task :fineract-charge:compileJava UP-TO-DATE
> Task :fineract-charge:classes UP-TO-DATE
> Task :fineract-charge:jar UP-TO-DATE
> Task :fineract-accounting:compileJava UP-TO-DATE
> Task :fineract-accounting:classes UP-TO-DATE
> Task :fineract-accounting:jar UP-TO-DATE
> Task :fineract-savings:compileJava UP-TO-DATE
> Task :fineract-branch:compileJava UP-TO-DATE
> Task :fineract-savings:classes UP-TO-DATE
> Task :fineract-branch:classes UP-TO-DATE
> Task :fineract-savings:jar UP-TO-DATE
> Task :fineract-branch:jar UP-TO-DATE
> Task :fineract-loan:compileJava UP-TO-DATE
> Task :fineract-loan:classes UP-TO-DATE
> Task :fineract-loan:jar UP-TO-DATE
> Task :fineract-progressive-loan:compileJava UP-TO-DATE
> Task :fineract-progressive-loan:classes UP-TO-DATE
> Task :fineract-progressive-loan:jar UP-TO-DATE
> Task :fineract-investor:compileJava UP-TO-DATE
> Task :fineract-investor:classes UP-TO-DATE
> Task :fineract-investor:jar UP-TO-DATE
> Task :fineract-provider:generateGitProperties
> Task :fineract-provider:compileJava UP-TO-DATE
> Task :fineract-provider:generateRebelMain UP-TO-DATE
> Task :fineract-provider:processResources UP-TO-DATE
> Task :fineract-provider:classes
> Task :fineract-provider:compileTestJava UP-TO-DATE
> Task :fineract-provider:prepareInputYaml UP-TO-DATE
> Task :fineract-provider:processTestResources UP-TO-DATE
> Task :fineract-provider:testClasses SKIPPED
> Task :fineract-provider:resolve SKIPPED
> Task :fineract-provider:resolveMainClassName UP-TO-DATE

> Task :fineract-provider:devRun
Running in development mode - quality checks are disabled
11:21:14,361 |-WARN in ch.qos.logback.core.joran.action.ConversionRuleAction - [converterClass] attribute is deprecated and replaced by [class]. See element [conversionRule] near line 30

    _                     _            _____ _                           _
   / \   _ __   __ _  ___| |__   ___  |  ___(_)_ __   ___ _ __ __ _  ___| |_
  / _ \ | '_ \ / _` |/ __| '_ \ / _ \ | |_  | | '_ \ / _ \ '__/ _` |/ __| __|
 / ___ \| |_) | (_| | (__| | | |  __/ |  _| | | | | |  __/ | | (_| | (__| |_
/_/   \_\ .__/ \__,_|\___|_| |_|\___| |_|   |_|_| |_|\___|_|  \__,_|\___|\__|
        |_|

[2m[37m(c) 2015-2024 Apache Fineract (https://fineract.apache.org)[30m

[2m[37mPowered by Spring Boot 3.5.5[30m


[2m2026-02-17 11:21:14.672[0;39m [32m- INFO[0;39m [35m88555[0;39m [32m[0;39m [      no-tenant] [2m---[0;39m [2m[           main][0;39m [36morg.apache.fineract.ServerApplication   [0;39m [2m:[0;39m Starting ServerApplication using Java 21.0.9 with PID 88555 (/Users/robertayala/Desktop/endomotion/projects/experiments/credesal/credesal-sistema/fineract-core/fineract-provider/build/classes/java/main started by robertayala in /Users/robertayala/Desktop/endomotion/projects/experiments/credesal/credesal-sistema/fineract-core/fineract-provider)
[2m2026-02-17 11:21:14.675[0;39m [32m- INFO[0;39m [35m88555[0;39m [32m[0;39m [      no-tenant] [2m---[0;39m [2m[           main][0;39m [36morg.apache.fineract.ServerApplication   [0;39m [2m:[0;39m The following 1 profile is active: "production"
[2m2026-02-17 11:21:19.706[0;39m [32m- INFO[0;39m [35m88555[0;39m [32m[0;39m [      no-tenant] [2m---[0;39m [2m[           main][0;39m [36m.s.d.r.c.RepositoryConfigurationDelegate[0;39m [2m:[0;39m Bootstrapping Spring Data JPA repositories in DEFAULT mode.
[2m2026-02-17 11:21:20.711[0;39m [32m- INFO[0;39m [35m88555[0;39m [32m[0;39m [      no-tenant] [2m---[0;39m [2m[           main][0;39m [36mo.s.b.f.s.DefaultListableBeanFactory    [0;39m [2m:[0;39m Overriding bean definition for bean 'commandRepository' with a different definition: replacing [Root bean: class=org.springframework.data.jpa.repository.support.JpaRepositoryFactoryBean; scope=; abstract=false; lazyInit=false; autowireMode=0; dependencyCheck=0; autowireCandidate=true; primary=false; fallback=false; factoryBeanName=null; factoryMethodName=null; initMethodNames=null; destroyMethodNames=null; defined in org.apache.fineract.command.persistence.domain.CommandRepository defined in @EnableJpaRepositories declared on JPAConfig] with [Root bean: class=org.springframework.data.jpa.repository.support.JpaRepositoryFactoryBean; scope=; abstract=false; lazyInit=false; autowireMode=0; dependencyCheck=0; autowireCandidate=true; primary=false; fallback=false; factoryBeanName=null; factoryMethodName=null; initMethodNames=null; destroyMethodNames=null; defined in org.apache.fineract.command.persistence.domain.CommandRepository defined in @EnableJpaRepositories declared on JPAConfig]
[2m2026-02-17 11:21:20.776[0;39m [32m- INFO[0;39m [35m88555[0;39m [32m[0;39m [      no-tenant] [2m---[0;39m [2m[           main][0;39m [36m.s.d.r.c.RepositoryConfigurationDelegate[0;39m [2m:[0;39m Finished Spring Data repository scanning in 1060 ms. Found 185 JPA repository interfaces.
[2m2026-02-17 11:21:20.783[0;39m [32m- INFO[0;39m [35m88555[0;39m [32m[0;39m [      no-tenant] [2m---[0;39m [2m[           main][0;39m [36mo.s.b.f.s.DefaultListableBeanFactory    [0;39m [2m:[0;39m Overriding bean definition for bean 'jpaAuditingHandler' with a different definition: replacing [Root bean: class=org.springframework.data.auditing.AuditingHandler; scope=; abstract=false; lazyInit=null; autowireMode=2; dependencyCheck=0; autowireCandidate=true; primary=false; fallback=false; factoryBeanName=null; factoryMethodName=from; initMethodNames=null; destroyMethodNames=null] with [Root bean: class=org.apache.fineract.infrastructure.core.auditing.CustomAuditingHandler; scope=prototype; abstract=false; lazyInit=null; autowireMode=0; dependencyCheck=0; autowireCandidate=true; primary=false; fallback=false; factoryBeanName=null; factoryMethodName=null; initMethodNames=null; destroyMethodNames=null]
[2m2026-02-17 11:21:20.804[0;39m [32m- INFO[0;39m [35m88555[0;39m [32m[0;39m [      no-tenant] [2m---[0;39m [2m[           main][0;39m [36mo.s.b.f.s.DefaultListableBeanFactory    [0;39m [2m:[0;39m Overriding bean definition for bean 'transactionManager' with a different definition: replacing [Root bean: class=null; scope=; abstract=false; lazyInit=null; autowireMode=3; dependencyCheck=0; autowireCandidate=true; primary=false; fallback=false; factoryBeanName=JPAConfig; factoryMethodName=transactionManager; initMethodNames=null; destroyMethodNames=[(inferred)]; defined in class path resource [org/apache/fineract/infrastructure/core/config/jpa/JPAConfig.class]] with [Root bean: class=null; scope=; abstract=false; lazyInit=null; autowireMode=3; dependencyCheck=0; autowireCandidate=true; primary=false; fallback=false; factoryBeanName=scheduledJobRunnerConfig; factoryMethodName=transactionManager; initMethodNames=null; destroyMethodNames=[(inferred)]; defined in class path resource [org/apache/fineract/infrastructure/jobs/ScheduledJobRunnerConfig.class]]
[2m2026-02-17 11:21:20.805[0;39m [32m- INFO[0;39m [35m88555[0;39m [32m[0;39m [      no-tenant] [2m---[0;39m [2m[           main][0;39m [36mo.s.b.c.c.annotation.BatchRegistrar     [0;39m [2m:[0;39m Bean jobRepository already defined in the application context, skipping the registration of a jobRepository
[2m2026-02-17 11:21:20.805[0;39m [32m- INFO[0;39m [35m88555[0;39m [32m[0;39m [      no-tenant] [2m---[0;39m [2m[           main][0;39m [36mo.s.b.c.c.annotation.BatchRegistrar     [0;39m [2m:[0;39m Bean jobExplorer already defined in the application context, skipping the registration of a jobExplorer
[2m2026-02-17 11:21:20.805[0;39m [32m- INFO[0;39m [35m88555[0;39m [32m[0;39m [      no-tenant] [2m---[0;39m [2m[           main][0;39m [36mo.s.b.c.c.annotation.BatchRegistrar     [0;39m [2m:[0;39m Bean jobLauncher already defined in the application context, skipping the registration of a jobLauncher
[2m2026-02-17 11:21:20.806[0;39m [32m- INFO[0;39m [35m88555[0;39m [32m[0;39m [      no-tenant] [2m---[0;39m [2m[           main][0;39m [36mo.s.b.c.c.annotation.BatchRegistrar     [0;39m [2m:[0;39m Finished Spring Batch infrastructure beans configuration in 1 ms.
[2m2026-02-17 11:21:23.454[0;39m [32m- INFO[0;39m [35m88555[0;39m [32m[0;39m [      no-tenant] [2m---[0;39m [2m[           main][0;39m [36mfaultConfiguringBeanFactoryPostProcessor[0;39m [2m:[0;39m No bean named 'errorChannel' has been explicitly defined. Therefore, a default PublishSubscribeChannel will be created.
[2m2026-02-17 11:21:23.462[0;39m [32m- INFO[0;39m [35m88555[0;39m [32m[0;39m [      no-tenant] [2m---[0;39m [2m[           main][0;39m [36mfaultConfiguringBeanFactoryPostProcessor[0;39m [2m:[0;39m No bean named 'integrationHeaderChannelRegistry' has been explicitly defined. Therefore, a default DefaultHeaderChannelRegistry will be created.
[2m2026-02-17 11:21:24.418[0;39m [33m- WARN[0;39m [35m88555[0;39m [33m[0;39m [      no-tenant] [2m---[0;39m [2m[           main][0;39m [36mtrationDelegate$BeanPostProcessorChecker[0;39m [2m:[0;39m Bean 'fineract-org.apache.fineract.infrastructure.core.config.FineractProperties' of type [org.apache.fineract.infrastructure.core.config.FineractProperties] is not eligible for getting processed by all BeanPostProcessors (for example: not eligible for auto-proxying). Is this bean getting eagerly injected/applied to a currently created BeanPostProcessor [samplingBeanPostProcessor]? Check the corresponding BeanPostProcessor declaration and its dependencies/advisors. If this bean does not have to be post-processed, declare it with ROLE_INFRASTRUCTURE.
[2m2026-02-17 11:21:24.436[0;39m [33m- WARN[0;39m [35m88555[0;39m [33m[0;39m [      no-tenant] [2m---[0;39m [2m[           main][0;39m [36mtrationDelegate$BeanPostProcessorChecker[0;39m [2m:[0;39m Bean 'cacheConfig' of type [org.apache.fineract.infrastructure.core.config.cache.CacheConfig$$SpringCGLIB$$0] is not eligible for getting processed by all BeanPostProcessors (for example: not eligible for auto-proxying). Is this bean getting eagerly injected/applied to a currently created BeanPostProcessor [samplingBeanPostProcessor]? Check the corresponding BeanPostProcessor declaration and its dependencies/advisors. If this bean does not have to be post-processed, declare it with ROLE_INFRASTRUCTURE.
[2m2026-02-17 11:21:27.056[0;39m [32m- INFO[0;39m [35m88555[0;39m [32m[0;39m [      no-tenant] [2m---[0;39m [2m[           main][0;39m [36morg.reflections.Reflections             [0;39m [2m:[0;39m Reflections took 2481 ms to scan 384 urls, producing 857 keys and 91410 values
[2m2026-02-17 11:21:27.141[0;39m [32m- INFO[0;39m [35m88555[0;39m [32m[0;39m [      no-tenant] [2m---[0;39m [2m[           main][0;39m [36morg.ehcache.core.EhcacheManager         [0;39m [2m:[0;39m Cache 'codes' created in EhcacheManager.
[2m2026-02-17 11:21:27.147[0;39m [32m- INFO[0;39m [35m88555[0;39m [32m[0;39m [      no-tenant] [2m---[0;39m [2m[           main][0;39m [36morg.ehcache.jsr107.Eh107CacheManager    [0;39m [2m:[0;39m Registering Ehcache MBean javax.cache:type=CacheStatistics,CacheManager=urn.X-ehcache.jsr107-default-config,Cache=codes
[2m2026-02-17 11:21:27.150[0;39m [32m- INFO[0;39m [35m88555[0;39m [32m[0;39m [      no-tenant] [2m---[0;39m [2m[           main][0;39m [36morg.ehcache.core.EhcacheManager         [0;39m [2m:[0;39m Cache 'calendarInstances' created in EhcacheManager.
[2m2026-02-17 11:21:27.151[0;39m [32m- INFO[0;39m [35m88555[0;39m [32m[0;39m [      no-tenant] [2m---[0;39m [2m[           main][0;39m [36morg.ehcache.jsr107.Eh107CacheManager    [0;39m [2m:[0;39m Registering Ehcache MBean javax.cache:type=CacheStatistics,CacheManager=urn.X-ehcache.jsr107-default-config,Cache=calendarInstances
[2m2026-02-17 11:21:27.153[0;39m [32m- INFO[0;39m [35m88555[0;39m [32m[0;39m [      no-tenant] [2m---[0;39m [2m[           main][0;39m [36morg.ehcache.core.EhcacheManager         [0;39m [2m:[0;39m Cache 'code_values' created in EhcacheManager.
[2m2026-02-17 11:21:27.153[0;39m [32m- INFO[0;39m [35m88555[0;39m [32m[0;39m [      no-tenant] [2m---[0;39m [2m[           main][0;39m [36morg.ehcache.jsr107.Eh107CacheManager    [0;39m [2m:[0;39m Registering Ehcache MBean javax.cache:type=CacheStatistics,CacheManager=urn.X-ehcache.jsr107-default-config,Cache=code_values
[2m2026-02-17 11:21:27.158[0;39m [32m- INFO[0;39m [35m88555[0;39m [32m[0;39m [      no-tenant] [2m---[0;39m [2m[           main][0;39m [36morg.ehcache.core.EhcacheManager         [0;39m [2m:[0;39m Cache 'tellers' created in EhcacheManager.
[2m2026-02-17 11:21:27.158[0;39m [32m- INFO[0;39m [35m88555[0;39m [32m[0;39m [      no-tenant] [2m---[0;39m [2m[           main][0;39m [36morg.ehcache.jsr107.Eh107CacheManager    [0;39m [2m:[0;39m Registering Ehcache MBean javax.cache:type=CacheStatistics,CacheManager=urn.X-ehcache.jsr107-default-config,Cache=tellers
[2m2026-02-17 11:21:27.171[0;39m [32m- INFO[0;39m [35m88555[0;39m [32m[0;39m [      no-tenant] [2m---[0;39m [2m[           main][0;39m [36morg.ehcache.core.EhcacheManager         [0;39m [2m:[0;39m Cache 'officesForDropdown' created in EhcacheManager.
[2m2026-02-17 11:21:27.171[0;39m [32m- INFO[0;39m [35m88555[0;39m [32m[0;39m [      no-tenant] [2m---[0;39m [2m[           main][0;39m [36morg.ehcache.jsr107.Eh107CacheManager    [0;39m [2m:[0;39m Registering Ehcache MBean javax.cache:type=CacheStatistics,CacheManager=urn.X-ehcache.jsr107-default-config,Cache=officesForDropdown
[2m2026-02-17 11:21:27.175[0;39m [32m- INFO[0;39m [35m88555[0;39m [32m[0;39m [      no-tenant] [2m---[0;39m [2m[           main][0;39m [36morg.ehcache.core.EhcacheManager         [0;39m [2m:[0;39m Cache 'offices' created in EhcacheManager.
[2m2026-02-17 11:21:27.175[0;39m [32m- INFO[0;39m [35m88555[0;39m [32m[0;39m [      no-tenant] [2m---[0;39m [2m[           main][0;39m [36morg.ehcache.jsr107.Eh107CacheManager    [0;39m [2m:[0;39m Registering Ehcache MBean javax.cache:type=CacheStatistics,CacheManager=urn.X-ehcache.jsr107-default-config,Cache=offices
[2m2026-02-17 11:21:27.177[0;39m [32m- INFO[0;39m [35m88555[0;39m [32m[0;39m [      no-tenant] [2m---[0;39m [2m[           main][0;39m [36morg.ehcache.core.EhcacheManager         [0;39m [2m:[0;39m Cache 'userTFAccessToken' created in EhcacheManager.
[2m2026-02-17 11:21:27.178[0;39m [32m- INFO[0;39m [35m88555[0;39m [32m[0;39m [      no-tenant] [2m---[0;39m [2m[           main][0;39m [36morg.ehcache.jsr107.Eh107CacheManager    [0;39m [2m:[0;39m Registering Ehcache MBean javax.cache:type=CacheStatistics,CacheManager=urn.X-ehcache.jsr107-default-config,Cache=userTFAccessToken
[2m2026-02-17 11:21:27.180[0;39m [32m- INFO[0;39m [35m88555[0;39m [32m[0;39m [      no-tenant] [2m---[0;39m [2m[           main][0;39m [36morg.ehcache.core.EhcacheManager         [0;39m [2m:[0;39m Cache 'officesById' created in EhcacheManager.
[2m2026-02-17 11:21:27.181[0;39m [32m- INFO[0;39m [35m88555[0;39m [32m[0;39m [      no-tenant] [2m---[0;39m [2m[           main][0;39m [36morg.ehcache.jsr107.Eh107CacheManager    [0;39m [2m:[0;39m Registering Ehcache MBean javax.cache:type=CacheStatistics,CacheManager=urn.X-ehcache.jsr107-default-config,Cache=officesById
[2m2026-02-17 11:21:27.184[0;39m [32m- INFO[0;39m [35m88555[0;39m [32m[0;39m [      no-tenant] [2m---[0;39m [2m[           main][0;39m [36morg.ehcache.core.EhcacheManager         [0;39m [2m:[0;39m Cache 'payment_types' created in EhcacheManager.
[2m2026-02-17 11:21:27.185[0;39m [32m- INFO[0;39m [35m88555[0;39m [32m[0;39m [      no-tenant] [2m---[0;39m [2m[           main][0;39m [36morg.ehcache.jsr107.Eh107CacheManager    [0;39m [2m:[0;39m Registering Ehcache MBean javax.cache:type=CacheStatistics,CacheManager=urn.X-ehcache.jsr107-default-config,Cache=payment_types
[2m2026-02-17 11:21:27.186[0;39m [32m- INFO[0;39m [35m88555[0;39m [32m[0;39m [      no-tenant] [2m---[0;39m [2m[           main][0;39m [36morg.ehcache.core.EhcacheManager         [0;39m [2m:[0;39m Cache 'usersByUsername' created in EhcacheManager.
[2m2026-02-17 11:21:27.186[0;39m [32m- INFO[0;39m [35m88555[0;39m [32m[0;39m [      no-tenant] [2m---[0;39m [2m[           main][0;39m [36morg.ehcache.jsr107.Eh107CacheManager    [0;39m [2m:[0;39m Registering Ehcache MBean javax.cache:type=CacheStatistics,CacheManager=urn.X-ehcache.jsr107-default-config,Cache=usersByUsername
[2m2026-02-17 11:21:27.188[0;39m [32m- INFO[0;39m [35m88555[0;39m [32m[0;39m [      no-tenant] [2m---[0;39m [2m[           main][0;39m [36morg.ehcache.core.EhcacheManager         [0;39m [2m:[0;39m Cache 'externalAssetOwnerLoanProductAttributes' created in EhcacheManager.
[2m2026-02-17 11:21:27.188[0;39m [32m- INFO[0;39m [35m88555[0;39m [32m[0;39m [      no-tenant] [2m---[0;39m [2m[           main][0;39m [36morg.ehcache.jsr107.Eh107CacheManager    [0;39m [2m:[0;39m Registering Ehcache MBean javax.cache:type=CacheStatistics,CacheManager=urn.X-ehcache.jsr107-default-config,Cache=externalAssetOwnerLoanProductAttributes
[2m2026-02-17 11:21:27.189[0;39m [32m- INFO[0;39m [35m88555[0;39m [32m[0;39m [      no-tenant] [2m---[0;39m [2m[           main][0;39m [36morg.ehcache.core.EhcacheManager         [0;39m [2m:[0;39m Cache 'users' created in EhcacheManager.
[2m2026-02-17 11:21:27.190[0;39m [32m- INFO[0;39m [35m88555[0;39m [32m[0;39m [      no-tenant] [2m---[0;39m [2m[           main][0;39m [36morg.ehcache.jsr107.Eh107CacheManager    [0;39m [2m:[0;39m Registering Ehcache MBean javax.cache:type=CacheStatistics,CacheManager=urn.X-ehcache.jsr107-default-config,Cache=users
[2m2026-02-17 11:21:27.192[0;39m [32m- INFO[0;39m [35m88555[0;39m [32m[0;39m [      no-tenant] [2m---[0;39m [2m[           main][0;39m [36morg.ehcache.core.EhcacheManager         [0;39m [2m:[0;39m Cache 'charges' created in EhcacheManager.
[2m2026-02-17 11:21:27.192[0;39m [32m- INFO[0;39m [35m88555[0;39m [32m[0;39m [      no-tenant] [2m---[0;39m [2m[           main][0;39m [36morg.ehcache.jsr107.Eh107CacheManager    [0;39m [2m:[0;39m Registering Ehcache MBean javax.cache:type=CacheStatistics,CacheManager=urn.X-ehcache.jsr107-default-config,Cache=charges
[2m2026-02-17 11:21:27.195[0;39m [32m- INFO[0;39m [35m88555[0;39m [32m[0;39m [      no-tenant] [2m---[0;39m [2m[           main][0;39m [36morg.ehcache.core.EhcacheManager         [0;39m [2m:[0;39m Cache 'tenantsById' created in EhcacheManager.
[2m2026-02-17 11:21:27.196[0;39m [32m- INFO[0;39m [35m88555[0;39m [32m[0;39m [      no-tenant] [2m---[0;39m [2m[           main][0;39m [36morg.ehcache.jsr107.Eh107CacheManager    [0;39m [2m:[0;39m Registering Ehcache MBean javax.cache:type=CacheStatistics,CacheManager=urn.X-ehcache.jsr107-default-config,Cache=tenantsById
[2m2026-02-17 11:21:27.198[0;39m [32m- INFO[0;39m [35m88555[0;39m [32m[0;39m [      no-tenant] [2m---[0;39m [2m[           main][0;39m [36morg.ehcache.core.EhcacheManager         [0;39m [2m:[0;39m Cache 'paymentTypesWithCode' created in EhcacheManager.
[2m2026-02-17 11:21:27.198[0;39m [32m- INFO[0;39m [35m88555[0;39m [32m[0;39m [      no-tenant] [2m---[0;39m [2m[           main][0;39m [36morg.ehcache.jsr107.Eh107CacheManager    [0;39m [2m:[0;39m Registering Ehcache MBean javax.cache:type=CacheStatistics,CacheManager=urn.X-ehcache.jsr107-default-config,Cache=paymentTypesWithCode
[2m2026-02-17 11:21:27.199[0;39m [32m- INFO[0;39m [35m88555[0;39m [32m[0;39m [      no-tenant] [2m---[0;39m [2m[           main][0;39m [36morg.ehcache.core.EhcacheManager         [0;39m [2m:[0;39m Cache 'funds' created in EhcacheManager.
[2m2026-02-17 11:21:27.199[0;39m [32m- INFO[0;39m [35m88555[0;39m [32m[0;39m [      no-tenant] [2m---[0;39m [2m[           main][0;39m [36morg.ehcache.jsr107.Eh107CacheManager    [0;39m [2m:[0;39m Registering Ehcache MBean javax.cache:type=CacheStatistics,CacheManager=urn.X-ehcache.jsr107-default-config,Cache=funds
[2m2026-02-17 11:21:27.200[0;39m [32m- INFO[0;39m [35m88555[0;39m [32m[0;39m [      no-tenant] [2m---[0;39m [2m[           main][0;39m [36morg.ehcache.core.EhcacheManager         [0;39m [2m:[0;39m Cache 'tfConfig' created in EhcacheManager.
[2m2026-02-17 11:21:27.200[0;39m [32m- INFO[0;39m [35m88555[0;39m [32m[0;39m [      no-tenant] [2m---[0;39m [2m[           main][0;39m [36morg.ehcache.jsr107.Eh107CacheManager    [0;39m [2m:[0;39m Registering Ehcache MBean javax.cache:type=CacheStatistics,CacheManager=urn.X-ehcache.jsr107-default-config,Cache=tfConfig
[2m2026-02-17 11:21:27.201[0;39m [32m- INFO[0;39m [35m88555[0;39m [32m[0;39m [      no-tenant] [2m---[0;39m [2m[           main][0;39m [36morg.ehcache.core.EhcacheManager         [0;39m [2m:[0;39m Cache 'hooks' created in EhcacheManager.
[2m2026-02-17 11:21:27.201[0;39m [32m- INFO[0;39m [35m88555[0;39m [32m[0;39m [      no-tenant] [2m---[0;39m [2m[           main][0;39m [36morg.ehcache.jsr107.Eh107CacheManager    [0;39m [2m:[0;39m Registering Ehcache MBean javax.cache:type=CacheStatistics,CacheManager=urn.X-ehcache.jsr107-default-config,Cache=hooks
[2m2026-02-17 11:21:27.202[0;39m [32m- INFO[0;39m [35m88555[0;39m [32m[0;39m [      no-tenant] [2m---[0;39m [2m[           main][0;39m [36morg.ehcache.core.EhcacheManager         [0;39m [2m:[0;39m Cache 'configByName' created in EhcacheManager.
[2m2026-02-17 11:21:27.202[0;39m [32m- INFO[0;39m [35m88555[0;39m [32m[0;39m [      no-tenant] [2m---[0;39m [2m[           main][0;39m [36morg.ehcache.jsr107.Eh107CacheManager    [0;39m [2m:[0;39m Registering Ehcache MBean javax.cache:type=CacheStatistics,CacheManager=urn.X-ehcache.jsr107-default-config,Cache=configByName
[2m2026-02-17 11:21:27.203[0;39m [32m- INFO[0;39m [35m88555[0;39m [32m[0;39m [      no-tenant] [2m---[0;39m [2m[           main][0;39m [36morg.ehcache.core.EhcacheManager         [0;39m [2m:[0;39m Cache 'currencies' created in EhcacheManager.
[2m2026-02-17 11:21:27.203[0;39m [32m- INFO[0;39m [35m88555[0;39m [32m[0;39m [      no-tenant] [2m---[0;39m [2m[           main][0;39m [36morg.ehcache.jsr107.Eh107CacheManager    [0;39m [2m:[0;39m Registering Ehcache MBean javax.cache:type=CacheStatistics,CacheManager=urn.X-ehcache.jsr107-default-config,Cache=currencies
[2m2026-02-17 11:21:27.205[0;39m [33m- WARN[0;39m [35m88555[0;39m [33m[0;39m [      no-tenant] [2m---[0;39m [2m[           main][0;39m [36mtrationDelegate$BeanPostProcessorChecker[0;39m [2m:[0;39m Bean 'ehCacheManager' of type [org.springframework.cache.jcache.JCacheCacheManager] is not eligible for getting processed by all BeanPostProcessors (for example: not eligible for auto-proxying). Is this bean getting eagerly injected/applied to a currently created BeanPostProcessor [samplingBeanPostProcessor]? Check the corresponding BeanPostProcessor declaration and its dependencies/advisors. If this bean does not have to be post-processed, declare it with ROLE_INFRASTRUCTURE.
[2m2026-02-17 11:21:27.213[0;39m [33m- WARN[0;39m [35m88555[0;39m [33m[0;39m [      no-tenant] [2m---[0;39m [2m[           main][0;39m [36mtrationDelegate$BeanPostProcessorChecker[0;39m [2m:[0;39m Bean 'defaultCacheManager' of type [org.apache.fineract.infrastructure.core.config.cache.TransactionBoundCacheManager] is not eligible for getting processed by all BeanPostProcessors (for example: not eligible for auto-proxying). Is this bean getting eagerly injected/applied to a currently created BeanPostProcessor [samplingBeanPostProcessor]? Check the corresponding BeanPostProcessor declaration and its dependencies/advisors. If this bean does not have to be post-processed, declare it with ROLE_INFRASTRUCTURE.
[2m2026-02-17 11:21:27.218[0;39m [33m- WARN[0;39m [35m88555[0;39m [33m[0;39m [      no-tenant] [2m---[0;39m [2m[           main][0;39m [36mtrationDelegate$BeanPostProcessorChecker[0;39m [2m:[0;39m Bean 'runtimeDelegatingCacheManager' of type [org.apache.fineract.infrastructure.cache.service.RuntimeDelegatingCacheManager] is not eligible for getting processed by all BeanPostProcessors (for example: not eligible for auto-proxying). Is this bean getting eagerly injected/applied to a currently created BeanPostProcessor [samplingBeanPostProcessor]? Check the corresponding BeanPostProcessor declaration and its dependencies/advisors. If this bean does not have to be post-processed, declare it with ROLE_INFRASTRUCTURE.
[2m2026-02-17 11:21:27.220[0;39m [33m- WARN[0;39m [35m88555[0;39m [33m[0;39m [      no-tenant] [2m---[0;39m [2m[           main][0;39m [36mtrationDelegate$BeanPostProcessorChecker[0;39m [2m:[0;39m Bean 'platformCacheConfiguration' of type [org.apache.fineract.infrastructure.cache.PlatformCacheConfiguration$$SpringCGLIB$$0] is not eligible for getting processed by all BeanPostProcessors (for example: not eligible for auto-proxying). Is this bean getting eagerly injected/applied to a currently created BeanPostProcessor [samplingBeanPostProcessor]? Check the corresponding BeanPostProcessor declaration and its dependencies/advisors. If this bean does not have to be post-processed, declare it with ROLE_INFRASTRUCTURE.
[2m2026-02-17 11:21:27.269[0;39m [33m- WARN[0;39m [35m88555[0;39m [33m[0;39m [      no-tenant] [2m---[0;39m [2m[           main][0;39m [36mtrationDelegate$BeanPostProcessorChecker[0;39m [2m:[0;39m Bean 'samplingConfiguration' of type [org.apache.fineract.infrastructure.core.diagnostics.performance.sampling.core.SamplingConfiguration] is not eligible for getting processed by all BeanPostProcessors (for example: not eligible for auto-proxying). Is this bean getting eagerly injected/applied to a currently created BeanPostProcessor [samplingBeanPostProcessor]? Check the corresponding BeanPostProcessor declaration and its dependencies/advisors. If this bean does not have to be post-processed, declare it with ROLE_INFRASTRUCTURE.
[2m2026-02-17 11:21:27.272[0;39m [33m- WARN[0;39m [35m88555[0;39m [33m[0;39m [      no-tenant] [2m---[0;39m [2m[           main][0;39m [36mtrationDelegate$BeanPostProcessorChecker[0;39m [2m:[0;39m Bean 'samplingServiceFactory' of type [org.apache.fineract.infrastructure.core.diagnostics.performance.sampling.core.SamplingServiceFactory] is not eligible for getting processed by all BeanPostProcessors (for example: not eligible for auto-proxying). Is this bean getting eagerly injected/applied to a currently created BeanPostProcessor [samplingBeanPostProcessor]? Check the corresponding BeanPostProcessor declaration and its dependencies/advisors. If this bean does not have to be post-processed, declare it with ROLE_INFRASTRUCTURE.
[2m2026-02-17 11:21:27.817[0;39m [32m- INFO[0;39m [35m88555[0;39m [32m[0;39m [      no-tenant] [2m---[0;39m [2m[           main][0;39m [36mo.s.b.w.embedded.tomcat.TomcatWebServer [0;39m [2m:[0;39m Tomcat initialized with port 8443 (https)
[2m2026-02-17 11:21:27.834[0;39m [32m- INFO[0;39m [35m88555[0;39m [32m[0;39m [      no-tenant] [2m---[0;39m [2m[           main][0;39m [36mo.apache.catalina.core.StandardService  [0;39m [2m:[0;39m Starting service [Tomcat]
[2m2026-02-17 11:21:27.834[0;39m [32m- INFO[0;39m [35m88555[0;39m [32m[0;39m [      no-tenant] [2m---[0;39m [2m[           main][0;39m [36mo.apache.catalina.core.StandardEngine   [0;39m [2m:[0;39m Starting Servlet engine: [Apache Tomcat/10.1.44]
[2m2026-02-17 11:21:27.882[0;39m [32m- INFO[0;39m [35m88555[0;39m [32m[0;39m [      no-tenant] [2m---[0;39m [2m[           main][0;39m [36mo.a.c.c.C.[.[.[/fineract-provider]      [0;39m [2m:[0;39m Initializing Spring embedded WebApplicationContext
[2m2026-02-17 11:21:27.883[0;39m [32m- INFO[0;39m [35m88555[0;39m [32m[0;39m [      no-tenant] [2m---[0;39m [2m[           main][0;39m [36mw.s.c.ServletWebServerApplicationContext[0;39m [2m:[0;39m Root WebApplicationContext: initialization completed in 13181 ms
[2m2026-02-17 11:21:28.114[0;39m [32m- INFO[0;39m [35m88555[0;39m [32m[0;39m [      no-tenant] [2m---[0;39m [2m[           main][0;39m [36mcom.zaxxer.hikari.HikariDataSource      [0;39m [2m:[0;39m HikariPool-1 - Starting...
[2m2026-02-17 11:21:28.260[0;39m [32m- INFO[0;39m [35m88555[0;39m [32m[0;39m [      no-tenant] [2m---[0;39m [2m[           main][0;39m [36mcom.zaxxer.hikari.pool.HikariPool       [0;39m [2m:[0;39m HikariPool-1 - Added connection org.postgresql.jdbc.PgConnection@f37adbc
[2m2026-02-17 11:21:28.261[0;39m [32m- INFO[0;39m [35m88555[0;39m [32m[0;39m [      no-tenant] [2m---[0;39m [2m[           main][0;39m [36mcom.zaxxer.hikari.HikariDataSource      [0;39m [2m:[0;39m HikariPool-1 - Start completed.
[2m2026-02-17 11:21:28.415[0;39m [32m- INFO[0;39m [35m88555[0;39m [32m[0;39m [      no-tenant] [2m---[0;39m [2m[           main][0;39m [36ma.f.i.c.s.m.TenantDatabaseUpgradeService[0;39m [2m:[0;39m Upgrading tenant store DB at localhost:5432
[2m2026-02-17 11:21:28.415[0;39m [32m- INFO[0;39m [35m88555[0;39m [32m[0;39m [      no-tenant] [2m---[0;39m [2m[           main][0;39m [36ma.f.i.c.s.m.TenantDatabaseUpgradeService[0;39m [2m:[0;39m - fineract.tenant.username: postgres
[2m2026-02-17 11:21:28.415[0;39m [32m- INFO[0;39m [35m88555[0;39m [32m[0;39m [      no-tenant] [2m---[0;39m [2m[           main][0;39m [36ma.f.i.c.s.m.TenantDatabaseUpgradeService[0;39m [2m:[0;39m - fineract.tenant.password: ****
[2m2026-02-17 11:21:28.415[0;39m [32m- INFO[0;39m [35m88555[0;39m [32m[0;39m [      no-tenant] [2m---[0;39m [2m[           main][0;39m [36ma.f.i.c.s.m.TenantDatabaseUpgradeService[0;39m [2m:[0;39m - fineract.tenant.parameters: 
[2m2026-02-17 11:21:28.415[0;39m [32m- INFO[0;39m [35m88555[0;39m [32m[0;39m [      no-tenant] [2m---[0;39m [2m[           main][0;39m [36ma.f.i.c.s.m.TenantDatabaseUpgradeService[0;39m [2m:[0;39m - fineract.tenant.timezone: Asia/Kolkata
[2m2026-02-17 11:21:28.415[0;39m [32m- INFO[0;39m [35m88555[0;39m [32m[0;39m [      no-tenant] [2m---[0;39m [2m[           main][0;39m [36ma.f.i.c.s.m.TenantDatabaseUpgradeService[0;39m [2m:[0;39m - fineract.tenant.description: Default Demo Tenant
[2m2026-02-17 11:21:28.415[0;39m [32m- INFO[0;39m [35m88555[0;39m [32m[0;39m [      no-tenant] [2m---[0;39m [2m[           main][0;39m [36ma.f.i.c.s.m.TenantDatabaseUpgradeService[0;39m [2m:[0;39m - fineract.tenant.identifier: default
[2m2026-02-17 11:21:28.415[0;39m [32m- INFO[0;39m [35m88555[0;39m [32m[0;39m [      no-tenant] [2m---[0;39m [2m[           main][0;39m [36ma.f.i.c.s.m.TenantDatabaseUpgradeService[0;39m [2m:[0;39m - fineract.tenant.name: fineract_default
[2m2026-02-17 11:21:28.415[0;39m [32m- INFO[0;39m [35m88555[0;39m [32m[0;39m [      no-tenant] [2m---[0;39m [2m[           main][0;39m [36ma.f.i.c.s.m.TenantDatabaseUpgradeService[0;39m [2m:[0;39m - liquibase.analytics.enabled: false
[2m2026-02-17 11:21:32.437[0;39m [32m- INFO[0;39m [35m88555[0;39m [32m[0;39m [      no-tenant] [2m---[0;39m [2m[           main][0;39m [36ma.f.i.c.s.m.TenantDatabaseUpgradeService[0;39m [2m:[0;39m Tenant store upgrade finished
[2m2026-02-17 11:21:32.437[0;39m [32m- INFO[0;39m [35m88555[0;39m [32m[0;39m [      no-tenant] [2m---[0;39m [2m[           main][0;39m [36ma.f.i.c.s.m.TenantDatabaseUpgradeService[0;39m [2m:[0;39m Upgrading all tenants
[2m2026-02-17 11:21:32.444[0;39m [32m- INFO[0;39m [35m88555[0;39m [32m[0;39m [        default] [2m---[0;39m [2m[lTaskExecutor-1][0;39m [36ma.f.i.c.s.m.TenantDatabaseUpgradeService[0;39m [2m:[0;39m Upgrade for tenant default has started
[2m2026-02-17 11:21:32.758[0;39m [32m-DEBUG[0;39m [35m88555[0;39m [32m[0;39m [        default] [2m---[0;39m [2m[lTaskExecutor-1][0;39m [36mo.a.f.i.c.s.m.TenantDataSourceFactory   [0;39m [2m:[0;39m JDBC URL for tenant default is jdbc:postgresql://localhost:5432/fineract_default?serverTimezone=UTC&useLegacyDatetimeCode=false&sessionVariables=time_zone='-00:00'
[2m2026-02-17 11:21:32.758[0;39m [32m- INFO[0;39m [35m88555[0;39m [32m[0;39m [        default] [2m---[0;39m [2m[lTaskExecutor-1][0;39m [36mcom.zaxxer.hikari.HikariDataSource      [0;39m [2m:[0;39m HikariPool-2 - Starting...
[2m2026-02-17 11:21:32.795[0;39m [32m- INFO[0;39m [35m88555[0;39m [32m[0;39m [        default] [2m---[0;39m [2m[lTaskExecutor-1][0;39m [36mcom.zaxxer.hikari.pool.HikariPool       [0;39m [2m:[0;39m HikariPool-2 - Added connection org.postgresql.jdbc.PgConnection@677dd0f3
[2m2026-02-17 11:21:32.795[0;39m [32m- INFO[0;39m [35m88555[0;39m [32m[0;39m [        default] [2m---[0;39m [2m[lTaskExecutor-1][0;39m [36mcom.zaxxer.hikari.HikariDataSource      [0;39m [2m:[0;39m HikariPool-2 - Start completed.
[2m2026-02-17 11:21:36.160[0;39m [32m- INFO[0;39m [35m88555[0;39m [32m[0;39m [        default] [2m---[0;39m [2m[lTaskExecutor-1][0;39m [36ma.f.i.c.s.m.TenantDatabaseUpgradeService[0;39m [2m:[0;39m Upgrade for tenant default has finished
[2m2026-02-17 11:21:36.160[0;39m [32m- INFO[0;39m [35m88555[0;39m [32m[0;39m [        default] [2m---[0;39m [2m[lTaskExecutor-1][0;39m [36mcom.zaxxer.hikari.HikariDataSource      [0;39m [2m:[0;39m HikariPool-2 - Shutdown initiated...
[2m2026-02-17 11:21:36.161[0;39m [32m- INFO[0;39m [35m88555[0;39m [32m[0;39m [        default] [2m---[0;39m [2m[lTaskExecutor-1][0;39m [36mcom.zaxxer.hikari.HikariDataSource      [0;39m [2m:[0;39m HikariPool-2 - Shutdown completed.
[2m2026-02-17 11:21:36.162[0;39m [32m- INFO[0;39m [35m88555[0;39m [32m[0;39m [      no-tenant] [2m---[0;39m [2m[           main][0;39m [36ma.f.i.c.s.m.TenantDatabaseUpgradeService[0;39m [2m:[0;39m Tenant upgrades have successfully finished
[2m2026-02-17 11:21:37.029[0;39m [32m- INFO[0;39m [35m88555[0;39m [32m[0;39m [      no-tenant] [2m---[0;39m [2m[           main][0;39m [36mj.LocalContainerEntityManagerFactoryBean[0;39m [2m:[0;39m Initialized JPA EntityManagerFactory for persistence unit 'jpa-pu'
[EL Info]: 2026-02-17 11:21:37.189--ServerSession(907645256)--EclipseLink, version: Eclipse Persistence Services - 4.0.2.v202306161219
[2m2026-02-17 11:21:37.638[0;39m [32m- INFO[0;39m [35m88555[0;39m [32m[0;39m [      no-tenant] [2m---[0;39m [2m[           main][0;39m [36mo.s.d.j.r.query.QueryEnhancerFactory    [0;39m [2m:[0;39m EclipseLink is in classpath; If applicable, EQL parser will be used.
[2m2026-02-17 11:21:37.638[0;39m [32m- INFO[0;39m [35m88555[0;39m [32m[0;39m [      no-tenant] [2m---[0;39m [2m[           main][0;39m [36mo.s.d.j.r.query.QueryEnhancerFactory    [0;39m [2m:[0;39m Hibernate is in classpath; If applicable, HQL parser will be used.
[2m2026-02-17 11:21:38.263[0;39m [32m- INFO[0;39m [35m88555[0;39m [32m[0;39m [      no-tenant] [2m---[0;39m [2m[           main][0;39m [36mo.a.f.i.s.utils.DefaultSqlValidator     [0;39m [2m:[0;39m Setup SQL validation pattern: inject-blind
[2m2026-02-17 11:21:38.264[0;39m [32m- INFO[0;39m [35m88555[0;39m [32m[0;39m [      no-tenant] [2m---[0;39m [2m[           main][0;39m [36mo.a.f.i.s.utils.DefaultSqlValidator     [0;39m [2m:[0;39m Setup SQL validation pattern: detect-entry-point
[2m2026-02-17 11:21:38.264[0;39m [32m- INFO[0;39m [35m88555[0;39m [32m[0;39m [      no-tenant] [2m---[0;39m [2m[           main][0;39m [36mo.a.f.i.s.utils.DefaultSqlValidator     [0;39m [2m:[0;39m Setup SQL validation pattern: inject-timing
[2m2026-02-17 11:21:38.264[0;39m [32m- INFO[0;39m [35m88555[0;39m [32m[0;39m [      no-tenant] [2m---[0;39m [2m[           main][0;39m [36mo.a.f.i.s.utils.DefaultSqlValidator     [0;39m [2m:[0;39m Setup SQL validation pattern: detect-backend
[2m2026-02-17 11:21:38.264[0;39m [32m- INFO[0;39m [35m88555[0;39m [32m[0;39m [      no-tenant] [2m---[0;39m [2m[           main][0;39m [36mo.a.f.i.s.utils.DefaultSqlValidator     [0;39m [2m:[0;39m Setup SQL validation pattern: detect-column
[2m2026-02-17 11:21:38.264[0;39m [32m- INFO[0;39m [35m88555[0;39m [32m[0;39m [      no-tenant] [2m---[0;39m [2m[           main][0;39m [36mo.a.f.i.s.utils.DefaultSqlValidator     [0;39m [2m:[0;39m Setup SQL validation pattern: detect-out-of-bands
[2m2026-02-17 11:21:38.264[0;39m [32m- INFO[0;39m [35m88555[0;39m [32m[0;39m [      no-tenant] [2m---[0;39m [2m[           main][0;39m [36mo.a.f.i.s.utils.DefaultSqlValidator     [0;39m [2m:[0;39m Setup SQL validation pattern: inject-stacked-query
[2m2026-02-17 11:21:38.264[0;39m [32m- INFO[0;39m [35m88555[0;39m [32m[0;39m [      no-tenant] [2m---[0;39m [2m[           main][0;39m [36mo.a.f.i.s.utils.DefaultSqlValidator     [0;39m [2m:[0;39m Setup SQL validation pattern: inject-comment
[2m2026-02-17 11:21:38.264[0;39m [32m- INFO[0;39m [35m88555[0;39m [32m[0;39m [      no-tenant] [2m---[0;39m [2m[           main][0;39m [36mo.a.f.i.s.utils.DefaultSqlValidator     [0;39m [2m:[0;39m Setup SQL validation profile: main
[2m2026-02-17 11:21:38.264[0;39m [32m- INFO[0;39m [35m88555[0;39m [32m[0;39m [      no-tenant] [2m---[0;39m [2m[           main][0;39m [36mo.a.f.i.s.utils.DefaultSqlValidator     [0;39m [2m:[0;39m Setup SQL validation profile: adhoc
[2m2026-02-17 11:21:38.264[0;39m [32m- INFO[0;39m [35m88555[0;39m [32m[0;39m [      no-tenant] [2m---[0;39m [2m[           main][0;39m [36mo.a.f.i.s.utils.DefaultSqlValidator     [0;39m [2m:[0;39m Setup SQL validation profile: column
[2m2026-02-17 11:21:38.599[0;39m [32m-DEBUG[0;39m [35m88555[0;39m [32m[0;39m [      no-tenant] [2m---[0;39m [2m[           main][0;39m [36mo.a.f.c.provider.CommandHandlerProvider [0;39m [2m:[0;39m Register command handler 'createJournalEntryCommandHandler' ...
[2m2026-02-17 11:21:38.599[0;39m [32m-DEBUG[0;39m [35m88555[0;39m [32m[0;39m [      no-tenant] [2m---[0;39m [2m[           main][0;39m [36mo.a.f.c.provider.CommandHandlerProvider [0;39m [2m:[0;39m Register command handler 'defineOpeningBalanceCommandHandler' ...
[2m2026-02-17 11:21:38.599[0;39m [32m-DEBUG[0;39m [35m88555[0;39m [32m[0;39m [      no-tenant] [2m---[0;39m [2m[           main][0;39m [36mo.a.f.c.provider.CommandHandlerProvider [0;39m [2m:[0;39m Register command handler 'reverseJournalEntryCommandHandler' ...
[2m2026-02-17 11:21:38.599[0;39m [32m-DEBUG[0;39m [35m88555[0;39m [32m[0;39m [      no-tenant] [2m---[0;39m [2m[           main][0;39m [36mo.a.f.c.provider.CommandHandlerProvider [0;39m [2m:[0;39m Register command handler 'updateRunningBalanceCommandHandler' ...
[2m2026-02-17 11:21:38.599[0;39m [32m-DEBUG[0;39m [35m88555[0;39m [32m[0;39m [      no-tenant] [2m---[0;39m [2m[           main][0;39m [36mo.a.f.c.provider.CommandHandlerProvider [0;39m [2m:[0;39m Register command handler 'createProvisioningEntriesRequestCommandHandler' ...
[2m2026-02-17 11:21:38.599[0;39m [32m-DEBUG[0;39m [35m88555[0;39m [32m[0;39m [      no-tenant] [2m---[0;39m [2m[           main][0;39m [36mo.a.f.c.provider.CommandHandlerProvider [0;39m [2m:[0;39m Register command handler 'createProvisioningJournalEntriesRequestCommandHandler' ...
[2m2026-02-17 11:21:38.599[0;39m [32m-DEBUG[0;39m [35m88555[0;39m [32m[0;39m [      no-tenant] [2m---[0;39m [2m[           main][0;39m [36mo.a.f.c.provider.CommandHandlerProvider [0;39m [2m:[0;39m Register command handler 'reCreateProvisioningEntryRequestCommandHandler' ...
[2m2026-02-17 11:21:38.599[0;39m [32m-DEBUG[0;39m [35m88555[0;39m [32m[0;39m [      no-tenant] [2m---[0;39m [2m[           main][0;39m [36mo.a.f.c.provider.CommandHandlerProvider [0;39m [2m:[0;39m Register command handler 'createAdHocCommandHandler' ...
[2m2026-02-17 11:21:38.599[0;39m [32m-DEBUG[0;39m [35m88555[0;39m [32m[0;39m [      no-tenant] [2m---[0;39m [2m[           main][0;39m [36mo.a.f.c.provider.CommandHandlerProvider [0;39m [2m:[0;39m Register command handler 'deleteAdHocCommandHandler' ...
[2m2026-02-17 11:21:38.599[0;39m [32m-DEBUG[0;39m [35m88555[0;39m [32m[0;39m [      no-tenant] [2m---[0;39m [2m[           main][0;39m [36mo.a.f.c.provider.CommandHandlerProvider [0;39m [2m:[0;39m Register command handler 'updateAdHocCommandHandler' ...
[2m2026-02-17 11:21:38.599[0;39m [32m-DEBUG[0;39m [35m88555[0;39m [32m[0;39m [      no-tenant] [2m---[0;39m [2m[           main][0;39m [36mo.a.f.c.provider.CommandHandlerProvider [0;39m [2m:[0;39m Register command handler 'createAccountNumberFormatCommandHandler' ...
[2m2026-02-17 11:21:38.599[0;39m [32m-DEBUG[0;39m [35m88555[0;39m [32m[0;39m [      no-tenant] [2m---[0;39m [2m[           main][0;39m [36mo.a.f.c.provider.CommandHandlerProvider [0;39m [2m:[0;39m Register command handler 'deleteAccountNumberFormatCommandHandler' ...
[2m2026-02-17 11:21:38.599[0;39m [32m-DEBUG[0;39m [35m88555[0;39m [32m[0;39m [      no-tenant] [2m---[0;39m [2m[           main][0;39m [36mo.a.f.c.provider.CommandHandlerProvider [0;39m [2m:[0;39m Register command handler 'updateAccountNumberFormatCommandHandler' ...
[2m2026-02-17 11:21:38.599[0;39m [32m-DEBUG[0;39m [35m88555[0;39m [32m[0;39m [      no-tenant] [2m---[0;39m [2m[           main][0;39m [36mo.a.f.c.provider.CommandHandlerProvider [0;39m [2m:[0;39m Register command handler 'activateEmailCampaignCommandHandler' ...
[2m2026-02-17 11:21:38.599[0;39m [32m-DEBUG[0;39m [35m88555[0;39m [32m[0;39m [      no-tenant] [2m---[0;39m [2m[           main][0;39m [36mo.a.f.c.provider.CommandHandlerProvider [0;39m [2m:[0;39m Register command handler 'closeEmailCampaignCommandHandler' ...
[2m2026-02-17 11:21:38.599[0;39m [32m-DEBUG[0;39m [35m88555[0;39m [32m[0;39m [      no-tenant] [2m---[0;39m [2m[           main][0;39m [36mo.a.f.c.provider.CommandHandlerProvider [0;39m [2m:[0;39m Register command handler 'createEmailCampaignCommandHandler' ...
[2m2026-02-17 11:21:38.599[0;39m [32m-DEBUG[0;39m [35m88555[0;39m [32m[0;39m [      no-tenant] [2m---[0;39m [2m[           main][0;39m [36mo.a.f.c.provider.CommandHandlerProvider [0;39m [2m:[0;39m Register command handler 'createEmailCommandHandler' ...
[2m2026-02-17 11:21:38.599[0;39m [32m-DEBUG[0;39m [35m88555[0;39m [32m[0;39m [      no-tenant] [2m---[0;39m [2m[           main][0;39m [36mo.a.f.c.provider.CommandHandlerProvider [0;39m [2m:[0;39m Register command handler 'deleteEmailCampaignCommandHandler' ...
[2m2026-02-17 11:21:38.599[0;39m [32m-DEBUG[0;39m [35m88555[0;39m [32m[0;39m [      no-tenant] [2m---[0;39m [2m[           main][0;39m [36mo.a.f.c.provider.CommandHandlerProvider [0;39m [2m:[0;39m Register command handler 'deleteEmailCommandHandler' ...
[2m2026-02-17 11:21:38.599[0;39m [32m-DEBUG[0;39m [35m88555[0;39m [32m[0;39m [      no-tenant] [2m---[0;39m [2m[           main][0;39m [36mo.a.f.c.provider.CommandHandlerProvider [0;39m [2m:[0;39m Register command handler 'reactivateEmailCampaignCommandHandler' ...
[2m2026-02-17 11:21:38.599[0;39m [32m-DEBUG[0;39m [35m88555[0;39m [32m[0;39m [      no-tenant] [2m---[0;39m [2m[           main][0;39m [36mo.a.f.c.provider.CommandHandlerProvider [0;39m [2m:[0;39m Register command handler 'updateEmailCampaignCommandHandler' ...
[2m2026-02-17 11:21:38.599[0;39m [32m-DEBUG[0;39m [35m88555[0;39m [32m[0;39m [      no-tenant] [2m---[0;39m [2m[           main][0;39m [36mo.a.f.c.provider.CommandHandlerProvider [0;39m [2m:[0;39m Register command handler 'updateEmailConfigurationCommandHandler' ...
[2m2026-02-17 11:21:38.599[0;39m [32m-DEBUG[0;39m [35m88555[0;39m [32m[0;39m [      no-tenant] [2m---[0;39m [2m[           main][0;39m [36mo.a.f.c.provider.CommandHandlerProvider [0;39m [2m:[0;39m Register command handler 'activateSmsCampaignCommandHandler' ...
[2m2026-02-17 11:21:38.599[0;39m [32m-DEBUG[0;39m [35m88555[0;39m [32m[0;39m [      no-tenant] [2m---[0;39m [2m[           main][0;39m [36mo.a.f.c.provider.CommandHandlerProvider [0;39m [2m:[0;39m Register command handler 'closeSmsCampaignCommandHandler' ...
[2m2026-02-17 11:21:38.600[0;39m [32m-DEBUG[0;39m [35m88555[0;39m [32m[0;39m [      no-tenant] [2m---[0;39m [2m[           main][0;39m [36mo.a.f.c.provider.CommandHandlerProvider [0;39m [2m:[0;39m Register command handler 'createSmsCampaignCommandHandler' ...
[2m2026-02-17 11:21:38.600[0;39m [32m-DEBUG[0;39m [35m88555[0;39m [32m[0;39m [      no-tenant] [2m---[0;39m [2m[           main][0;39m [36mo.a.f.c.provider.CommandHandlerProvider [0;39m [2m:[0;39m Register command handler 'deleteSmsCampaignCommandHandler' ...
[2m2026-02-17 11:21:38.600[0;39m [32m-DEBUG[0;39m [35m88555[0;39m [32m[0;39m [      no-tenant] [2m---[0;39m [2m[           main][0;39m [36mo.a.f.c.provider.CommandHandlerProvider [0;39m [2m:[0;39m Register command handler 'reactivateSmsCampaignCommandHandler' ...
[2m2026-02-17 11:21:38.600[0;39m [32m-DEBUG[0;39m [35m88555[0;39m [32m[0;39m [      no-tenant] [2m---[0;39m [2m[           main][0;39m [36mo.a.f.c.provider.CommandHandlerProvider [0;39m [2m:[0;39m Register command handler 'updateSmsCampaignCommandHandler' ...
[2m2026-02-17 11:21:38.600[0;39m [32m-DEBUG[0;39m [35m88555[0;39m [32m[0;39m [      no-tenant] [2m---[0;39m [2m[           main][0;39m [36mo.a.f.c.provider.CommandHandlerProvider [0;39m [2m:[0;39m Register command handler 'createCodeCommandHandler' ...
[2m2026-02-17 11:21:38.600[0;39m [32m-DEBUG[0;39m [35m88555[0;39m [32m[0;39m [      no-tenant] [2m---[0;39m [2m[           main][0;39m [36mo.a.f.c.provider.CommandHandlerProvider [0;39m [2m:[0;39m Register command handler 'createCodeValueCommandHandler' ...
[2m2026-02-17 11:21:38.600[0;39m [32m-DEBUG[0;39m [35m88555[0;39m [32m[0;39m [      no-tenant] [2m---[0;39m [2m[           main][0;39m [36mo.a.f.c.provider.CommandHandlerProvider [0;39m [2m:[0;39m Register command handler 'deleteCodeCommandHandler' ...
[2m2026-02-17 11:21:38.600[0;39m [32m-DEBUG[0;39m [35m88555[0;39m [32m[0;39m [      no-tenant] [2m---[0;39m [2m[           main][0;39m [36mo.a.f.c.provider.CommandHandlerProvider [0;39m [2m:[0;39m Register command handler 'deleteCodeValueCommandHandler' ...
[2m2026-02-17 11:21:38.600[0;39m [32m-DEBUG[0;39m [35m88555[0;39m [32m[0;39m [      no-tenant] [2m---[0;39m [2m[           main][0;39m [36mo.a.f.c.provider.CommandHandlerProvider [0;39m [2m:[0;39m Register command handler 'updateCodeCommandHandler' ...
[2m2026-02-17 11:21:38.600[0;39m [32m-DEBUG[0;39m [35m88555[0;39m [32m[0;39m [      no-tenant] [2m---[0;39m [2m[           main][0;39m [36mo.a.f.c.provider.CommandHandlerProvider [0;39m [2m:[0;39m Register command handler 'updateCodeValueCommandHandler' ...
[2m2026-02-17 11:21:38.600[0;39m [32m-DEBUG[0;39m [35m88555[0;39m [32m[0;39m [      no-tenant] [2m---[0;39m [2m[           main][0;39m [36mo.a.f.c.provider.CommandHandlerProvider [0;39m [2m:[0;39m Register command handler 'updateExternalServiceConfigurationCommandHandler' ...
[2m2026-02-17 11:21:38.600[0;39m [32m-DEBUG[0;39m [35m88555[0;39m [32m[0;39m [      no-tenant] [2m---[0;39m [2m[           main][0;39m [36mo.a.f.c.provider.CommandHandlerProvider [0;39m [2m:[0;39m Register command handler 'updateGlobalConfigurationCommandHandler' ...
[2m2026-02-17 11:21:38.600[0;39m [32m-DEBUG[0;39m [35m88555[0;39m [32m[0;39m [      no-tenant] [2m---[0;39m [2m[           main][0;39m [36mo.a.f.c.provider.CommandHandlerProvider [0;39m [2m:[0;39m Register command handler 'addCreditBureauConfigurationDataCommandHandler' ...
[2m2026-02-17 11:21:38.600[0;39m [32m-DEBUG[0;39m [35m88555[0;39m [32m[0;39m [      no-tenant] [2m---[0;39m [2m[           main][0;39m [36mo.a.f.c.provider.CommandHandlerProvider [0;39m [2m:[0;39m Register command handler 'addOrganisationCreditBureauCommandHandler' ...
[2m2026-02-17 11:21:38.600[0;39m [32m-DEBUG[0;39m [35m88555[0;39m [32m[0;39m [      no-tenant] [2m---[0;39m [2m[           main][0;39m [36mo.a.f.c.provider.CommandHandlerProvider [0;39m [2m:[0;39m Register command handler 'createCreditBureauLoanProductMappingCommandHandler' ...
[2m2026-02-17 11:21:38.600[0;39m [32m-DEBUG[0;39m [35m88555[0;39m [32m[0;39m [      no-tenant] [2m---[0;39m [2m[           main][0;39m [36mo.a.f.c.provider.CommandHandlerProvider [0;39m [2m:[0;39m Register command handler 'deleteCreditReportCommandHandler' ...
[2m2026-02-17 11:21:38.600[0;39m [32m-DEBUG[0;39m [35m88555[0;39m [32m[0;39m [      no-tenant] [2m---[0;39m [2m[           main][0;39m [36mo.a.f.c.provider.CommandHandlerProvider [0;39m [2m:[0;39m Register command handler 'getCreditReportCommandHandler' ...
[2m2026-02-17 11:21:38.600[0;39m [32m-DEBUG[0;39m [35m88555[0;39m [32m[0;39m [      no-tenant] [2m---[0;39m [2m[           main][0;39m [36mo.a.f.c.provider.CommandHandlerProvider [0;39m [2m:[0;39m Register command handler 'saveCreditReportCommandHandler' ...
[2m2026-02-17 11:21:38.600[0;39m [32m-DEBUG[0;39m [35m88555[0;39m [32m[0;39m [      no-tenant] [2m---[0;39m [2m[           main][0;39m [36mo.a.f.c.provider.CommandHandlerProvider [0;39m [2m:[0;39m Register command handler 'updateCreditBureauCommandHandler' ...
[2m2026-02-17 11:21:38.600[0;39m [32m-DEBUG[0;39m [35m88555[0;39m [32m[0;39m [      no-tenant] [2m---[0;39m [2m[           main][0;39m [36mo.a.f.c.provider.CommandHandlerProvider [0;39m [2m:[0;39m Register command handler 'updateCreditBureauConfigurationDataCommandHandler' ...
[2m2026-02-17 11:21:38.600[0;39m [32m-DEBUG[0;39m [35m88555[0;39m [32m[0;39m [      no-tenant] [2m---[0;39m [2m[           main][0;39m [36mo.a.f.c.provider.CommandHandlerProvider [0;39m [2m:[0;39m Register command handler 'updateCreditBureauLoanProductMappingCommandHandler' ...
[2m2026-02-17 11:21:38.600[0;39m [32m-DEBUG[0;39m [35m88555[0;39m [32m[0;39m [      no-tenant] [2m---[0;39m [2m[           main][0;39m [36mo.a.f.c.provider.CommandHandlerProvider [0;39m [2m:[0;39m Register command handler 'createEntityDatatableChecksCommandHandler' ...
[2m2026-02-17 11:21:38.600[0;39m [32m-DEBUG[0;39m [35m88555[0;39m [32m[0;39m [      no-tenant] [2m---[0;39m [2m[           main][0;39m [36mo.a.f.c.provider.CommandHandlerProvider [0;39m [2m:[0;39m Register command handler 'createReportCommandHandler' ...
[2m2026-02-17 11:21:38.600[0;39m [32m-DEBUG[0;39m [35m88555[0;39m [32m[0;39m [      no-tenant] [2m---[0;39m [2m[           main][0;39m [36mo.a.f.c.provider.CommandHandlerProvider [0;39m [2m:[0;39m Register command handler 'deleteEntityDatatableChecksCommandHandler' ...
[2m2026-02-17 11:21:38.600[0;39m [32m-DEBUG[0;39m [35m88555[0;39m [32m[0;39m [      no-tenant] [2m---[0;39m [2m[           main][0;39m [36mo.a.f.c.provider.CommandHandlerProvider [0;39m [2m:[0;39m Register command handler 'deleteReportCommandHandler' ...
[2m2026-02-17 11:21:38.600[0;39m [32m-DEBUG[0;39m [35m88555[0;39m [32m[0;39m [      no-tenant] [2m---[0;39m [2m[           main][0;39m [36mo.a.f.c.provider.CommandHandlerProvider [0;39m [2m:[0;39m Register command handler 'updateReportCommandHandler' ...
[2m2026-02-17 11:21:38.600[0;39m [32m-DEBUG[0;39m [35m88555[0;39m [32m[0;39m [      no-tenant] [2m---[0;39m [2m[           main][0;39m [36mo.a.f.c.provider.CommandHandlerProvider [0;39m [2m:[0;39m Register command handler 'createEntityToEntityMappingCommandHandler' ...
[2m2026-02-17 11:21:38.600[0;39m [32m-DEBUG[0;39m [35m88555[0;39m [32m[0;39m [      no-tenant] [2m---[0;39m [2m[           main][0;39m [36mo.a.f.c.provider.CommandHandlerProvider [0;39m [2m:[0;39m Register command handler 'deleteEntityToEntityMappingCommandHandler' ...
[2m2026-02-17 11:21:38.600[0;39m [32m-DEBUG[0;39m [35m88555[0;39m [32m[0;39m [      no-tenant] [2m---[0;39m [2m[           main][0;39m [36mo.a.f.c.provider.CommandHandlerProvider [0;39m [2m:[0;39m Register command handler 'updateEntityToEntityMappingCommandHandler' ...
[2m2026-02-17 11:21:38.600[0;39m [32m-DEBUG[0;39m [35m88555[0;39m [32m[0;39m [      no-tenant] [2m---[0;39m [2m[           main][0;39m [36mo.a.f.c.provider.CommandHandlerProvider [0;39m [2m:[0;39m Register command handler 'createHookCommandHandler' ...
[2m2026-02-17 11:21:38.600[0;39m [32m-DEBUG[0;39m [35m88555[0;39m [32m[0;39m [      no-tenant] [2m---[0;39m [2m[           main][0;39m [36mo.a.f.c.provider.CommandHandlerProvider [0;39m [2m:[0;39m Register command handler 'deleteHookCommandHandler' ...
[2m2026-02-17 11:21:38.600[0;39m [32m-DEBUG[0;39m [35m88555[0;39m [32m[0;39m [      no-tenant] [2m---[0;39m [2m[           main][0;39m [36mo.a.f.c.provider.CommandHandlerProvider [0;39m [2m:[0;39m Register command handler 'updateHookCommandHandler' ...
[2m2026-02-17 11:21:38.600[0;39m [32m-DEBUG[0;39m [35m88555[0;39m [32m[0;39m [      no-tenant] [2m---[0;39m [2m[           main][0;39m [36mo.a.f.c.provider.CommandHandlerProvider [0;39m [2m:[0;39m Register command handler 'updateJobDetailCommandhandler' ...
[2m2026-02-17 11:21:38.600[0;39m [32m-DEBUG[0;39m [35m88555[0;39m [32m[0;39m [      no-tenant] [2m---[0;39m [2m[           main][0;39m [36mo.a.f.c.provider.CommandHandlerProvider [0;39m [2m:[0;39m Register command handler 'inlineJobExecuteHandler' ...
[2m2026-02-17 11:21:38.600[0;39m [32m-DEBUG[0;39m [35m88555[0;39m [32m[0;39m [      no-tenant] [2m---[0;39m [2m[           main][0;39m [36mo.a.f.c.provider.CommandHandlerProvider [0;39m [2m:[0;39m Register command handler 'createReportMailingJobCommandHandler' ...
[2m2026-02-17 11:21:38.600[0;39m [32m-DEBUG[0;39m [35m88555[0;39m [32m[0;39m [      no-tenant] [2m---[0;39m [2m[           main][0;39m [36mo.a.f.c.provider.CommandHandlerProvider [0;39m [2m:[0;39m Register command handler 'deleteReportMailingJobCommandHandler' ...
[2m2026-02-17 11:21:38.600[0;39m [32m-DEBUG[0;39m [35m88555[0;39m [32m[0;39m [      no-tenant] [2m---[0;39m [2m[           main][0;39m [36mo.a.f.c.provider.CommandHandlerProvider [0;39m [2m:[0;39m Register command handler 'updateReportMailingJobCommandHandler' ...
[2m2026-02-17 11:21:38.600[0;39m [32m-DEBUG[0;39m [35m88555[0;39m [32m[0;39m [      no-tenant] [2m---[0;39m [2m[           main][0;39m [36mo.a.f.c.provider.CommandHandlerProvider [0;39m [2m:[0;39m Register command handler 'createSmsCommandHandler' ...
[2m2026-02-17 11:21:38.600[0;39m [32m-DEBUG[0;39m [35m88555[0;39m [32m[0;39m [      no-tenant] [2m---[0;39m [2m[           main][0;39m [36mo.a.f.c.provider.CommandHandlerProvider [0;39m [2m:[0;39m Register command handler 'deleteSmsCommandHandler' ...
[2m2026-02-17 11:21:38.600[0;39m [32m-DEBUG[0;39m [35m88555[0;39m [32m[0;39m [      no-tenant] [2m---[0;39m [2m[           main][0;39m [36mo.a.f.c.provider.CommandHandlerProvider [0;39m [2m:[0;39m Register command handler 'updateSmsCommandHandler' ...
[2m2026-02-17 11:21:38.600[0;39m [32m-DEBUG[0;39m [35m88555[0;39m [32m[0;39m [      no-tenant] [2m---[0;39m [2m[           main][0;39m [36mo.a.f.c.provider.CommandHandlerProvider [0;39m [2m:[0;39m Register command handler 'updateLikelihoodCommandHandler' ...
[2m2026-02-17 11:21:38.600[0;39m [32m-DEBUG[0;39m [35m88555[0;39m [32m[0;39m [      no-tenant] [2m---[0;39m [2m[           main][0;39m [36mo.a.f.c.provider.CommandHandlerProvider [0;39m [2m:[0;39m Register command handler 'commitInteropTransferHandler' ...
[2m2026-02-17 11:21:38.600[0;39m [32m-DEBUG[0;39m [35m88555[0;39m [32m[0;39m [      no-tenant] [2m---[0;39m [2m[           main][0;39m [36mo.a.f.c.provider.CommandHandlerProvider [0;39m [2m:[0;39m Register command handler 'createInteropIdentifierHandler' ...
[2m2026-02-17 11:21:38.600[0;39m [32m-DEBUG[0;39m [35m88555[0;39m [32m[0;39m [      no-tenant] [2m---[0;39m [2m[           main][0;39m [36mo.a.f.c.provider.CommandHandlerProvider [0;39m [2m:[0;39m Register command handler 'createInteropQuoteHandler' ...
[2m2026-02-17 11:21:38.600[0;39m [32m-DEBUG[0;39m [35m88555[0;39m [32m[0;39m [      no-tenant] [2m---[0;39m [2m[           main][0;39m [36mo.a.f.c.provider.CommandHandlerProvider [0;39m [2m:[0;39m Register command handler 'createInteropRequestHandler' ...
[2m2026-02-17 11:21:38.600[0;39m [32m-DEBUG[0;39m [35m88555[0;39m [32m[0;39m [      no-tenant] [2m---[0;39m [2m[           main][0;39m [36mo.a.f.c.provider.CommandHandlerProvider [0;39m [2m:[0;39m Register command handler 'deleteInteropIdentifierHandler' ...
[2m2026-02-17 11:21:38.600[0;39m [32m-DEBUG[0;39m [35m88555[0;39m [32m[0;39m [      no-tenant] [2m---[0;39m [2m[           main][0;39m [36mo.a.f.c.provider.CommandHandlerProvider [0;39m [2m:[0;39m Register command handler 'prepareInteropTransferHandler' ...
[2m2026-02-17 11:21:38.600[0;39m [32m-DEBUG[0;39m [35m88555[0;39m [32m[0;39m [      no-tenant] [2m---[0;39m [2m[           main][0;39m [36mo.a.f.c.provider.CommandHandlerProvider [0;39m [2m:[0;39m Register command handler 'releaseInteropTransferHandler' ...
[2m2026-02-17 11:21:38.600[0;39m [32m-DEBUG[0;39m [35m88555[0;39m [32m[0;39m [      no-tenant] [2m---[0;39m [2m[           main][0;39m [36mo.a.f.c.provider.CommandHandlerProvider [0;39m [2m:[0;39m Register command handler 'updateTaxonomyMappingCommandHandler' ...
[2m2026-02-17 11:21:38.600[0;39m [32m-DEBUG[0;39m [35m88555[0;39m [32m[0;39m [      no-tenant] [2m---[0;39m [2m[           main][0;39m [36mo.a.f.c.provider.CommandHandlerProvider [0;39m [2m:[0;39m Register command handler 'activateHolidayCommandHandler' ...
[2m2026-02-17 11:21:38.600[0;39m [32m-DEBUG[0;39m [35m88555[0;39m [32m[0;39m [      no-tenant] [2m---[0;39m [2m[           main][0;39m [36mo.a.f.c.provider.CommandHandlerProvider [0;39m [2m:[0;39m Register command handler 'createHolidayCommandHandler' ...
[2m2026-02-17 11:21:38.600[0;39m [32m-DEBUG[0;39m [35m88555[0;39m [32m[0;39m [      no-tenant] [2m---[0;39m [2m[           main][0;39m [36mo.a.f.c.provider.CommandHandlerProvider [0;39m [2m:[0;39m Register command handler 'deleteHolidayCommandHandler' ...
[2m2026-02-17 11:21:38.600[0;39m [32m-DEBUG[0;39m [35m88555[0;39m [32m[0;39m [      no-tenant] [2m---[0;39m [2m[           main][0;39m [36mo.a.f.c.provider.CommandHandlerProvider [0;39m [2m:[0;39m Register command handler 'updateHolidayCommandHandler' ...
[2m2026-02-17 11:21:38.600[0;39m [32m-DEBUG[0;39m [35m88555[0;39m [32m[0;39m [      no-tenant] [2m---[0;39m [2m[           main][0;39m [36mo.a.f.c.provider.CommandHandlerProvider [0;39m [2m:[0;39m Register command handler 'createOfficeCommandHandler' ...
[2m2026-02-17 11:21:38.600[0;39m [32m-DEBUG[0;39m [35m88555[0;39m [32m[0;39m [      no-tenant] [2m---[0;39m [2m[           main][0;39m [36mo.a.f.c.provider.CommandHandlerProvider [0;39m [2m:[0;39m Register command handler 'createOfficeTransactionCommandHandler' ...
[2m2026-02-17 11:21:38.600[0;39m [32m-DEBUG[0;39m [35m88555[0;39m [32m[0;39m [      no-tenant] [2m---[0;39m [2m[           main][0;39m [36mo.a.f.c.provider.CommandHandlerProvider [0;39m [2m:[0;39m Register command handler 'deleteOfficeTransactionCommandHandler' ...
[2m2026-02-17 11:21:38.600[0;39m [32m-DEBUG[0;39m [35m88555[0;39m [32m[0;39m [      no-tenant] [2m---[0;39m [2m[           main][0;39m [36mo.a.f.c.provider.CommandHandlerProvider [0;39m [2m:[0;39m Register command handler 'updateOfficeCommandHandler' ...
[2m2026-02-17 11:21:38.600[0;39m [32m-DEBUG[0;39m [35m88555[0;39m [32m[0;39m [      no-tenant] [2m---[0;39m [2m[           main][0;39m [36mo.a.f.c.provider.CommandHandlerProvider [0;39m [2m:[0;39m Register command handler 'createProvisioningCategoryRequestCommandHandler' ...
[2m2026-02-17 11:21:38.600[0;39m [32m-DEBUG[0;39m [35m88555[0;39m [32m[0;39m [      no-tenant] [2m---[0;39m [2m[           main][0;39m [36mo.a.f.c.provider.CommandHandlerProvider [0;39m [2m:[0;39m Register command handler 'createProvisioningCriteriaRequestCommandHandler' ...
[2m2026-02-17 11:21:38.600[0;39m [32m-DEBUG[0;39m [35m88555[0;39m [32m[0;39m [      no-tenant] [2m---[0;39m [2m[           main][0;39m [36mo.a.f.c.provider.CommandHandlerProvider [0;39m [2m:[0;39m Register command handler 'deleteProvisioningCategoryRequestCommandHandler' ...
[2m2026-02-17 11:21:38.601[0;39m [32m-DEBUG[0;39m [35m88555[0;39m [32m[0;39m [      no-tenant] [2m---[0;39m [2m[           main][0;39m [36mo.a.f.c.provider.CommandHandlerProvider [0;39m [2m:[0;39m Register command handler 'deleteProvisioningCriteriaRequestCommandHandler' ...
[2m2026-02-17 11:21:38.601[0;39m [32m-DEBUG[0;39m [35m88555[0;39m [32m[0;39m [      no-tenant] [2m---[0;39m [2m[           main][0;39m [36mo.a.f.c.provider.CommandHandlerProvider [0;39m [2m:[0;39m Register command handler 'updateProvisioningCategoryRequestCommandHandler' ...
[2m2026-02-17 11:21:38.601[0;39m [32m-DEBUG[0;39m [35m88555[0;39m [32m[0;39m [      no-tenant] [2m---[0;39m [2m[           main][0;39m [36mo.a.f.c.provider.CommandHandlerProvider [0;39m [2m:[0;39m Register command handler 'updateProvisioningCriteriaRequestCommandHandler' ...
[2m2026-02-17 11:21:38.601[0;39m [32m-DEBUG[0;39m [35m88555[0;39m [32m[0;39m [      no-tenant] [2m---[0;39m [2m[           main][0;39m [36mo.a.f.c.provider.CommandHandlerProvider [0;39m [2m:[0;39m Register command handler 'createStaffCommandHandler' ...
[2m2026-02-17 11:21:38.601[0;39m [32m-DEBUG[0;39m [35m88555[0;39m [32m[0;39m [      no-tenant] [2m---[0;39m [2m[           main][0;39m [36mo.a.f.c.provider.CommandHandlerProvider [0;39m [2m:[0;39m Register command handler 'updateStaffCommandHandler' ...
[2m2026-02-17 11:21:38.601[0;39m [32m-DEBUG[0;39m [35m88555[0;39m [32m[0;39m [      no-tenant] [2m---[0;39m [2m[           main][0;39m [36mo.a.f.c.provider.CommandHandlerProvider [0;39m [2m:[0;39m Register command handler 'updateWorkingDaysCommandHandler' ...
[2m2026-02-17 11:21:38.601[0;39m [32m-DEBUG[0;39m [35m88555[0;39m [32m[0;39m [      no-tenant] [2m---[0;39m [2m[           main][0;39m [36mo.a.f.c.provider.CommandHandlerProvider [0;39m [2m:[0;39m Register command handler 'createAccountTransferCommandHandler' ...
[2m2026-02-17 11:21:38.601[0;39m [32m-DEBUG[0;39m [35m88555[0;39m [32m[0;39m [      no-tenant] [2m---[0;39m [2m[           main][0;39m [36mo.a.f.c.provider.CommandHandlerProvider [0;39m [2m:[0;39m Register command handler 'createStandingInstructionCommandHandler' ...
[2m2026-02-17 11:21:38.601[0;39m [32m-DEBUG[0;39m [35m88555[0;39m [32m[0;39m [      no-tenant] [2m---[0;39m [2m[           main][0;39m [36mo.a.f.c.provider.CommandHandlerProvider [0;39m [2m:[0;39m Register command handler 'deleteStandingInstructionCommandHandler' ...
[2m2026-02-17 11:21:38.601[0;39m [32m-DEBUG[0;39m [35m88555[0;39m [32m[0;39m [      no-tenant] [2m---[0;39m [2m[           main][0;39m [36mo.a.f.c.provider.CommandHandlerProvider [0;39m [2m:[0;39m Register command handler 'refundByTransferCommandHandler' ...
[2m2026-02-17 11:21:38.601[0;39m [32m-DEBUG[0;39m [35m88555[0;39m [32m[0;39m [      no-tenant] [2m---[0;39m [2m[           main][0;39m [36mo.a.f.c.provider.CommandHandlerProvider [0;39m [2m:[0;39m Register command handler 'updateStandingInstructionCommandHandler' ...
[2m2026-02-17 11:21:38.601[0;39m [32m-DEBUG[0;39m [35m88555[0;39m [32m[0;39m [      no-tenant] [2m---[0;39m [2m[           main][0;39m [36mo.a.f.c.provider.CommandHandlerProvider [0;39m [2m:[0;39m Register command handler 'createCalendarCommandHandler' ...
[2m2026-02-17 11:21:38.601[0;39m [32m-DEBUG[0;39m [35m88555[0;39m [32m[0;39m [      no-tenant] [2m---[0;39m [2m[           main][0;39m [36mo.a.f.c.provider.CommandHandlerProvider [0;39m [2m:[0;39m Register command handler 'deleteCalendarCommandHandler' ...
[2m2026-02-17 11:21:38.601[0;39m [32m-DEBUG[0;39m [35m88555[0;39m [32m[0;39m [      no-tenant] [2m---[0;39m [2m[           main][0;39m [36mo.a.f.c.provider.CommandHandlerProvider [0;39m [2m:[0;39m Register command handler 'updateCalendarCommandHandler' ...
[2m2026-02-17 11:21:38.601[0;39m [32m-DEBUG[0;39m [35m88555[0;39m [32m[0;39m [      no-tenant] [2m---[0;39m [2m[           main][0;39m [36mo.a.f.c.provider.CommandHandlerProvider [0;39m [2m:[0;39m Register command handler 'activateClientCommandHandler' ...
[2m2026-02-17 11:21:38.601[0;39m [32m-DEBUG[0;39m [35m88555[0;39m [32m[0;39m [      no-tenant] [2m---[0;39m [2m[           main][0;39m [36mo.a.f.c.provider.CommandHandlerProvider [0;39m [2m:[0;39m Register command handler 'addClientAddressCommandHandler' ...
[2m2026-02-17 11:21:38.601[0;39m [32m-DEBUG[0;39m [35m88555[0;39m [32m[0;39m [      no-tenant] [2m---[0;39m [2m[           main][0;39m [36mo.a.f.c.provider.CommandHandlerProvider [0;39m [2m:[0;39m Register command handler 'addClientFamilyMemberCommandHandler' ...
[2m2026-02-17 11:21:38.601[0;39m [32m-DEBUG[0;39m [35m88555[0;39m [32m[0;39m [      no-tenant] [2m---[0;39m [2m[           main][0;39m [36mo.a.f.c.provider.CommandHandlerProvider [0;39m [2m:[0;39m Register command handler 'assignClientGestorCommandHandler' ...
[2m2026-02-17 11:21:38.601[0;39m [32m-DEBUG[0;39m [35m88555[0;39m [32m[0;39m [      no-tenant] [2m---[0;39m [2m[           main][0;39m [36mo.a.f.c.provider.CommandHandlerProvider [0;39m [2m:[0;39m Register command handler 'assignClientStaffCommandHandler' ...
[2m2026-02-17 11:21:38.601[0;39m [32m-DEBUG[0;39m [35m88555[0;39m [32m[0;39m [      no-tenant] [2m---[0;39m [2m[           main][0;39m [36mo.a.f.c.provider.CommandHandlerProvider [0;39m [2m:[0;39m Register command handler 'closeClientCommandHandler' ...
[2m2026-02-17 11:21:38.601[0;39m [32m-DEBUG[0;39m [35m88555[0;39m [32m[0;39m [      no-tenant] [2m---[0;39m [2m[           main][0;39m [36mo.a.f.c.provider.CommandHandlerProvider [0;39m [2m:[0;39m Register command handler 'createClientChargeCommandHandler' ...
[2m2026-02-17 11:21:38.601[0;39m [32m-DEBUG[0;39m [35m88555[0;39m [32m[0;39m [      no-tenant] [2m---[0;39m [2m[           main][0;39m [36mo.a.f.c.provider.CommandHandlerProvider [0;39m [2m:[0;39m Register command handler 'createClientCommandHandler' ...
[2m2026-02-17 11:21:38.601[0;39m [32m-DEBUG[0;39m [35m88555[0;39m [32m[0;39m [      no-tenant] [2m---[0;39m [2m[           main][0;39m [36mo.a.f.c.provider.CommandHandlerProvider [0;39m [2m:[0;39m Register command handler 'createClientIdentifierCommandHandler' ...
[2m2026-02-17 11:21:38.601[0;39m [32m-DEBUG[0;39m [35m88555[0;39m [32m[0;39m [      no-tenant] [2m---[0;39m [2m[           main][0;39m [36mo.a.f.c.provider.CommandHandlerProvider [0;39m [2m:[0;39m Register command handler 'deleteClientChargeCommandHandler' ...
[2m2026-02-17 11:21:38.601[0;39m [32m-DEBUG[0;39m [35m88555[0;39m [32m[0;39m [      no-tenant] [2m---[0;39m [2m[           main][0;39m [36mo.a.f.c.provider.CommandHandlerProvider [0;39m [2m:[0;39m Register command handler 'deleteClientCommandHandler' ...
[2m2026-02-17 11:21:38.601[0;39m [32m-DEBUG[0;39m [35m88555[0;39m [32m[0;39m [      no-tenant] [2m---[0;39m [2m[           main][0;39m [36mo.a.f.c.provider.CommandHandlerProvider [0;39m [2m:[0;39m Register command handler 'deleteClientFamilyMemberCommandHandler' ...
[2m2026-02-17 11:21:38.601[0;39m [32m-DEBUG[0;39m [35m88555[0;39m [32m[0;39m [      no-tenant] [2m---[0;39m [2m[           main][0;39m [36mo.a.f.c.provider.CommandHandlerProvider [0;39m [2m:[0;39m Register command handler 'deleteClientIdentifierCommandHandler' ...
[2m2026-02-17 11:21:38.601[0;39m [32m-DEBUG[0;39m [35m88555[0;39m [32m[0;39m [      no-tenant] [2m---[0;39m [2m[           main][0;39m [36mo.a.f.c.provider.CommandHandlerProvider [0;39m [2m:[0;39m Register command handler 'payClientChargeCommandHandler' ...
[2m2026-02-17 11:21:38.601[0;39m [32m-DEBUG[0;39m [35m88555[0;39m [32m[0;39m [      no-tenant] [2m---[0;39m [2m[           main][0;39m [36mo.a.f.c.provider.CommandHandlerProvider [0;39m [2m:[0;39m Register command handler 'reActivateClientCommandHandler' ...
[2m2026-02-17 11:21:38.601[0;39m [32m-DEBUG[0;39m [35m88555[0;39m [32m[0;39m [      no-tenant] [2m---[0;39m [2m[           main][0;39m [36mo.a.f.c.provider.CommandHandlerProvider [0;39m [2m:[0;39m Register command handler 'rejectClientCommandHandler' ...
[2m2026-02-17 11:21:38.601[0;39m [32m-DEBUG[0;39m [35m88555[0;39m [32m[0;39m [      no-tenant] [2m---[0;39m [2m[           main][0;39m [36mo.a.f.c.provider.CommandHandlerProvider [0;39m [2m:[0;39m Register command handler 'unassignClientGestorCommandHandler' ...
[2m2026-02-17 11:21:38.601[0;39m [32m-DEBUG[0;39m [35m88555[0;39m [32m[0;39m [      no-tenant] [2m---[0;39m [2m[           main][0;39m [36mo.a.f.c.provider.CommandHandlerProvider [0;39m [2m:[0;39m Register command handler 'unassignClientStaffCommandHandler' ...
[2m2026-02-17 11:21:38.601[0;39m [32m-DEBUG[0;39m [35m88555[0;39m [32m[0;39m [      no-tenant] [2m---[0;39m [2m[           main][0;39m [36mo.a.f.c.provider.CommandHandlerProvider [0;39m [2m:[0;39m Register command handler 'undoClientTransactionCommandHandler' ...
[2m2026-02-17 11:21:38.601[0;39m [32m-DEBUG[0;39m [35m88555[0;39m [32m[0;39m [      no-tenant] [2m---[0;39m [2m[           main][0;39m [36mo.a.f.c.provider.CommandHandlerProvider [0;39m [2m:[0;39m Register command handler 'undoRejectClientCommandHandler' ...
[2m2026-02-17 11:21:38.601[0;39m [32m-DEBUG[0;39m [35m88555[0;39m [32m[0;39m [      no-tenant] [2m---[0;39m [2m[           main][0;39m [36mo.a.f.c.provider.CommandHandlerProvider [0;39m [2m:[0;39m Register command handler 'undoWithdrawalCommandHandler' ...
[2m2026-02-17 11:21:38.601[0;39m [32m-DEBUG[0;39m [35m88555[0;39m [32m[0;39m [      no-tenant] [2m---[0;39m [2m[           main][0;39m [36mo.a.f.c.provider.CommandHandlerProvider [0;39m [2m:[0;39m Register command handler 'updateClientAddressCommandHandler' ...
[2m2026-02-17 11:21:38.601[0;39m [32m-DEBUG[0;39m [35m88555[0;39m [32m[0;39m [      no-tenant] [2m---[0;39m [2m[           main][0;39m [36mo.a.f.c.provider.CommandHandlerProvider [0;39m [2m:[0;39m Register command handler 'updateClientCommandHandler' ...
[2m2026-02-17 11:21:38.601[0;39m [32m-DEBUG[0;39m [35m88555[0;39m [32m[0;39m [      no-tenant] [2m---[0;39m [2m[           main][0;39m [36mo.a.f.c.provider.CommandHandlerProvider [0;39m [2m:[0;39m Register command handler 'updateClientFamilyMemberCommandHandler' ...
[2m2026-02-17 11:21:38.601[0;39m [32m-DEBUG[0;39m [35m88555[0;39m [32m[0;39m [      no-tenant] [2m---[0;39m [2m[           main][0;39m [36mo.a.f.c.provider.CommandHandlerProvider [0;39m [2m:[0;39m Register command handler 'updateClientIdentifierCommandHandler' ...
[2m2026-02-17 11:21:38.601[0;39m [32m-DEBUG[0;39m [35m88555[0;39m [32m[0;39m [      no-tenant] [2m---[0;39m [2m[           main][0;39m [36mo.a.f.c.provider.CommandHandlerProvider [0;39m [2m:[0;39m Register command handler 'updateClientSavingsAccountCommandHandler' ...
[2m2026-02-17 11:21:38.601[0;39m [32m-DEBUG[0;39m [35m88555[0;39m [32m[0;39m [      no-tenant] [2m---[0;39m [2m[           main][0;39m [36mo.a.f.c.provider.CommandHandlerProvider [0;39m [2m:[0;39m Register command handler 'waiveClientChargeCommandHandler' ...
[2m2026-02-17 11:21:38.601[0;39m [32m-DEBUG[0;39m [35m88555[0;39m [32m[0;39m [      no-tenant] [2m---[0;39m [2m[           main][0;39m [36mo.a.f.c.provider.CommandHandlerProvider [0;39m [2m:[0;39m Register command handler 'withdrawClientCommandHandler' ...
[2m2026-02-17 11:21:38.601[0;39m [32m-DEBUG[0;39m [35m88555[0;39m [32m[0;39m [      no-tenant] [2m---[0;39m [2m[           main][0;39m [36mo.a.f.c.provider.CommandHandlerProvider [0;39m [2m:[0;39m Register command handler 'createCollateralCommandHandler' ...
[2m2026-02-17 11:21:38.601[0;39m [32m-DEBUG[0;39m [35m88555[0;39m [32m[0;39m [      no-tenant] [2m---[0;39m [2m[           main][0;39m [36mo.a.f.c.provider.CommandHandlerProvider [0;39m [2m:[0;39m Register command handler 'deleteCollateralCommandHandler' ...
[2m2026-02-17 11:21:38.601[0;39m [32m-DEBUG[0;39m [35m88555[0;39m [32m[0;39m [      no-tenant] [2m---[0;39m [2m[           main][0;39m [36mo.a.f.c.provider.CommandHandlerProvider [0;39m [2m:[0;39m Register command handler 'updateCollateralCommandHandler' ...
[2m2026-02-17 11:21:38.601[0;39m [32m-DEBUG[0;39m [35m88555[0;39m [32m[0;39m [      no-tenant] [2m---[0;39m [2m[           main][0;39m [36mo.a.f.c.provider.CommandHandlerProvider [0;39m [2m:[0;39m Register command handler 'addClientCollateralProductCommandHandler' ...
[2m2026-02-17 11:21:38.601[0;39m [32m-DEBUG[0;39m [35m88555[0;39m [32m[0;39m [      no-tenant] [2m---[0;39m [2m[           main][0;39m [36mo.a.f.c.provider.CommandHandlerProvider [0;39m [2m:[0;39m Register command handler 'createCollateralProductCommandHandler' ...
[2m2026-02-17 11:21:38.601[0;39m [32m-DEBUG[0;39m [35m88555[0;39m [32m[0;39m [      no-tenant] [2m---[0;39m [2m[           main][0;39m [36mo.a.f.c.provider.CommandHandlerProvider [0;39m [2m:[0;39m Register command handler 'deleteClientCollateralProductCommandHandler' ...
[2m2026-02-17 11:21:38.601[0;39m [32m-DEBUG[0;39m [35m88555[0;39m [32m[0;39m [      no-tenant] [2m---[0;39m [2m[           main][0;39m [36mo.a.f.c.provider.CommandHandlerProvider [0;39m [2m:[0;39m Register command handler 'deleteCollateralProductHandler' ...
[2m2026-02-17 11:21:38.601[0;39m [32m-DEBUG[0;39m [35m88555[0;39m [32m[0;39m [      no-tenant] [2m---[0;39m [2m[           main][0;39m [36mo.a.f.c.provider.CommandHandlerProvider [0;39m [2m:[0;39m Register command handler 'deleteLoanCollateralManagement' ...
[2m2026-02-17 11:21:38.601[0;39m [32m-DEBUG[0;39m [35m88555[0;39m [32m[0;39m [      no-tenant] [2m---[0;39m [2m[           main][0;39m [36mo.a.f.c.provider.CommandHandlerProvider [0;39m [2m:[0;39m Register command handler 'updateClientCollateralProductCommandHandler' ...
[2m2026-02-17 11:21:38.601[0;39m [32m-DEBUG[0;39m [35m88555[0;39m [32m[0;39m [      no-tenant] [2m---[0;39m [2m[           main][0;39m [36mo.a.f.c.provider.CommandHandlerProvider [0;39m [2m:[0;39m Register command handler 'updateCollateralProductCommandHandler' ...
[2m2026-02-17 11:21:38.601[0;39m [32m-DEBUG[0;39m [35m88555[0;39m [32m[0;39m [      no-tenant] [2m---[0;39m [2m[           main][0;39m [36mo.a.f.c.provider.CommandHandlerProvider [0;39m [2m:[0;39m Register command handler 'saveIndividualCollectionSheetCommandHandler' ...
[2m2026-02-17 11:21:38.601[0;39m [32m-DEBUG[0;39m [35m88555[0;39m [32m[0;39m [      no-tenant] [2m---[0;39m [2m[           main][0;39m [36mo.a.f.c.provider.CommandHandlerProvider [0;39m [2m:[0;39m Register command handler 'updateCollectionSheetCommandHandler' ...
[2m2026-02-17 11:21:38.601[0;39m [32m-DEBUG[0;39m [35m88555[0;39m [32m[0;39m [      no-tenant] [2m---[0;39m [2m[           main][0;39m [36mo.a.f.c.provider.CommandHandlerProvider [0;39m [2m:[0;39m Register command handler 'applySesionComiteCommandHandler' ...
[2m2026-02-17 11:21:38.601[0;39m [32m-DEBUG[0;39m [35m88555[0;39m [32m[0;39m [      no-tenant] [2m---[0;39m [2m[           main][0;39m [36mo.a.f.c.provider.CommandHandlerProvider [0;39m [2m:[0;39m Register command handler 'closeSesionComiteCommandHandler' ...
[2m2026-02-17 11:21:38.601[0;39m [32m-DEBUG[0;39m [35m88555[0;39m [32m[0;39m [      no-tenant] [2m---[0;39m [2m[           main][0;39m [36mo.a.f.c.provider.CommandHandlerProvider [0;39m [2m:[0;39m Register command handler 'createSesionComiteCommandHandler' ...
[2m2026-02-17 11:21:38.601[0;39m [32m-DEBUG[0;39m [35m88555[0;39m [32m[0;39m [      no-tenant] [2m---[0;39m [2m[           main][0;39m [36mo.a.f.c.provider.CommandHandlerProvider [0;39m [2m:[0;39m Register command handler 'startSesionComiteCommandHandler' ...
[2m2026-02-17 11:21:38.601[0;39m [32m-DEBUG[0;39m [35m88555[0;39m [32m[0;39m [      no-tenant] [2m---[0;39m [2m[           main][0;39m [36mo.a.f.c.provider.CommandHandlerProvider [0;39m [2m:[0;39m Register command handler 'submitSesionComiteCommandHandler' ...
[2m2026-02-17 11:21:38.601[0;39m [32m-DEBUG[0;39m [35m88555[0;39m [32m[0;39m [      no-tenant] [2m---[0;39m [2m[           main][0;39m [36mo.a.f.c.provider.CommandHandlerProvider [0;39m [2m:[0;39m Register command handler 'updateSelectionsCommandHandler' ...
[2m2026-02-17 11:21:38.601[0;39m [32m-DEBUG[0;39m [35m88555[0;39m [32m[0;39m [      no-tenant] [2m---[0;39m [2m[           main][0;39m [36mo.a.f.c.provider.CommandHandlerProvider [0;39m [2m:[0;39m Register command handler 'updateSesionComiteCommandHandler' ...
[2m2026-02-17 11:21:38.601[0;39m [32m-DEBUG[0;39m [35m88555[0;39m [32m[0;39m [      no-tenant] [2m---[0;39m [2m[           main][0;39m [36mo.a.f.c.provider.CommandHandlerProvider [0;39m [2m:[0;39m Register command handler 'createFundCommandHandler' ...
[2m2026-02-17 11:21:38.601[0;39m [32m-DEBUG[0;39m [35m88555[0;39m [32m[0;39m [      no-tenant] [2m---[0;39m [2m[           main][0;39m [36mo.a.f.c.provider.CommandHandlerProvider [0;39m [2m:[0;39m Register command handler 'updateFundCommandHandler' ...
[2m2026-02-17 11:21:38.601[0;39m [32m-DEBUG[0;39m [35m88555[0;39m [32m[0;39m [      no-tenant] [2m---[0;39m [2m[           main][0;39m [36mo.a.f.c.provider.CommandHandlerProvider [0;39m [2m:[0;39m Register command handler 'activateCenterCommandHandler' ...
[2m2026-02-17 11:21:38.601[0;39m [32m-DEBUG[0;39m [35m88555[0;39m [32m[0;39m [      no-tenant] [2m---[0;39m [2m[           main][0;39m [36mo.a.f.c.provider.CommandHandlerProvider [0;39m [2m:[0;39m Register command handler 'activateGroupCommandHandler' ...
[2m2026-02-17 11:21:38.601[0;39m [32m-DEBUG[0;39m [35m88555[0;39m [32m[0;39m [      no-tenant] [2m---[0;39m [2m[           main][0;39m [36mo.a.f.c.provider.CommandHandlerProvider [0;39m [2m:[0;39m Register command handler 'assignGroupStaffCommandHandler' ...
[2m2026-02-17 11:21:38.601[0;39m [32m-DEBUG[0;39m [35m88555[0;39m [32m[0;39m [      no-tenant] [2m---[0;39m [2m[           main][0;39m [36mo.a.f.c.provider.CommandHandlerProvider [0;39m [2m:[0;39m Register command handler 'assignRoleCommandHandler' ...
[2m2026-02-17 11:21:38.602[0;39m [32m-DEBUG[0;39m [35m88555[0;39m [32m[0;39m [      no-tenant] [2m---[0;39m [2m[           main][0;39m [36mo.a.f.c.provider.CommandHandlerProvider [0;39m [2m:[0;39m Register command handler 'associateClientsToGroupCommandHandler' ...
[2m2026-02-17 11:21:38.602[0;39m [32m-DEBUG[0;39m [35m88555[0;39m [32m[0;39m [      no-tenant] [2m---[0;39m [2m[           main][0;39m [36mo.a.f.c.provider.CommandHandlerProvider [0;39m [2m:[0;39m Register command handler 'associateGroupsToCenterCommandHandler' ...
[2m2026-02-17 11:21:38.602[0;39m [32m-DEBUG[0;39m [35m88555[0;39m [32m[0;39m [      no-tenant] [2m---[0;39m [2m[           main][0;39m [36mo.a.f.c.provider.CommandHandlerProvider [0;39m [2m:[0;39m Register command handler 'closeCenterCommandHandler' ...
[2m2026-02-17 11:21:38.602[0;39m [32m-DEBUG[0;39m [35m88555[0;39m [32m[0;39m [      no-tenant] [2m---[0;39m [2m[           main][0;39m [36mo.a.f.c.provider.CommandHandlerProvider [0;39m [2m:[0;39m Register command handler 'closeGroupCommandHandler' ...
[2m2026-02-17 11:21:38.602[0;39m [32m-DEBUG[0;39m [35m88555[0;39m [32m[0;39m [      no-tenant] [2m---[0;39m [2m[           main][0;39m [36mo.a.f.c.provider.CommandHandlerProvider [0;39m [2m:[0;39m Register command handler 'createCenterCommandHandler' ...
[2m2026-02-17 11:21:38.602[0;39m [32m-DEBUG[0;39m [35m88555[0;39m [32m[0;39m [      no-tenant] [2m---[0;39m [2m[           main][0;39m [36mo.a.f.c.provider.CommandHandlerProvider [0;39m [2m:[0;39m Register command handler 'createGroupCommandHandler' ...
[2m2026-02-17 11:21:38.602[0;39m [32m-DEBUG[0;39m [35m88555[0;39m [32m[0;39m [      no-tenant] [2m---[0;39m [2m[           main][0;39m [36mo.a.f.c.provider.CommandHandlerProvider [0;39m [2m:[0;39m Register command handler 'deleteCenterCommandHandler' ...
[2m2026-02-17 11:21:38.602[0;39m [32m-DEBUG[0;39m [35m88555[0;39m [32m[0;39m [      no-tenant] [2m---[0;39m [2m[           main][0;39m [36mo.a.f.c.provider.CommandHandlerProvider [0;39m [2m:[0;39m Register command handler 'deleteGroupCommandHandler' ...
[2m2026-02-17 11:21:38.602[0;39m [32m-DEBUG[0;39m [35m88555[0;39m [32m[0;39m [      no-tenant] [2m---[0;39m [2m[           main][0;39m [36mo.a.f.c.provider.CommandHandlerProvider [0;39m [2m:[0;39m Register command handler 'disassociateClientsFromGroupCommandHandler' ...
[2m2026-02-17 11:21:38.602[0;39m [32m-DEBUG[0;39m [35m88555[0;39m [32m[0;39m [      no-tenant] [2m---[0;39m [2m[           main][0;39m [36mo.a.f.c.provider.CommandHandlerProvider [0;39m [2m:[0;39m Register command handler 'disassociateGroupsFromCenterCommandHandler' ...
[2m2026-02-17 11:21:38.602[0;39m [32m-DEBUG[0;39m [35m88555[0;39m [32m[0;39m [      no-tenant] [2m---[0;39m [2m[           main][0;39m [36mo.a.f.c.provider.CommandHandlerProvider [0;39m [2m:[0;39m Register command handler 'saveCenterCollectionSheetCommandHandler' ...
[2m2026-02-17 11:21:38.602[0;39m [32m-DEBUG[0;39m [35m88555[0;39m [32m[0;39m [      no-tenant] [2m---[0;39m [2m[           main][0;39m [36mo.a.f.c.provider.CommandHandlerProvider [0;39m [2m:[0;39m Register command handler 'saveGroupCollectionSheetCommandHandler' ...
[2m2026-02-17 11:21:38.602[0;39m [32m-DEBUG[0;39m [35m88555[0;39m [32m[0;39m [      no-tenant] [2m---[0;39m [2m[           main][0;39m [36mo.a.f.c.provider.CommandHandlerProvider [0;39m [2m:[0;39m Register command handler 'unassignGroupStaffCommandHandler' ...
[2m2026-02-17 11:21:38.602[0;39m [32m-DEBUG[0;39m [35m88555[0;39m [32m[0;39m [      no-tenant] [2m---[0;39m [2m[           main][0;39m [36mo.a.f.c.provider.CommandHandlerProvider [0;39m [2m:[0;39m Register command handler 'unassignRoleCommandHandler' ...
[2m2026-02-17 11:21:38.602[0;39m [32m-DEBUG[0;39m [35m88555[0;39m [32m[0;39m [      no-tenant] [2m---[0;39m [2m[           main][0;39m [36mo.a.f.c.provider.CommandHandlerProvider [0;39m [2m:[0;39m Register command handler 'updateCenterCommandHandler' ...
[2m2026-02-17 11:21:38.602[0;39m [32m-DEBUG[0;39m [35m88555[0;39m [32m[0;39m [      no-tenant] [2m---[0;39m [2m[           main][0;39m [36mo.a.f.c.provider.CommandHandlerProvider [0;39m [2m:[0;39m Register command handler 'updateGroupCommandHandler' ...
[2m2026-02-17 11:21:38.602[0;39m [32m-DEBUG[0;39m [35m88555[0;39m [32m[0;39m [      no-tenant] [2m---[0;39m [2m[           main][0;39m [36mo.a.f.c.provider.CommandHandlerProvider [0;39m [2m:[0;39m Register command handler 'updateGroupRoleCommandHandler' ...
[2m2026-02-17 11:21:38.602[0;39m [32m-DEBUG[0;39m [35m88555[0;39m [32m[0;39m [      no-tenant] [2m---[0;39m [2m[           main][0;39m [36mo.a.f.c.provider.CommandHandlerProvider [0;39m [2m:[0;39m Register command handler 'createInterestRateChartCommandHandler' ...
[2m2026-02-17 11:21:38.602[0;39m [32m-DEBUG[0;39m [35m88555[0;39m [32m[0;39m [      no-tenant] [2m---[0;39m [2m[           main][0;39m [36mo.a.f.c.provider.CommandHandlerProvider [0;39m [2m:[0;39m Register command handler 'createInterestRateChartSlabCommandHandler' ...
[2m2026-02-17 11:21:38.602[0;39m [32m-DEBUG[0;39m [35m88555[0;39m [32m[0;39m [      no-tenant] [2m---[0;39m [2m[           main][0;39m [36mo.a.f.c.provider.CommandHandlerProvider [0;39m [2m:[0;39m Register command handler 'deleteInterestRateChartCommandHandler' ...
[2m2026-02-17 11:21:38.602[0;39m [32m-DEBUG[0;39m [35m88555[0;39m [32m[0;39m [      no-tenant] [2m---[0;39m [2m[           main][0;39m [36mo.a.f.c.provider.CommandHandlerProvider [0;39m [2m:[0;39m Register command handler 'deleteInterestRateChartSlabCommandHandler' ...
[2m2026-02-17 11:21:38.602[0;39m [32m-DEBUG[0;39m [35m88555[0;39m [32m[0;39m [      no-tenant] [2m---[0;39m [2m[           main][0;39m [36mo.a.f.c.provider.CommandHandlerProvider [0;39m [2m:[0;39m Register command handler 'updateInterestRateChartCommandHandler' ...
[2m2026-02-17 11:21:38.602[0;39m [32m-DEBUG[0;39m [35m88555[0;39m [32m[0;39m [      no-tenant] [2m---[0;39m [2m[           main][0;39m [36mo.a.f.c.provider.CommandHandlerProvider [0;39m [2m:[0;39m Register command handler 'updateInterestRateChartSlabCommandHandler' ...
[2m2026-02-17 11:21:38.602[0;39m [32m-DEBUG[0;39m [35m88555[0;39m [32m[0;39m [      no-tenant] [2m---[0;39m [2m[           main][0;39m [36mo.a.f.c.provider.CommandHandlerProvider [0;39m [2m:[0;39m Register command handler 'loanInterestPaymentWaiverCommandHandler' ...
[2m2026-02-17 11:21:38.602[0;39m [32m-DEBUG[0;39m [35m88555[0;39m [32m[0;39m [      no-tenant] [2m---[0;39m [2m[           main][0;39m [36mo.a.f.c.provider.CommandHandlerProvider [0;39m [2m:[0;39m Register command handler 'loanSimulationUpdateCommandHandler' ...
[2m2026-02-17 11:21:38.602[0;39m [32m-DEBUG[0;39m [35m88555[0;39m [32m[0;39m [      no-tenant] [2m---[0;39m [2m[           main][0;39m [36mo.a.f.c.provider.CommandHandlerProvider [0;39m [2m:[0;39m Register command handler 'loanContractTerminationCommandHandler' ...
[2m2026-02-17 11:21:38.602[0;39m [32m-DEBUG[0;39m [35m88555[0;39m [32m[0;39m [      no-tenant] [2m---[0;39m [2m[           main][0;39m [36mo.a.f.c.provider.CommandHandlerProvider [0;39m [2m:[0;39m Register command handler 'undoLoanContractTerminationCommandHandler' ...
[2m2026-02-17 11:21:38.602[0;39m [32m-DEBUG[0;39m [35m88555[0;39m [32m[0;39m [      no-tenant] [2m---[0;39m [2m[           main][0;39m [36mo.a.f.c.provider.CommandHandlerProvider [0;39m [2m:[0;39m Register command handler 'loanReAgingCommandHandler' ...
[2m2026-02-17 11:21:38.602[0;39m [32m-DEBUG[0;39m [35m88555[0;39m [32m[0;39m [      no-tenant] [2m---[0;39m [2m[           main][0;39m [36mo.a.f.c.provider.CommandHandlerProvider [0;39m [2m:[0;39m Register command handler 'loanUndoReAgingCommandHandler' ...
[2m2026-02-17 11:21:38.602[0;39m [32m-DEBUG[0;39m [35m88555[0;39m [32m[0;39m [      no-tenant] [2m---[0;39m [2m[           main][0;39m [36mo.a.f.c.provider.CommandHandlerProvider [0;39m [2m:[0;39m Register command handler 'loanReAmortizationCommandHandler' ...
[2m2026-02-17 11:21:38.602[0;39m [32m-DEBUG[0;39m [35m88555[0;39m [32m[0;39m [      no-tenant] [2m---[0;39m [2m[           main][0;39m [36mo.a.f.c.provider.CommandHandlerProvider [0;39m [2m:[0;39m Register command handler 'loanUndoReAmortizationCommandHandler' ...
[2m2026-02-17 11:21:38.602[0;39m [32m-DEBUG[0;39m [35m88555[0;39m [32m[0;39m [      no-tenant] [2m---[0;39m [2m[           main][0;39m [36mo.a.f.c.provider.CommandHandlerProvider [0;39m [2m:[0;39m Register command handler 'createProductMixCommandHandler' ...
[2m2026-02-17 11:21:38.602[0;39m [32m-DEBUG[0;39m [35m88555[0;39m [32m[0;39m [      no-tenant] [2m---[0;39m [2m[           main][0;39m [36mo.a.f.c.provider.CommandHandlerProvider [0;39m [2m:[0;39m Register command handler 'deleteProductMixCommandHandler' ...
[2m2026-02-17 11:21:38.602[0;39m [32m-DEBUG[0;39m [35m88555[0;39m [32m[0;39m [      no-tenant] [2m---[0;39m [2m[           main][0;39m [36mo.a.f.c.provider.CommandHandlerProvider [0;39m [2m:[0;39m Register command handler 'updateProductMixCommandHandler' ...
[2m2026-02-17 11:21:38.602[0;39m [32m-DEBUG[0;39m [35m88555[0;39m [32m[0;39m [      no-tenant] [2m---[0;39m [2m[           main][0;39m [36mo.a.f.c.provider.CommandHandlerProvider [0;39m [2m:[0;39m Register command handler 'createMeetingCommandHandler' ...
[2m2026-02-17 11:21:38.602[0;39m [32m-DEBUG[0;39m [35m88555[0;39m [32m[0;39m [      no-tenant] [2m---[0;39m [2m[           main][0;39m [36mo.a.f.c.provider.CommandHandlerProvider [0;39m [2m:[0;39m Register command handler 'deleteMeetingCommandHandler' ...
[2m2026-02-17 11:21:38.602[0;39m [32m-DEBUG[0;39m [35m88555[0;39m [32m[0;39m [      no-tenant] [2m---[0;39m [2m[           main][0;39m [36mo.a.f.c.provider.CommandHandlerProvider [0;39m [2m:[0;39m Register command handler 'updateMeetingAttendanceCommandHandler' ...
[2m2026-02-17 11:21:38.602[0;39m [32m-DEBUG[0;39m [35m88555[0;39m [32m[0;39m [      no-tenant] [2m---[0;39m [2m[           main][0;39m [36mo.a.f.c.provider.CommandHandlerProvider [0;39m [2m:[0;39m Register command handler 'updateMeetingCommandHandler' ...
[2m2026-02-17 11:21:38.602[0;39m [32m-DEBUG[0;39m [35m88555[0;39m [32m[0;39m [      no-tenant] [2m---[0;39m [2m[           main][0;39m [36mo.a.f.c.provider.CommandHandlerProvider [0;39m [2m:[0;39m Register command handler 'createRateCommandHandler' ...
[2m2026-02-17 11:21:38.602[0;39m [32m-DEBUG[0;39m [35m88555[0;39m [32m[0;39m [      no-tenant] [2m---[0;39m [2m[           main][0;39m [36mo.a.f.c.provider.CommandHandlerProvider [0;39m [2m:[0;39m Register command handler 'updateRateCommandHandler' ...
[2m2026-02-17 11:21:38.602[0;39m [32m-DEBUG[0;39m [35m88555[0;39m [32m[0;39m [      no-tenant] [2m---[0;39m [2m[           main][0;39m [36mo.a.f.c.provider.CommandHandlerProvider [0;39m [2m:[0;39m Register command handler 'bouncePostDatedCheckHandler' ...
[2m2026-02-17 11:21:38.602[0;39m [32m-DEBUG[0;39m [35m88555[0;39m [32m[0;39m [      no-tenant] [2m---[0;39m [2m[           main][0;39m [36mo.a.f.c.provider.CommandHandlerProvider [0;39m [2m:[0;39m Register command handler 'deletePostDatedChecksHandler' ...
[2m2026-02-17 11:21:38.602[0;39m [32m-DEBUG[0;39m [35m88555[0;39m [32m[0;39m [      no-tenant] [2m---[0;39m [2m[           main][0;39m [36mo.a.f.c.provider.CommandHandlerProvider [0;39m [2m:[0;39m Register command handler 'editPostDatedChecksHandler' ...
[2m2026-02-17 11:21:38.602[0;39m [32m-DEBUG[0;39m [35m88555[0;39m [32m[0;39m [      no-tenant] [2m---[0;39m [2m[           main][0;39m [36mo.a.f.c.provider.CommandHandlerProvider [0;39m [2m:[0;39m Register command handler 'activateFixedDepositAccountCommandHandler' ...
[2m2026-02-17 11:21:38.602[0;39m [32m-DEBUG[0;39m [35m88555[0;39m [32m[0;39m [      no-tenant] [2m---[0;39m [2m[           main][0;39m [36mo.a.f.c.provider.CommandHandlerProvider [0;39m [2m:[0;39m Register command handler 'activateRecurringDepositAccountCommandHandler' ...
[2m2026-02-17 11:21:38.602[0;39m [32m-DEBUG[0;39m [35m88555[0;39m [32m[0;39m [      no-tenant] [2m---[0;39m [2m[           main][0;39m [36mo.a.f.c.provider.CommandHandlerProvider [0;39m [2m:[0;39m Register command handler 'activateSavingsAccountCommandHandler' ...
[2m2026-02-17 11:21:38.602[0;39m [32m-DEBUG[0;39m [35m88555[0;39m [32m[0;39m [      no-tenant] [2m---[0;39m [2m[           main][0;39m [36mo.a.f.c.provider.CommandHandlerProvider [0;39m [2m:[0;39m Register command handler 'addSavingsAccountChargeCommandHandler' ...
[2m2026-02-17 11:21:38.602[0;39m [32m-DEBUG[0;39m [35m88555[0;39m [32m[0;39m [      no-tenant] [2m---[0;39m [2m[           main][0;39m [36mo.a.f.c.provider.CommandHandlerProvider [0;39m [2m:[0;39m Register command handler 'applyAnnualFeeSavingsAccountCommandHandler' ...
[2m2026-02-17 11:21:38.602[0;39m [32m-DEBUG[0;39m [35m88555[0;39m [32m[0;39m [      no-tenant] [2m---[0;39m [2m[           main][0;39m [36mo.a.f.c.provider.CommandHandlerProvider [0;39m [2m:[0;39m Register command handler 'blockCreditsToSavingsAccountCommandHandler' ...
[2m2026-02-17 11:21:38.602[0;39m [32m-DEBUG[0;39m [35m88555[0;39m [32m[0;39m [      no-tenant] [2m---[0;39m [2m[           main][0;39m [36mo.a.f.c.provider.CommandHandlerProvider [0;39m [2m:[0;39m Register command handler 'blockDebitsFromSavingsAccountCommandHandler' ...
[2m2026-02-17 11:21:38.602[0;39m [32m-DEBUG[0;39m [35m88555[0;39m [32m[0;39m [      no-tenant] [2m---[0;39m [2m[           main][0;39m [36mo.a.f.c.provider.CommandHandlerProvider [0;39m [2m:[0;39m Register command handler 'blockSavingsAccountCommandHandler' ...
[2m2026-02-17 11:21:38.602[0;39m [32m-DEBUG[0;39m [35m88555[0;39m [32m[0;39m [      no-tenant] [2m---[0;39m [2m[           main][0;39m [36mo.a.f.c.provider.CommandHandlerProvider [0;39m [2m:[0;39m Register command handler 'calculateInterestFixedDepositAccountCommandHandler' ...
[2m2026-02-17 11:21:38.602[0;39m [32m-DEBUG[0;39m [35m88555[0;39m [32m[0;39m [      no-tenant] [2m---[0;39m [2m[           main][0;39m [36mo.a.f.c.provider.CommandHandlerProvider [0;39m [2m:[0;39m Register command handler 'calculateInterestRecurringDepositAccountCommandHandler' ...
[2m2026-02-17 11:21:38.602[0;39m [32m-DEBUG[0;39m [35m88555[0;39m [32m[0;39m [      no-tenant] [2m---[0;39m [2m[           main][0;39m [36mo.a.f.c.provider.CommandHandlerProvider [0;39m [2m:[0;39m Register command handler 'calculateInterestSavingsAccountCommandHandler' ...
[2m2026-02-17 11:21:38.602[0;39m [32m-DEBUG[0;39m [35m88555[0;39m [32m[0;39m [      no-tenant] [2m---[0;39m [2m[           main][0;39m [36mo.a.f.c.provider.CommandHandlerProvider [0;39m [2m:[0;39m Register command handler 'closeFixedDepositAccountCommandHandler' ...
[2m2026-02-17 11:21:38.602[0;39m [32m-DEBUG[0;39m [35m88555[0;39m [32m[0;39m [      no-tenant] [2m---[0;39m [2m[           main][0;39m [36mo.a.f.c.provider.CommandHandlerProvider [0;39m [2m:[0;39m Register command handler 'closeGSIMCommandHandler' ...
[2m2026-02-17 11:21:38.602[0;39m [32m-DEBUG[0;39m [35m88555[0;39m [32m[0;39m [      no-tenant] [2m---[0;39m [2m[           main][0;39m [36mo.a.f.c.provider.CommandHandlerProvider [0;39m [2m:[0;39m Register command handler 'closeRecurringDepositAccountCommandHandler' ...
[2m2026-02-17 11:21:38.602[0;39m [32m-DEBUG[0;39m [35m88555[0;39m [32m[0;39m [      no-tenant] [2m---[0;39m [2m[           main][0;39m [36mo.a.f.c.provider.CommandHandlerProvider [0;39m [2m:[0;39m Register command handler 'closeSavingsAccountCommandHandler' ...
[2m2026-02-17 11:21:38.602[0;39m [32m-DEBUG[0;39m [35m88555[0;39m [32m[0;39m [      no-tenant] [2m---[0;39m [2m[           main][0;39m [36mo.a.f.c.provider.CommandHandlerProvider [0;39m [2m:[0;39m Register command handler 'createFixedDepositProductCommandHandler' ...
[2m2026-02-17 11:21:38.602[0;39m [32m-DEBUG[0;39m [35m88555[0;39m [32m[0;39m [      no-tenant] [2m---[0;39m [2m[           main][0;39m [36mo.a.f.c.provider.CommandHandlerProvider [0;39m [2m:[0;39m Register command handler 'createRecurringDepositProductCommandHandler' ...
[2m2026-02-17 11:21:38.602[0;39m [32m-DEBUG[0;39m [35m88555[0;39m [32m[0;39m [      no-tenant] [2m---[0;39m [2m[           main][0;39m [36mo.a.f.c.provider.CommandHandlerProvider [0;39m [2m:[0;39m Register command handler 'createSavingsProductCommandHandler' ...
[2m2026-02-17 11:21:38.602[0;39m [32m-DEBUG[0;39m [35m88555[0;39m [32m[0;39m [      no-tenant] [2m---[0;39m [2m[           main][0;39m [36mo.a.f.c.provider.CommandHandlerProvider [0;39m [2m:[0;39m Register command handler 'deleteFixedDepositProductCommandHandler' ...
[2m2026-02-17 11:21:38.602[0;39m [32m-DEBUG[0;39m [35m88555[0;39m [32m[0;39m [      no-tenant] [2m---[0;39m [2m[           main][0;39m [36mo.a.f.c.provider.CommandHandlerProvider [0;39m [2m:[0;39m Register command handler 'deleteRecurringDepositProductCommandHandler' ...
[2m2026-02-17 11:21:38.602[0;39m [32m-DEBUG[0;39m [35m88555[0;39m [32m[0;39m [      no-tenant] [2m---[0;39m [2m[           main][0;39m [36mo.a.f.c.provider.CommandHandlerProvider [0;39m [2m:[0;39m Register command handler 'deleteSavingsAccountChargeCommandHandler' ...
[2m2026-02-17 11:21:38.602[0;39m [32m-DEBUG[0;39m [35m88555[0;39m [32m[0;39m [      no-tenant] [2m---[0;39m [2m[           main][0;39m [36mo.a.f.c.provider.CommandHandlerProvider [0;39m [2m:[0;39m Register command handler 'deleteSavingsProductCommandHandler' ...
[2m2026-02-17 11:21:38.602[0;39m [32m-DEBUG[0;39m [35m88555[0;39m [32m[0;39m [      no-tenant] [2m---[0;39m [2m[           main][0;39m [36mo.a.f.c.provider.CommandHandlerProvider [0;39m [2m:[0;39m Register command handler 'depositSavingsAccountCommandHandler' ...
[2m2026-02-17 11:21:38.603[0;39m [32m-DEBUG[0;39m [35m88555[0;39m [32m[0;39m [      no-tenant] [2m---[0;39m [2m[           main][0;39m [36mo.a.f.c.provider.CommandHandlerProvider [0;39m [2m:[0;39m Register command handler 'fixedDepositAccountApplicationApprovalCommandHandler' ...
[2m2026-02-17 11:21:38.603[0;39m [32m-DEBUG[0;39m [35m88555[0;39m [32m[0;39m [      no-tenant] [2m---[0;39m [2m[           main][0;39m [36mo.a.f.c.provider.CommandHandlerProvider [0;39m [2m:[0;39m Register command handler 'fixedDepositAccountApplicationApprovalUndoCommandHandler' ...
[2m2026-02-17 11:21:38.603[0;39m [32m-DEBUG[0;39m [35m88555[0;39m [32m[0;39m [      no-tenant] [2m---[0;39m [2m[           main][0;39m [36mo.a.f.c.provider.CommandHandlerProvider [0;39m [2m:[0;39m Register command handler 'fixedDepositAccountApplicationDeletionCommandHandler' ...
[2m2026-02-17 11:21:38.603[0;39m [32m-DEBUG[0;39m [35m88555[0;39m [32m[0;39m [      no-tenant] [2m---[0;39m [2m[           main][0;39m [36mo.a.f.c.provider.CommandHandlerProvider [0;39m [2m:[0;39m Register command handler 'fixedDepositAccountApplicationModificationCommandHandler' ...
[2m2026-02-17 11:21:38.603[0;39m [32m-DEBUG[0;39m [35m88555[0;39m [32m[0;39m [      no-tenant] [2m---[0;39m [2m[           main][0;39m [36mo.a.f.c.provider.CommandHandlerProvider [0;39m [2m:[0;39m Register command handler 'fixedDepositAccountApplicationRejectedCommandHandler' ...
[2m2026-02-17 11:21:38.603[0;39m [32m-DEBUG[0;39m [35m88555[0;39m [32m[0;39m [      no-tenant] [2m---[0;39m [2m[           main][0;39m [36mo.a.f.c.provider.CommandHandlerProvider [0;39m [2m:[0;39m Register command handler 'fixedDepositAccountApplicationSubmittalCommandHandler' ...
[2m2026-02-17 11:21:38.603[0;39m [32m-DEBUG[0;39m [35m88555[0;39m [32m[0;39m [      no-tenant] [2m---[0;39m [2m[           main][0;39m [36mo.a.f.c.provider.CommandHandlerProvider [0;39m [2m:[0;39m Register command handler 'fixedDepositAccountApplicationWithdrawnByApplicantCommandHandler' ...
[2m2026-02-17 11:21:38.603[0;39m [32m-DEBUG[0;39m [35m88555[0;39m [32m[0;39m [      no-tenant] [2m---[0;39m [2m[           main][0;39m [36mo.a.f.c.provider.CommandHandlerProvider [0;39m [2m:[0;39m Register command handler 'fixedDepositAccountDepositCommandHandler' ...
[2m2026-02-17 11:21:38.603[0;39m [32m-DEBUG[0;39m [35m88555[0;39m [32m[0;39m [      no-tenant] [2m---[0;39m [2m[           main][0;39m [36mo.a.f.c.provider.CommandHandlerProvider [0;39m [2m:[0;39m Register command handler 'fixedDepositTransactionAdjustmentCommandHandler' ...
[2m2026-02-17 11:21:38.603[0;39m [32m-DEBUG[0;39m [35m88555[0;39m [32m[0;39m [      no-tenant] [2m---[0;39m [2m[           main][0;39m [36mo.a.f.c.provider.CommandHandlerProvider [0;39m [2m:[0;39m Register command handler 'GSIMAccountActivationCommandHandler' ...
[2m2026-02-17 11:21:38.603[0;39m [32m-DEBUG[0;39m [35m88555[0;39m [32m[0;39m [      no-tenant] [2m---[0;39m [2m[           main][0;39m [36mo.a.f.c.provider.CommandHandlerProvider [0;39m [2m:[0;39m Register command handler 'GSIMApplicationApprovalCommandHandler' ...
[2m2026-02-17 11:21:38.603[0;39m [32m-DEBUG[0;39m [35m88555[0;39m [32m[0;39m [      no-tenant] [2m---[0;39m [2m[           main][0;39m [36mo.a.f.c.provider.CommandHandlerProvider [0;39m [2m:[0;39m Register command handler 'GSIMApplicationModificationCommandHandler' ...
[2m2026-02-17 11:21:38.603[0;39m [32m-DEBUG[0;39m [35m88555[0;39m [32m[0;39m [      no-tenant] [2m---[0;39m [2m[           main][0;39m [36mo.a.f.c.provider.CommandHandlerProvider [0;39m [2m:[0;39m Register command handler 'GSIMApplicationRejectionHandler' ...
[2m2026-02-17 11:21:38.603[0;39m [32m-DEBUG[0;39m [35m88555[0;39m [32m[0;39m [      no-tenant] [2m---[0;39m [2m[           main][0;39m [36mo.a.f.c.provider.CommandHandlerProvider [0;39m [2m:[0;39m Register command handler 'GSIMApplicationSubmittalCommandHandler' ...
[2m2026-02-17 11:21:38.603[0;39m [32m-DEBUG[0;39m [35m88555[0;39m [32m[0;39m [      no-tenant] [2m---[0;39m [2m[           main][0;39m [36mo.a.f.c.provider.CommandHandlerProvider [0;39m [2m:[0;39m Register command handler 'GSIMDepositCommandHandler' ...
[2m2026-02-17 11:21:38.603[0;39m [32m-DEBUG[0;39m [35m88555[0;39m [32m[0;39m [      no-tenant] [2m---[0;39m [2m[           main][0;39m [36mo.a.f.c.provider.CommandHandlerProvider [0;39m [2m:[0;39m Register command handler 'GSIMUndoApprovalCommandHandler' ...
[2m2026-02-17 11:21:38.603[0;39m [32m-DEBUG[0;39m [35m88555[0;39m [32m[0;39m [      no-tenant] [2m---[0;39m [2m[           main][0;39m [36mo.a.f.c.provider.CommandHandlerProvider [0;39m [2m:[0;39m Register command handler 'holdAmountSavingsAccountCommandHandler' ...
[2m2026-02-17 11:21:38.603[0;39m [32m-DEBUG[0;39m [35m88555[0;39m [32m[0;39m [      no-tenant] [2m---[0;39m [2m[           main][0;39m [36mo.a.f.c.provider.CommandHandlerProvider [0;39m [2m:[0;39m Register command handler 'inactivateSavingsAccountChargeCommandHandler' ...
[2m2026-02-17 11:21:38.603[0;39m [32m-DEBUG[0;39m [35m88555[0;39m [32m[0;39m [      no-tenant] [2m---[0;39m [2m[           main][0;39m [36mo.a.f.c.provider.CommandHandlerProvider [0;39m [2m:[0;39m Register command handler 'paySavingsAccountChargeCommandHandler' ...
[2m2026-02-17 11:21:38.603[0;39m [32m-DEBUG[0;39m [35m88555[0;39m [32m[0;39m [      no-tenant] [2m---[0;39m [2m[           main][0;39m [36mo.a.f.c.provider.CommandHandlerProvider [0;39m [2m:[0;39m Register command handler 'postInterestFixedDepositAccountCommandHandler' ...
[2m2026-02-17 11:21:38.603[0;39m [32m-DEBUG[0;39m [35m88555[0;39m [32m[0;39m [      no-tenant] [2m---[0;39m [2m[           main][0;39m [36mo.a.f.c.provider.CommandHandlerProvider [0;39m [2m:[0;39m Register command handler 'postInterestRecurringDepositAccountCommandHandler' ...
[2m2026-02-17 11:21:38.603[0;39m [32m-DEBUG[0;39m [35m88555[0;39m [32m[0;39m [      no-tenant] [2m---[0;39m [2m[           main][0;39m [36mo.a.f.c.provider.CommandHandlerProvider [0;39m [2m:[0;39m Register command handler 'postInterestSavingsAccountCommandHandler' ...
[2m2026-02-17 11:21:38.603[0;39m [32m-DEBUG[0;39m [35m88555[0;39m [32m[0;39m [      no-tenant] [2m---[0;39m [2m[           main][0;39m [36mo.a.f.c.provider.CommandHandlerProvider [0;39m [2m:[0;39m Register command handler 'postSavingsAccountInterestAsOnDateCommandHandler' ...
[2m2026-02-17 11:21:38.603[0;39m [32m-DEBUG[0;39m [35m88555[0;39m [32m[0;39m [      no-tenant] [2m---[0;39m [2m[           main][0;39m [36mo.a.f.c.provider.CommandHandlerProvider [0;39m [2m:[0;39m Register command handler 'prematureCloseFixedDepositAccountCommandHandler' ...
[2m2026-02-17 11:21:38.603[0;39m [32m-DEBUG[0;39m [35m88555[0;39m [32m[0;39m [      no-tenant] [2m---[0;39m [2m[           main][0;39m [36mo.a.f.c.provider.CommandHandlerProvider [0;39m [2m:[0;39m Register command handler 'prematureCloseRecurringDepositAccountCommandHandler' ...
[2m2026-02-17 11:21:38.603[0;39m [32m-DEBUG[0;39m [35m88555[0;39m [32m[0;39m [      no-tenant] [2m---[0;39m [2m[           main][0;39m [36mo.a.f.c.provider.CommandHandlerProvider [0;39m [2m:[0;39m Register command handler 'recurringDepositAccountApplicationApprovalCommandHandler' ...
[2m2026-02-17 11:21:38.603[0;39m [32m-DEBUG[0;39m [35m88555[0;39m [32m[0;39m [      no-tenant] [2m---[0;39m [2m[           main][0;39m [36mo.a.f.c.provider.CommandHandlerProvider [0;39m [2m:[0;39m Register command handler 'recurringDepositAccountApplicationApprovalUndoCommandHandler' ...
[2m2026-02-17 11:21:38.603[0;39m [32m-DEBUG[0;39m [35m88555[0;39m [32m[0;39m [      no-tenant] [2m---[0;39m [2m[           main][0;39m [36mo.a.f.c.provider.CommandHandlerProvider [0;39m [2m:[0;39m Register command handler 'recurringDepositAccountApplicationDeletionCommandHandler' ...
[2m2026-02-17 11:21:38.603[0;39m [32m-DEBUG[0;39m [35m88555[0;39m [32m[0;39m [      no-tenant] [2m---[0;39m [2m[           main][0;39m [36mo.a.f.c.provider.CommandHandlerProvider [0;39m [2m:[0;39m Register command handler 'recurringDepositAccountApplicationModificationCommandHandler' ...
[2m2026-02-17 11:21:38.603[0;39m [32m-DEBUG[0;39m [35m88555[0;39m [32m[0;39m [      no-tenant] [2m---[0;39m [2m[           main][0;39m [36mo.a.f.c.provider.CommandHandlerProvider [0;39m [2m:[0;39m Register command handler 'recurringDepositAccountApplicationRejectedCommandHandler' ...
[2m2026-02-17 11:21:38.603[0;39m [32m-DEBUG[0;39m [35m88555[0;39m [32m[0;39m [      no-tenant] [2m---[0;39m [2m[           main][0;39m [36mo.a.f.c.provider.CommandHandlerProvider [0;39m [2m:[0;39m Register command handler 'recurringDepositAccountApplicationSubmittalCommandHandler' ...
[2m2026-02-17 11:21:38.603[0;39m [32m-DEBUG[0;39m [35m88555[0;39m [32m[0;39m [      no-tenant] [2m---[0;39m [2m[           main][0;39m [36mo.a.f.c.provider.CommandHandlerProvider [0;39m [2m:[0;39m Register command handler 'recurringDepositAccountApplicationWithdrawnByApplicantCommandHandler' ...
[2m2026-02-17 11:21:38.603[0;39m [32m-DEBUG[0;39m [35m88555[0;39m [32m[0;39m [      no-tenant] [2m---[0;39m [2m[           main][0;39m [36mo.a.f.c.provider.CommandHandlerProvider [0;39m [2m:[0;39m Register command handler 'recurringDepositAccountDepositCommandHandler' ...
[2m2026-02-17 11:21:38.603[0;39m [32m-DEBUG[0;39m [35m88555[0;39m [32m[0;39m [      no-tenant] [2m---[0;39m [2m[           main][0;39m [36mo.a.f.c.provider.CommandHandlerProvider [0;39m [2m:[0;39m Register command handler 'recurringDepositAccountUpdateDepositAmountCommandHandler' ...
[2m2026-02-17 11:21:38.603[0;39m [32m-DEBUG[0;39m [35m88555[0;39m [32m[0;39m [      no-tenant] [2m---[0;39m [2m[           main][0;39m [36mo.a.f.c.provider.CommandHandlerProvider [0;39m [2m:[0;39m Register command handler 'recurringDepositTransactionAdjustmentCommandHandler' ...
[2m2026-02-17 11:21:38.603[0;39m [32m-DEBUG[0;39m [35m88555[0;39m [32m[0;39m [      no-tenant] [2m---[0;39m [2m[           main][0;39m [36mo.a.f.c.provider.CommandHandlerProvider [0;39m [2m:[0;39m Register command handler 'releaseAmountSavingsAccountCommandHandler' ...
[2m2026-02-17 11:21:38.603[0;39m [32m-DEBUG[0;39m [35m88555[0;39m [32m[0;39m [      no-tenant] [2m---[0;39m [2m[           main][0;39m [36mo.a.f.c.provider.CommandHandlerProvider [0;39m [2m:[0;39m Register command handler 'removeSavingsOfficerCommandHandler' ...
[2m2026-02-17 11:21:38.603[0;39m [32m-DEBUG[0;39m [35m88555[0;39m [32m[0;39m [      no-tenant] [2m---[0;39m [2m[           main][0;39m [36mo.a.f.c.provider.CommandHandlerProvider [0;39m [2m:[0;39m Register command handler 'reverseTransactionSavingsAccountCommandHandler' ...
[2m2026-02-17 11:21:38.603[0;39m [32m-DEBUG[0;39m [35m88555[0;39m [32m[0;39m [      no-tenant] [2m---[0;39m [2m[           main][0;39m [36mo.a.f.c.provider.CommandHandlerProvider [0;39m [2m:[0;39m Register command handler 'savingsAccountApplicationApprovalCommandHandler' ...
[2m2026-02-17 11:21:38.603[0;39m [32m-DEBUG[0;39m [35m88555[0;39m [32m[0;39m [      no-tenant] [2m---[0;39m [2m[           main][0;39m [36mo.a.f.c.provider.CommandHandlerProvider [0;39m [2m:[0;39m Register command handler 'savingsAccountApplicationApprovalUndoCommandHandler' ...
[2m2026-02-17 11:21:38.603[0;39m [32m-DEBUG[0;39m [35m88555[0;39m [32m[0;39m [      no-tenant] [2m---[0;39m [2m[           main][0;39m [36mo.a.f.c.provider.CommandHandlerProvider [0;39m [2m:[0;39m Register command handler 'savingsAccountApplicationDeletionCommandHandler' ...
[2m2026-02-17 11:21:38.603[0;39m [32m-DEBUG[0;39m [35m88555[0;39m [32m[0;39m [      no-tenant] [2m---[0;39m [2m[           main][0;39m [36mo.a.f.c.provider.CommandHandlerProvider [0;39m [2m:[0;39m Register command handler 'savingsAccountApplicationModificationCommandHandler' ...
[2m2026-02-17 11:21:38.603[0;39m [32m-DEBUG[0;39m [35m88555[0;39m [32m[0;39m [      no-tenant] [2m---[0;39m [2m[           main][0;39m [36mo.a.f.c.provider.CommandHandlerProvider [0;39m [2m:[0;39m Register command handler 'savingsAccountApplicationRejectedCommandHandler' ...
[2m2026-02-17 11:21:38.603[0;39m [32m-DEBUG[0;39m [35m88555[0;39m [32m[0;39m [      no-tenant] [2m---[0;39m [2m[           main][0;39m [36mo.a.f.c.provider.CommandHandlerProvider [0;39m [2m:[0;39m Register command handler 'savingsAccountApplicationSubmittalCommandHandler' ...
[2m2026-02-17 11:21:38.603[0;39m [32m-DEBUG[0;39m [35m88555[0;39m [32m[0;39m [      no-tenant] [2m---[0;39m [2m[           main][0;39m [36mo.a.f.c.provider.CommandHandlerProvider [0;39m [2m:[0;39m Register command handler 'savingsAccountApplicationWithdrawnByApplicantCommandHandler' ...
[2m2026-02-17 11:21:38.603[0;39m [32m-DEBUG[0;39m [35m88555[0;39m [32m[0;39m [      no-tenant] [2m---[0;39m [2m[           main][0;39m [36mo.a.f.c.provider.CommandHandlerProvider [0;39m [2m:[0;39m Register command handler 'savingsTransactionAdjustmentCommandHandler' ...
[2m2026-02-17 11:21:38.603[0;39m [32m-DEBUG[0;39m [35m88555[0;39m [32m[0;39m [      no-tenant] [2m---[0;39m [2m[           main][0;39m [36mo.a.f.c.provider.CommandHandlerProvider [0;39m [2m:[0;39m Register command handler 'unblockCreditsToSavingsAccountCommandHandler' ...
[2m2026-02-17 11:21:38.603[0;39m [32m-DEBUG[0;39m [35m88555[0;39m [32m[0;39m [      no-tenant] [2m---[0;39m [2m[           main][0;39m [36mo.a.f.c.provider.CommandHandlerProvider [0;39m [2m:[0;39m Register command handler 'unblockDebitsFromSavingsAccountCommandHandler' ...
[2m2026-02-17 11:21:38.603[0;39m [32m-DEBUG[0;39m [35m88555[0;39m [32m[0;39m [      no-tenant] [2m---[0;39m [2m[           main][0;39m [36mo.a.f.c.provider.CommandHandlerProvider [0;39m [2m:[0;39m Register command handler 'unblockSavingsAccountCommandHandler' ...
[2m2026-02-17 11:21:38.603[0;39m [32m-DEBUG[0;39m [35m88555[0;39m [32m[0;39m [      no-tenant] [2m---[0;39m [2m[           main][0;39m [36mo.a.f.c.provider.CommandHandlerProvider [0;39m [2m:[0;39m Register command handler 'undoTransactionFixedDepositAccountCommandHandler' ...
[2m2026-02-17 11:21:38.603[0;39m [32m-DEBUG[0;39m [35m88555[0;39m [32m[0;39m [      no-tenant] [2m---[0;39m [2m[           main][0;39m [36mo.a.f.c.provider.CommandHandlerProvider [0;39m [2m:[0;39m Register command handler 'undoTransactionRecurringDepositAccountCommandHandler' ...
[2m2026-02-17 11:21:38.603[0;39m [32m-DEBUG[0;39m [35m88555[0;39m [32m[0;39m [      no-tenant] [2m---[0;39m [2m[           main][0;39m [36mo.a.f.c.provider.CommandHandlerProvider [0;39m [2m:[0;39m Register command handler 'undoTransactionSavingsAccountCommandHandler' ...
[2m2026-02-17 11:21:38.603[0;39m [32m-DEBUG[0;39m [35m88555[0;39m [32m[0;39m [      no-tenant] [2m---[0;39m [2m[           main][0;39m [36mo.a.f.c.provider.CommandHandlerProvider [0;39m [2m:[0;39m Register command handler 'updateFixedDepositProductCommandHandler' ...
[2m2026-02-17 11:21:38.603[0;39m [32m-DEBUG[0;39m [35m88555[0;39m [32m[0;39m [      no-tenant] [2m---[0;39m [2m[           main][0;39m [36mo.a.f.c.provider.CommandHandlerProvider [0;39m [2m:[0;39m Register command handler 'updateRecurringDepositProductCommandHandler' ...
[2m2026-02-17 11:21:38.603[0;39m [32m-DEBUG[0;39m [35m88555[0;39m [32m[0;39m [      no-tenant] [2m---[0;39m [2m[           main][0;39m [36mo.a.f.c.provider.CommandHandlerProvider [0;39m [2m:[0;39m Register command handler 'updateSavingsAccountChargeCommandHandler' ...
[2m2026-02-17 11:21:38.603[0;39m [32m-DEBUG[0;39m [35m88555[0;39m [32m[0;39m [      no-tenant] [2m---[0;39m [2m[           main][0;39m [36mo.a.f.c.provider.CommandHandlerProvider [0;39m [2m:[0;39m Register command handler 'updateSavingsOfficerCommandHandler' ...
[2m2026-02-17 11:21:38.603[0;39m [32m-DEBUG[0;39m [35m88555[0;39m [32m[0;39m [      no-tenant] [2m---[0;39m [2m[           main][0;39m [36mo.a.f.c.provider.CommandHandlerProvider [0;39m [2m:[0;39m Register command handler 'updateSavingsProductCommandHandler' ...
[2m2026-02-17 11:21:38.603[0;39m [32m-DEBUG[0;39m [35m88555[0;39m [32m[0;39m [      no-tenant] [2m---[0;39m [2m[           main][0;39m [36mo.a.f.c.provider.CommandHandlerProvider [0;39m [2m:[0;39m Register command handler 'updateWithHoldTaxSavingsAccountCommandHandler' ...
[2m2026-02-17 11:21:38.603[0;39m [32m-DEBUG[0;39m [35m88555[0;39m [32m[0;39m [      no-tenant] [2m---[0;39m [2m[           main][0;39m [36mo.a.f.c.provider.CommandHandlerProvider [0;39m [2m:[0;39m Register command handler 'waiveSavingsAccountChargeCommandHandler' ...
[2m2026-02-17 11:21:38.603[0;39m [32m-DEBUG[0;39m [35m88555[0;39m [32m[0;39m [      no-tenant] [2m---[0;39m [2m[           main][0;39m [36mo.a.f.c.provider.CommandHandlerProvider [0;39m [2m:[0;39m Register command handler 'withdrawSavingsAccountCommandHandler' ...
[2m2026-02-17 11:21:38.603[0;39m [32m-DEBUG[0;39m [35m88555[0;39m [32m[0;39m [      no-tenant] [2m---[0;39m [2m[           main][0;39m [36mo.a.f.c.provider.CommandHandlerProvider [0;39m [2m:[0;39m Register command handler 'withdrawalFixedDepositAccountCommandHandler' ...
[2m2026-02-17 11:21:38.604[0;39m [32m-DEBUG[0;39m [35m88555[0;39m [32m[0;39m [      no-tenant] [2m---[0;39m [2m[           main][0;39m [36mo.a.f.c.provider.CommandHandlerProvider [0;39m [2m:[0;39m Register command handler 'withdrawalRecurringDepositAccountCommandHandler' ...
[2m2026-02-17 11:21:38.604[0;39m [32m-DEBUG[0;39m [35m88555[0;39m [32m[0;39m [      no-tenant] [2m---[0;39m [2m[           main][0;39m [36mo.a.f.c.provider.CommandHandlerProvider [0;39m [2m:[0;39m Register command handler 'addSelfBeneficiariesTPTCommandHandler' ...
[2m2026-02-17 11:21:38.604[0;39m [32m-DEBUG[0;39m [35m88555[0;39m [32m[0;39m [      no-tenant] [2m---[0;39m [2m[           main][0;39m [36mo.a.f.c.provider.CommandHandlerProvider [0;39m [2m:[0;39m Register command handler 'deleteSelfBeneficiariesTPTCommandHandler' ...
[2m2026-02-17 11:21:38.604[0;39m [32m-DEBUG[0;39m [35m88555[0;39m [32m[0;39m [      no-tenant] [2m---[0;39m [2m[           main][0;39m [36mo.a.f.c.provider.CommandHandlerProvider [0;39m [2m:[0;39m Register command handler 'updateSelfBeneficiariesTPTCommandHandler' ...
[2m2026-02-17 11:21:38.604[0;39m [32m-DEBUG[0;39m [35m88555[0;39m [32m[0;39m [      no-tenant] [2m---[0;39m [2m[           main][0;39m [36mo.a.f.c.provider.CommandHandlerProvider [0;39m [2m:[0;39m Register command handler 'delinkAccountsFromPocketCommandHandler' ...
[2m2026-02-17 11:21:38.604[0;39m [32m-DEBUG[0;39m [35m88555[0;39m [32m[0;39m [      no-tenant] [2m---[0;39m [2m[           main][0;39m [36mo.a.f.c.provider.CommandHandlerProvider [0;39m [2m:[0;39m Register command handler 'linkAccountsToPocketCommandHandler' ...
[2m2026-02-17 11:21:38.604[0;39m [32m-DEBUG[0;39m [35m88555[0;39m [32m[0;39m [      no-tenant] [2m---[0;39m [2m[           main][0;39m [36mo.a.f.c.provider.CommandHandlerProvider [0;39m [2m:[0;39m Register command handler 'activateShareAccountCommandHandler' ...
[2m2026-02-17 11:21:38.604[0;39m [32m-DEBUG[0;39m [35m88555[0;39m [32m[0;39m [      no-tenant] [2m---[0;39m [2m[           main][0;39m [36mo.a.f.c.provider.CommandHandlerProvider [0;39m [2m:[0;39m Register command handler 'applyAddtionalSharesCommandHandler' ...
[2m2026-02-17 11:21:38.604[0;39m [32m-DEBUG[0;39m [35m88555[0;39m [32m[0;39m [      no-tenant] [2m---[0;39m [2m[           main][0;39m [36mo.a.f.c.provider.CommandHandlerProvider [0;39m [2m:[0;39m Register command handler 'approveAddtionalSharesCommandHandler' ...
[2m2026-02-17 11:21:38.604[0;39m [32m-DEBUG[0;39m [35m88555[0;39m [32m[0;39m [      no-tenant] [2m---[0;39m [2m[           main][0;39m [36mo.a.f.c.provider.CommandHandlerProvider [0;39m [2m:[0;39m Register command handler 'approveShareAccountCommandHandler' ...
[2m2026-02-17 11:21:38.604[0;39m [32m-DEBUG[0;39m [35m88555[0;39m [32m[0;39m [      no-tenant] [2m---[0;39m [2m[           main][0;39m [36mo.a.f.c.provider.CommandHandlerProvider [0;39m [2m:[0;39m Register command handler 'closeShareAccountCommandHandler' ...
[2m2026-02-17 11:21:38.604[0;39m [32m-DEBUG[0;39m [35m88555[0;39m [32m[0;39m [      no-tenant] [2m---[0;39m [2m[           main][0;39m [36mo.a.f.c.provider.CommandHandlerProvider [0;39m [2m:[0;39m Register command handler 'createShareAccountCommandHandler' ...
[2m2026-02-17 11:21:38.604[0;39m [32m-DEBUG[0;39m [35m88555[0;39m [32m[0;39m [      no-tenant] [2m---[0;39m [2m[           main][0;39m [36mo.a.f.c.provider.CommandHandlerProvider [0;39m [2m:[0;39m Register command handler 'redeemSharesCommandHandler' ...
[2m2026-02-17 11:21:38.604[0;39m [32m-DEBUG[0;39m [35m88555[0;39m [32m[0;39m [      no-tenant] [2m---[0;39m [2m[           main][0;39m [36mo.a.f.c.provider.CommandHandlerProvider [0;39m [2m:[0;39m Register command handler 'rejectAddtionalSharesCommandHandler' ...
[2m2026-02-17 11:21:38.604[0;39m [32m-DEBUG[0;39m [35m88555[0;39m [32m[0;39m [      no-tenant] [2m---[0;39m [2m[           main][0;39m [36mo.a.f.c.provider.CommandHandlerProvider [0;39m [2m:[0;39m Register command handler 'rejectShareAccountCommandHandler' ...
[2m2026-02-17 11:21:38.604[0;39m [32m-DEBUG[0;39m [35m88555[0;39m [32m[0;39m [      no-tenant] [2m---[0;39m [2m[           main][0;39m [36mo.a.f.c.provider.CommandHandlerProvider [0;39m [2m:[0;39m Register command handler 'undoApproveShareAccountCommandHandler' ...
[2m2026-02-17 11:21:38.604[0;39m [32m-DEBUG[0;39m [35m88555[0;39m [32m[0;39m [      no-tenant] [2m---[0;39m [2m[           main][0;39m [36mo.a.f.c.provider.CommandHandlerProvider [0;39m [2m:[0;39m Register command handler 'updateShareAccountCommandHandler' ...
[2m2026-02-17 11:21:38.604[0;39m [32m-DEBUG[0;39m [35m88555[0;39m [32m[0;39m [      no-tenant] [2m---[0;39m [2m[           main][0;39m [36mo.a.f.c.provider.CommandHandlerProvider [0;39m [2m:[0;39m Register command handler 'approveShareProductDividendCommandHandler' ...
[2m2026-02-17 11:21:38.604[0;39m [32m-DEBUG[0;39m [35m88555[0;39m [32m[0;39m [      no-tenant] [2m---[0;39m [2m[           main][0;39m [36mo.a.f.c.provider.CommandHandlerProvider [0;39m [2m:[0;39m Register command handler 'createShareProductCommandHandler' ...
[2m2026-02-17 11:21:38.604[0;39m [32m-DEBUG[0;39m [35m88555[0;39m [32m[0;39m [      no-tenant] [2m---[0;39m [2m[           main][0;39m [36mo.a.f.c.provider.CommandHandlerProvider [0;39m [2m:[0;39m Register command handler 'createShareProductDividendCommandHandler' ...
[2m2026-02-17 11:21:38.604[0;39m [32m-DEBUG[0;39m [35m88555[0;39m [32m[0;39m [      no-tenant] [2m---[0;39m [2m[           main][0;39m [36mo.a.f.c.provider.CommandHandlerProvider [0;39m [2m:[0;39m Register command handler 'deleteShareProductDividendCommandHandler' ...
[2m2026-02-17 11:21:38.604[0;39m [32m-DEBUG[0;39m [35m88555[0;39m [32m[0;39m [      no-tenant] [2m---[0;39m [2m[           main][0;39m [36mo.a.f.c.provider.CommandHandlerProvider [0;39m [2m:[0;39m Register command handler 'updateShareProductCommandHandler' ...
[2m2026-02-17 11:21:38.604[0;39m [32m-DEBUG[0;39m [35m88555[0;39m [32m[0;39m [      no-tenant] [2m---[0;39m [2m[           main][0;39m [36mo.a.f.c.provider.CommandHandlerProvider [0;39m [2m:[0;39m Register command handler 'createTaxComponentCommandHandler' ...
[2m2026-02-17 11:21:38.604[0;39m [32m-DEBUG[0;39m [35m88555[0;39m [32m[0;39m [      no-tenant] [2m---[0;39m [2m[           main][0;39m [36mo.a.f.c.provider.CommandHandlerProvider [0;39m [2m:[0;39m Register command handler 'createTaxGroupCommandHandler' ...
[2m2026-02-17 11:21:38.604[0;39m [32m-DEBUG[0;39m [35m88555[0;39m [32m[0;39m [      no-tenant] [2m---[0;39m [2m[           main][0;39m [36mo.a.f.c.provider.CommandHandlerProvider [0;39m [2m:[0;39m Register command handler 'updateTaxComponentCommandHandler' ...
[2m2026-02-17 11:21:38.604[0;39m [32m-DEBUG[0;39m [35m88555[0;39m [32m[0;39m [      no-tenant] [2m---[0;39m [2m[           main][0;39m [36mo.a.f.c.provider.CommandHandlerProvider [0;39m [2m:[0;39m Register command handler 'updateTaxGroupCommandHandler' ...
[2m2026-02-17 11:21:38.604[0;39m [32m-DEBUG[0;39m [35m88555[0;39m [32m[0;39m [      no-tenant] [2m---[0;39m [2m[           main][0;39m [36mo.a.f.c.provider.CommandHandlerProvider [0;39m [2m:[0;39m Register command handler 'acceptClientTransferCommandHandler' ...
[2m2026-02-17 11:21:38.604[0;39m [32m-DEBUG[0;39m [35m88555[0;39m [32m[0;39m [      no-tenant] [2m---[0;39m [2m[           main][0;39m [36mo.a.f.c.provider.CommandHandlerProvider [0;39m [2m:[0;39m Register command handler 'proposeAndAcceptClientTransferCommandHandler' ...
[2m2026-02-17 11:21:38.604[0;39m [32m-DEBUG[0;39m [35m88555[0;39m [32m[0;39m [      no-tenant] [2m---[0;39m [2m[           main][0;39m [36mo.a.f.c.provider.CommandHandlerProvider [0;39m [2m:[0;39m Register command handler 'proposeClientTransferCommandHandler' ...
[2m2026-02-17 11:21:38.604[0;39m [32m-DEBUG[0;39m [35m88555[0;39m [32m[0;39m [      no-tenant] [2m---[0;39m [2m[           main][0;39m [36mo.a.f.c.provider.CommandHandlerProvider [0;39m [2m:[0;39m Register command handler 'rejectClientTransferCommandHandler' ...
[2m2026-02-17 11:21:38.604[0;39m [32m-DEBUG[0;39m [35m88555[0;39m [32m[0;39m [      no-tenant] [2m---[0;39m [2m[           main][0;39m [36mo.a.f.c.provider.CommandHandlerProvider [0;39m [2m:[0;39m Register command handler 'transferClientsBetweenGroupsCommandHandler' ...
[2m2026-02-17 11:21:38.604[0;39m [32m-DEBUG[0;39m [35m88555[0;39m [32m[0;39m [      no-tenant] [2m---[0;39m [2m[           main][0;39m [36mo.a.f.c.provider.CommandHandlerProvider [0;39m [2m:[0;39m Register command handler 'withdrawClientTransferCommandHandler' ...
[2m2026-02-17 11:21:38.604[0;39m [32m-DEBUG[0;39m [35m88555[0;39m [32m[0;39m [      no-tenant] [2m---[0;39m [2m[           main][0;39m [36mo.a.f.c.provider.CommandHandlerProvider [0;39m [2m:[0;39m Register command handler 'createTemplateCommandHandler' ...
[2m2026-02-17 11:21:38.604[0;39m [32m-DEBUG[0;39m [35m88555[0;39m [32m[0;39m [      no-tenant] [2m---[0;39m [2m[           main][0;39m [36mo.a.f.c.provider.CommandHandlerProvider [0;39m [2m:[0;39m Register command handler 'deleteTemplateCommandHandler' ...
[2m2026-02-17 11:21:38.604[0;39m [32m-DEBUG[0;39m [35m88555[0;39m [32m[0;39m [      no-tenant] [2m---[0;39m [2m[           main][0;39m [36mo.a.f.c.provider.CommandHandlerProvider [0;39m [2m:[0;39m Register command handler 'updateTemplateCommandHandler' ...
[2m2026-02-17 11:21:38.604[0;39m [32m-DEBUG[0;39m [35m88555[0;39m [32m[0;39m [      no-tenant] [2m---[0;39m [2m[           main][0;39m [36mo.a.f.c.provider.CommandHandlerProvider [0;39m [2m:[0;39m Register command handler 'changeUserPasswordCommandHandler' ...
[2m2026-02-17 11:21:38.604[0;39m [32m-DEBUG[0;39m [35m88555[0;39m [32m[0;39m [      no-tenant] [2m---[0;39m [2m[           main][0;39m [36mo.a.f.c.provider.CommandHandlerProvider [0;39m [2m:[0;39m Register command handler 'createRoleCommandHandler' ...
[2m2026-02-17 11:21:38.604[0;39m [32m-DEBUG[0;39m [35m88555[0;39m [32m[0;39m [      no-tenant] [2m---[0;39m [2m[           main][0;39m [36mo.a.f.c.provider.CommandHandlerProvider [0;39m [2m:[0;39m Register command handler 'createUserCommandHandler' ...
[2m2026-02-17 11:21:38.604[0;39m [32m-DEBUG[0;39m [35m88555[0;39m [32m[0;39m [      no-tenant] [2m---[0;39m [2m[           main][0;39m [36mo.a.f.c.provider.CommandHandlerProvider [0;39m [2m:[0;39m Register command handler 'deleteRoleCommandHandler' ...
[2m2026-02-17 11:21:38.604[0;39m [32m-DEBUG[0;39m [35m88555[0;39m [32m[0;39m [      no-tenant] [2m---[0;39m [2m[           main][0;39m [36mo.a.f.c.provider.CommandHandlerProvider [0;39m [2m:[0;39m Register command handler 'deleteUserCommandHandler' ...
[2m2026-02-17 11:21:38.604[0;39m [32m-DEBUG[0;39m [35m88555[0;39m [32m[0;39m [      no-tenant] [2m---[0;39m [2m[           main][0;39m [36mo.a.f.c.provider.CommandHandlerProvider [0;39m [2m:[0;39m Register command handler 'disableRoleCommandHandler' ...
[2m2026-02-17 11:21:38.604[0;39m [32m-DEBUG[0;39m [35m88555[0;39m [32m[0;39m [      no-tenant] [2m---[0;39m [2m[           main][0;39m [36mo.a.f.c.provider.CommandHandlerProvider [0;39m [2m:[0;39m Register command handler 'enableRoleCommandHandler' ...
[2m2026-02-17 11:21:38.604[0;39m [32m-DEBUG[0;39m [35m88555[0;39m [32m[0;39m [      no-tenant] [2m---[0;39m [2m[           main][0;39m [36mo.a.f.c.provider.CommandHandlerProvider [0;39m [2m:[0;39m Register command handler 'switchUserOfficeCommandHandler' ...
[2m2026-02-17 11:21:38.604[0;39m [32m-DEBUG[0;39m [35m88555[0;39m [32m[0;39m [      no-tenant] [2m---[0;39m [2m[           main][0;39m [36mo.a.f.c.provider.CommandHandlerProvider [0;39m [2m:[0;39m Register command handler 'updateMakerCheckerPermissionsCommandHandler' ...
[2m2026-02-17 11:21:38.604[0;39m [32m-DEBUG[0;39m [35m88555[0;39m [32m[0;39m [      no-tenant] [2m---[0;39m [2m[           main][0;39m [36mo.a.f.c.provider.CommandHandlerProvider [0;39m [2m:[0;39m Register command handler 'updatePasswordPreferencesCommandHandler' ...
[2m2026-02-17 11:21:38.604[0;39m [32m-DEBUG[0;39m [35m88555[0;39m [32m[0;39m [      no-tenant] [2m---[0;39m [2m[           main][0;39m [36mo.a.f.c.provider.CommandHandlerProvider [0;39m [2m:[0;39m Register command handler 'updateRoleCommandHandler' ...
[2m2026-02-17 11:21:38.604[0;39m [32m-DEBUG[0;39m [35m88555[0;39m [32m[0;39m [      no-tenant] [2m---[0;39m [2m[           main][0;39m [36mo.a.f.c.provider.CommandHandlerProvider [0;39m [2m:[0;39m Register command handler 'updateRolePermissionsCommandHandler' ...
[2m2026-02-17 11:21:38.604[0;39m [32m-DEBUG[0;39m [35m88555[0;39m [32m[0;39m [      no-tenant] [2m---[0;39m [2m[           main][0;39m [36mo.a.f.c.provider.CommandHandlerProvider [0;39m [2m:[0;39m Register command handler 'updateUserCommandHandler' ...
[2m2026-02-17 11:21:38.604[0;39m [32m-DEBUG[0;39m [35m88555[0;39m [32m[0;39m [      no-tenant] [2m---[0;39m [2m[           main][0;39m [36mo.a.f.c.provider.CommandHandlerProvider [0;39m [2m:[0;39m Register command handler 'buybackLoanFromExternalAssetOwnerHandler' ...
[2m2026-02-17 11:21:38.604[0;39m [32m-DEBUG[0;39m [35m88555[0;39m [32m[0;39m [      no-tenant] [2m---[0;39m [2m[           main][0;39m [36mo.a.f.c.provider.CommandHandlerProvider [0;39m [2m:[0;39m Register command handler 'cancelLoanFromExternalAssetOwnerHandler' ...
[2m2026-02-17 11:21:38.604[0;39m [32m-DEBUG[0;39m [35m88555[0;39m [32m[0;39m [      no-tenant] [2m---[0;39m [2m[           main][0;39m [36mo.a.f.c.provider.CommandHandlerProvider [0;39m [2m:[0;39m Register command handler 'cancelTransactionFromExternalAssetOwnerHandler' ...
[2m2026-02-17 11:21:38.604[0;39m [32m-DEBUG[0;39m [35m88555[0;39m [32m[0;39m [      no-tenant] [2m---[0;39m [2m[           main][0;39m [36mo.a.f.c.provider.CommandHandlerProvider [0;39m [2m:[0;39m Register command handler 'createExternalAssetOwnerLoanProductAttributeHandler' ...
[2m2026-02-17 11:21:38.604[0;39m [32m-DEBUG[0;39m [35m88555[0;39m [32m[0;39m [      no-tenant] [2m---[0;39m [2m[           main][0;39m [36mo.a.f.c.provider.CommandHandlerProvider [0;39m [2m:[0;39m Register command handler 'intermediarySaleToExternalAssetOwnerHandler' ...
[2m2026-02-17 11:21:38.604[0;39m [32m-DEBUG[0;39m [35m88555[0;39m [32m[0;39m [      no-tenant] [2m---[0;39m [2m[           main][0;39m [36mo.a.f.c.provider.CommandHandlerProvider [0;39m [2m:[0;39m Register command handler 'saleLoanToExternalAssetOwnerHandler' ...
[2m2026-02-17 11:21:38.604[0;39m [32m-DEBUG[0;39m [35m88555[0;39m [32m[0;39m [      no-tenant] [2m---[0;39m [2m[           main][0;39m [36mo.a.f.c.provider.CommandHandlerProvider [0;39m [2m:[0;39m Register command handler 'updateExternalAssetOwnerLoanProductAttributeHandler' ...
[2m2026-02-17 11:21:38.604[0;39m [32m-DEBUG[0;39m [35m88555[0;39m [32m[0;39m [      no-tenant] [2m---[0;39m [2m[           main][0;39m [36mo.a.f.c.provider.CommandHandlerProvider [0;39m [2m:[0;39m Register command handler 'addBuyDownFeeCommandHandler' ...
[2m2026-02-17 11:21:38.604[0;39m [32m-DEBUG[0;39m [35m88555[0;39m [32m[0;39m [      no-tenant] [2m---[0;39m [2m[           main][0;39m [36mo.a.f.c.provider.CommandHandlerProvider [0;39m [2m:[0;39m Register command handler 'addCapitalizedIncomeCommandHandler' ...
[2m2026-02-17 11:21:38.604[0;39m [32m-DEBUG[0;39m [35m88555[0;39m [32m[0;39m [      no-tenant] [2m---[0;39m [2m[           main][0;39m [36mo.a.f.c.provider.CommandHandlerProvider [0;39m [2m:[0;39m Register command handler 'buyDownFeeAdjustmentCommandHandler' ...
[2m2026-02-17 11:21:38.604[0;39m [32m-DEBUG[0;39m [35m88555[0;39m [32m[0;39m [      no-tenant] [2m---[0;39m [2m[           main][0;39m [36mo.a.f.c.provider.CommandHandlerProvider [0;39m [2m:[0;39m Register command handler 'capitalizedIncomeAdjustmentCommandHandler' ...
[2m2026-02-17 11:21:38.604[0;39m [32m-DEBUG[0;39m [35m88555[0;39m [32m[0;39m [      no-tenant] [2m---[0;39m [2m[           main][0;39m [36mo.a.f.c.provider.CommandHandlerProvider [0;39m [2m:[0;39m Register command handler 'createDelinquencyActionCommandHandler' ...
[2m2026-02-17 11:21:38.604[0;39m [32m-DEBUG[0;39m [35m88555[0;39m [32m[0;39m [      no-tenant] [2m---[0;39m [2m[           main][0;39m [36mo.a.f.c.provider.CommandHandlerProvider [0;39m [2m:[0;39m Register command handler 'createDelinquencyBucketCommandHandler' ...
[2m2026-02-17 11:21:38.604[0;39m [32m-DEBUG[0;39m [35m88555[0;39m [32m[0;39m [      no-tenant] [2m---[0;39m [2m[           main][0;39m [36mo.a.f.c.provider.CommandHandlerProvider [0;39m [2m:[0;39m Register command handler 'createDelinquencyRangeCommandHandler' ...
[2m2026-02-17 11:21:38.604[0;39m [32m-DEBUG[0;39m [35m88555[0;39m [32m[0;39m [      no-tenant] [2m---[0;39m [2m[           main][0;39m [36mo.a.f.c.provider.CommandHandlerProvider [0;39m [2m:[0;39m Register command handler 'deleteDelinquencyBucketCommandHandler' ...
[2m2026-02-17 11:21:38.604[0;39m [32m-DEBUG[0;39m [35m88555[0;39m [32m[0;39m [      no-tenant] [2m---[0;39m [2m[           main][0;39m [36mo.a.f.c.provider.CommandHandlerProvider [0;39m [2m:[0;39m Register command handler 'deleteDelinquencyRangeCommandHandler' ...
[2m2026-02-17 11:21:38.604[0;39m [32m-DEBUG[0;39m [35m88555[0;39m [32m[0;39m [      no-tenant] [2m---[0;39m [2m[           main][0;39m [36mo.a.f.c.provider.CommandHandlerProvider [0;39m [2m:[0;39m Register command handler 'updateDelinquencyBucketCommandHandler' ...
[2m2026-02-17 11:21:38.604[0;39m [32m-DEBUG[0;39m [35m88555[0;39m [32m[0;39m [      no-tenant] [2m---[0;39m [2m[           main][0;39m [36mo.a.f.c.provider.CommandHandlerProvider [0;39m [2m:[0;39m Register command handler 'updateDelinquencyRangeCommandHandler' ...
[2m2026-02-17 11:21:38.605[0;39m [32m-DEBUG[0;39m [35m88555[0;39m [32m[0;39m [      no-tenant] [2m---[0;39m [2m[           main][0;39m [36mo.a.f.c.provider.CommandHandlerProvider [0;39m [2m:[0;39m Register command handler 'updateLoanDelinquencyBucketCommandHandler' ...
[2m2026-02-17 11:21:38.605[0;39m [32m-DEBUG[0;39m [35m88555[0;39m [32m[0;39m [      no-tenant] [2m---[0;39m [2m[           main][0;39m [36mo.a.f.c.provider.CommandHandlerProvider [0;39m [2m:[0;39m Register command handler 'createGuarantorCommandHandler' ...
[2m2026-02-17 11:21:38.605[0;39m [32m-DEBUG[0;39m [35m88555[0;39m [32m[0;39m [      no-tenant] [2m---[0;39m [2m[           main][0;39m [36mo.a.f.c.provider.CommandHandlerProvider [0;39m [2m:[0;39m Register command handler 'deleteGuarantorCommandHandler' ...
[2m2026-02-17 11:21:38.605[0;39m [32m-DEBUG[0;39m [35m88555[0;39m [32m[0;39m [      no-tenant] [2m---[0;39m [2m[           main][0;39m [36mo.a.f.c.provider.CommandHandlerProvider [0;39m [2m:[0;39m Register command handler 'updateGuarantorCommandHandler' ...
[2m2026-02-17 11:21:38.605[0;39m [32m-DEBUG[0;39m [35m88555[0;39m [32m[0;39m [      no-tenant] [2m---[0;39m [2m[           main][0;39m [36mo.a.f.c.provider.CommandHandlerProvider [0;39m [2m:[0;39m Register command handler 'addLoanChargeCommandHandler' ...
[2m2026-02-17 11:21:38.605[0;39m [32m-DEBUG[0;39m [35m88555[0;39m [32m[0;39m [      no-tenant] [2m---[0;39m [2m[           main][0;39m [36mo.a.f.c.provider.CommandHandlerProvider [0;39m [2m:[0;39m Register command handler 'bulkUpdateLoanOfficerCommandHandler' ...
[2m2026-02-17 11:21:38.605[0;39m [32m-DEBUG[0;39m [35m88555[0;39m [32m[0;39m [      no-tenant] [2m---[0;39m [2m[           main][0;39m [36mo.a.f.c.provider.CommandHandlerProvider [0;39m [2m:[0;39m Register command handler 'chargeOffLoanCommandHandler' ...
[2m2026-02-17 11:21:38.605[0;39m [32m-DEBUG[0;39m [35m88555[0;39m [32m[0;39m [      no-tenant] [2m---[0;39m [2m[           main][0;39m [36mo.a.f.c.provider.CommandHandlerProvider [0;39m [2m:[0;39m Register command handler 'closeLoanAsRescheduledCommandHandler' ...
[2m2026-02-17 11:21:38.605[0;39m [32m-DEBUG[0;39m [35m88555[0;39m [32m[0;39m [      no-tenant] [2m---[0;39m [2m[           main][0;39m [36mo.a.f.c.provider.CommandHandlerProvider [0;39m [2m:[0;39m Register command handler 'closeLoanCommandHandler' ...
[2m2026-02-17 11:21:38.605[0;39m [32m-DEBUG[0;39m [35m88555[0;39m [32m[0;39m [      no-tenant] [2m---[0;39m [2m[           main][0;39m [36mo.a.f.c.provider.CommandHandlerProvider [0;39m [2m:[0;39m Register command handler 'creditBalanceRefundCommandHandler' ...
[2m2026-02-17 11:21:38.605[0;39m [32m-DEBUG[0;39m [35m88555[0;39m [32m[0;39m [      no-tenant] [2m---[0;39m [2m[           main][0;39m [36mo.a.f.c.provider.CommandHandlerProvider [0;39m [2m:[0;39m Register command handler 'deleteLoanChargeCommandHandler' ...
[2m2026-02-17 11:21:38.605[0;39m [32m-DEBUG[0;39m [35m88555[0;39m [32m[0;39m [      no-tenant] [2m---[0;39m [2m[           main][0;39m [36mo.a.f.c.provider.CommandHandlerProvider [0;39m [2m:[0;39m Register command handler 'disburseLoanCommandHandler' ...
[2m2026-02-17 11:21:38.605[0;39m [32m-DEBUG[0;39m [35m88555[0;39m [32m[0;39m [      no-tenant] [2m---[0;39m [2m[           main][0;39m [36mo.a.f.c.provider.CommandHandlerProvider [0;39m [2m:[0;39m Register command handler 'disburseLoanToSavingsCommandHandler' ...
[2m2026-02-17 11:21:38.605[0;39m [32m-DEBUG[0;39m [35m88555[0;39m [32m[0;39m [      no-tenant] [2m---[0;39m [2m[           main][0;39m [36mo.a.f.c.provider.CommandHandlerProvider [0;39m [2m:[0;39m Register command handler 'disburseLoanWithoutAutoPaymentHandler' ...
[2m2026-02-17 11:21:38.605[0;39m [32m-DEBUG[0;39m [35m88555[0;39m [32m[0;39m [      no-tenant] [2m---[0;39m [2m[           main][0;39m [36mo.a.f.c.provider.CommandHandlerProvider [0;39m [2m:[0;39m Register command handler 'foreClosureCommandHandler' ...
[2m2026-02-17 11:21:38.605[0;39m [32m-DEBUG[0;39m [35m88555[0;39m [32m[0;39m [      no-tenant] [2m---[0;39m [2m[           main][0;39m [36mo.a.f.c.provider.CommandHandlerProvider [0;39m [2m:[0;39m Register command handler 'GLIMApplicationRejectionCommandHandler' ...
[2m2026-02-17 11:21:38.605[0;39m [32m-DEBUG[0;39m [35m88555[0;39m [32m[0;39m [      no-tenant] [2m---[0;39m [2m[           main][0;39m [36mo.a.f.c.provider.CommandHandlerProvider [0;39m [2m:[0;39m Register command handler 'GLIMBulkRepaymentCommandHandler' ...
[2m2026-02-17 11:21:38.605[0;39m [32m-DEBUG[0;39m [35m88555[0;39m [32m[0;39m [      no-tenant] [2m---[0;39m [2m[           main][0;39m [36mo.a.f.c.provider.CommandHandlerProvider [0;39m [2m:[0;39m Register command handler 'GLIMLoanApplicationApprovalCommandHandler' ...
[2m2026-02-17 11:21:38.605[0;39m [32m-DEBUG[0;39m [35m88555[0;39m [32m[0;39m [      no-tenant] [2m---[0;39m [2m[           main][0;39m [36mo.a.f.c.provider.CommandHandlerProvider [0;39m [2m:[0;39m Register command handler 'glimLoanApplicationDisburseCommandHandler' ...
[2m2026-02-17 11:21:38.605[0;39m [32m-DEBUG[0;39m [35m88555[0;39m [32m[0;39m [      no-tenant] [2m---[0;39m [2m[           main][0;39m [36mo.a.f.c.provider.CommandHandlerProvider [0;39m [2m:[0;39m Register command handler 'loanApplicationApprovalCommandHandler' ...
[2m2026-02-17 11:21:38.605[0;39m [32m-DEBUG[0;39m [35m88555[0;39m [32m[0;39m [      no-tenant] [2m---[0;39m [2m[           main][0;39m [36mo.a.f.c.provider.CommandHandlerProvider [0;39m [2m:[0;39m Register command handler 'loanApplicationApprovalUndoCommandHandler' ...
[2m2026-02-17 11:21:38.605[0;39m [32m-DEBUG[0;39m [35m88555[0;39m [32m[0;39m [      no-tenant] [2m---[0;39m [2m[           main][0;39m [36mo.a.f.c.provider.CommandHandlerProvider [0;39m [2m:[0;39m Register command handler 'loanApplicationDeletionCommandHandler' ...
[2m2026-02-17 11:21:38.605[0;39m [32m-DEBUG[0;39m [35m88555[0;39m [32m[0;39m [      no-tenant] [2m---[0;39m [2m[           main][0;39m [36mo.a.f.c.provider.CommandHandlerProvider [0;39m [2m:[0;39m Register command handler 'loanApplicationModificationCommandHandler' ...
[2m2026-02-17 11:21:38.605[0;39m [32m-DEBUG[0;39m [35m88555[0;39m [32m[0;39m [      no-tenant] [2m---[0;39m [2m[           main][0;39m [36mo.a.f.c.provider.CommandHandlerProvider [0;39m [2m:[0;39m Register command handler 'loanApplicationRejectedCommandHandler' ...
[2m2026-02-17 11:21:38.605[0;39m [32m-DEBUG[0;39m [35m88555[0;39m [32m[0;39m [      no-tenant] [2m---[0;39m [2m[           main][0;39m [36mo.a.f.c.provider.CommandHandlerProvider [0;39m [2m:[0;39m Register command handler 'loanApplicationSubmittalCommandHandler' ...
[2m2026-02-17 11:21:38.605[0;39m [32m-DEBUG[0;39m [35m88555[0;39m [32m[0;39m [      no-tenant] [2m---[0;39m [2m[           main][0;39m [36mo.a.f.c.provider.CommandHandlerProvider [0;39m [2m:[0;39m Register command handler 'loanApplicationWithdrawnByApplicantCommandHandler' ...
[2m2026-02-17 11:21:38.605[0;39m [32m-DEBUG[0;39m [35m88555[0;39m [32m[0;39m [      no-tenant] [2m---[0;39m [2m[           main][0;39m [36mo.a.f.c.provider.CommandHandlerProvider [0;39m [2m:[0;39m Register command handler 'loanApprovedAmountModificationCommandHandler' ...
[2m2026-02-17 11:21:38.605[0;39m [32m-DEBUG[0;39m [35m88555[0;39m [32m[0;39m [      no-tenant] [2m---[0;39m [2m[           main][0;39m [36mo.a.f.c.provider.CommandHandlerProvider [0;39m [2m:[0;39m Register command handler 'loanAvailableDisbursementAmountModificationCommandHandler' ...
[2m2026-02-17 11:21:38.605[0;39m [32m-DEBUG[0;39m [35m88555[0;39m [32m[0;39m [      no-tenant] [2m---[0;39m [2m[           main][0;39m [36mo.a.f.c.provider.CommandHandlerProvider [0;39m [2m:[0;39m Register command handler 'loanChargeAdjustmentCommandHandler' ...
[2m2026-02-17 11:21:38.605[0;39m [32m-DEBUG[0;39m [35m88555[0;39m [32m[0;39m [      no-tenant] [2m---[0;39m [2m[           main][0;39m [36mo.a.f.c.provider.CommandHandlerProvider [0;39m [2m:[0;39m Register command handler 'loanChargeDeactivateOverdueCommandHandler' ...
[2m2026-02-17 11:21:38.605[0;39m [32m-DEBUG[0;39m [35m88555[0;39m [32m[0;39m [      no-tenant] [2m---[0;39m [2m[           main][0;39m [36mo.a.f.c.provider.CommandHandlerProvider [0;39m [2m:[0;39m Register command handler 'loanChargeRefundCommandHandler' ...
[2m2026-02-17 11:21:38.605[0;39m [32m-DEBUG[0;39m [35m88555[0;39m [32m[0;39m [      no-tenant] [2m---[0;39m [2m[           main][0;39m [36mo.a.f.c.provider.CommandHandlerProvider [0;39m [2m:[0;39m Register command handler 'loanDownPaymentCommandHandler' ...
[2m2026-02-17 11:21:38.605[0;39m [32m-DEBUG[0;39m [35m88555[0;39m [32m[0;39m [      no-tenant] [2m---[0;39m [2m[           main][0;39m [36mo.a.f.c.provider.CommandHandlerProvider [0;39m [2m:[0;39m Register command handler 'loanGoodwillCreditCommandHandler' ...
[2m2026-02-17 11:21:38.605[0;39m [32m-DEBUG[0;39m [35m88555[0;39m [32m[0;39m [      no-tenant] [2m---[0;39m [2m[           main][0;39m [36mo.a.f.c.provider.CommandHandlerProvider [0;39m [2m:[0;39m Register command handler 'loanMerchantIssuedRefundCommandHandler' ...
[2m2026-02-17 11:21:38.605[0;39m [32m-DEBUG[0;39m [35m88555[0;39m [32m[0;39m [      no-tenant] [2m---[0;39m [2m[           main][0;39m [36mo.a.f.c.provider.CommandHandlerProvider [0;39m [2m:[0;39m Register command handler 'loanPayoutRefundCommandHandler' ...
[2m2026-02-17 11:21:38.605[0;39m [32m-DEBUG[0;39m [35m88555[0;39m [32m[0;39m [      no-tenant] [2m---[0;39m [2m[           main][0;39m [36mo.a.f.c.provider.CommandHandlerProvider [0;39m [2m:[0;39m Register command handler 'loanRecoveryPaymentCommandHandler' ...
[2m2026-02-17 11:21:38.605[0;39m [32m-DEBUG[0;39m [35m88555[0;39m [32m[0;39m [      no-tenant] [2m---[0;39m [2m[           main][0;39m [36mo.a.f.c.provider.CommandHandlerProvider [0;39m [2m:[0;39m Register command handler 'loanRefundByCashCommandHandler' ...
[2m2026-02-17 11:21:38.605[0;39m [32m-DEBUG[0;39m [35m88555[0;39m [32m[0;39m [      no-tenant] [2m---[0;39m [2m[           main][0;39m [36mo.a.f.c.provider.CommandHandlerProvider [0;39m [2m:[0;39m Register command handler 'loanRepaymentAdjustmentCommandHandler' ...
[2m2026-02-17 11:21:38.605[0;39m [32m-DEBUG[0;39m [35m88555[0;39m [32m[0;39m [      no-tenant] [2m---[0;39m [2m[           main][0;39m [36mo.a.f.c.provider.CommandHandlerProvider [0;39m [2m:[0;39m Register command handler 'loanRepaymentChargebackCommandHandler' ...
[2m2026-02-17 11:21:38.605[0;39m [32m-DEBUG[0;39m [35m88555[0;39m [32m[0;39m [      no-tenant] [2m---[0;39m [2m[           main][0;39m [36mo.a.f.c.provider.CommandHandlerProvider [0;39m [2m:[0;39m Register command handler 'loanRepaymentCommandHandler' ...
[2m2026-02-17 11:21:38.605[0;39m [32m-DEBUG[0;39m [35m88555[0;39m [32m[0;39m [      no-tenant] [2m---[0;39m [2m[           main][0;39m [36mo.a.f.c.provider.CommandHandlerProvider [0;39m [2m:[0;39m Register command handler 'loanScheduleCreateVariationCommandHandler' ...
[2m2026-02-17 11:21:38.605[0;39m [32m-DEBUG[0;39m [35m88555[0;39m [32m[0;39m [      no-tenant] [2m---[0;39m [2m[           main][0;39m [36mo.a.f.c.provider.CommandHandlerProvider [0;39m [2m:[0;39m Register command handler 'loanScheduleDeleteVariationCommandHandler' ...
[2m2026-02-17 11:21:38.605[0;39m [32m-DEBUG[0;39m [35m88555[0;39m [32m[0;39m [      no-tenant] [2m---[0;39m [2m[           main][0;39m [36mo.a.f.c.provider.CommandHandlerProvider [0;39m [2m:[0;39m Register command handler 'manualInterestRefundCommandHandler' ...
[2m2026-02-17 11:21:38.605[0;39m [32m-DEBUG[0;39m [35m88555[0;39m [32m[0;39m [      no-tenant] [2m---[0;39m [2m[           main][0;39m [36mo.a.f.c.provider.CommandHandlerProvider [0;39m [2m:[0;39m Register command handler 'markLoanAsFraudCommandHandler' ...
[2m2026-02-17 11:21:38.605[0;39m [32m-DEBUG[0;39m [35m88555[0;39m [32m[0;39m [      no-tenant] [2m---[0;39m [2m[           main][0;39m [36mo.a.f.c.provider.CommandHandlerProvider [0;39m [2m:[0;39m Register command handler 'markReadyForComiteCommandHandler' ...
[2m2026-02-17 11:21:38.605[0;39m [32m-DEBUG[0;39m [35m88555[0;39m [32m[0;39m [      no-tenant] [2m---[0;39m [2m[           main][0;39m [36mo.a.f.c.provider.CommandHandlerProvider [0;39m [2m:[0;39m Register command handler 'payLoanChargeCommandHandler' ...
[2m2026-02-17 11:21:38.605[0;39m [32m-DEBUG[0;39m [35m88555[0;39m [32m[0;39m [      no-tenant] [2m---[0;39m [2m[           main][0;39m [36mo.a.f.c.provider.CommandHandlerProvider [0;39m [2m:[0;39m Register command handler 'recoverFromGuarantorCommandHandler' ...
[2m2026-02-17 11:21:38.605[0;39m [32m-DEBUG[0;39m [35m88555[0;39m [32m[0;39m [      no-tenant] [2m---[0;39m [2m[           main][0;39m [36mo.a.f.c.provider.CommandHandlerProvider [0;39m [2m:[0;39m Register command handler 'removeLoanOfficerCommandHandler' ...
[2m2026-02-17 11:21:38.605[0;39m [32m-DEBUG[0;39m [35m88555[0;39m [32m[0;39m [      no-tenant] [2m---[0;39m [2m[           main][0;39m [36mo.a.f.c.provider.CommandHandlerProvider [0;39m [2m:[0;39m Register command handler 'undoChargeOffLoanCommandHandler' ...
[2m2026-02-17 11:21:38.605[0;39m [32m-DEBUG[0;39m [35m88555[0;39m [32m[0;39m [      no-tenant] [2m---[0;39m [2m[           main][0;39m [36mo.a.f.c.provider.CommandHandlerProvider [0;39m [2m:[0;39m Register command handler 'undoDisbursalLoanCommandHandler' ...
[2m2026-02-17 11:21:38.605[0;39m [32m-DEBUG[0;39m [35m88555[0;39m [32m[0;39m [      no-tenant] [2m---[0;39m [2m[           main][0;39m [36mo.a.f.c.provider.CommandHandlerProvider [0;39m [2m:[0;39m Register command handler 'undoGLIMLoanApplicationApproval' ...
[2m2026-02-17 11:21:38.605[0;39m [32m-DEBUG[0;39m [35m88555[0;39m [32m[0;39m [      no-tenant] [2m---[0;39m [2m[           main][0;39m [36mo.a.f.c.provider.CommandHandlerProvider [0;39m [2m:[0;39m Register command handler 'undoGLIMLoanDisbursalCommandHandler' ...
[2m2026-02-17 11:21:38.605[0;39m [32m-DEBUG[0;39m [35m88555[0;39m [32m[0;39m [      no-tenant] [2m---[0;39m [2m[           main][0;39m [36mo.a.f.c.provider.CommandHandlerProvider [0;39m [2m:[0;39m Register command handler 'undoLastDisbursalLoanCommandHandler' ...
[2m2026-02-17 11:21:38.605[0;39m [32m-DEBUG[0;39m [35m88555[0;39m [32m[0;39m [      no-tenant] [2m---[0;39m [2m[           main][0;39m [36mo.a.f.c.provider.CommandHandlerProvider [0;39m [2m:[0;39m Register command handler 'undoLoanChargeWaiveCommandHandler' ...
[2m2026-02-17 11:21:38.605[0;39m [32m-DEBUG[0;39m [35m88555[0;39m [32m[0;39m [      no-tenant] [2m---[0;39m [2m[           main][0;39m [36mo.a.f.c.provider.CommandHandlerProvider [0;39m [2m:[0;39m Register command handler 'undoWriteOffLoanCommandHandler' ...
[2m2026-02-17 11:21:38.605[0;39m [32m-DEBUG[0;39m [35m88555[0;39m [32m[0;39m [      no-tenant] [2m---[0;39m [2m[           main][0;39m [36mo.a.f.c.provider.CommandHandlerProvider [0;39m [2m:[0;39m Register command handler 'updateLoanChargeCommandHandler' ...
[2m2026-02-17 11:21:38.605[0;39m [32m-DEBUG[0;39m [35m88555[0;39m [32m[0;39m [      no-tenant] [2m---[0;39m [2m[           main][0;39m [36mo.a.f.c.provider.CommandHandlerProvider [0;39m [2m:[0;39m Register command handler 'updateLoanOfficerCommandHandler' ...
[2m2026-02-17 11:21:38.605[0;39m [32m-DEBUG[0;39m [35m88555[0;39m [32m[0;39m [      no-tenant] [2m---[0;39m [2m[           main][0;39m [36mo.a.f.c.provider.CommandHandlerProvider [0;39m [2m:[0;39m Register command handler 'waiveInterestPortionOnLoanCommandHandler' ...
[2m2026-02-17 11:21:38.605[0;39m [32m-DEBUG[0;39m [35m88555[0;39m [32m[0;39m [      no-tenant] [2m---[0;39m [2m[           main][0;39m [36mo.a.f.c.provider.CommandHandlerProvider [0;39m [2m:[0;39m Register command handler 'waiveLoanChargeCommandHandler' ...
[2m2026-02-17 11:21:38.605[0;39m [32m-DEBUG[0;39m [35m88555[0;39m [32m[0;39m [      no-tenant] [2m---[0;39m [2m[           main][0;39m [36mo.a.f.c.provider.CommandHandlerProvider [0;39m [2m:[0;39m Register command handler 'writeOffLoanCommandHandler' ...
[2m2026-02-17 11:21:38.605[0;39m [32m-DEBUG[0;39m [35m88555[0;39m [32m[0;39m [      no-tenant] [2m---[0;39m [2m[           main][0;39m [36mo.a.f.c.provider.CommandHandlerProvider [0;39m [2m:[0;39m Register command handler 'approveLoanRescheduleRequestCommandHandler' ...
[2m2026-02-17 11:21:38.605[0;39m [32m-DEBUG[0;39m [35m88555[0;39m [32m[0;39m [      no-tenant] [2m---[0;39m [2m[           main][0;39m [36mo.a.f.c.provider.CommandHandlerProvider [0;39m [2m:[0;39m Register command handler 'createLoanRescheduleRequestCommandHandler' ...
[2m2026-02-17 11:21:38.605[0;39m [32m-DEBUG[0;39m [35m88555[0;39m [32m[0;39m [      no-tenant] [2m---[0;39m [2m[           main][0;39m [36mo.a.f.c.provider.CommandHandlerProvider [0;39m [2m:[0;39m Register command handler 'rejectLoanRescheduleRequestCommandHandler' ...
[2m2026-02-17 11:21:38.605[0;39m [32m-DEBUG[0;39m [35m88555[0;39m [32m[0;39m [      no-tenant] [2m---[0;39m [2m[           main][0;39m [36mo.a.f.c.provider.CommandHandlerProvider [0;39m [2m:[0;39m Register command handler 'createLoanProductCommandHandler' ...
[2m2026-02-17 11:21:38.606[0;39m [32m-DEBUG[0;39m [35m88555[0;39m [32m[0;39m [      no-tenant] [2m---[0;39m [2m[           main][0;39m [36mo.a.f.c.provider.CommandHandlerProvider [0;39m [2m:[0;39m Register command handler 'updateLoanProductCommandHandler' ...
[2m2026-02-17 11:21:38.606[0;39m [32m-DEBUG[0;39m [35m88555[0;39m [32m[0;39m [      no-tenant] [2m---[0;39m [2m[           main][0;39m [36mo.a.f.c.provider.CommandHandlerProvider [0;39m [2m:[0;39m Register command handler 'businessStepConfigUpdateHandler' ...
[2m2026-02-17 11:21:38.606[0;39m [32m-DEBUG[0;39m [35m88555[0;39m [32m[0;39m [      no-tenant] [2m---[0;39m [2m[           main][0;39m [36mo.a.f.c.provider.CommandHandlerProvider [0;39m [2m:[0;39m Register command handler 'allocateCashToCashierCommandHandler' ...
[2m2026-02-17 11:21:38.606[0;39m [32m-DEBUG[0;39m [35m88555[0;39m [32m[0;39m [      no-tenant] [2m---[0;39m [2m[           main][0;39m [36mo.a.f.c.provider.CommandHandlerProvider [0;39m [2m:[0;39m Register command handler 'allocateCashierToTellerCommandHandler' ...
[2m2026-02-17 11:21:38.606[0;39m [32m-DEBUG[0;39m [35m88555[0;39m [32m[0;39m [      no-tenant] [2m---[0;39m [2m[           main][0;39m [36mo.a.f.c.provider.CommandHandlerProvider [0;39m [2m:[0;39m Register command handler 'createTellerCommandHandler' ...
[2m2026-02-17 11:21:38.606[0;39m [32m-DEBUG[0;39m [35m88555[0;39m [32m[0;39m [      no-tenant] [2m---[0;39m [2m[           main][0;39m [36mo.a.f.c.provider.CommandHandlerProvider [0;39m [2m:[0;39m Register command handler 'deleteCashierAllocationCommandHandler' ...
[2m2026-02-17 11:21:38.606[0;39m [32m-DEBUG[0;39m [35m88555[0;39m [32m[0;39m [      no-tenant] [2m---[0;39m [2m[           main][0;39m [36mo.a.f.c.provider.CommandHandlerProvider [0;39m [2m:[0;39m Register command handler 'deleteTellerCommandHandler' ...
[2m2026-02-17 11:21:38.606[0;39m [32m-DEBUG[0;39m [35m88555[0;39m [32m[0;39m [      no-tenant] [2m---[0;39m [2m[           main][0;39m [36mo.a.f.c.provider.CommandHandlerProvider [0;39m [2m:[0;39m Register command handler 'settleCashFromCashierCommandHandler' ...
[2m2026-02-17 11:21:38.606[0;39m [32m-DEBUG[0;39m [35m88555[0;39m [32m[0;39m [      no-tenant] [2m---[0;39m [2m[           main][0;39m [36mo.a.f.c.provider.CommandHandlerProvider [0;39m [2m:[0;39m Register command handler 'updateCashierAllocationCommandHandler' ...
[2m2026-02-17 11:21:38.606[0;39m [32m-DEBUG[0;39m [35m88555[0;39m [32m[0;39m [      no-tenant] [2m---[0;39m [2m[           main][0;39m [36mo.a.f.c.provider.CommandHandlerProvider [0;39m [2m:[0;39m Register command handler 'updateTellerCommandHandler' ...
[2m2026-02-17 11:21:38.606[0;39m [32m-DEBUG[0;39m [35m88555[0;39m [32m[0;39m [      no-tenant] [2m---[0;39m [2m[           main][0;39m [36mo.a.f.c.provider.CommandHandlerProvider [0;39m [2m:[0;39m Register command handler 'executePeriodicAccrualCommandHandler' ...
[2m2026-02-17 11:21:38.606[0;39m [32m-DEBUG[0;39m [35m88555[0;39m [32m[0;39m [      no-tenant] [2m---[0;39m [2m[           main][0;39m [36mo.a.f.c.provider.CommandHandlerProvider [0;39m [2m:[0;39m Register command handler 'createGLClosureCommandHandler' ...
[2m2026-02-17 11:21:38.606[0;39m [32m-DEBUG[0;39m [35m88555[0;39m [32m[0;39m [      no-tenant] [2m---[0;39m [2m[           main][0;39m [36mo.a.f.c.provider.CommandHandlerProvider [0;39m [2m:[0;39m Register command handler 'deleteGLClosureCommandHandler' ...
[2m2026-02-17 11:21:38.606[0;39m [32m-DEBUG[0;39m [35m88555[0;39m [32m[0;39m [      no-tenant] [2m---[0;39m [2m[           main][0;39m [36mo.a.f.c.provider.CommandHandlerProvider [0;39m [2m:[0;39m Register command handler 'updateGLClosureCommandHandler' ...
[2m2026-02-17 11:21:38.606[0;39m [32m-DEBUG[0;39m [35m88555[0;39m [32m[0;39m [      no-tenant] [2m---[0;39m [2m[           main][0;39m [36mo.a.f.c.provider.CommandHandlerProvider [0;39m [2m:[0;39m Register command handler 'createFinancialActivityAccountHandler' ...
[2m2026-02-17 11:21:38.606[0;39m [32m-DEBUG[0;39m [35m88555[0;39m [32m[0;39m [      no-tenant] [2m---[0;39m [2m[           main][0;39m [36mo.a.f.c.provider.CommandHandlerProvider [0;39m [2m:[0;39m Register command handler 'deleteFinancialActivityAccountCommandHandler' ...
[2m2026-02-17 11:21:38.606[0;39m [32m-DEBUG[0;39m [35m88555[0;39m [32m[0;39m [      no-tenant] [2m---[0;39m [2m[           main][0;39m [36mo.a.f.c.provider.CommandHandlerProvider [0;39m [2m:[0;39m Register command handler 'updateFinancialActivityAccountCommandHandler' ...
[2m2026-02-17 11:21:38.606[0;39m [32m-DEBUG[0;39m [35m88555[0;39m [32m[0;39m [      no-tenant] [2m---[0;39m [2m[           main][0;39m [36mo.a.f.c.provider.CommandHandlerProvider [0;39m [2m:[0;39m Register command handler 'createGLAccountCommandHandler' ...
[2m2026-02-17 11:21:38.606[0;39m [32m-DEBUG[0;39m [35m88555[0;39m [32m[0;39m [      no-tenant] [2m---[0;39m [2m[           main][0;39m [36mo.a.f.c.provider.CommandHandlerProvider [0;39m [2m:[0;39m Register command handler 'deleteGLAccountCommandHandler' ...
[2m2026-02-17 11:21:38.606[0;39m [32m-DEBUG[0;39m [35m88555[0;39m [32m[0;39m [      no-tenant] [2m---[0;39m [2m[           main][0;39m [36mo.a.f.c.provider.CommandHandlerProvider [0;39m [2m:[0;39m Register command handler 'updateGLAccountCommandHandler' ...
[2m2026-02-17 11:21:38.606[0;39m [32m-DEBUG[0;39m [35m88555[0;39m [32m[0;39m [      no-tenant] [2m---[0;39m [2m[           main][0;39m [36mo.a.f.c.provider.CommandHandlerProvider [0;39m [2m:[0;39m Register command handler 'createAccountingRuleCommandHandler' ...
[2m2026-02-17 11:21:38.606[0;39m [32m-DEBUG[0;39m [35m88555[0;39m [32m[0;39m [      no-tenant] [2m---[0;39m [2m[           main][0;39m [36mo.a.f.c.provider.CommandHandlerProvider [0;39m [2m:[0;39m Register command handler 'deleteAccountingRuleCommandHandler' ...
[2m2026-02-17 11:21:38.606[0;39m [32m-DEBUG[0;39m [35m88555[0;39m [32m[0;39m [      no-tenant] [2m---[0;39m [2m[           main][0;39m [36mo.a.f.c.provider.CommandHandlerProvider [0;39m [2m:[0;39m Register command handler 'updateAccountingRuleCommandHandler' ...
[2m2026-02-17 11:21:38.606[0;39m [32m-DEBUG[0;39m [35m88555[0;39m [32m[0;39m [      no-tenant] [2m---[0;39m [2m[           main][0;39m [36mo.a.f.c.provider.CommandHandlerProvider [0;39m [2m:[0;39m Register command handler 'createFloatingRateCommandHandler' ...
[2m2026-02-17 11:21:38.606[0;39m [32m-DEBUG[0;39m [35m88555[0;39m [32m[0;39m [      no-tenant] [2m---[0;39m [2m[           main][0;39m [36mo.a.f.c.provider.CommandHandlerProvider [0;39m [2m:[0;39m Register command handler 'updateFloatingRateCommandHandler' ...
[2m2026-02-17 11:21:38.606[0;39m [32m-DEBUG[0;39m [35m88555[0;39m [32m[0;39m [      no-tenant] [2m---[0;39m [2m[           main][0;39m [36mo.a.f.c.provider.CommandHandlerProvider [0;39m [2m:[0;39m Register command handler 'createChargeDefinitionCommandHandler' ...
[2m2026-02-17 11:21:38.606[0;39m [32m-DEBUG[0;39m [35m88555[0;39m [32m[0;39m [      no-tenant] [2m---[0;39m [2m[           main][0;39m [36mo.a.f.c.provider.CommandHandlerProvider [0;39m [2m:[0;39m Register command handler 'deleteChargeDefinitionCommandHandler' ...
[2m2026-02-17 11:21:38.606[0;39m [32m-DEBUG[0;39m [35m88555[0;39m [32m[0;39m [      no-tenant] [2m---[0;39m [2m[           main][0;39m [36mo.a.f.c.provider.CommandHandlerProvider [0;39m [2m:[0;39m Register command handler 'updateChargeDefinitionCommandHandler' ...
[2m2026-02-17 11:21:38.606[0;39m [32m-DEBUG[0;39m [35m88555[0;39m [32m[0;39m [      no-tenant] [2m---[0;39m [2m[           main][0;39m [36mo.a.f.c.provider.CommandHandlerProvider [0;39m [2m:[0;39m Register command handler 'createPaymentTypeCommandHandler' ...
[2m2026-02-17 11:21:38.606[0;39m [32m-DEBUG[0;39m [35m88555[0;39m [32m[0;39m [      no-tenant] [2m---[0;39m [2m[           main][0;39m [36mo.a.f.c.provider.CommandHandlerProvider [0;39m [2m:[0;39m Register command handler 'deletePaymentTypeCommandHandler' ...
[2m2026-02-17 11:21:38.606[0;39m [32m-DEBUG[0;39m [35m88555[0;39m [32m[0;39m [      no-tenant] [2m---[0;39m [2m[           main][0;39m [36mo.a.f.c.provider.CommandHandlerProvider [0;39m [2m:[0;39m Register command handler 'updatePaymentTypeCommandHandler' ...
[2m2026-02-17 11:21:38.828[0;39m [32m- INFO[0;39m [35m88555[0;39m [32m[0;39m [      no-tenant] [2m---[0;39m [2m[           main][0;39m [36mlipseLinkProjectionQueryCreationListener[0;39m [2m:[0;39m Usage of Spring Data projections detected on persistence provider EclipseLink; Make sure the following query methods declare result columns in exactly the order the accessors are declared in the projecting interface or the order of parameters for DTOs:
[2m2026-02-17 11:21:38.828[0;39m [32m- INFO[0;39m [35m88555[0;39m [32m[0;39m [      no-tenant] [2m---[0;39m [2m[           main][0;39m [36mlipseLinkProjectionQueryCreationListener[0;39m [2m:[0;39m  - public abstract java.util.List org.apache.fineract.infrastructure.jobs.domain.ScheduledJobDetailRepository.getAllData()
[2m2026-02-17 11:21:38.835[0;39m [32m- INFO[0;39m [35m88555[0;39m [32m[0;39m [      no-tenant] [2m---[0;39m [2m[           main][0;39m [36mlipseLinkProjectionQueryCreationListener[0;39m [2m:[0;39m  - public abstract org.apache.fineract.infrastructure.jobs.data.JobDetailData org.apache.fineract.infrastructure.jobs.domain.ScheduledJobDetailRepository.getDataById(java.lang.Long)
[2m2026-02-17 11:21:38.837[0;39m [32m- INFO[0;39m [35m88555[0;39m [32m[0;39m [      no-tenant] [2m---[0;39m [2m[           main][0;39m [36mlipseLinkProjectionQueryCreationListener[0;39m [2m:[0;39m  - public abstract org.apache.fineract.infrastructure.jobs.data.JobDetailData org.apache.fineract.infrastructure.jobs.domain.ScheduledJobDetailRepository.getDataByShortName(java.lang.String)
[2m2026-02-17 11:21:39.119[0;39m [32m- INFO[0;39m [35m88555[0;39m [32m[0;39m [      no-tenant] [2m---[0;39m [2m[           main][0;39m [36mlipseLinkProjectionQueryCreationListener[0;39m [2m:[0;39m Usage of Spring Data projections detected on persistence provider EclipseLink; Make sure the following query methods declare result columns in exactly the order the accessors are declared in the projecting interface or the order of parameters for DTOs:
[2m2026-02-17 11:21:39.119[0;39m [32m- INFO[0;39m [35m88555[0;39m [32m[0;39m [      no-tenant] [2m---[0;39m [2m[           main][0;39m [36mlipseLinkProjectionQueryCreationListener[0;39m [2m:[0;39m  - public abstract java.util.List org.apache.fineract.infrastructure.event.external.repository.ExternalEventRepository.findByStatusOrderByBusinessDateAscIdAsc(org.apache.fineract.infrastructure.event.external.repository.domain.ExternalEventStatus,org.springframework.data.domain.Pageable)
[2m2026-02-17 11:21:40.935[0;39m [32m- INFO[0;39m [35m88555[0;39m [32m[0;39m [      no-tenant] [2m---[0;39m [2m[           main][0;39m [36mlipseLinkProjectionQueryCreationListener[0;39m [2m:[0;39m Usage of Spring Data projections detected on persistence provider EclipseLink; Make sure the following query methods declare result columns in exactly the order the accessors are declared in the projecting interface or the order of parameters for DTOs:
[2m2026-02-17 11:21:40.935[0;39m [32m- INFO[0;39m [35m88555[0;39m [32m[0;39m [      no-tenant] [2m---[0;39m [2m[           main][0;39m [36mlipseLinkProjectionQueryCreationListener[0;39m [2m:[0;39m  - public abstract java.util.List org.apache.fineract.portfolio.savings.domain.SavingsAccountRepository.findAccrualData(java.time.LocalDate,java.lang.Long,java.lang.Integer,java.lang.Integer)
[2m2026-02-17 11:21:42.558[0;39m [32m- INFO[0;39m [35m88555[0;39m [32m[0;39m [      no-tenant] [2m---[0;39m [2m[           main][0;39m [36mlipseLinkProjectionQueryCreationListener[0;39m [2m:[0;39m Usage of Spring Data projections detected on persistence provider EclipseLink; Make sure the following query methods declare result columns in exactly the order the accessors are declared in the projecting interface or the order of parameters for DTOs:
[2m2026-02-17 11:21:42.558[0;39m [32m- INFO[0;39m [35m88555[0;39m [32m[0;39m [      no-tenant] [2m---[0;39m [2m[           main][0;39m [36mlipseLinkProjectionQueryCreationListener[0;39m [2m:[0;39m  - public abstract java.util.Optional org.apache.fineract.portfolio.loanaccount.domain.LoanRepository.findLoanDataForExternalTransferByLoanId(java.lang.Long)
[2m2026-02-17 11:21:42.589[0;39m [32m- INFO[0;39m [35m88555[0;39m [32m[0;39m [      no-tenant] [2m---[0;39m [2m[           main][0;39m [36mlipseLinkProjectionQueryCreationListener[0;39m [2m:[0;39m  - public abstract java.util.List org.apache.fineract.portfolio.loanaccount.domain.LoanRepository.findAllLoansBehindByLoanIdsAndStatuses(java.time.LocalDate,java.util.List,java.util.Collection)
[2m2026-02-17 11:21:42.590[0;39m [32m- INFO[0;39m [35m88555[0;39m [32m[0;39m [      no-tenant] [2m---[0;39m [2m[           main][0;39m [36mlipseLinkProjectionQueryCreationListener[0;39m [2m:[0;39m  - public abstract java.util.List org.apache.fineract.portfolio.loanaccount.domain.LoanRepository.findAllStayedLockedByCobBusinessDate(java.time.LocalDate)
[2m2026-02-17 11:21:42.593[0;39m [32m- INFO[0;39m [35m88555[0;39m [32m[0;39m [      no-tenant] [2m---[0;39m [2m[           main][0;39m [36mlipseLinkProjectionQueryCreationListener[0;39m [2m:[0;39m  - public abstract java.util.List org.apache.fineract.portfolio.loanaccount.domain.LoanRepository.findAllLoansBehindOrNullByLoanIdsAndStatuses(java.time.LocalDate,java.util.List,java.util.Collection)
[2m2026-02-17 11:21:42.632[0;39m [32m- INFO[0;39m [35m88555[0;39m [32m[0;39m [      no-tenant] [2m---[0;39m [2m[           main][0;39m [36mlipseLinkProjectionQueryCreationListener[0;39m [2m:[0;39m  - public abstract java.util.List org.apache.fineract.portfolio.loanaccount.domain.LoanRepository.findOldestCOBProcessedLoan(java.time.LocalDate,java.util.Collection)
[2m2026-02-17 11:21:42.819[0;39m [32m- INFO[0;39m [35m88555[0;39m [32m[0;39m [      no-tenant] [2m---[0;39m [2m[           main][0;39m [36mlipseLinkProjectionQueryCreationListener[0;39m [2m:[0;39m Usage of Spring Data projections detected on persistence provider EclipseLink; Make sure the following query methods declare result columns in exactly the order the accessors are declared in the projecting interface or the order of parameters for DTOs:
[2m2026-02-17 11:21:42.819[0;39m [32m- INFO[0;39m [35m88555[0;39m [32m[0;39m [      no-tenant] [2m---[0;39m [2m[           main][0;39m [36mlipseLinkProjectionQueryCreationListener[0;39m [2m:[0;39m  - public abstract java.util.List org.apache.fineract.organisation.monetary.domain.ApplicationCurrencyRepository.findAllSorted(org.springframework.data.domain.Sort)
[2m2026-02-17 11:21:42.820[0;39m [32m- INFO[0;39m [35m88555[0;39m [32m[0;39m [      no-tenant] [2m---[0;39m [2m[           main][0;39m [36mlipseLinkProjectionQueryCreationListener[0;39m [2m:[0;39m  - public abstract org.apache.fineract.organisation.monetary.data.CurrencyData org.apache.fineract.organisation.monetary.domain.ApplicationCurrencyRepository.findCurrencyDataByCode(java.lang.String)
[2m2026-02-17 11:21:43.072[0;39m [32m- INFO[0;39m [35m88555[0;39m [32m[0;39m [      no-tenant] [2m---[0;39m [2m[           main][0;39m [36mlipseLinkProjectionQueryCreationListener[0;39m [2m:[0;39m Usage of Spring Data projections detected on persistence provider EclipseLink; Make sure the following query methods declare result columns in exactly the order the accessors are declared in the projecting interface or the order of parameters for DTOs:
[2m2026-02-17 11:21:43.072[0;39m [32m- INFO[0;39m [35m88555[0;39m [32m[0;39m [      no-tenant] [2m---[0;39m [2m[           main][0;39m [36mlipseLinkProjectionQueryCreationListener[0;39m [2m:[0;39m  - public abstract java.util.List org.apache.fineract.portfolio.delinquency.domain.LoanInstallmentDelinquencyTagRepository.findInstallmentDelinquencyTags(java.lang.Long)
[2m2026-02-17 11:21:43.403[0;39m [32m- INFO[0;39m [35m88555[0;39m [32m[0;39m [      no-tenant] [2m---[0;39m [2m[           main][0;39m [36mlipseLinkProjectionQueryCreationListener[0;39m [2m:[0;39m Usage of Spring Data projections detected on persistence provider EclipseLink; Make sure the following query methods declare result columns in exactly the order the accessors are declared in the projecting interface or the order of parameters for DTOs:
[2m2026-02-17 11:21:43.404[0;39m [32m- INFO[0;39m [35m88555[0;39m [32m[0;39m [      no-tenant] [2m---[0;39m [2m[           main][0;39m [36mlipseLinkProjectionQueryCreationListener[0;39m [2m:[0;39m  - public abstract org.apache.fineract.portfolio.loanaccount.data.CumulativeIncomeFromIncomePosting org.apache.fineract.portfolio.loanaccount.domain.LoanTransactionRepository.findCumulativeIncomeByLoanAndType(org.apache.fineract.portfolio.loanaccount.domain.Loan)
[2m2026-02-17 11:21:43.407[0;39m [32m- INFO[0;39m [35m88555[0;39m [32m[0;39m [      no-tenant] [2m---[0;39m [2m[           main][0;39m [36mlipseLinkProjectionQueryCreationListener[0;39m [2m:[0;39m  - public abstract java.util.List org.apache.fineract.portfolio.loanaccount.domain.LoanTransactionRepository.findTransactionDataForForeclosureIncome(org.apache.fineract.portfolio.loanaccount.domain.Loan,java.time.LocalDate)
[2m2026-02-17 11:21:43.422[0;39m [32m- INFO[0;39m [35m88555[0;39m [32m[0;39m [      no-tenant] [2m---[0;39m [2m[           main][0;39m [36mlipseLinkProjectionQueryCreationListener[0;39m [2m:[0;39m  - public abstract java.util.List org.apache.fineract.portfolio.loanaccount.domain.LoanTransactionRepository.fetchTotalUnpaidChargesForLoan(org.apache.fineract.portfolio.loanaccount.domain.Loan)
[2m2026-02-17 11:21:43.435[0;39m [32m- INFO[0;39m [35m88555[0;39m [32m[0;39m [      no-tenant] [2m---[0;39m [2m[           main][0;39m [36mlipseLinkProjectionQueryCreationListener[0;39m [2m:[0;39m  - public abstract java.util.Collection org.apache.fineract.portfolio.loanaccount.domain.LoanTransactionRepository.fetchLoanTransactionsByTypeAndLessOrEqualDate(org.apache.fineract.portfolio.loanaccount.domain.LoanTransactionType,java.time.LocalDate)
[2m2026-02-17 11:21:43.655[0;39m [32m- INFO[0;39m [35m88555[0;39m [32m[0;39m [      no-tenant] [2m---[0;39m [2m[           main][0;39m [36mlipseLinkProjectionQueryCreationListener[0;39m [2m:[0;39m Usage of Spring Data projections detected on persistence provider EclipseLink; Make sure the following query methods declare result columns in exactly the order the accessors are declared in the projecting interface or the order of parameters for DTOs:
[2m2026-02-17 11:21:43.655[0;39m [32m- INFO[0;39m [35m88555[0;39m [32m[0;39m [      no-tenant] [2m---[0;39m [2m[           main][0;39m [36mlipseLinkProjectionQueryCreationListener[0;39m [2m:[0;39m  - public abstract java.util.List org.apache.fineract.portfolio.loanaccount.repository.LoanCapitalizedIncomeBalanceRepository.findRepaymentPeriodDataByLoanId(java.lang.Long)
[2m2026-02-17 11:21:43.664[0;39m [32m- INFO[0;39m [35m88555[0;39m [32m[0;39m [      no-tenant] [2m---[0;39m [2m[           main][0;39m [36mlipseLinkProjectionQueryCreationListener[0;39m [2m:[0;39m  - public abstract org.apache.fineract.portfolio.loanaccount.data.AmortizationAllocationBaseTransactionDTO org.apache.fineract.portfolio.loanaccount.repository.LoanCapitalizedIncomeBalanceRepository.findBaseTransactionInfo(java.lang.Long,java.lang.Long)
[2m2026-02-17 11:21:44.388[0;39m [32m- INFO[0;39m [35m88555[0;39m [32m[0;39m [      no-tenant] [2m---[0;39m [2m[           main][0;39m [36mlipseLinkProjectionQueryCreationListener[0;39m [2m:[0;39m Usage of Spring Data projections detected on persistence provider EclipseLink; Make sure the following query methods declare result columns in exactly the order the accessors are declared in the projecting interface or the order of parameters for DTOs:
[2m2026-02-17 11:21:44.388[0;39m [32m- INFO[0;39m [35m88555[0;39m [32m[0;39m [      no-tenant] [2m---[0;39m [2m[           main][0;39m [36mlipseLinkProjectionQueryCreationListener[0;39m [2m:[0;39m  - public abstract org.apache.fineract.portfolio.loanaccount.data.AmortizationAllocationBaseTransactionDTO org.apache.fineract.portfolio.loanaccount.repository.LoanBuyDownFeeBalanceRepository.findBaseTransactionInfo(java.lang.Long,java.lang.Long)
[2m2026-02-17 11:21:44.468[0;39m [32m- INFO[0;39m [35m88555[0;39m [32m[0;39m [      no-tenant] [2m---[0;39m [2m[           main][0;39m [36mlipseLinkProjectionQueryCreationListener[0;39m [2m:[0;39m Usage of Spring Data projections detected on persistence provider EclipseLink; Make sure the following query methods declare result columns in exactly the order the accessors are declared in the projecting interface or the order of parameters for DTOs:
[2m2026-02-17 11:21:44.468[0;39m [32m- INFO[0;39m [35m88555[0;39m [32m[0;39m [      no-tenant] [2m---[0;39m [2m[           main][0;39m [36mlipseLinkProjectionQueryCreationListener[0;39m [2m:[0;39m  - public abstract java.util.Collection org.apache.fineract.portfolio.loanaccount.domain.LoanRepaymentScheduleInstallmentRepository.fetchLoanScheduleDataByDueDateAndObligationsMet(org.apache.fineract.portfolio.loanaccount.domain.LoanStatus,java.time.LocalDate,boolean,java.util.List)
[2m2026-02-17 11:21:44.469[0;39m [32m- INFO[0;39m [35m88555[0;39m [32m[0;39m [      no-tenant] [2m---[0;39m [2m[           main][0;39m [36mlipseLinkProjectionQueryCreationListener[0;39m [2m:[0;39m  - public abstract java.util.Collection org.apache.fineract.portfolio.loanaccount.domain.LoanRepaymentScheduleInstallmentRepository.fetchLoanScheduleDataByDueDateAndObligationsMet(org.apache.fineract.portfolio.loanaccount.domain.LoanStatus,java.time.LocalDate,boolean)
[2m2026-02-17 11:21:46.102[0;39m [32m- INFO[0;39m [35m88555[0;39m [32m[0;39m [      no-tenant] [2m---[0;39m [2m[           main][0;39m [36mi.e.b.s.BusinessEventNotifierServiceImpl[0;39m [2m:[0;39m External event posting is disabled
[2m2026-02-17 11:21:46.781[0;39m [32m- INFO[0;39m [35m88555[0;39m [32m[0;39m [      no-tenant] [2m---[0;39m [2m[           main][0;39m [36mlipseLinkProjectionQueryCreationListener[0;39m [2m:[0;39m Usage of Spring Data projections detected on persistence provider EclipseLink; Make sure the following query methods declare result columns in exactly the order the accessors are declared in the projecting interface or the order of parameters for DTOs:
[2m2026-02-17 11:21:46.781[0;39m [32m- INFO[0;39m [35m88555[0;39m [32m[0;39m [      no-tenant] [2m---[0;39m [2m[           main][0;39m [36mlipseLinkProjectionQueryCreationListener[0;39m [2m:[0;39m  - public abstract java.util.List org.apache.fineract.organisation.monetary.domain.OrganisationCurrencyRepository.findAllSorted(org.springframework.data.domain.Sort)
[2m2026-02-17 11:21:46.916[0;39m [32m- INFO[0;39m [35m88555[0;39m [32m[0;39m [      no-tenant] [2m---[0;39m [2m[           main][0;39m [36mlipseLinkProjectionQueryCreationListener[0;39m [2m:[0;39m Usage of Spring Data projections detected on persistence provider EclipseLink; Make sure the following query methods declare result columns in exactly the order the accessors are declared in the projecting interface or the order of parameters for DTOs:
[2m2026-02-17 11:21:46.916[0;39m [32m- INFO[0;39m [35m88555[0;39m [32m[0;39m [      no-tenant] [2m---[0;39m [2m[           main][0;39m [36mlipseLinkProjectionQueryCreationListener[0;39m [2m:[0;39m  - public abstract java.util.List org.apache.fineract.portfolio.loanaccount.domain.LoanAmortizationAllocationMappingRepository.findAmortizationMappingsByBaseTransactionAndLoan(java.lang.Long,java.lang.Long)
[2m2026-02-17 11:21:49.200[0;39m [32m- INFO[0;39m [35m88555[0;39m [32m[0;39m [      no-tenant] [2m---[0;39m [2m[           main][0;39m [36mo.s.b.c.r.s.JobRepositoryFactoryBean    [0;39m [2m:[0;39m No database type set, using meta data indicating: POSTGRES
[2m2026-02-17 11:21:49.210[0;39m [32m- INFO[0;39m [35m88555[0;39m [32m[0;39m [      no-tenant] [2m---[0;39m [2m[           main][0;39m [36mo.s.b.c.l.s.TaskExecutorJobLauncher     [0;39m [2m:[0;39m No TaskExecutor has been set, defaulting to synchronous executor.
[2m2026-02-17 11:21:50.457[0;39m [32m- INFO[0;39m [35m88555[0;39m [32m[0;39m [      no-tenant] [2m---[0;39m [2m[           main][0;39m [36m.f.i.r.p.ReportingProcessServiceProvider[0;39m [2m:[0;39m Registered report service 'org.apache.fineract.infrastructure.dataqueries.service.DatatableReportingProcessService@5a0a0b47' for type/s '[Table, Chart, SMS]'
[2m2026-02-17 11:21:52.793[0;39m [32m- INFO[0;39m [35m88555[0;39m [32m[0;39m [      no-tenant] [2m---[0;39m [2m[           main][0;39m [36mlipseLinkProjectionQueryCreationListener[0;39m [2m:[0;39m Usage of Spring Data projections detected on persistence provider EclipseLink; Make sure the following query methods declare result columns in exactly the order the accessors are declared in the projecting interface or the order of parameters for DTOs:
[2m2026-02-17 11:21:52.795[0;39m [32m- INFO[0;39m [35m88555[0;39m [32m[0;39m [      no-tenant] [2m---[0;39m [2m[           main][0;39m [36mlipseLinkProjectionQueryCreationListener[0;39m [2m:[0;39m  - public abstract java.util.List org.apache.fineract.portfolio.loanaccount.rescheduleloan.domain.LoanTermVariationsRepository.findLoanTermVariationsByLoanIdAndTermType(long,int)
[2m2026-02-17 11:21:52.806[0;39m [32m- INFO[0;39m [35m88555[0;39m [32m[0;39m [      no-tenant] [2m---[0;39m [2m[           main][0;39m [36mlipseLinkProjectionQueryCreationListener[0;39m [2m:[0;39m  - public abstract java.util.List org.apache.fineract.portfolio.loanaccount.rescheduleloan.domain.LoanTermVariationsRepository.findLoanTermVariationsByLoanId(long)
[2m2026-02-17 11:21:52.814[0;39m [32m- INFO[0;39m [35m88555[0;39m [32m[0;39m [      no-tenant] [2m---[0;39m [2m[           main][0;39m [36mlipseLinkProjectionQueryCreationListener[0;39m [2m:[0;39m  - public abstract java.util.List org.apache.fineract.portfolio.loanaccount.rescheduleloan.domain.LoanTermVariationsRepository.findLoanTermVariationsByExternalLoanIdAndTermType(org.apache.fineract.infrastructure.core.domain.ExternalId,int)
[2m2026-02-17 11:21:52.943[0;39m [32m- INFO[0;39m [35m88555[0;39m [32m[0;39m [      no-tenant] [2m---[0;39m [2m[           main][0;39m [36mlipseLinkProjectionQueryCreationListener[0;39m [2m:[0;39m Usage of Spring Data projections detected on persistence provider EclipseLink; Make sure the following query methods declare result columns in exactly the order the accessors are declared in the projecting interface or the order of parameters for DTOs:
[2m2026-02-17 11:21:52.943[0;39m [32m- INFO[0;39m [35m88555[0;39m [32m[0;39m [      no-tenant] [2m---[0;39m [2m[           main][0;39m [36mlipseLinkProjectionQueryCreationListener[0;39m [2m:[0;39m  - public abstract java.util.List org.apache.fineract.portfolio.loanaccount.domain.LoanApprovedAmountHistoryRepository.findAllByLoanId(java.lang.Long,org.springframework.data.domain.Pageable)
[2m2026-02-17 11:21:58.822[0;39m [32m- INFO[0;39m [35m88555[0;39m [32m[0;39m [      no-tenant] [2m---[0;39m [2m[           main][0;39m [36morg.reflections.Reflections             [0;39m [2m:[0;39m Reflections took 8 ms to scan 1 urls, producing 55 keys and 176 values
[2m2026-02-17 11:21:59.575[0;39m [32m-DEBUG[0;39m [35m88555[0;39m [32m[0;39m [        default] [2m---[0;39m [2m[           main][0;39m [36mc.s.GlobalConfigurationValidationService[0;39m [2m:[0;39m Validating global configuration for default
[2m2026-02-17 11:21:59.673[0;39m [32m-DEBUG[0;39m [35m88555[0;39m [32m[0;39m [        default] [2m---[0;39m [2m[           main][0;39m [36m.c.s.d.DataSourcePerTenantServiceFactory[0;39m [2m:[0;39m jdbc:postgresql://localhost:5432/fineract_default?serverTimezone=UTC&useLegacyDatetimeCode=false&sessionVariables=time_zone='-00:00'
[2m2026-02-17 11:21:59.865[0;39m [32m- INFO[0;39m [35m88555[0;39m [32m[0;39m [        default] [2m---[0;39m [2m[           main][0;39m [36mcom.zaxxer.hikari.HikariDataSource      [0;39m [2m:[0;39m fineract_default_pool - Starting...
[2m2026-02-17 11:21:59.907[0;39m [32m- INFO[0;39m [35m88555[0;39m [32m[0;39m [        default] [2m---[0;39m [2m[           main][0;39m [36mcom.zaxxer.hikari.pool.HikariPool       [0;39m [2m:[0;39m fineract_default_pool - Added connection org.postgresql.jdbc.PgConnection@74fb6713
[2m2026-02-17 11:21:59.918[0;39m [32m- INFO[0;39m [35m88555[0;39m [32m[0;39m [        default] [2m---[0;39m [2m[           main][0;39m [36mcom.zaxxer.hikari.HikariDataSource      [0;39m [2m:[0;39m fineract_default_pool - Start completed.
[2m2026-02-17 11:21:59.943[0;39m [32m- INFO[0;39m [35m88555[0;39m [32m[0;39m [        default] [2m---[0;39m [2m[           main][0;39m [36mo.a.f.o.monetary.domain.MoneyHelper     [0;39m [2m:[0;39m Initialized rounding mode for tenant `default`: HALF_EVEN
[2m2026-02-17 11:21:59.945[0;39m [32m- INFO[0;39m [35m88555[0;39m [32m[0;39m [        default] [2m---[0;39m [2m[           main][0;39m [36m.MoneyHelperStartupInitializationService[0;39m [2m:[0;39m Starting MoneyHelper initialization for all tenants...
[2m2026-02-17 11:21:59.946[0;39m [32m-DEBUG[0;39m [35m88555[0;39m [32m[0;39m [        default] [2m---[0;39m [2m[           main][0;39m [36m.MoneyHelperStartupInitializationService[0;39m [2m:[0;39m MoneyHelper already initialized for tenant: default
[2m2026-02-17 11:21:59.946[0;39m [32m- INFO[0;39m [35m88555[0;39m [32m[0;39m [        default] [2m---[0;39m [2m[           main][0;39m [36m.MoneyHelperStartupInitializationService[0;39m [2m:[0;39m MoneyHelper initialization completed
[2m2026-02-17 11:21:59.964[0;39m [32m- INFO[0;39m [35m88555[0;39m [32m[0;39m [        default] [2m---[0;39m [2m[           main][0;39m [36mo.a.f.i.e.e.s.message.MessageFactory    [0;39m [2m:[0;39m Message source set to fcf5c3dc-1710-4ba3-beaa-ac8ebb771c6a
[2m2026-02-17 11:21:59.992[0;39m [32m-DEBUG[0;39m [35m88555[0;39m [32m[0;39m [        default] [2m---[0;39m [2m[           main][0;39m [36mernalEventConfigurationValidationService[0;39m [2m:[0;39m Packages [org.apache.fineract]
[2m2026-02-17 11:22:00.649[0;39m [32m- INFO[0;39m [35m88555[0;39m [32m[0;39m [        default] [2m---[0;39m [2m[           main][0;39m [36mernalEventConfigurationValidationService[0;39m [2m:[0;39m Validating external event configuration for default
[2m2026-02-17 11:22:00.657[0;39m [32m-DEBUG[0;39m [35m88555[0;39m [32m[0;39m [        default] [2m---[0;39m [2m[           main][0;39m [36mernalEventConfigurationValidationService[0;39m [2m:[0;39m Missing from eventClasses: []
[2m2026-02-17 11:22:00.657[0;39m [32m-DEBUG[0;39m [35m88555[0;39m [32m[0;39m [        default] [2m---[0;39m [2m[           main][0;39m [36mernalEventConfigurationValidationService[0;39m [2m:[0;39m Missing from eventConfigurations: []
[2m2026-02-17 11:22:01.303[0;39m [33m- WARN[0;39m [35m88555[0;39m [33m[0;39m [        default] [2m---[0;39m [2m[           main][0;39m [36m.c.b.FineractWebApplicationConfiguration[0;39m [2m:[0;39m Fineract is running in web application mode
[2m2026-02-17 11:22:01.309[0;39m [32m- INFO[0;39m [35m88555[0;39m [32m[0;39m [        default] [2m---[0;39m [2m[           main][0;39m [36meAuthenticationProviderManagerConfigurer[0;39m [2m:[0;39m Global AuthenticationManager configured with AuthenticationProvider bean with name customAuthenticationProvider
[2m2026-02-17 11:22:01.311[0;39m [33m- WARN[0;39m [35m88555[0;39m [33m[0;39m [        default] [2m---[0;39m [2m[           main][0;39m [36mr$InitializeUserDetailsManagerConfigurer[0;39m [2m:[0;39m Global AuthenticationManager configured with an AuthenticationProvider bean. UserDetailsService beans will not be used by Spring Security for automatically configuring username/password login. Consider removing the AuthenticationProvider bean. Alternatively, consider using the UserDetailsService in a manually instantiated DaoAuthenticationProvider. If the current configuration is intentional, to turn off this warning, increase the logging level of 'org.springframework.security.config.annotation.authentication.configuration.InitializeUserDetailsBeanManagerConfigurer' to ERROR
[2m2026-02-17 11:22:01.490[0;39m [32m- INFO[0;39m [35m88555[0;39m [32m[0;39m [        default] [2m---[0;39m [2m[           main][0;39m [36mo.s.s.w.a.c.ChannelProcessingFilter     [0;39m [2m:[0;39m Validated configuration attributes
[2m2026-02-17 11:22:02.684[0;39m [32m- INFO[0;39m [35m88555[0;39m [32m[0;39m [        default] [2m---[0;39m [2m[           main][0;39m [36mo.s.b.a.e.web.EndpointLinksResolver     [0;39m [2m:[0;39m Exposing 2 endpoints beneath base path '/actuator'
[2m2026-02-17 11:22:04.154[0;39m [32m- INFO[0;39m [35m88555[0;39m [32m[0;39m [        default] [2m---[0;39m [2m[           main][0;39m [36morg.quartz.impl.StdSchedulerFactory     [0;39m [2m:[0;39m Using default implementation for ThreadExecutor
[2m2026-02-17 11:22:04.160[0;39m [32m- INFO[0;39m [35m88555[0;39m [32m[0;39m [        default] [2m---[0;39m [2m[           main][0;39m [36morg.quartz.core.SchedulerSignalerImpl   [0;39m [2m:[0;39m Initialized Scheduler Signaller of type: class org.quartz.core.SchedulerSignalerImpl
[2m2026-02-17 11:22:04.161[0;39m [32m- INFO[0;39m [35m88555[0;39m [32m[0;39m [        default] [2m---[0;39m [2m[           main][0;39m [36morg.quartz.core.QuartzScheduler         [0;39m [2m:[0;39m Quartz Scheduler v2.5.0 created.
[2m2026-02-17 11:22:04.161[0;39m [32m- INFO[0;39m [35m88555[0;39m [32m[0;39m [        default] [2m---[0;39m [2m[           main][0;39m [36morg.quartz.simpl.RAMJobStore            [0;39m [2m:[0;39m RAMJobStore initialized.
[2m2026-02-17 11:22:04.162[0;39m [32m- INFO[0;39m [35m88555[0;39m [32m[0;39m [        default] [2m---[0;39m [2m[           main][0;39m [36morg.quartz.core.QuartzScheduler         [0;39m [2m:[0;39m Scheduler meta-data: Quartz Scheduler (v2.5.0) 'quartzScheduler' with instanceId 'NON_CLUSTERED'
  Scheduler class: 'org.quartz.core.QuartzScheduler' - running locally.
  NOT STARTED.
  Currently in standby mode.
  Number of jobs executed: 0
  Using thread pool 'org.quartz.simpl.SimpleThreadPool' - with 10 threads.
  Using job-store 'org.quartz.simpl.RAMJobStore' - which does not support persistence. and is not clustered.

[2m2026-02-17 11:22:04.162[0;39m [32m- INFO[0;39m [35m88555[0;39m [32m[0;39m [        default] [2m---[0;39m [2m[           main][0;39m [36morg.quartz.impl.StdSchedulerFactory     [0;39m [2m:[0;39m Quartz scheduler 'quartzScheduler' initialized from an externally provided properties instance.
[2m2026-02-17 11:22:04.162[0;39m [32m- INFO[0;39m [35m88555[0;39m [32m[0;39m [        default] [2m---[0;39m [2m[           main][0;39m [36morg.quartz.impl.StdSchedulerFactory     [0;39m [2m:[0;39m Quartz scheduler version: 2.5.0
[2m2026-02-17 11:22:04.162[0;39m [32m- INFO[0;39m [35m88555[0;39m [32m[0;39m [        default] [2m---[0;39m [2m[           main][0;39m [36morg.quartz.core.QuartzScheduler         [0;39m [2m:[0;39m JobFactory set to: org.springframework.scheduling.quartz.SpringBeanJobFactory@95208ef
[2m2026-02-17 11:22:05.915[0;39m [32m- INFO[0;39m [35m88555[0;39m [32m[0;39m [        default] [2m---[0;39m [2m[           main][0;39m [36mo.s.i.endpoint.EventDrivenConsumer      [0;39m [2m:[0;39m Adding {logging-channel-adapter:_org.springframework.integration.errorLogger} as a subscriber to the 'errorChannel' channel
[2m2026-02-17 11:22:05.915[0;39m [32m- INFO[0;39m [35m88555[0;39m [32m[0;39m [        default] [2m---[0;39m [2m[           main][0;39m [36mo.s.i.channel.PublishSubscribeChannel   [0;39m [2m:[0;39m Channel 'application.errorChannel' has 1 subscriber(s).
[2m2026-02-17 11:22:05.915[0;39m [32m- INFO[0;39m [35m88555[0;39m [32m[0;39m [        default] [2m---[0;39m [2m[           main][0;39m [36mo.s.i.endpoint.EventDrivenConsumer      [0;39m [2m:[0;39m started bean '_org.springframework.integration.errorLogger'
[2m2026-02-17 11:22:05.915[0;39m [32m- INFO[0;39m [35m88555[0;39m [32m[0;39m [        default] [2m---[0;39m [2m[           main][0;39m [36mo.s.i.endpoint.EventDrivenConsumer      [0;39m [2m:[0;39m Adding {message-handler} as a subscriber to the 'outboundRequests' channel
[2m2026-02-17 11:22:05.915[0;39m [32m- INFO[0;39m [35m88555[0;39m [32m[0;39m [        default] [2m---[0;39m [2m[           main][0;39m [36mo.s.integration.channel.DirectChannel   [0;39m [2m:[0;39m Channel 'application.outboundRequests' has 1 subscriber(s).
[2m2026-02-17 11:22:05.915[0;39m [32m- INFO[0;39m [35m88555[0;39m [32m[0;39m [        default] [2m---[0;39m [2m[           main][0;39m [36mo.s.i.endpoint.EventDrivenConsumer      [0;39m [2m:[0;39m started bean 'outboundFlow.org.springframework.integration.config.ConsumerEndpointFactoryBean#0'; from source: 'org.apache.fineract.infrastructure.springbatch.messagehandler.spring.SpringEventManagerConfig.outboundFlow()'
[2m2026-02-17 11:22:05.915[0;39m [32m- INFO[0;39m [35m88555[0;39m [32m[0;39m [        default] [2m---[0;39m [2m[           main][0;39m [36mApplicationEventListeningMessageProducer[0;39m [2m:[0;39m started bean 'eventListener'; defined in: 'class path resource [org/apache/fineract/infrastructure/springbatch/messagehandler/spring/SpringEventWorkerConfig.class]'; from source: 'org.apache.fineract.infrastructure.springbatch.messagehandler.spring.SpringEventWorkerConfig.eventListener()'
[2m2026-02-17 11:22:05.915[0;39m [32m- INFO[0;39m [35m88555[0;39m [32m[0;39m [        default] [2m---[0;39m [2m[           main][0;39m [36mo.s.i.endpoint.EventDrivenConsumer      [0;39m [2m:[0;39m Adding {bridge} as a subscriber to the 'inboundFlow.channel#0' channel
[2m2026-02-17 11:22:05.915[0;39m [32m- INFO[0;39m [35m88555[0;39m [32m[0;39m [        default] [2m---[0;39m [2m[           main][0;39m [36mo.s.integration.channel.DirectChannel   [0;39m [2m:[0;39m Channel 'application.inboundFlow.channel#0' has 1 subscriber(s).
[2m2026-02-17 11:22:05.915[0;39m [32m- INFO[0;39m [35m88555[0;39m [32m[0;39m [        default] [2m---[0;39m [2m[           main][0;39m [36mo.s.i.endpoint.EventDrivenConsumer      [0;39m [2m:[0;39m started bean 'inboundFlow.org.springframework.integration.config.ConsumerEndpointFactoryBean#0'; from source: 'org.apache.fineract.infrastructure.springbatch.messagehandler.spring.SpringEventWorkerConfig.inboundFlow()'
[2m2026-02-17 11:22:05.917[0;39m [32m- INFO[0;39m [35m88555[0;39m [32m[0;39m [        default] [2m---[0;39m [2m[           main][0;39m [36mo.s.i.endpoint.PollingConsumer          [0;39m [2m:[0;39m started bean 'org.springframework.integration.dsl.StandardIntegrationFlow#0.org.springframework.integration.config.ConsumerEndpointFactoryBean#0'
[2m2026-02-17 11:22:06.022[0;39m [32m- INFO[0;39m [35m88555[0;39m [32m[0;39m [        default] [2m---[0;39m [2m[           main][0;39m [36mo.a.t.util.net.NioEndpoint.certificate  [0;39m [2m:[0;39m Connector [https-jsse-nio-8443], TLS virtual host [_default_], certificate type [UNDEFINED] configured from keystore [/Users/robertayala/.keystore] using alias [tomcat] with trust store [null]
[2m2026-02-17 11:22:06.031[0;39m [32m- INFO[0;39m [35m88555[0;39m [32m[0;39m [        default] [2m---[0;39m [2m[           main][0;39m [36mo.s.b.w.embedded.tomcat.TomcatWebServer [0;39m [2m:[0;39m Tomcat started on port 8443 (https) with context path '/fineract-provider'
[2m2026-02-17 11:22:06.032[0;39m [32m- INFO[0;39m [35m88555[0;39m [32m[0;39m [        default] [2m---[0;39m [2m[           main][0;39m [36mo.s.s.quartz.SchedulerFactoryBean       [0;39m [2m:[0;39m Starting Quartz Scheduler now
[2m2026-02-17 11:22:06.032[0;39m [32m- INFO[0;39m [35m88555[0;39m [32m[0;39m [        default] [2m---[0;39m [2m[           main][0;39m [36morg.quartz.core.QuartzScheduler         [0;39m [2m:[0;39m Scheduler quartzScheduler_$_NON_CLUSTERED started.
[2m2026-02-17 11:22:06.034[0;39m [32m- INFO[0;39m [35m88555[0;39m [32m[0;39m [        default] [2m---[0;39m [2m[           main][0;39m [36morg.apache.fineract.ServerApplication   [0;39m [2m:[0;39m Started ServerApplication in 52.051 seconds (process running for 52.41)
[2m2026-02-17 11:22:06.035[0;39m [32m-DEBUG[0;39m [35m88555[0;39m [32m[0;39m [      no-tenant] [2m---[0;39m [2m[cTaskExecutor-4][0;39m [36ms.d.TomcatJdbcDataSourcePerTenantService[0;39m [2m:[0;39m Initializing database connection for Default Demo Tenant
[2m2026-02-17 11:22:06.035[0;39m [32m-DEBUG[0;39m [35m88555[0;39m [32m[0;39m [      no-tenant] [2m---[0;39m [2m[cTaskExecutor-4][0;39m [36ms.d.TomcatJdbcDataSourcePerTenantService[0;39m [2m:[0;39m Database connection for Default Demo Tenant initialized
[2m2026-02-17 11:22:06.067[0;39m [32m- INFO[0;39m [35m88555[0;39m [32m[0;39m [        default] [2m---[0;39m [2m[cTaskExecutor-8][0;39m [36morg.quartz.impl.StdSchedulerFactory     [0;39m [2m:[0;39m Using default implementation for ThreadExecutor
[2m2026-02-17 11:22:06.068[0;39m [32m- INFO[0;39m [35m88555[0;39m [32m[0;39m [        default] [2m---[0;39m [2m[cTaskExecutor-8][0;39m [36morg.quartz.core.SchedulerSignalerImpl   [0;39m [2m:[0;39m Initialized Scheduler Signaller of type: class org.quartz.core.SchedulerSignalerImpl
[2m2026-02-17 11:22:06.068[0;39m [32m- INFO[0;39m [35m88555[0;39m [32m[0;39m [        default] [2m---[0;39m [2m[cTaskExecutor-8][0;39m [36morg.quartz.core.QuartzScheduler         [0;39m [2m:[0;39m Quartz Scheduler v2.5.0 created.
[2m2026-02-17 11:22:06.068[0;39m [32m- INFO[0;39m [35m88555[0;39m [32m[0;39m [        default] [2m---[0;39m [2m[cTaskExecutor-8][0;39m [36morg.quartz.simpl.RAMJobStore            [0;39m [2m:[0;39m RAMJobStore initialized.
[2m2026-02-17 11:22:06.068[0;39m [32m- INFO[0;39m [35m88555[0;39m [32m[0;39m [        default] [2m---[0;39m [2m[cTaskExecutor-8][0;39m [36morg.quartz.core.QuartzScheduler         [0;39m [2m:[0;39m Scheduler meta-data: Quartz Scheduler (v2.5.0) 'Scheduler1' with instanceId 'NON_CLUSTERED'
  Scheduler class: 'org.quartz.core.QuartzScheduler' - running locally.
  NOT STARTED.
  Currently in standby mode.
  Number of jobs executed: 0
  Using thread pool 'org.quartz.simpl.SimpleThreadPool' - with 7 threads.
  Using job-store 'org.quartz.simpl.RAMJobStore' - which does not support persistence. and is not clustered.

[2m2026-02-17 11:22:06.068[0;39m [32m- INFO[0;39m [35m88555[0;39m [32m[0;39m [        default] [2m---[0;39m [2m[cTaskExecutor-8][0;39m [36morg.quartz.impl.StdSchedulerFactory     [0;39m [2m:[0;39m Quartz scheduler 'Scheduler1' initialized from an externally provided properties instance.
[2m2026-02-17 11:22:06.068[0;39m [32m- INFO[0;39m [35m88555[0;39m [32m[0;39m [        default] [2m---[0;39m [2m[cTaskExecutor-8][0;39m [36morg.quartz.impl.StdSchedulerFactory     [0;39m [2m:[0;39m Quartz scheduler version: 2.5.0
[2m2026-02-17 11:22:06.068[0;39m [32m- INFO[0;39m [35m88555[0;39m [32m[0;39m [        default] [2m---[0;39m [2m[cTaskExecutor-8][0;39m [36morg.quartz.core.QuartzScheduler         [0;39m [2m:[0;39m JobFactory set to: org.springframework.scheduling.quartz.AdaptableJobFactory@3530045a
[2m2026-02-17 11:22:06.068[0;39m [32m- INFO[0;39m [35m88555[0;39m [32m[0;39m [        default] [2m---[0;39m [2m[cTaskExecutor-8][0;39m [36mo.s.s.quartz.SchedulerFactoryBean       [0;39m [2m:[0;39m Starting Quartz Scheduler now
[2m2026-02-17 11:22:06.068[0;39m [32m- INFO[0;39m [35m88555[0;39m [32m[0;39m [        default] [2m---[0;39m [2m[cTaskExecutor-8][0;39m [36morg.quartz.core.QuartzScheduler         [0;39m [2m:[0;39m Scheduler Scheduler1_$_NON_CLUSTERED started.
[2m2026-02-17 11:22:06.072[0;39m [32m-DEBUG[0;39m [35m88555[0;39m [32m[0;39m [        default] [2m---[0;39m [2m[cTaskExecutor-8][0;39m [36m.a.f.i.c.p.ExtendedJpaTransactionManager[0;39m [2m:[0;39m Creating new transaction with name [org.apache.fineract.infrastructure.jobs.service.SchedularWritePlatformServiceJpaRepositoryImpl.saveOrUpdate]: PROPAGATION_REQUIRED,ISOLATION_DEFAULT
[2m2026-02-17 11:22:06.073[0;39m [32m-DEBUG[0;39m [35m88555[0;39m [32m[0;39m [        default] [2m---[0;39m [2m[cTaskExecutor-8][0;39m [36m.a.f.i.c.p.ExtendedJpaTransactionManager[0;39m [2m:[0;39m Opened new EntityManager [org.eclipse.persistence.internal.jpa.EntityManagerImpl@16ccb412] for JPA transaction
[2m2026-02-17 11:22:06.074[0;39m [32m-DEBUG[0;39m [35m88555[0;39m [32m[0;39m [        default] [2m---[0;39m [2m[cTaskExecutor-8][0;39m [36m.a.f.i.c.p.ExtendedJpaTransactionManager[0;39m [2m:[0;39m Exposing JPA transaction as JDBC [org.springframework.orm.jpa.vendor.EclipseLinkJpaDialect$EclipseLinkConnectionHandle@222b8490]
[2m2026-02-17 11:22:06.077[0;39m [32m-DEBUG[0;39m [35m88555[0;39m [32m[0;39m [        default] [2m---[0;39m [2m[cTaskExecutor-8][0;39m [36m.a.f.i.c.p.ExtendedJpaTransactionManager[0;39m [2m:[0;39m Found thread-bound EntityManager [org.eclipse.persistence.internal.jpa.EntityManagerImpl@16ccb412] for JPA transaction
[2m2026-02-17 11:22:06.077[0;39m [32m-DEBUG[0;39m [35m88555[0;39m [32m[0;39m [        default] [2m---[0;39m [2m[cTaskExecutor-8][0;39m [36m.a.f.i.c.p.ExtendedJpaTransactionManager[0;39m [2m:[0;39m Participating in existing transaction
[2m2026-02-17 11:22:06.082[0;39m [32m-DEBUG[0;39m [35m88555[0;39m [32m[0;39m [        default] [2m---[0;39m [2m[cTaskExecutor-8][0;39m [36m.a.f.i.c.p.ExtendedJpaTransactionManager[0;39m [2m:[0;39m Initiating transaction commit
[2m2026-02-17 11:22:06.083[0;39m [32m-DEBUG[0;39m [35m88555[0;39m [32m[0;39m [        default] [2m---[0;39m [2m[cTaskExecutor-8][0;39m [36m.a.f.i.c.p.ExtendedJpaTransactionManager[0;39m [2m:[0;39m Committing JPA transaction on EntityManager [org.eclipse.persistence.internal.jpa.EntityManagerImpl@16ccb412]
[2m2026-02-17 11:22:06.084[0;39m [32m-DEBUG[0;39m [35m88555[0;39m [32m[0;39m [        default] [2m---[0;39m [2m[cTaskExecutor-8][0;39m [36m.a.f.i.c.p.ExtendedJpaTransactionManager[0;39m [2m:[0;39m Closing JPA EntityManager [org.eclipse.persistence.internal.jpa.EntityManagerImpl@16ccb412] after transaction
[2m2026-02-17 11:22:06.085[0;39m [32m-DEBUG[0;39m [35m88555[0;39m [32m[0;39m [        default] [2m---[0;39m [2m[cTaskExecutor-8][0;39m [36m.a.f.i.c.p.ExtendedJpaTransactionManager[0;39m [2m:[0;39m Creating new transaction with name [org.apache.fineract.infrastructure.jobs.service.SchedularWritePlatformServiceJpaRepositoryImpl.saveOrUpdate]: PROPAGATION_REQUIRED,ISOLATION_DEFAULT
[2m2026-02-17 11:22:06.085[0;39m [32m-DEBUG[0;39m [35m88555[0;39m [32m[0;39m [        default] [2m---[0;39m [2m[cTaskExecutor-8][0;39m [36m.a.f.i.c.p.ExtendedJpaTransactionManager[0;39m [2m:[0;39m Opened new EntityManager [org.eclipse.persistence.internal.jpa.EntityManagerImpl@984a40] for JPA transaction
[2m2026-02-17 11:22:06.085[0;39m [32m-DEBUG[0;39m [35m88555[0;39m [32m[0;39m [        default] [2m---[0;39m [2m[cTaskExecutor-8][0;39m [36m.a.f.i.c.p.ExtendedJpaTransactionManager[0;39m [2m:[0;39m Exposing JPA transaction as JDBC [org.springframework.orm.jpa.vendor.EclipseLinkJpaDialect$EclipseLinkConnectionHandle@15df224]
[2m2026-02-17 11:22:06.085[0;39m [32m-DEBUG[0;39m [35m88555[0;39m [32m[0;39m [        default] [2m---[0;39m [2m[cTaskExecutor-8][0;39m [36m.a.f.i.c.p.ExtendedJpaTransactionManager[0;39m [2m:[0;39m Found thread-bound EntityManager [org.eclipse.persistence.internal.jpa.EntityManagerImpl@984a40] for JPA transaction
[2m2026-02-17 11:22:06.085[0;39m [32m-DEBUG[0;39m [35m88555[0;39m [32m[0;39m [        default] [2m---[0;39m [2m[cTaskExecutor-8][0;39m [36m.a.f.i.c.p.ExtendedJpaTransactionManager[0;39m [2m:[0;39m Participating in existing transaction
[2m2026-02-17 11:22:06.086[0;39m [32m-DEBUG[0;39m [35m88555[0;39m [32m[0;39m [        default] [2m---[0;39m [2m[cTaskExecutor-8][0;39m [36m.a.f.i.c.p.ExtendedJpaTransactionManager[0;39m [2m:[0;39m Initiating transaction commit
[2m2026-02-17 11:22:06.086[0;39m [32m-DEBUG[0;39m [35m88555[0;39m [32m[0;39m [        default] [2m---[0;39m [2m[cTaskExecutor-8][0;39m [36m.a.f.i.c.p.ExtendedJpaTransactionManager[0;39m [2m:[0;39m Committing JPA transaction on EntityManager [org.eclipse.persistence.internal.jpa.EntityManagerImpl@984a40]
[2m2026-02-17 11:22:06.086[0;39m [32m-DEBUG[0;39m [35m88555[0;39m [32m[0;39m [        default] [2m---[0;39m [2m[cTaskExecutor-8][0;39m [36m.a.f.i.c.p.ExtendedJpaTransactionManager[0;39m [2m:[0;39m Closing JPA EntityManager [org.eclipse.persistence.internal.jpa.EntityManagerImpl@984a40] after transaction
[2m2026-02-17 11:22:06.087[0;39m [32m-DEBUG[0;39m [35m88555[0;39m [32m[0;39m [        default] [2m---[0;39m [2m[cTaskExecutor-8][0;39m [36m.a.f.i.c.p.ExtendedJpaTransactionManager[0;39m [2m:[0;39m Creating new transaction with name [org.apache.fineract.infrastructure.jobs.service.SchedularWritePlatformServiceJpaRepositoryImpl.saveOrUpdate]: PROPAGATION_REQUIRED,ISOLATION_DEFAULT
[2m2026-02-17 11:22:06.087[0;39m [32m-DEBUG[0;39m [35m88555[0;39m [32m[0;39m [        default] [2m---[0;39m [2m[cTaskExecutor-8][0;39m [36m.a.f.i.c.p.ExtendedJpaTransactionManager[0;39m [2m:[0;39m Opened new EntityManager [org.eclipse.persistence.internal.jpa.EntityManagerImpl@719d7ceb] for JPA transaction
[2m2026-02-17 11:22:06.087[0;39m [32m-DEBUG[0;39m [35m88555[0;39m [32m[0;39m [        default] [2m---[0;39m [2m[cTaskExecutor-8][0;39m [36m.a.f.i.c.p.ExtendedJpaTransactionManager[0;39m [2m:[0;39m Exposing JPA transaction as JDBC [org.springframework.orm.jpa.vendor.EclipseLinkJpaDialect$EclipseLinkConnectionHandle@7943039e]
[2m2026-02-17 11:22:06.087[0;39m [32m-DEBUG[0;39m [35m88555[0;39m [32m[0;39m [        default] [2m---[0;39m [2m[cTaskExecutor-8][0;39m [36m.a.f.i.c.p.ExtendedJpaTransactionManager[0;39m [2m:[0;39m Found thread-bound EntityManager [org.eclipse.persistence.internal.jpa.EntityManagerImpl@719d7ceb] for JPA transaction
[2m2026-02-17 11:22:06.087[0;39m [32m-DEBUG[0;39m [35m88555[0;39m [32m[0;39m [        default] [2m---[0;39m [2m[cTaskExecutor-8][0;39m [36m.a.f.i.c.p.ExtendedJpaTransactionManager[0;39m [2m:[0;39m Participating in existing transaction
[2m2026-02-17 11:22:06.087[0;39m [32m-DEBUG[0;39m [35m88555[0;39m [32m[0;39m [        default] [2m---[0;39m [2m[cTaskExecutor-8][0;39m [36m.a.f.i.c.p.ExtendedJpaTransactionManager[0;39m [2m:[0;39m Initiating transaction commit
[2m2026-02-17 11:22:06.087[0;39m [32m-DEBUG[0;39m [35m88555[0;39m [32m[0;39m [        default] [2m---[0;39m [2m[cTaskExecutor-8][0;39m [36m.a.f.i.c.p.ExtendedJpaTransactionManager[0;39m [2m:[0;39m Committing JPA transaction on EntityManager [org.eclipse.persistence.internal.jpa.EntityManagerImpl@719d7ceb]
[2m2026-02-17 11:22:06.087[0;39m [32m-DEBUG[0;39m [35m88555[0;39m [32m[0;39m [        default] [2m---[0;39m [2m[cTaskExecutor-8][0;39m [36m.a.f.i.c.p.ExtendedJpaTransactionManager[0;39m [2m:[0;39m Closing JPA EntityManager [org.eclipse.persistence.internal.jpa.EntityManagerImpl@719d7ceb] after transaction
[2m2026-02-17 11:22:06.088[0;39m [32m-DEBUG[0;39m [35m88555[0;39m [32m[0;39m [        default] [2m---[0;39m [2m[cTaskExecutor-8][0;39m [36m.a.f.i.c.p.ExtendedJpaTransactionManager[0;39m [2m:[0;39m Creating new transaction with name [org.apache.fineract.infrastructure.jobs.service.SchedularWritePlatformServiceJpaRepositoryImpl.saveOrUpdate]: PROPAGATION_REQUIRED,ISOLATION_DEFAULT
[2m2026-02-17 11:22:06.088[0;39m [32m-DEBUG[0;39m [35m88555[0;39m [32m[0;39m [        default] [2m---[0;39m [2m[cTaskExecutor-8][0;39m [36m.a.f.i.c.p.ExtendedJpaTransactionManager[0;39m [2m:[0;39m Opened new EntityManager [org.eclipse.persistence.internal.jpa.EntityManagerImpl@44e40f7] for JPA transaction
[2m2026-02-17 11:22:06.088[0;39m [32m-DEBUG[0;39m [35m88555[0;39m [32m[0;39m [        default] [2m---[0;39m [2m[cTaskExecutor-8][0;39m [36m.a.f.i.c.p.ExtendedJpaTransactionManager[0;39m [2m:[0;39m Exposing JPA transaction as JDBC [org.springframework.orm.jpa.vendor.EclipseLinkJpaDialect$EclipseLinkConnectionHandle@3e29ee37]
[2m2026-02-17 11:22:06.088[0;39m [32m-DEBUG[0;39m [35m88555[0;39m [32m[0;39m [        default] [2m---[0;39m [2m[cTaskExecutor-8][0;39m [36m.a.f.i.c.p.ExtendedJpaTransactionManager[0;39m [2m:[0;39m Found thread-bound EntityManager [org.eclipse.persistence.internal.jpa.EntityManagerImpl@44e40f7] for JPA transaction
[2m2026-02-17 11:22:06.088[0;39m [32m-DEBUG[0;39m [35m88555[0;39m [32m[0;39m [        default] [2m---[0;39m [2m[cTaskExecutor-8][0;39m [36m.a.f.i.c.p.ExtendedJpaTransactionManager[0;39m [2m:[0;39m Participating in existing transaction
[2m2026-02-17 11:22:06.088[0;39m [32m-DEBUG[0;39m [35m88555[0;39m [32m[0;39m [        default] [2m---[0;39m [2m[cTaskExecutor-8][0;39m [36m.a.f.i.c.p.ExtendedJpaTransactionManager[0;39m [2m:[0;39m Initiating transaction commit
[2m2026-02-17 11:22:06.088[0;39m [32m-DEBUG[0;39m [35m88555[0;39m [32m[0;39m [        default] [2m---[0;39m [2m[cTaskExecutor-8][0;39m [36m.a.f.i.c.p.ExtendedJpaTransactionManager[0;39m [2m:[0;39m Committing JPA transaction on EntityManager [org.eclipse.persistence.internal.jpa.EntityManagerImpl@44e40f7]
[2m2026-02-17 11:22:06.089[0;39m [32m-DEBUG[0;39m [35m88555[0;39m [32m[0;39m [        default] [2m---[0;39m [2m[cTaskExecutor-8][0;39m [36m.a.f.i.c.p.ExtendedJpaTransactionManager[0;39m [2m:[0;39m Closing JPA EntityManager [org.eclipse.persistence.internal.jpa.EntityManagerImpl@44e40f7] after transaction
[2m2026-02-17 11:22:06.089[0;39m [32m-DEBUG[0;39m [35m88555[0;39m [32m[0;39m [        default] [2m---[0;39m [2m[cTaskExecutor-8][0;39m [36m.a.f.i.c.p.ExtendedJpaTransactionManager[0;39m [2m:[0;39m Creating new transaction with name [org.apache.fineract.infrastructure.jobs.service.SchedularWritePlatformServiceJpaRepositoryImpl.saveOrUpdate]: PROPAGATION_REQUIRED,ISOLATION_DEFAULT
[2m2026-02-17 11:22:06.089[0;39m [32m-DEBUG[0;39m [35m88555[0;39m [32m[0;39m [        default] [2m---[0;39m [2m[cTaskExecutor-8][0;39m [36m.a.f.i.c.p.ExtendedJpaTransactionManager[0;39m [2m:[0;39m Opened new EntityManager [org.eclipse.persistence.internal.jpa.EntityManagerImpl@214e8046] for JPA transaction
[2m2026-02-17 11:22:06.089[0;39m [32m-DEBUG[0;39m [35m88555[0;39m [32m[0;39m [        default] [2m---[0;39m [2m[cTaskExecutor-8][0;39m [36m.a.f.i.c.p.ExtendedJpaTransactionManager[0;39m [2m:[0;39m Exposing JPA transaction as JDBC [org.springframework.orm.jpa.vendor.EclipseLinkJpaDialect$EclipseLinkConnectionHandle@395d0775]
[2m2026-02-17 11:22:06.089[0;39m [32m-DEBUG[0;39m [35m88555[0;39m [32m[0;39m [        default] [2m---[0;39m [2m[cTaskExecutor-8][0;39m [36m.a.f.i.c.p.ExtendedJpaTransactionManager[0;39m [2m:[0;39m Found thread-bound EntityManager [org.eclipse.persistence.internal.jpa.EntityManagerImpl@214e8046] for JPA transaction
[2m2026-02-17 11:22:06.089[0;39m [32m-DEBUG[0;39m [35m88555[0;39m [32m[0;39m [        default] [2m---[0;39m [2m[cTaskExecutor-8][0;39m [36m.a.f.i.c.p.ExtendedJpaTransactionManager[0;39m [2m:[0;39m Participating in existing transaction
[2m2026-02-17 11:22:06.090[0;39m [32m-DEBUG[0;39m [35m88555[0;39m [32m[0;39m [        default] [2m---[0;39m [2m[cTaskExecutor-8][0;39m [36m.a.f.i.c.p.ExtendedJpaTransactionManager[0;39m [2m:[0;39m Initiating transaction commit
[2m2026-02-17 11:22:06.090[0;39m [32m-DEBUG[0;39m [35m88555[0;39m [32m[0;39m [        default] [2m---[0;39m [2m[cTaskExecutor-8][0;39m [36m.a.f.i.c.p.ExtendedJpaTransactionManager[0;39m [2m:[0;39m Committing JPA transaction on EntityManager [org.eclipse.persistence.internal.jpa.EntityManagerImpl@214e8046]
[2m2026-02-17 11:22:06.090[0;39m [32m-DEBUG[0;39m [35m88555[0;39m [32m[0;39m [        default] [2m---[0;39m [2m[cTaskExecutor-8][0;39m [36m.a.f.i.c.p.ExtendedJpaTransactionManager[0;39m [2m:[0;39m Closing JPA EntityManager [org.eclipse.persistence.internal.jpa.EntityManagerImpl@214e8046] after transaction
[2m2026-02-17 11:22:06.090[0;39m [32m- INFO[0;39m [35m88555[0;39m [32m[0;39m [        default] [2m---[0;39m [2m[cTaskExecutor-8][0;39m [36morg.quartz.impl.StdSchedulerFactory     [0;39m [2m:[0;39m Using default implementation for ThreadExecutor
[2m2026-02-17 11:22:06.090[0;39m [32m- INFO[0;39m [35m88555[0;39m [32m[0;39m [        default] [2m---[0;39m [2m[cTaskExecutor-8][0;39m [36morg.quartz.core.SchedulerSignalerImpl   [0;39m [2m:[0;39m Initialized Scheduler Signaller of type: class org.quartz.core.SchedulerSignalerImpl
[2m2026-02-17 11:22:06.090[0;39m [32m- INFO[0;39m [35m88555[0;39m [32m[0;39m [        default] [2m---[0;39m [2m[cTaskExecutor-8][0;39m [36morg.quartz.core.QuartzScheduler         [0;39m [2m:[0;39m Quartz Scheduler v2.5.0 created.
[2m2026-02-17 11:22:06.090[0;39m [32m- INFO[0;39m [35m88555[0;39m [32m[0;39m [        default] [2m---[0;39m [2m[cTaskExecutor-8][0;39m [36morg.quartz.simpl.RAMJobStore            [0;39m [2m:[0;39m RAMJobStore initialized.
[2m2026-02-17 11:22:06.090[0;39m [32m- INFO[0;39m [35m88555[0;39m [32m[0;39m [        default] [2m---[0;39m [2m[cTaskExecutor-8][0;39m [36morg.quartz.core.QuartzScheduler         [0;39m [2m:[0;39m Scheduler meta-data: Quartz Scheduler (v2.5.0) 'Scheduler1group3' with instanceId 'NON_CLUSTERED'
  Scheduler class: 'org.quartz.core.QuartzScheduler' - running locally.
  NOT STARTED.
  Currently in standby mode.
  Number of jobs executed: 0
  Using thread pool 'org.quartz.simpl.SimpleThreadPool' - with 1 threads.
  Using job-store 'org.quartz.simpl.RAMJobStore' - which does not support persistence. and is not clustered.

[2m2026-02-17 11:22:06.090[0;39m [32m- INFO[0;39m [35m88555[0;39m [32m[0;39m [        default] [2m---[0;39m [2m[cTaskExecutor-8][0;39m [36morg.quartz.impl.StdSchedulerFactory     [0;39m [2m:[0;39m Quartz scheduler 'Scheduler1group3' initialized from an externally provided properties instance.
[2m2026-02-17 11:22:06.090[0;39m [32m- INFO[0;39m [35m88555[0;39m [32m[0;39m [        default] [2m---[0;39m [2m[cTaskExecutor-8][0;39m [36morg.quartz.impl.StdSchedulerFactory     [0;39m [2m:[0;39m Quartz scheduler version: 2.5.0
[2m2026-02-17 11:22:06.090[0;39m [32m- INFO[0;39m [35m88555[0;39m [32m[0;39m [        default] [2m---[0;39m [2m[cTaskExecutor-8][0;39m [36morg.quartz.core.QuartzScheduler         [0;39m [2m:[0;39m JobFactory set to: org.springframework.scheduling.quartz.AdaptableJobFactory@4176a6
[2m2026-02-17 11:22:06.090[0;39m [32m- INFO[0;39m [35m88555[0;39m [32m[0;39m [        default] [2m---[0;39m [2m[cTaskExecutor-8][0;39m [36mo.s.s.quartz.SchedulerFactoryBean       [0;39m [2m:[0;39m Starting Quartz Scheduler now
[2m2026-02-17 11:22:06.090[0;39m [32m- INFO[0;39m [35m88555[0;39m [32m[0;39m [        default] [2m---[0;39m [2m[cTaskExecutor-8][0;39m [36morg.quartz.core.QuartzScheduler         [0;39m [2m:[0;39m Scheduler Scheduler1group3_$_NON_CLUSTERED started.
[2m2026-02-17 11:22:06.091[0;39m [32m-DEBUG[0;39m [35m88555[0;39m [32m[0;39m [        default] [2m---[0;39m [2m[cTaskExecutor-8][0;39m [36m.a.f.i.c.p.ExtendedJpaTransactionManager[0;39m [2m:[0;39m Creating new transaction with name [org.apache.fineract.infrastructure.jobs.service.SchedularWritePlatformServiceJpaRepositoryImpl.saveOrUpdate]: PROPAGATION_REQUIRED,ISOLATION_DEFAULT
[2m2026-02-17 11:22:06.091[0;39m [32m-DEBUG[0;39m [35m88555[0;39m [32m[0;39m [        default] [2m---[0;39m [2m[cTaskExecutor-8][0;39m [36m.a.f.i.c.p.ExtendedJpaTransactionManager[0;39m [2m:[0;39m Opened new EntityManager [org.eclipse.persistence.internal.jpa.EntityManagerImpl@ef244f3] for JPA transaction
[2m2026-02-17 11:22:06.091[0;39m [32m-DEBUG[0;39m [35m88555[0;39m [32m[0;39m [        default] [2m---[0;39m [2m[cTaskExecutor-8][0;39m [36m.a.f.i.c.p.ExtendedJpaTransactionManager[0;39m [2m:[0;39m Exposing JPA transaction as JDBC [org.springframework.orm.jpa.vendor.EclipseLinkJpaDialect$EclipseLinkConnectionHandle@1a97b144]
[2m2026-02-17 11:22:06.091[0;39m [32m-DEBUG[0;39m [35m88555[0;39m [32m[0;39m [        default] [2m---[0;39m [2m[cTaskExecutor-8][0;39m [36m.a.f.i.c.p.ExtendedJpaTransactionManager[0;39m [2m:[0;39m Found thread-bound EntityManager [org.eclipse.persistence.internal.jpa.EntityManagerImpl@ef244f3] for JPA transaction
[2m2026-02-17 11:22:06.091[0;39m [32m-DEBUG[0;39m [35m88555[0;39m [32m[0;39m [        default] [2m---[0;39m [2m[cTaskExecutor-8][0;39m [36m.a.f.i.c.p.ExtendedJpaTransactionManager[0;39m [2m:[0;39m Participating in existing transaction
[2m2026-02-17 11:22:06.092[0;39m [32m-DEBUG[0;39m [35m88555[0;39m [32m[0;39m [        default] [2m---[0;39m [2m[cTaskExecutor-8][0;39m [36m.a.f.i.c.p.ExtendedJpaTransactionManager[0;39m [2m:[0;39m Initiating transaction commit
[2m2026-02-17 11:22:06.092[0;39m [32m-DEBUG[0;39m [35m88555[0;39m [32m[0;39m [        default] [2m---[0;39m [2m[cTaskExecutor-8][0;39m [36m.a.f.i.c.p.ExtendedJpaTransactionManager[0;39m [2m:[0;39m Committing JPA transaction on EntityManager [org.eclipse.persistence.internal.jpa.EntityManagerImpl@ef244f3]
[2m2026-02-17 11:22:06.092[0;39m [32m-DEBUG[0;39m [35m88555[0;39m [32m[0;39m [        default] [2m---[0;39m [2m[cTaskExecutor-8][0;39m [36m.a.f.i.c.p.ExtendedJpaTransactionManager[0;39m [2m:[0;39m Closing JPA EntityManager [org.eclipse.persistence.internal.jpa.EntityManagerImpl@ef244f3] after transaction
[2m2026-02-17 11:22:06.093[0;39m [32m- INFO[0;39m [35m88555[0;39m [32m[0;39m [        default] [2m---[0;39m [2m[cTaskExecutor-8][0;39m [36morg.quartz.impl.StdSchedulerFactory     [0;39m [2m:[0;39m Using default implementation for ThreadExecutor
[2m2026-02-17 11:22:06.093[0;39m [32m- INFO[0;39m [35m88555[0;39m [32m[0;39m [        default] [2m---[0;39m [2m[cTaskExecutor-8][0;39m [36morg.quartz.core.SchedulerSignalerImpl   [0;39m [2m:[0;39m Initialized Scheduler Signaller of type: class org.quartz.core.SchedulerSignalerImpl
[2m2026-02-17 11:22:06.093[0;39m [32m- INFO[0;39m [35m88555[0;39m [32m[0;39m [        default] [2m---[0;39m [2m[cTaskExecutor-8][0;39m [36morg.quartz.core.QuartzScheduler         [0;39m [2m:[0;39m Quartz Scheduler v2.5.0 created.
[2m2026-02-17 11:22:06.093[0;39m [32m- INFO[0;39m [35m88555[0;39m [32m[0;39m [        default] [2m---[0;39m [2m[cTaskExecutor-8][0;39m [36morg.quartz.simpl.RAMJobStore            [0;39m [2m:[0;39m RAMJobStore initialized.
[2m2026-02-17 11:22:06.093[0;39m [32m- INFO[0;39m [35m88555[0;39m [32m[0;39m [        default] [2m---[0;39m [2m[cTaskExecutor-8][0;39m [36morg.quartz.core.QuartzScheduler         [0;39m [2m:[0;39m Scheduler meta-data: Quartz Scheduler (v2.5.0) 'Scheduler1group4' with instanceId 'NON_CLUSTERED'
  Scheduler class: 'org.quartz.core.QuartzScheduler' - running locally.
  NOT STARTED.
  Currently in standby mode.
  Number of jobs executed: 0
  Using thread pool 'org.quartz.simpl.SimpleThreadPool' - with 1 threads.
  Using job-store 'org.quartz.simpl.RAMJobStore' - which does not support persistence. and is not clustered.

[2m2026-02-17 11:22:06.093[0;39m [32m- INFO[0;39m [35m88555[0;39m [32m[0;39m [        default] [2m---[0;39m [2m[cTaskExecutor-8][0;39m [36morg.quartz.impl.StdSchedulerFactory     [0;39m [2m:[0;39m Quartz scheduler 'Scheduler1group4' initialized from an externally provided properties instance.
[2m2026-02-17 11:22:06.093[0;39m [32m- INFO[0;39m [35m88555[0;39m [32m[0;39m [        default] [2m---[0;39m [2m[cTaskExecutor-8][0;39m [36morg.quartz.impl.StdSchedulerFactory     [0;39m [2m:[0;39m Quartz scheduler version: 2.5.0
[2m2026-02-17 11:22:06.093[0;39m [32m- INFO[0;39m [35m88555[0;39m [32m[0;39m [        default] [2m---[0;39m [2m[cTaskExecutor-8][0;39m [36morg.quartz.core.QuartzScheduler         [0;39m [2m:[0;39m JobFactory set to: org.springframework.scheduling.quartz.AdaptableJobFactory@1740c0be
[2m2026-02-17 11:22:06.093[0;39m [32m- INFO[0;39m [35m88555[0;39m [32m[0;39m [        default] [2m---[0;39m [2m[cTaskExecutor-8][0;39m [36mo.s.s.quartz.SchedulerFactoryBean       [0;39m [2m:[0;39m Starting Quartz Scheduler now
[2m2026-02-17 11:22:06.093[0;39m [32m- INFO[0;39m [35m88555[0;39m [32m[0;39m [        default] [2m---[0;39m [2m[cTaskExecutor-8][0;39m [36morg.quartz.core.QuartzScheduler         [0;39m [2m:[0;39m Scheduler Scheduler1group4_$_NON_CLUSTERED started.
[2m2026-02-17 11:22:06.093[0;39m [32m-DEBUG[0;39m [35m88555[0;39m [32m[0;39m [        default] [2m---[0;39m [2m[cTaskExecutor-8][0;39m [36m.a.f.i.c.p.ExtendedJpaTransactionManager[0;39m [2m:[0;39m Creating new transaction with name [org.apache.fineract.infrastructure.jobs.service.SchedularWritePlatformServiceJpaRepositoryImpl.saveOrUpdate]: PROPAGATION_REQUIRED,ISOLATION_DEFAULT
[2m2026-02-17 11:22:06.093[0;39m [32m-DEBUG[0;39m [35m88555[0;39m [32m[0;39m [        default] [2m---[0;39m [2m[cTaskExecutor-8][0;39m [36m.a.f.i.c.p.ExtendedJpaTransactionManager[0;39m [2m:[0;39m Opened new EntityManager [org.eclipse.persistence.internal.jpa.EntityManagerImpl@50306fc2] for JPA transaction
[2m2026-02-17 11:22:06.093[0;39m [32m-DEBUG[0;39m [35m88555[0;39m [32m[0;39m [        default] [2m---[0;39m [2m[cTaskExecutor-8][0;39m [36m.a.f.i.c.p.ExtendedJpaTransactionManager[0;39m [2m:[0;39m Exposing JPA transaction as JDBC [org.springframework.orm.jpa.vendor.EclipseLinkJpaDialect$EclipseLinkConnectionHandle@49f07a1d]
[2m2026-02-17 11:22:06.093[0;39m [32m-DEBUG[0;39m [35m88555[0;39m [32m[0;39m [        default] [2m---[0;39m [2m[cTaskExecutor-8][0;39m [36m.a.f.i.c.p.ExtendedJpaTransactionManager[0;39m [2m:[0;39m Found thread-bound EntityManager [org.eclipse.persistence.internal.jpa.EntityManagerImpl@50306fc2] for JPA transaction
[2m2026-02-17 11:22:06.093[0;39m [32m-DEBUG[0;39m [35m88555[0;39m [32m[0;39m [        default] [2m---[0;39m [2m[cTaskExecutor-8][0;39m [36m.a.f.i.c.p.ExtendedJpaTransactionManager[0;39m [2m:[0;39m Participating in existing transaction
[2m2026-02-17 11:22:06.094[0;39m [32m-DEBUG[0;39m [35m88555[0;39m [32m[0;39m [        default] [2m---[0;39m [2m[cTaskExecutor-8][0;39m [36m.a.f.i.c.p.ExtendedJpaTransactionManager[0;39m [2m:[0;39m Initiating transaction commit
[2m2026-02-17 11:22:06.094[0;39m [32m-DEBUG[0;39m [35m88555[0;39m [32m[0;39m [        default] [2m---[0;39m [2m[cTaskExecutor-8][0;39m [36m.a.f.i.c.p.ExtendedJpaTransactionManager[0;39m [2m:[0;39m Committing JPA transaction on EntityManager [org.eclipse.persistence.internal.jpa.EntityManagerImpl@50306fc2]
[2m2026-02-17 11:22:06.094[0;39m [32m-DEBUG[0;39m [35m88555[0;39m [32m[0;39m [        default] [2m---[0;39m [2m[cTaskExecutor-8][0;39m [36m.a.f.i.c.p.ExtendedJpaTransactionManager[0;39m [2m:[0;39m Closing JPA EntityManager [org.eclipse.persistence.internal.jpa.EntityManagerImpl@50306fc2] after transaction
[2m2026-02-17 11:22:06.094[0;39m [32m-DEBUG[0;39m [35m88555[0;39m [32m[0;39m [        default] [2m---[0;39m [2m[cTaskExecutor-8][0;39m [36m.a.f.i.c.p.ExtendedJpaTransactionManager[0;39m [2m:[0;39m Creating new transaction with name [org.apache.fineract.infrastructure.jobs.service.SchedularWritePlatformServiceJpaRepositoryImpl.saveOrUpdate]: PROPAGATION_REQUIRED,ISOLATION_DEFAULT
[2m2026-02-17 11:22:06.094[0;39m [32m-DEBUG[0;39m [35m88555[0;39m [32m[0;39m [        default] [2m---[0;39m [2m[cTaskExecutor-8][0;39m [36m.a.f.i.c.p.ExtendedJpaTransactionManager[0;39m [2m:[0;39m Opened new EntityManager [org.eclipse.persistence.internal.jpa.EntityManagerImpl@347dbf73] for JPA transaction
[2m2026-02-17 11:22:06.094[0;39m [32m-DEBUG[0;39m [35m88555[0;39m [32m[0;39m [        default] [2m---[0;39m [2m[cTaskExecutor-8][0;39m [36m.a.f.i.c.p.ExtendedJpaTransactionManager[0;39m [2m:[0;39m Exposing JPA transaction as JDBC [org.springframework.orm.jpa.vendor.EclipseLinkJpaDialect$EclipseLinkConnectionHandle@7a4c2a27]
[2m2026-02-17 11:22:06.094[0;39m [32m-DEBUG[0;39m [35m88555[0;39m [32m[0;39m [        default] [2m---[0;39m [2m[cTaskExecutor-8][0;39m [36m.a.f.i.c.p.ExtendedJpaTransactionManager[0;39m [2m:[0;39m Found thread-bound EntityManager [org.eclipse.persistence.internal.jpa.EntityManagerImpl@347dbf73] for JPA transaction
[2m2026-02-17 11:22:06.094[0;39m [32m-DEBUG[0;39m [35m88555[0;39m [32m[0;39m [        default] [2m---[0;39m [2m[cTaskExecutor-8][0;39m [36m.a.f.i.c.p.ExtendedJpaTransactionManager[0;39m [2m:[0;39m Participating in existing transaction
[2m2026-02-17 11:22:06.095[0;39m [32m-DEBUG[0;39m [35m88555[0;39m [32m[0;39m [        default] [2m---[0;39m [2m[cTaskExecutor-8][0;39m [36m.a.f.i.c.p.ExtendedJpaTransactionManager[0;39m [2m:[0;39m Initiating transaction commit
[2m2026-02-17 11:22:06.095[0;39m [32m-DEBUG[0;39m [35m88555[0;39m [32m[0;39m [        default] [2m---[0;39m [2m[cTaskExecutor-8][0;39m [36m.a.f.i.c.p.ExtendedJpaTransactionManager[0;39m [2m:[0;39m Committing JPA transaction on EntityManager [org.eclipse.persistence.internal.jpa.EntityManagerImpl@347dbf73]
[2m2026-02-17 11:22:06.143[0;39m [32m-DEBUG[0;39m [35m88555[0;39m [32m[0;39m [        default] [2m---[0;39m [2m[cTaskExecutor-8][0;39m [36m.a.f.i.c.p.ExtendedJpaTransactionManager[0;39m [2m:[0;39m Closing JPA EntityManager [org.eclipse.persistence.internal.jpa.EntityManagerImpl@347dbf73] after transaction
[2m2026-02-17 11:22:06.144[0;39m [32m-DEBUG[0;39m [35m88555[0;39m [32m[0;39m [        default] [2m---[0;39m [2m[cTaskExecutor-8][0;39m [36m.a.f.i.c.p.ExtendedJpaTransactionManager[0;39m [2m:[0;39m Creating new transaction with name [org.apache.fineract.infrastructure.jobs.service.SchedularWritePlatformServiceJpaRepositoryImpl.saveOrUpdate]: PROPAGATION_REQUIRED,ISOLATION_DEFAULT
[2m2026-02-17 11:22:06.144[0;39m [32m-DEBUG[0;39m [35m88555[0;39m [32m[0;39m [        default] [2m---[0;39m [2m[cTaskExecutor-8][0;39m [36m.a.f.i.c.p.ExtendedJpaTransactionManager[0;39m [2m:[0;39m Opened new EntityManager [org.eclipse.persistence.internal.jpa.EntityManagerImpl@3970f4f9] for JPA transaction
[2m2026-02-17 11:22:06.144[0;39m [32m-DEBUG[0;39m [35m88555[0;39m [32m[0;39m [        default] [2m---[0;39m [2m[cTaskExecutor-8][0;39m [36m.a.f.i.c.p.ExtendedJpaTransactionManager[0;39m [2m:[0;39m Exposing JPA transaction as JDBC [org.springframework.orm.jpa.vendor.EclipseLinkJpaDialect$EclipseLinkConnectionHandle@123a96db]
[2m2026-02-17 11:22:06.144[0;39m [32m-DEBUG[0;39m [35m88555[0;39m [32m[0;39m [        default] [2m---[0;39m [2m[cTaskExecutor-8][0;39m [36m.a.f.i.c.p.ExtendedJpaTransactionManager[0;39m [2m:[0;39m Found thread-bound EntityManager [org.eclipse.persistence.internal.jpa.EntityManagerImpl@3970f4f9] for JPA transaction
[2m2026-02-17 11:22:06.144[0;39m [32m-DEBUG[0;39m [35m88555[0;39m [32m[0;39m [        default] [2m---[0;39m [2m[cTaskExecutor-8][0;39m [36m.a.f.i.c.p.ExtendedJpaTransactionManager[0;39m [2m:[0;39m Participating in existing transaction
[2m2026-02-17 11:22:06.144[0;39m [32m-DEBUG[0;39m [35m88555[0;39m [32m[0;39m [        default] [2m---[0;39m [2m[cTaskExecutor-8][0;39m [36m.a.f.i.c.p.ExtendedJpaTransactionManager[0;39m [2m:[0;39m Initiating transaction commit
[2m2026-02-17 11:22:06.144[0;39m [32m-DEBUG[0;39m [35m88555[0;39m [32m[0;39m [        default] [2m---[0;39m [2m[cTaskExecutor-8][0;39m [36m.a.f.i.c.p.ExtendedJpaTransactionManager[0;39m [2m:[0;39m Committing JPA transaction on EntityManager [org.eclipse.persistence.internal.jpa.EntityManagerImpl@3970f4f9]
[2m2026-02-17 11:22:06.145[0;39m [32m-DEBUG[0;39m [35m88555[0;39m [32m[0;39m [        default] [2m---[0;39m [2m[cTaskExecutor-8][0;39m [36m.a.f.i.c.p.ExtendedJpaTransactionManager[0;39m [2m:[0;39m Closing JPA EntityManager [org.eclipse.persistence.internal.jpa.EntityManagerImpl@3970f4f9] after transaction
[2m2026-02-17 11:22:06.145[0;39m [32m-DEBUG[0;39m [35m88555[0;39m [32m[0;39m [        default] [2m---[0;39m [2m[cTaskExecutor-8][0;39m [36m.a.f.i.c.p.ExtendedJpaTransactionManager[0;39m [2m:[0;39m Creating new transaction with name [org.apache.fineract.infrastructure.jobs.service.SchedularWritePlatformServiceJpaRepositoryImpl.saveOrUpdate]: PROPAGATION_REQUIRED,ISOLATION_DEFAULT
[2m2026-02-17 11:22:06.145[0;39m [32m-DEBUG[0;39m [35m88555[0;39m [32m[0;39m [        default] [2m---[0;39m [2m[cTaskExecutor-8][0;39m [36m.a.f.i.c.p.ExtendedJpaTransactionManager[0;39m [2m:[0;39m Opened new EntityManager [org.eclipse.persistence.internal.jpa.EntityManagerImpl@60799cb] for JPA transaction
[2m2026-02-17 11:22:06.145[0;39m [32m-DEBUG[0;39m [35m88555[0;39m [32m[0;39m [        default] [2m---[0;39m [2m[cTaskExecutor-8][0;39m [36m.a.f.i.c.p.ExtendedJpaTransactionManager[0;39m [2m:[0;39m Exposing JPA transaction as JDBC [org.springframework.orm.jpa.vendor.EclipseLinkJpaDialect$EclipseLinkConnectionHandle@ef639e6]
[2m2026-02-17 11:22:06.145[0;39m [32m-DEBUG[0;39m [35m88555[0;39m [32m[0;39m [        default] [2m---[0;39m [2m[cTaskExecutor-8][0;39m [36m.a.f.i.c.p.ExtendedJpaTransactionManager[0;39m [2m:[0;39m Found thread-bound EntityManager [org.eclipse.persistence.internal.jpa.EntityManagerImpl@60799cb] for JPA transaction
[2m2026-02-17 11:22:06.145[0;39m [32m-DEBUG[0;39m [35m88555[0;39m [32m[0;39m [        default] [2m---[0;39m [2m[cTaskExecutor-8][0;39m [36m.a.f.i.c.p.ExtendedJpaTransactionManager[0;39m [2m:[0;39m Participating in existing transaction
[2m2026-02-17 11:22:06.145[0;39m [32m-DEBUG[0;39m [35m88555[0;39m [32m[0;39m [        default] [2m---[0;39m [2m[cTaskExecutor-8][0;39m [36m.a.f.i.c.p.ExtendedJpaTransactionManager[0;39m [2m:[0;39m Initiating transaction commit
[2m2026-02-17 11:22:06.145[0;39m [32m-DEBUG[0;39m [35m88555[0;39m [32m[0;39m [        default] [2m---[0;39m [2m[cTaskExecutor-8][0;39m [36m.a.f.i.c.p.ExtendedJpaTransactionManager[0;39m [2m:[0;39m Committing JPA transaction on EntityManager [org.eclipse.persistence.internal.jpa.EntityManagerImpl@60799cb]
[2m2026-02-17 11:22:06.146[0;39m [32m-DEBUG[0;39m [35m88555[0;39m [32m[0;39m [        default] [2m---[0;39m [2m[cTaskExecutor-8][0;39m [36m.a.f.i.c.p.ExtendedJpaTransactionManager[0;39m [2m:[0;39m Closing JPA EntityManager [org.eclipse.persistence.internal.jpa.EntityManagerImpl@60799cb] after transaction
[2m2026-02-17 11:22:06.146[0;39m [32m-DEBUG[0;39m [35m88555[0;39m [32m[0;39m [        default] [2m---[0;39m [2m[cTaskExecutor-8][0;39m [36m.a.f.i.c.p.ExtendedJpaTransactionManager[0;39m [2m:[0;39m Creating new transaction with name [org.apache.fineract.infrastructure.jobs.service.SchedularWritePlatformServiceJpaRepositoryImpl.saveOrUpdate]: PROPAGATION_REQUIRED,ISOLATION_DEFAULT
[2m2026-02-17 11:22:06.146[0;39m [32m-DEBUG[0;39m [35m88555[0;39m [32m[0;39m [        default] [2m---[0;39m [2m[cTaskExecutor-8][0;39m [36m.a.f.i.c.p.ExtendedJpaTransactionManager[0;39m [2m:[0;39m Opened new EntityManager [org.eclipse.persistence.internal.jpa.EntityManagerImpl@7abb3848] for JPA transaction
[2m2026-02-17 11:22:06.146[0;39m [32m-DEBUG[0;39m [35m88555[0;39m [32m[0;39m [        default] [2m---[0;39m [2m[cTaskExecutor-8][0;39m [36m.a.f.i.c.p.ExtendedJpaTransactionManager[0;39m [2m:[0;39m Exposing JPA transaction as JDBC [org.springframework.orm.jpa.vendor.EclipseLinkJpaDialect$EclipseLinkConnectionHandle@32cbe61f]
[2m2026-02-17 11:22:06.146[0;39m [32m-DEBUG[0;39m [35m88555[0;39m [32m[0;39m [        default] [2m---[0;39m [2m[cTaskExecutor-8][0;39m [36m.a.f.i.c.p.ExtendedJpaTransactionManager[0;39m [2m:[0;39m Found thread-bound EntityManager [org.eclipse.persistence.internal.jpa.EntityManagerImpl@7abb3848] for JPA transaction
[2m2026-02-17 11:22:06.146[0;39m [32m-DEBUG[0;39m [35m88555[0;39m [32m[0;39m [        default] [2m---[0;39m [2m[cTaskExecutor-8][0;39m [36m.a.f.i.c.p.ExtendedJpaTransactionManager[0;39m [2m:[0;39m Participating in existing transaction
[2m2026-02-17 11:22:06.146[0;39m [32m-DEBUG[0;39m [35m88555[0;39m [32m[0;39m [        default] [2m---[0;39m [2m[cTaskExecutor-8][0;39m [36m.a.f.i.c.p.ExtendedJpaTransactionManager[0;39m [2m:[0;39m Initiating transaction commit
[2m2026-02-17 11:22:06.146[0;39m [32m-DEBUG[0;39m [35m88555[0;39m [32m[0;39m [        default] [2m---[0;39m [2m[cTaskExecutor-8][0;39m [36m.a.f.i.c.p.ExtendedJpaTransactionManager[0;39m [2m:[0;39m Committing JPA transaction on EntityManager [org.eclipse.persistence.internal.jpa.EntityManagerImpl@7abb3848]
[2m2026-02-17 11:22:06.146[0;39m [32m-DEBUG[0;39m [35m88555[0;39m [32m[0;39m [        default] [2m---[0;39m [2m[cTaskExecutor-8][0;39m [36m.a.f.i.c.p.ExtendedJpaTransactionManager[0;39m [2m:[0;39m Closing JPA EntityManager [org.eclipse.persistence.internal.jpa.EntityManagerImpl@7abb3848] after transaction
[2m2026-02-17 11:22:06.147[0;39m [32m-DEBUG[0;39m [35m88555[0;39m [32m[0;39m [        default] [2m---[0;39m [2m[cTaskExecutor-8][0;39m [36m.a.f.i.c.p.ExtendedJpaTransactionManager[0;39m [2m:[0;39m Creating new transaction with name [org.apache.fineract.infrastructure.jobs.service.SchedularWritePlatformServiceJpaRepositoryImpl.saveOrUpdate]: PROPAGATION_REQUIRED,ISOLATION_DEFAULT
[2m2026-02-17 11:22:06.147[0;39m [32m-DEBUG[0;39m [35m88555[0;39m [32m[0;39m [        default] [2m---[0;39m [2m[cTaskExecutor-8][0;39m [36m.a.f.i.c.p.ExtendedJpaTransactionManager[0;39m [2m:[0;39m Opened new EntityManager [org.eclipse.persistence.internal.jpa.EntityManagerImpl@5ee9d446] for JPA transaction
[2m2026-02-17 11:22:06.147[0;39m [32m-DEBUG[0;39m [35m88555[0;39m [32m[0;39m [        default] [2m---[0;39m [2m[cTaskExecutor-8][0;39m [36m.a.f.i.c.p.ExtendedJpaTransactionManager[0;39m [2m:[0;39m Exposing JPA transaction as JDBC [org.springframework.orm.jpa.vendor.EclipseLinkJpaDialect$EclipseLinkConnectionHandle@4bbcd17f]
[2m2026-02-17 11:22:06.147[0;39m [32m-DEBUG[0;39m [35m88555[0;39m [32m[0;39m [        default] [2m---[0;39m [2m[cTaskExecutor-8][0;39m [36m.a.f.i.c.p.ExtendedJpaTransactionManager[0;39m [2m:[0;39m Found thread-bound EntityManager [org.eclipse.persistence.internal.jpa.EntityManagerImpl@5ee9d446] for JPA transaction
[2m2026-02-17 11:22:06.147[0;39m [32m-DEBUG[0;39m [35m88555[0;39m [32m[0;39m [        default] [2m---[0;39m [2m[cTaskExecutor-8][0;39m [36m.a.f.i.c.p.ExtendedJpaTransactionManager[0;39m [2m:[0;39m Participating in existing transaction
[2m2026-02-17 11:22:06.147[0;39m [32m-DEBUG[0;39m [35m88555[0;39m [32m[0;39m [        default] [2m---[0;39m [2m[cTaskExecutor-8][0;39m [36m.a.f.i.c.p.ExtendedJpaTransactionManager[0;39m [2m:[0;39m Initiating transaction commit
[2m2026-02-17 11:22:06.147[0;39m [32m-DEBUG[0;39m [35m88555[0;39m [32m[0;39m [        default] [2m---[0;39m [2m[cTaskExecutor-8][0;39m [36m.a.f.i.c.p.ExtendedJpaTransactionManager[0;39m [2m:[0;39m Committing JPA transaction on EntityManager [org.eclipse.persistence.internal.jpa.EntityManagerImpl@5ee9d446]
[2m2026-02-17 11:22:06.147[0;39m [32m-DEBUG[0;39m [35m88555[0;39m [32m[0;39m [        default] [2m---[0;39m [2m[cTaskExecutor-8][0;39m [36m.a.f.i.c.p.ExtendedJpaTransactionManager[0;39m [2m:[0;39m Closing JPA EntityManager [org.eclipse.persistence.internal.jpa.EntityManagerImpl@5ee9d446] after transaction
[2m2026-02-17 11:22:06.148[0;39m [32m-DEBUG[0;39m [35m88555[0;39m [32m[0;39m [        default] [2m---[0;39m [2m[cTaskExecutor-8][0;39m [36m.a.f.i.c.p.ExtendedJpaTransactionManager[0;39m [2m:[0;39m Creating new transaction with name [org.apache.fineract.infrastructure.jobs.service.SchedularWritePlatformServiceJpaRepositoryImpl.saveOrUpdate]: PROPAGATION_REQUIRED,ISOLATION_DEFAULT
[2m2026-02-17 11:22:06.148[0;39m [32m-DEBUG[0;39m [35m88555[0;39m [32m[0;39m [        default] [2m---[0;39m [2m[cTaskExecutor-8][0;39m [36m.a.f.i.c.p.ExtendedJpaTransactionManager[0;39m [2m:[0;39m Opened new EntityManager [org.eclipse.persistence.internal.jpa.EntityManagerImpl@5cd8520] for JPA transaction
[2m2026-02-17 11:22:06.148[0;39m [32m-DEBUG[0;39m [35m88555[0;39m [32m[0;39m [        default] [2m---[0;39m [2m[cTaskExecutor-8][0;39m [36m.a.f.i.c.p.ExtendedJpaTransactionManager[0;39m [2m:[0;39m Exposing JPA transaction as JDBC [org.springframework.orm.jpa.vendor.EclipseLinkJpaDialect$EclipseLinkConnectionHandle@73f542d0]
[2m2026-02-17 11:22:06.148[0;39m [32m-DEBUG[0;39m [35m88555[0;39m [32m[0;39m [        default] [2m---[0;39m [2m[cTaskExecutor-8][0;39m [36m.a.f.i.c.p.ExtendedJpaTransactionManager[0;39m [2m:[0;39m Found thread-bound EntityManager [org.eclipse.persistence.internal.jpa.EntityManagerImpl@5cd8520] for JPA transaction
[2m2026-02-17 11:22:06.148[0;39m [32m-DEBUG[0;39m [35m88555[0;39m [32m[0;39m [        default] [2m---[0;39m [2m[cTaskExecutor-8][0;39m [36m.a.f.i.c.p.ExtendedJpaTransactionManager[0;39m [2m:[0;39m Participating in existing transaction
[2m2026-02-17 11:22:06.148[0;39m [32m-DEBUG[0;39m [35m88555[0;39m [32m[0;39m [        default] [2m---[0;39m [2m[cTaskExecutor-8][0;39m [36m.a.f.i.c.p.ExtendedJpaTransactionManager[0;39m [2m:[0;39m Initiating transaction commit
[2m2026-02-17 11:22:06.148[0;39m [32m-DEBUG[0;39m [35m88555[0;39m [32m[0;39m [        default] [2m---[0;39m [2m[cTaskExecutor-8][0;39m [36m.a.f.i.c.p.ExtendedJpaTransactionManager[0;39m [2m:[0;39m Committing JPA transaction on EntityManager [org.eclipse.persistence.internal.jpa.EntityManagerImpl@5cd8520]
[2m2026-02-17 11:22:06.148[0;39m [32m-DEBUG[0;39m [35m88555[0;39m [32m[0;39m [        default] [2m---[0;39m [2m[cTaskExecutor-8][0;39m [36m.a.f.i.c.p.ExtendedJpaTransactionManager[0;39m [2m:[0;39m Closing JPA EntityManager [org.eclipse.persistence.internal.jpa.EntityManagerImpl@5cd8520] after transaction
[2m2026-02-17 11:22:06.149[0;39m [32m-DEBUG[0;39m [35m88555[0;39m [32m[0;39m [        default] [2m---[0;39m [2m[cTaskExecutor-8][0;39m [36m.a.f.i.c.p.ExtendedJpaTransactionManager[0;39m [2m:[0;39m Creating new transaction with name [org.apache.fineract.infrastructure.jobs.service.SchedularWritePlatformServiceJpaRepositoryImpl.saveOrUpdate]: PROPAGATION_REQUIRED,ISOLATION_DEFAULT
[2m2026-02-17 11:22:06.149[0;39m [32m-DEBUG[0;39m [35m88555[0;39m [32m[0;39m [        default] [2m---[0;39m [2m[cTaskExecutor-8][0;39m [36m.a.f.i.c.p.ExtendedJpaTransactionManager[0;39m [2m:[0;39m Opened new EntityManager [org.eclipse.persistence.internal.jpa.EntityManagerImpl@e112a79] for JPA transaction
[2m2026-02-17 11:22:06.149[0;39m [32m-DEBUG[0;39m [35m88555[0;39m [32m[0;39m [        default] [2m---[0;39m [2m[cTaskExecutor-8][0;39m [36m.a.f.i.c.p.ExtendedJpaTransactionManager[0;39m [2m:[0;39m Exposing JPA transaction as JDBC [org.springframework.orm.jpa.vendor.EclipseLinkJpaDialect$EclipseLinkConnectionHandle@1559b8c4]
[2m2026-02-17 11:22:06.149[0;39m [32m-DEBUG[0;39m [35m88555[0;39m [32m[0;39m [        default] [2m---[0;39m [2m[cTaskExecutor-8][0;39m [36m.a.f.i.c.p.ExtendedJpaTransactionManager[0;39m [2m:[0;39m Found thread-bound EntityManager [org.eclipse.persistence.internal.jpa.EntityManagerImpl@e112a79] for JPA transaction
[2m2026-02-17 11:22:06.149[0;39m [32m-DEBUG[0;39m [35m88555[0;39m [32m[0;39m [        default] [2m---[0;39m [2m[cTaskExecutor-8][0;39m [36m.a.f.i.c.p.ExtendedJpaTransactionManager[0;39m [2m:[0;39m Participating in existing transaction
[2m2026-02-17 11:22:06.149[0;39m [32m-DEBUG[0;39m [35m88555[0;39m [32m[0;39m [        default] [2m---[0;39m [2m[cTaskExecutor-8][0;39m [36m.a.f.i.c.p.ExtendedJpaTransactionManager[0;39m [2m:[0;39m Initiating transaction commit
[2m2026-02-17 11:22:06.149[0;39m [32m-DEBUG[0;39m [35m88555[0;39m [32m[0;39m [        default] [2m---[0;39m [2m[cTaskExecutor-8][0;39m [36m.a.f.i.c.p.ExtendedJpaTransactionManager[0;39m [2m:[0;39m Committing JPA transaction on EntityManager [org.eclipse.persistence.internal.jpa.EntityManagerImpl@e112a79]
[2m2026-02-17 11:22:06.149[0;39m [32m-DEBUG[0;39m [35m88555[0;39m [32m[0;39m [        default] [2m---[0;39m [2m[cTaskExecutor-8][0;39m [36m.a.f.i.c.p.ExtendedJpaTransactionManager[0;39m [2m:[0;39m Closing JPA EntityManager [org.eclipse.persistence.internal.jpa.EntityManagerImpl@e112a79] after transaction
[2m2026-02-17 11:22:06.150[0;39m [32m-DEBUG[0;39m [35m88555[0;39m [32m[0;39m [        default] [2m---[0;39m [2m[cTaskExecutor-8][0;39m [36m.a.f.i.c.p.ExtendedJpaTransactionManager[0;39m [2m:[0;39m Creating new transaction with name [org.apache.fineract.infrastructure.jobs.service.SchedularWritePlatformServiceJpaRepositoryImpl.saveOrUpdate]: PROPAGATION_REQUIRED,ISOLATION_DEFAULT
[2m2026-02-17 11:22:06.150[0;39m [32m-DEBUG[0;39m [35m88555[0;39m [32m[0;39m [        default] [2m---[0;39m [2m[cTaskExecutor-8][0;39m [36m.a.f.i.c.p.ExtendedJpaTransactionManager[0;39m [2m:[0;39m Opened new EntityManager [org.eclipse.persistence.internal.jpa.EntityManagerImpl@48e7ded6] for JPA transaction
[2m2026-02-17 11:22:06.150[0;39m [32m-DEBUG[0;39m [35m88555[0;39m [32m[0;39m [        default] [2m---[0;39m [2m[cTaskExecutor-8][0;39m [36m.a.f.i.c.p.ExtendedJpaTransactionManager[0;39m [2m:[0;39m Exposing JPA transaction as JDBC [org.springframework.orm.jpa.vendor.EclipseLinkJpaDialect$EclipseLinkConnectionHandle@3dbfbe01]
[2m2026-02-17 11:22:06.150[0;39m [32m-DEBUG[0;39m [35m88555[0;39m [32m[0;39m [        default] [2m---[0;39m [2m[cTaskExecutor-8][0;39m [36m.a.f.i.c.p.ExtendedJpaTransactionManager[0;39m [2m:[0;39m Found thread-bound EntityManager [org.eclipse.persistence.internal.jpa.EntityManagerImpl@48e7ded6] for JPA transaction
[2m2026-02-17 11:22:06.150[0;39m [32m-DEBUG[0;39m [35m88555[0;39m [32m[0;39m [        default] [2m---[0;39m [2m[cTaskExecutor-8][0;39m [36m.a.f.i.c.p.ExtendedJpaTransactionManager[0;39m [2m:[0;39m Participating in existing transaction
[2m2026-02-17 11:22:06.150[0;39m [32m-DEBUG[0;39m [35m88555[0;39m [32m[0;39m [        default] [2m---[0;39m [2m[cTaskExecutor-8][0;39m [36m.a.f.i.c.p.ExtendedJpaTransactionManager[0;39m [2m:[0;39m Initiating transaction commit
[2m2026-02-17 11:22:06.150[0;39m [32m-DEBUG[0;39m [35m88555[0;39m [32m[0;39m [        default] [2m---[0;39m [2m[cTaskExecutor-8][0;39m [36m.a.f.i.c.p.ExtendedJpaTransactionManager[0;39m [2m:[0;39m Committing JPA transaction on EntityManager [org.eclipse.persistence.internal.jpa.EntityManagerImpl@48e7ded6]
[2m2026-02-17 11:22:06.150[0;39m [32m-DEBUG[0;39m [35m88555[0;39m [32m[0;39m [        default] [2m---[0;39m [2m[cTaskExecutor-8][0;39m [36m.a.f.i.c.p.ExtendedJpaTransactionManager[0;39m [2m:[0;39m Closing JPA EntityManager [org.eclipse.persistence.internal.jpa.EntityManagerImpl@48e7ded6] after transaction
[2m2026-02-17 11:22:06.151[0;39m [32m-DEBUG[0;39m [35m88555[0;39m [32m[0;39m [        default] [2m---[0;39m [2m[cTaskExecutor-8][0;39m [36m.a.f.i.c.p.ExtendedJpaTransactionManager[0;39m [2m:[0;39m Creating new transaction with name [org.apache.fineract.infrastructure.jobs.service.SchedularWritePlatformServiceJpaRepositoryImpl.saveOrUpdate]: PROPAGATION_REQUIRED,ISOLATION_DEFAULT
[2m2026-02-17 11:22:06.151[0;39m [32m-DEBUG[0;39m [35m88555[0;39m [32m[0;39m [        default] [2m---[0;39m [2m[cTaskExecutor-8][0;39m [36m.a.f.i.c.p.ExtendedJpaTransactionManager[0;39m [2m:[0;39m Opened new EntityManager [org.eclipse.persistence.internal.jpa.EntityManagerImpl@21abfd2d] for JPA transaction
[2m2026-02-17 11:22:06.151[0;39m [32m-DEBUG[0;39m [35m88555[0;39m [32m[0;39m [        default] [2m---[0;39m [2m[cTaskExecutor-8][0;39m [36m.a.f.i.c.p.ExtendedJpaTransactionManager[0;39m [2m:[0;39m Exposing JPA transaction as JDBC [org.springframework.orm.jpa.vendor.EclipseLinkJpaDialect$EclipseLinkConnectionHandle@6ddd1134]
[2m2026-02-17 11:22:06.151[0;39m [32m-DEBUG[0;39m [35m88555[0;39m [32m[0;39m [        default] [2m---[0;39m [2m[cTaskExecutor-8][0;39m [36m.a.f.i.c.p.ExtendedJpaTransactionManager[0;39m [2m:[0;39m Found thread-bound EntityManager [org.eclipse.persistence.internal.jpa.EntityManagerImpl@21abfd2d] for JPA transaction
[2m2026-02-17 11:22:06.151[0;39m [32m-DEBUG[0;39m [35m88555[0;39m [32m[0;39m [        default] [2m---[0;39m [2m[cTaskExecutor-8][0;39m [36m.a.f.i.c.p.ExtendedJpaTransactionManager[0;39m [2m:[0;39m Participating in existing transaction
[2m2026-02-17 11:22:06.151[0;39m [32m-DEBUG[0;39m [35m88555[0;39m [32m[0;39m [        default] [2m---[0;39m [2m[cTaskExecutor-8][0;39m [36m.a.f.i.c.p.ExtendedJpaTransactionManager[0;39m [2m:[0;39m Initiating transaction commit
[2m2026-02-17 11:22:06.151[0;39m [32m-DEBUG[0;39m [35m88555[0;39m [32m[0;39m [        default] [2m---[0;39m [2m[cTaskExecutor-8][0;39m [36m.a.f.i.c.p.ExtendedJpaTransactionManager[0;39m [2m:[0;39m Committing JPA transaction on EntityManager [org.eclipse.persistence.internal.jpa.EntityManagerImpl@21abfd2d]
[2m2026-02-17 11:22:06.151[0;39m [32m-DEBUG[0;39m [35m88555[0;39m [32m[0;39m [        default] [2m---[0;39m [2m[cTaskExecutor-8][0;39m [36m.a.f.i.c.p.ExtendedJpaTransactionManager[0;39m [2m:[0;39m Closing JPA EntityManager [org.eclipse.persistence.internal.jpa.EntityManagerImpl@21abfd2d] after transaction
[2m2026-02-17 11:22:06.152[0;39m [32m-DEBUG[0;39m [35m88555[0;39m [32m[0;39m [        default] [2m---[0;39m [2m[cTaskExecutor-8][0;39m [36m.a.f.i.c.p.ExtendedJpaTransactionManager[0;39m [2m:[0;39m Creating new transaction with name [org.apache.fineract.infrastructure.jobs.service.SchedularWritePlatformServiceJpaRepositoryImpl.saveOrUpdate]: PROPAGATION_REQUIRED,ISOLATION_DEFAULT
[2m2026-02-17 11:22:06.152[0;39m [32m-DEBUG[0;39m [35m88555[0;39m [32m[0;39m [        default] [2m---[0;39m [2m[cTaskExecutor-8][0;39m [36m.a.f.i.c.p.ExtendedJpaTransactionManager[0;39m [2m:[0;39m Opened new EntityManager [org.eclipse.persistence.internal.jpa.EntityManagerImpl@51ec1530] for JPA transaction
[2m2026-02-17 11:22:06.152[0;39m [32m-DEBUG[0;39m [35m88555[0;39m [32m[0;39m [        default] [2m---[0;39m [2m[cTaskExecutor-8][0;39m [36m.a.f.i.c.p.ExtendedJpaTransactionManager[0;39m [2m:[0;39m Exposing JPA transaction as JDBC [org.springframework.orm.jpa.vendor.EclipseLinkJpaDialect$EclipseLinkConnectionHandle@1ebade40]
[2m2026-02-17 11:22:06.152[0;39m [32m-DEBUG[0;39m [35m88555[0;39m [32m[0;39m [        default] [2m---[0;39m [2m[cTaskExecutor-8][0;39m [36m.a.f.i.c.p.ExtendedJpaTransactionManager[0;39m [2m:[0;39m Found thread-bound EntityManager [org.eclipse.persistence.internal.jpa.EntityManagerImpl@51ec1530] for JPA transaction
[2m2026-02-17 11:22:06.152[0;39m [32m-DEBUG[0;39m [35m88555[0;39m [32m[0;39m [        default] [2m---[0;39m [2m[cTaskExecutor-8][0;39m [36m.a.f.i.c.p.ExtendedJpaTransactionManager[0;39m [2m:[0;39m Participating in existing transaction
[2m2026-02-17 11:22:06.153[0;39m [32m-DEBUG[0;39m [35m88555[0;39m [32m[0;39m [        default] [2m---[0;39m [2m[cTaskExecutor-8][0;39m [36m.a.f.i.c.p.ExtendedJpaTransactionManager[0;39m [2m:[0;39m Initiating transaction commit
[2m2026-02-17 11:22:06.153[0;39m [32m-DEBUG[0;39m [35m88555[0;39m [32m[0;39m [        default] [2m---[0;39m [2m[cTaskExecutor-8][0;39m [36m.a.f.i.c.p.ExtendedJpaTransactionManager[0;39m [2m:[0;39m Committing JPA transaction on EntityManager [org.eclipse.persistence.internal.jpa.EntityManagerImpl@51ec1530]
[2m2026-02-17 11:22:06.153[0;39m [32m-DEBUG[0;39m [35m88555[0;39m [32m[0;39m [        default] [2m---[0;39m [2m[cTaskExecutor-8][0;39m [36m.a.f.i.c.p.ExtendedJpaTransactionManager[0;39m [2m:[0;39m Closing JPA EntityManager [org.eclipse.persistence.internal.jpa.EntityManagerImpl@51ec1530] after transaction
[2m2026-02-17 11:22:06.153[0;39m [32m-DEBUG[0;39m [35m88555[0;39m [32m[0;39m [        default] [2m---[0;39m [2m[cTaskExecutor-8][0;39m [36m.a.f.i.c.p.ExtendedJpaTransactionManager[0;39m [2m:[0;39m Creating new transaction with name [org.apache.fineract.infrastructure.jobs.service.SchedularWritePlatformServiceJpaRepositoryImpl.saveOrUpdate]: PROPAGATION_REQUIRED,ISOLATION_DEFAULT
[2m2026-02-17 11:22:06.153[0;39m [32m-DEBUG[0;39m [35m88555[0;39m [32m[0;39m [        default] [2m---[0;39m [2m[cTaskExecutor-8][0;39m [36m.a.f.i.c.p.ExtendedJpaTransactionManager[0;39m [2m:[0;39m Opened new EntityManager [org.eclipse.persistence.internal.jpa.EntityManagerImpl@ac63f47] for JPA transaction
[2m2026-02-17 11:22:06.153[0;39m [32m-DEBUG[0;39m [35m88555[0;39m [32m[0;39m [        default] [2m---[0;39m [2m[cTaskExecutor-8][0;39m [36m.a.f.i.c.p.ExtendedJpaTransactionManager[0;39m [2m:[0;39m Exposing JPA transaction as JDBC [org.springframework.orm.jpa.vendor.EclipseLinkJpaDialect$EclipseLinkConnectionHandle@77e067c3]
[2m2026-02-17 11:22:06.153[0;39m [32m-DEBUG[0;39m [35m88555[0;39m [32m[0;39m [        default] [2m---[0;39m [2m[cTaskExecutor-8][0;39m [36m.a.f.i.c.p.ExtendedJpaTransactionManager[0;39m [2m:[0;39m Found thread-bound EntityManager [org.eclipse.persistence.internal.jpa.EntityManagerImpl@ac63f47] for JPA transaction
[2m2026-02-17 11:22:06.153[0;39m [32m-DEBUG[0;39m [35m88555[0;39m [32m[0;39m [        default] [2m---[0;39m [2m[cTaskExecutor-8][0;39m [36m.a.f.i.c.p.ExtendedJpaTransactionManager[0;39m [2m:[0;39m Participating in existing transaction
[2m2026-02-17 11:22:06.154[0;39m [32m-DEBUG[0;39m [35m88555[0;39m [32m[0;39m [        default] [2m---[0;39m [2m[cTaskExecutor-8][0;39m [36m.a.f.i.c.p.ExtendedJpaTransactionManager[0;39m [2m:[0;39m Initiating transaction commit
[2m2026-02-17 11:22:06.154[0;39m [32m-DEBUG[0;39m [35m88555[0;39m [32m[0;39m [        default] [2m---[0;39m [2m[cTaskExecutor-8][0;39m [36m.a.f.i.c.p.ExtendedJpaTransactionManager[0;39m [2m:[0;39m Committing JPA transaction on EntityManager [org.eclipse.persistence.internal.jpa.EntityManagerImpl@ac63f47]
[2m2026-02-17 11:22:06.154[0;39m [32m-DEBUG[0;39m [35m88555[0;39m [32m[0;39m [        default] [2m---[0;39m [2m[cTaskExecutor-8][0;39m [36m.a.f.i.c.p.ExtendedJpaTransactionManager[0;39m [2m:[0;39m Closing JPA EntityManager [org.eclipse.persistence.internal.jpa.EntityManagerImpl@ac63f47] after transaction
[2m2026-02-17 11:22:06.154[0;39m [32m-DEBUG[0;39m [35m88555[0;39m [32m[0;39m [        default] [2m---[0;39m [2m[cTaskExecutor-8][0;39m [36m.a.f.i.c.p.ExtendedJpaTransactionManager[0;39m [2m:[0;39m Creating new transaction with name [org.apache.fineract.infrastructure.jobs.service.SchedularWritePlatformServiceJpaRepositoryImpl.saveOrUpdate]: PROPAGATION_REQUIRED,ISOLATION_DEFAULT
[2m2026-02-17 11:22:06.154[0;39m [32m-DEBUG[0;39m [35m88555[0;39m [32m[0;39m [        default] [2m---[0;39m [2m[cTaskExecutor-8][0;39m [36m.a.f.i.c.p.ExtendedJpaTransactionManager[0;39m [2m:[0;39m Opened new EntityManager [org.eclipse.persistence.internal.jpa.EntityManagerImpl@558ed272] for JPA transaction
[2m2026-02-17 11:22:06.154[0;39m [32m-DEBUG[0;39m [35m88555[0;39m [32m[0;39m [        default] [2m---[0;39m [2m[cTaskExecutor-8][0;39m [36m.a.f.i.c.p.ExtendedJpaTransactionManager[0;39m [2m:[0;39m Exposing JPA transaction as JDBC [org.springframework.orm.jpa.vendor.EclipseLinkJpaDialect$EclipseLinkConnectionHandle@1d71a743]
[2m2026-02-17 11:22:06.154[0;39m [32m-DEBUG[0;39m [35m88555[0;39m [32m[0;39m [        default] [2m---[0;39m [2m[cTaskExecutor-8][0;39m [36m.a.f.i.c.p.ExtendedJpaTransactionManager[0;39m [2m:[0;39m Found thread-bound EntityManager [org.eclipse.persistence.internal.jpa.EntityManagerImpl@558ed272] for JPA transaction
[2m2026-02-17 11:22:06.154[0;39m [32m-DEBUG[0;39m [35m88555[0;39m [32m[0;39m [        default] [2m---[0;39m [2m[cTaskExecutor-8][0;39m [36m.a.f.i.c.p.ExtendedJpaTransactionManager[0;39m [2m:[0;39m Participating in existing transaction
[2m2026-02-17 11:22:06.154[0;39m [32m-DEBUG[0;39m [35m88555[0;39m [32m[0;39m [        default] [2m---[0;39m [2m[cTaskExecutor-8][0;39m [36m.a.f.i.c.p.ExtendedJpaTransactionManager[0;39m [2m:[0;39m Initiating transaction commit
[2m2026-02-17 11:22:06.154[0;39m [32m-DEBUG[0;39m [35m88555[0;39m [32m[0;39m [        default] [2m---[0;39m [2m[cTaskExecutor-8][0;39m [36m.a.f.i.c.p.ExtendedJpaTransactionManager[0;39m [2m:[0;39m Committing JPA transaction on EntityManager [org.eclipse.persistence.internal.jpa.EntityManagerImpl@558ed272]
[2m2026-02-17 11:22:06.155[0;39m [32m-DEBUG[0;39m [35m88555[0;39m [32m[0;39m [        default] [2m---[0;39m [2m[cTaskExecutor-8][0;39m [36m.a.f.i.c.p.ExtendedJpaTransactionManager[0;39m [2m:[0;39m Closing JPA EntityManager [org.eclipse.persistence.internal.jpa.EntityManagerImpl@558ed272] after transaction
[2m2026-02-17 11:22:06.155[0;39m [32m- INFO[0;39m [35m88555[0;39m [32m[0;39m [        default] [2m---[0;39m [2m[cTaskExecutor-8][0;39m [36morg.quartz.impl.StdSchedulerFactory     [0;39m [2m:[0;39m Using default implementation for ThreadExecutor
[2m2026-02-17 11:22:06.155[0;39m [32m- INFO[0;39m [35m88555[0;39m [32m[0;39m [        default] [2m---[0;39m [2m[cTaskExecutor-8][0;39m [36morg.quartz.core.SchedulerSignalerImpl   [0;39m [2m:[0;39m Initialized Scheduler Signaller of type: class org.quartz.core.SchedulerSignalerImpl
[2m2026-02-17 11:22:06.155[0;39m [32m- INFO[0;39m [35m88555[0;39m [32m[0;39m [        default] [2m---[0;39m [2m[cTaskExecutor-8][0;39m [36morg.quartz.core.QuartzScheduler         [0;39m [2m:[0;39m Quartz Scheduler v2.5.0 created.
[2m2026-02-17 11:22:06.155[0;39m [32m- INFO[0;39m [35m88555[0;39m [32m[0;39m [        default] [2m---[0;39m [2m[cTaskExecutor-8][0;39m [36morg.quartz.simpl.RAMJobStore            [0;39m [2m:[0;39m RAMJobStore initialized.
[2m2026-02-17 11:22:06.155[0;39m [32m- INFO[0;39m [35m88555[0;39m [32m[0;39m [        default] [2m---[0;39m [2m[cTaskExecutor-8][0;39m [36morg.quartz.core.QuartzScheduler         [0;39m [2m:[0;39m Scheduler meta-data: Quartz Scheduler (v2.5.0) 'Scheduler1group1' with instanceId 'NON_CLUSTERED'
  Scheduler class: 'org.quartz.core.QuartzScheduler' - running locally.
  NOT STARTED.
  Currently in standby mode.
  Number of jobs executed: 0
  Using thread pool 'org.quartz.simpl.SimpleThreadPool' - with 1 threads.
  Using job-store 'org.quartz.simpl.RAMJobStore' - which does not support persistence. and is not clustered.

[2m2026-02-17 11:22:06.155[0;39m [32m- INFO[0;39m [35m88555[0;39m [32m[0;39m [        default] [2m---[0;39m [2m[cTaskExecutor-8][0;39m [36morg.quartz.impl.StdSchedulerFactory     [0;39m [2m:[0;39m Quartz scheduler 'Scheduler1group1' initialized from an externally provided properties instance.
[2m2026-02-17 11:22:06.155[0;39m [32m- INFO[0;39m [35m88555[0;39m [32m[0;39m [        default] [2m---[0;39m [2m[cTaskExecutor-8][0;39m [36morg.quartz.impl.StdSchedulerFactory     [0;39m [2m:[0;39m Quartz scheduler version: 2.5.0
[2m2026-02-17 11:22:06.155[0;39m [32m- INFO[0;39m [35m88555[0;39m [32m[0;39m [        default] [2m---[0;39m [2m[cTaskExecutor-8][0;39m [36morg.quartz.core.QuartzScheduler         [0;39m [2m:[0;39m JobFactory set to: org.springframework.scheduling.quartz.AdaptableJobFactory@2c51c7ff
[2m2026-02-17 11:22:06.155[0;39m [32m- INFO[0;39m [35m88555[0;39m [32m[0;39m [        default] [2m---[0;39m [2m[cTaskExecutor-8][0;39m [36mo.s.s.quartz.SchedulerFactoryBean       [0;39m [2m:[0;39m Starting Quartz Scheduler now
[2m2026-02-17 11:22:06.155[0;39m [32m- INFO[0;39m [35m88555[0;39m [32m[0;39m [        default] [2m---[0;39m [2m[cTaskExecutor-8][0;39m [36morg.quartz.core.QuartzScheduler         [0;39m [2m:[0;39m Scheduler Scheduler1group1_$_NON_CLUSTERED started.
[2m2026-02-17 11:22:06.155[0;39m [32m-DEBUG[0;39m [35m88555[0;39m [32m[0;39m [        default] [2m---[0;39m [2m[cTaskExecutor-8][0;39m [36m.a.f.i.c.p.ExtendedJpaTransactionManager[0;39m [2m:[0;39m Creating new transaction with name [org.apache.fineract.infrastructure.jobs.service.SchedularWritePlatformServiceJpaRepositoryImpl.saveOrUpdate]: PROPAGATION_REQUIRED,ISOLATION_DEFAULT
[2m2026-02-17 11:22:06.155[0;39m [32m-DEBUG[0;39m [35m88555[0;39m [32m[0;39m [        default] [2m---[0;39m [2m[cTaskExecutor-8][0;39m [36m.a.f.i.c.p.ExtendedJpaTransactionManager[0;39m [2m:[0;39m Opened new EntityManager [org.eclipse.persistence.internal.jpa.EntityManagerImpl@5f3275fe] for JPA transaction
[2m2026-02-17 11:22:06.155[0;39m [32m-DEBUG[0;39m [35m88555[0;39m [32m[0;39m [        default] [2m---[0;39m [2m[cTaskExecutor-8][0;39m [36m.a.f.i.c.p.ExtendedJpaTransactionManager[0;39m [2m:[0;39m Exposing JPA transaction as JDBC [org.springframework.orm.jpa.vendor.EclipseLinkJpaDialect$EclipseLinkConnectionHandle@63f8d004]
[2m2026-02-17 11:22:06.155[0;39m [32m-DEBUG[0;39m [35m88555[0;39m [32m[0;39m [        default] [2m---[0;39m [2m[cTaskExecutor-8][0;39m [36m.a.f.i.c.p.ExtendedJpaTransactionManager[0;39m [2m:[0;39m Found thread-bound EntityManager [org.eclipse.persistence.internal.jpa.EntityManagerImpl@5f3275fe] for JPA transaction
[2m2026-02-17 11:22:06.155[0;39m [32m-DEBUG[0;39m [35m88555[0;39m [32m[0;39m [        default] [2m---[0;39m [2m[cTaskExecutor-8][0;39m [36m.a.f.i.c.p.ExtendedJpaTransactionManager[0;39m [2m:[0;39m Participating in existing transaction
[2m2026-02-17 11:22:06.156[0;39m [32m-DEBUG[0;39m [35m88555[0;39m [32m[0;39m [        default] [2m---[0;39m [2m[cTaskExecutor-8][0;39m [36m.a.f.i.c.p.ExtendedJpaTransactionManager[0;39m [2m:[0;39m Initiating transaction commit
[2m2026-02-17 11:22:06.156[0;39m [32m-DEBUG[0;39m [35m88555[0;39m [32m[0;39m [        default] [2m---[0;39m [2m[cTaskExecutor-8][0;39m [36m.a.f.i.c.p.ExtendedJpaTransactionManager[0;39m [2m:[0;39m Committing JPA transaction on EntityManager [org.eclipse.persistence.internal.jpa.EntityManagerImpl@5f3275fe]
[2m2026-02-17 11:22:06.156[0;39m [32m-DEBUG[0;39m [35m88555[0;39m [32m[0;39m [        default] [2m---[0;39m [2m[cTaskExecutor-8][0;39m [36m.a.f.i.c.p.ExtendedJpaTransactionManager[0;39m [2m:[0;39m Closing JPA EntityManager [org.eclipse.persistence.internal.jpa.EntityManagerImpl@5f3275fe] after transaction
[2m2026-02-17 11:22:06.156[0;39m [32m-DEBUG[0;39m [35m88555[0;39m [32m[0;39m [        default] [2m---[0;39m [2m[cTaskExecutor-8][0;39m [36m.a.f.i.c.p.ExtendedJpaTransactionManager[0;39m [2m:[0;39m Creating new transaction with name [org.apache.fineract.infrastructure.jobs.service.SchedularWritePlatformServiceJpaRepositoryImpl.saveOrUpdate]: PROPAGATION_REQUIRED,ISOLATION_DEFAULT
[2m2026-02-17 11:22:06.157[0;39m [32m-DEBUG[0;39m [35m88555[0;39m [32m[0;39m [        default] [2m---[0;39m [2m[cTaskExecutor-8][0;39m [36m.a.f.i.c.p.ExtendedJpaTransactionManager[0;39m [2m:[0;39m Opened new EntityManager [org.eclipse.persistence.internal.jpa.EntityManagerImpl@457b8f5f] for JPA transaction
[2m2026-02-17 11:22:06.157[0;39m [32m-DEBUG[0;39m [35m88555[0;39m [32m[0;39m [        default] [2m---[0;39m [2m[cTaskExecutor-8][0;39m [36m.a.f.i.c.p.ExtendedJpaTransactionManager[0;39m [2m:[0;39m Exposing JPA transaction as JDBC [org.springframework.orm.jpa.vendor.EclipseLinkJpaDialect$EclipseLinkConnectionHandle@11a6b083]
[2m2026-02-17 11:22:06.157[0;39m [32m-DEBUG[0;39m [35m88555[0;39m [32m[0;39m [        default] [2m---[0;39m [2m[cTaskExecutor-8][0;39m [36m.a.f.i.c.p.ExtendedJpaTransactionManager[0;39m [2m:[0;39m Found thread-bound EntityManager [org.eclipse.persistence.internal.jpa.EntityManagerImpl@457b8f5f] for JPA transaction
[2m2026-02-17 11:22:06.157[0;39m [32m-DEBUG[0;39m [35m88555[0;39m [32m[0;39m [        default] [2m---[0;39m [2m[cTaskExecutor-8][0;39m [36m.a.f.i.c.p.ExtendedJpaTransactionManager[0;39m [2m:[0;39m Participating in existing transaction
[2m2026-02-17 11:22:06.157[0;39m [32m-DEBUG[0;39m [35m88555[0;39m [32m[0;39m [        default] [2m---[0;39m [2m[cTaskExecutor-8][0;39m [36m.a.f.i.c.p.ExtendedJpaTransactionManager[0;39m [2m:[0;39m Initiating transaction commit
[2m2026-02-17 11:22:06.157[0;39m [32m-DEBUG[0;39m [35m88555[0;39m [32m[0;39m [        default] [2m---[0;39m [2m[cTaskExecutor-8][0;39m [36m.a.f.i.c.p.ExtendedJpaTransactionManager[0;39m [2m:[0;39m Committing JPA transaction on EntityManager [org.eclipse.persistence.internal.jpa.EntityManagerImpl@457b8f5f]
[2m2026-02-17 11:22:06.157[0;39m [32m-DEBUG[0;39m [35m88555[0;39m [32m[0;39m [        default] [2m---[0;39m [2m[cTaskExecutor-8][0;39m [36m.a.f.i.c.p.ExtendedJpaTransactionManager[0;39m [2m:[0;39m Closing JPA EntityManager [org.eclipse.persistence.internal.jpa.EntityManagerImpl@457b8f5f] after transaction
[2m2026-02-17 11:22:06.157[0;39m [32m-DEBUG[0;39m [35m88555[0;39m [32m[0;39m [        default] [2m---[0;39m [2m[cTaskExecutor-8][0;39m [36m.a.f.i.c.p.ExtendedJpaTransactionManager[0;39m [2m:[0;39m Creating new transaction with name [org.apache.fineract.infrastructure.jobs.service.SchedularWritePlatformServiceJpaRepositoryImpl.saveOrUpdate]: PROPAGATION_REQUIRED,ISOLATION_DEFAULT
[2m2026-02-17 11:22:06.158[0;39m [32m-DEBUG[0;39m [35m88555[0;39m [32m[0;39m [        default] [2m---[0;39m [2m[cTaskExecutor-8][0;39m [36m.a.f.i.c.p.ExtendedJpaTransactionManager[0;39m [2m:[0;39m Opened new EntityManager [org.eclipse.persistence.internal.jpa.EntityManagerImpl@5084ccb3] for JPA transaction
[2m2026-02-17 11:22:06.158[0;39m [32m-DEBUG[0;39m [35m88555[0;39m [32m[0;39m [        default] [2m---[0;39m [2m[cTaskExecutor-8][0;39m [36m.a.f.i.c.p.ExtendedJpaTransactionManager[0;39m [2m:[0;39m Exposing JPA transaction as JDBC [org.springframework.orm.jpa.vendor.EclipseLinkJpaDialect$EclipseLinkConnectionHandle@64a2359b]
[2m2026-02-17 11:22:06.158[0;39m [32m-DEBUG[0;39m [35m88555[0;39m [32m[0;39m [        default] [2m---[0;39m [2m[cTaskExecutor-8][0;39m [36m.a.f.i.c.p.ExtendedJpaTransactionManager[0;39m [2m:[0;39m Found thread-bound EntityManager [org.eclipse.persistence.internal.jpa.EntityManagerImpl@5084ccb3] for JPA transaction
[2m2026-02-17 11:22:06.158[0;39m [32m-DEBUG[0;39m [35m88555[0;39m [32m[0;39m [        default] [2m---[0;39m [2m[cTaskExecutor-8][0;39m [36m.a.f.i.c.p.ExtendedJpaTransactionManager[0;39m [2m:[0;39m Participating in existing transaction
[2m2026-02-17 11:22:06.158[0;39m [32m-DEBUG[0;39m [35m88555[0;39m [32m[0;39m [        default] [2m---[0;39m [2m[cTaskExecutor-8][0;39m [36m.a.f.i.c.p.ExtendedJpaTransactionManager[0;39m [2m:[0;39m Initiating transaction commit
[2m2026-02-17 11:22:06.158[0;39m [32m-DEBUG[0;39m [35m88555[0;39m [32m[0;39m [        default] [2m---[0;39m [2m[cTaskExecutor-8][0;39m [36m.a.f.i.c.p.ExtendedJpaTransactionManager[0;39m [2m:[0;39m Committing JPA transaction on EntityManager [org.eclipse.persistence.internal.jpa.EntityManagerImpl@5084ccb3]
[2m2026-02-17 11:22:06.159[0;39m [32m-DEBUG[0;39m [35m88555[0;39m [32m[0;39m [        default] [2m---[0;39m [2m[cTaskExecutor-8][0;39m [36m.a.f.i.c.p.ExtendedJpaTransactionManager[0;39m [2m:[0;39m Closing JPA EntityManager [org.eclipse.persistence.internal.jpa.EntityManagerImpl@5084ccb3] after transaction
[2m2026-02-17 11:22:06.159[0;39m [32m-DEBUG[0;39m [35m88555[0;39m [32m[0;39m [        default] [2m---[0;39m [2m[cTaskExecutor-8][0;39m [36m.a.f.i.c.p.ExtendedJpaTransactionManager[0;39m [2m:[0;39m Creating new transaction with name [org.apache.fineract.infrastructure.jobs.service.SchedularWritePlatformServiceJpaRepositoryImpl.saveOrUpdate]: PROPAGATION_REQUIRED,ISOLATION_DEFAULT
[2m2026-02-17 11:22:06.159[0;39m [32m-DEBUG[0;39m [35m88555[0;39m [32m[0;39m [        default] [2m---[0;39m [2m[cTaskExecutor-8][0;39m [36m.a.f.i.c.p.ExtendedJpaTransactionManager[0;39m [2m:[0;39m Opened new EntityManager [org.eclipse.persistence.internal.jpa.EntityManagerImpl@69021cd7] for JPA transaction
[2m2026-02-17 11:22:06.159[0;39m [32m-DEBUG[0;39m [35m88555[0;39m [32m[0;39m [        default] [2m---[0;39m [2m[cTaskExecutor-8][0;39m [36m.a.f.i.c.p.ExtendedJpaTransactionManager[0;39m [2m:[0;39m Exposing JPA transaction as JDBC [org.springframework.orm.jpa.vendor.EclipseLinkJpaDialect$EclipseLinkConnectionHandle@8dbdcc4]
[2m2026-02-17 11:22:06.159[0;39m [32m-DEBUG[0;39m [35m88555[0;39m [32m[0;39m [        default] [2m---[0;39m [2m[cTaskExecutor-8][0;39m [36m.a.f.i.c.p.ExtendedJpaTransactionManager[0;39m [2m:[0;39m Found thread-bound EntityManager [org.eclipse.persistence.internal.jpa.EntityManagerImpl@69021cd7] for JPA transaction
[2m2026-02-17 11:22:06.159[0;39m [32m-DEBUG[0;39m [35m88555[0;39m [32m[0;39m [        default] [2m---[0;39m [2m[cTaskExecutor-8][0;39m [36m.a.f.i.c.p.ExtendedJpaTransactionManager[0;39m [2m:[0;39m Participating in existing transaction
[2m2026-02-17 11:22:06.159[0;39m [32m-DEBUG[0;39m [35m88555[0;39m [32m[0;39m [        default] [2m---[0;39m [2m[cTaskExecutor-8][0;39m [36m.a.f.i.c.p.ExtendedJpaTransactionManager[0;39m [2m:[0;39m Initiating transaction commit
[2m2026-02-17 11:22:06.159[0;39m [32m-DEBUG[0;39m [35m88555[0;39m [32m[0;39m [        default] [2m---[0;39m [2m[cTaskExecutor-8][0;39m [36m.a.f.i.c.p.ExtendedJpaTransactionManager[0;39m [2m:[0;39m Committing JPA transaction on EntityManager [org.eclipse.persistence.internal.jpa.EntityManagerImpl@69021cd7]
[2m2026-02-17 11:22:06.159[0;39m [32m-DEBUG[0;39m [35m88555[0;39m [32m[0;39m [        default] [2m---[0;39m [2m[cTaskExecutor-8][0;39m [36m.a.f.i.c.p.ExtendedJpaTransactionManager[0;39m [2m:[0;39m Closing JPA EntityManager [org.eclipse.persistence.internal.jpa.EntityManagerImpl@69021cd7] after transaction
[2m2026-02-17 11:22:06.160[0;39m [32m-DEBUG[0;39m [35m88555[0;39m [32m[0;39m [        default] [2m---[0;39m [2m[cTaskExecutor-8][0;39m [36m.a.f.i.c.p.ExtendedJpaTransactionManager[0;39m [2m:[0;39m Creating new transaction with name [org.apache.fineract.infrastructure.jobs.service.SchedularWritePlatformServiceJpaRepositoryImpl.saveOrUpdate]: PROPAGATION_REQUIRED,ISOLATION_DEFAULT
[2m2026-02-17 11:22:06.160[0;39m [32m-DEBUG[0;39m [35m88555[0;39m [32m[0;39m [        default] [2m---[0;39m [2m[cTaskExecutor-8][0;39m [36m.a.f.i.c.p.ExtendedJpaTransactionManager[0;39m [2m:[0;39m Opened new EntityManager [org.eclipse.persistence.internal.jpa.EntityManagerImpl@190cbc4d] for JPA transaction
[2m2026-02-17 11:22:06.160[0;39m [32m-DEBUG[0;39m [35m88555[0;39m [32m[0;39m [        default] [2m---[0;39m [2m[cTaskExecutor-8][0;39m [36m.a.f.i.c.p.ExtendedJpaTransactionManager[0;39m [2m:[0;39m Exposing JPA transaction as JDBC [org.springframework.orm.jpa.vendor.EclipseLinkJpaDialect$EclipseLinkConnectionHandle@23d90637]
[2m2026-02-17 11:22:06.160[0;39m [32m-DEBUG[0;39m [35m88555[0;39m [32m[0;39m [        default] [2m---[0;39m [2m[cTaskExecutor-8][0;39m [36m.a.f.i.c.p.ExtendedJpaTransactionManager[0;39m [2m:[0;39m Found thread-bound EntityManager [org.eclipse.persistence.internal.jpa.EntityManagerImpl@190cbc4d] for JPA transaction
[2m2026-02-17 11:22:06.160[0;39m [32m-DEBUG[0;39m [35m88555[0;39m [32m[0;39m [        default] [2m---[0;39m [2m[cTaskExecutor-8][0;39m [36m.a.f.i.c.p.ExtendedJpaTransactionManager[0;39m [2m:[0;39m Participating in existing transaction
[2m2026-02-17 11:22:06.160[0;39m [32m-DEBUG[0;39m [35m88555[0;39m [32m[0;39m [        default] [2m---[0;39m [2m[cTaskExecutor-8][0;39m [36m.a.f.i.c.p.ExtendedJpaTransactionManager[0;39m [2m:[0;39m Initiating transaction commit
[2m2026-02-17 11:22:06.160[0;39m [32m-DEBUG[0;39m [35m88555[0;39m [32m[0;39m [        default] [2m---[0;39m [2m[cTaskExecutor-8][0;39m [36m.a.f.i.c.p.ExtendedJpaTransactionManager[0;39m [2m:[0;39m Committing JPA transaction on EntityManager [org.eclipse.persistence.internal.jpa.EntityManagerImpl@190cbc4d]
[2m2026-02-17 11:22:06.160[0;39m [32m-DEBUG[0;39m [35m88555[0;39m [32m[0;39m [        default] [2m---[0;39m [2m[cTaskExecutor-8][0;39m [36m.a.f.i.c.p.ExtendedJpaTransactionManager[0;39m [2m:[0;39m Closing JPA EntityManager [org.eclipse.persistence.internal.jpa.EntityManagerImpl@190cbc4d] after transaction
[2m2026-02-17 11:22:06.160[0;39m [32m-DEBUG[0;39m [35m88555[0;39m [32m[0;39m [        default] [2m---[0;39m [2m[cTaskExecutor-8][0;39m [36m.a.f.i.c.p.ExtendedJpaTransactionManager[0;39m [2m:[0;39m Creating new transaction with name [org.apache.fineract.infrastructure.jobs.service.SchedularWritePlatformServiceJpaRepositoryImpl.saveOrUpdate]: PROPAGATION_REQUIRED,ISOLATION_DEFAULT
[2m2026-02-17 11:22:06.160[0;39m [32m-DEBUG[0;39m [35m88555[0;39m [32m[0;39m [        default] [2m---[0;39m [2m[cTaskExecutor-8][0;39m [36m.a.f.i.c.p.ExtendedJpaTransactionManager[0;39m [2m:[0;39m Opened new EntityManager [org.eclipse.persistence.internal.jpa.EntityManagerImpl@27f3f7ce] for JPA transaction
[2m2026-02-17 11:22:06.160[0;39m [32m-DEBUG[0;39m [35m88555[0;39m [32m[0;39m [        default] [2m---[0;39m [2m[cTaskExecutor-8][0;39m [36m.a.f.i.c.p.ExtendedJpaTransactionManager[0;39m [2m:[0;39m Exposing JPA transaction as JDBC [org.springframework.orm.jpa.vendor.EclipseLinkJpaDialect$EclipseLinkConnectionHandle@4c524228]
[2m2026-02-17 11:22:06.161[0;39m [32m-DEBUG[0;39m [35m88555[0;39m [32m[0;39m [        default] [2m---[0;39m [2m[cTaskExecutor-8][0;39m [36m.a.f.i.c.p.ExtendedJpaTransactionManager[0;39m [2m:[0;39m Found thread-bound EntityManager [org.eclipse.persistence.internal.jpa.EntityManagerImpl@27f3f7ce] for JPA transaction
[2m2026-02-17 11:22:06.161[0;39m [32m-DEBUG[0;39m [35m88555[0;39m [32m[0;39m [        default] [2m---[0;39m [2m[cTaskExecutor-8][0;39m [36m.a.f.i.c.p.ExtendedJpaTransactionManager[0;39m [2m:[0;39m Participating in existing transaction
[2m2026-02-17 11:22:06.161[0;39m [32m-DEBUG[0;39m [35m88555[0;39m [32m[0;39m [        default] [2m---[0;39m [2m[cTaskExecutor-8][0;39m [36m.a.f.i.c.p.ExtendedJpaTransactionManager[0;39m [2m:[0;39m Initiating transaction commit
[2m2026-02-17 11:22:06.161[0;39m [32m-DEBUG[0;39m [35m88555[0;39m [32m[0;39m [        default] [2m---[0;39m [2m[cTaskExecutor-8][0;39m [36m.a.f.i.c.p.ExtendedJpaTransactionManager[0;39m [2m:[0;39m Committing JPA transaction on EntityManager [org.eclipse.persistence.internal.jpa.EntityManagerImpl@27f3f7ce]
[2m2026-02-17 11:22:06.161[0;39m [32m-DEBUG[0;39m [35m88555[0;39m [32m[0;39m [        default] [2m---[0;39m [2m[cTaskExecutor-8][0;39m [36m.a.f.i.c.p.ExtendedJpaTransactionManager[0;39m [2m:[0;39m Closing JPA EntityManager [org.eclipse.persistence.internal.jpa.EntityManagerImpl@27f3f7ce] after transaction
[2m2026-02-17 11:22:06.161[0;39m [32m-DEBUG[0;39m [35m88555[0;39m [32m[0;39m [        default] [2m---[0;39m [2m[cTaskExecutor-8][0;39m [36m.a.f.i.c.p.ExtendedJpaTransactionManager[0;39m [2m:[0;39m Creating new transaction with name [org.apache.fineract.infrastructure.jobs.service.SchedularWritePlatformServiceJpaRepositoryImpl.saveOrUpdate]: PROPAGATION_REQUIRED,ISOLATION_DEFAULT
[2m2026-02-17 11:22:06.161[0;39m [32m-DEBUG[0;39m [35m88555[0;39m [32m[0;39m [        default] [2m---[0;39m [2m[cTaskExecutor-8][0;39m [36m.a.f.i.c.p.ExtendedJpaTransactionManager[0;39m [2m:[0;39m Opened new EntityManager [org.eclipse.persistence.internal.jpa.EntityManagerImpl@1830d189] for JPA transaction
[2m2026-02-17 11:22:06.161[0;39m [32m-DEBUG[0;39m [35m88555[0;39m [32m[0;39m [        default] [2m---[0;39m [2m[cTaskExecutor-8][0;39m [36m.a.f.i.c.p.ExtendedJpaTransactionManager[0;39m [2m:[0;39m Exposing JPA transaction as JDBC [org.springframework.orm.jpa.vendor.EclipseLinkJpaDialect$EclipseLinkConnectionHandle@70b0a636]
[2m2026-02-17 11:22:06.161[0;39m [32m-DEBUG[0;39m [35m88555[0;39m [32m[0;39m [        default] [2m---[0;39m [2m[cTaskExecutor-8][0;39m [36m.a.f.i.c.p.ExtendedJpaTransactionManager[0;39m [2m:[0;39m Found thread-bound EntityManager [org.eclipse.persistence.internal.jpa.EntityManagerImpl@1830d189] for JPA transaction
[2m2026-02-17 11:22:06.161[0;39m [32m-DEBUG[0;39m [35m88555[0;39m [32m[0;39m [        default] [2m---[0;39m [2m[cTaskExecutor-8][0;39m [36m.a.f.i.c.p.ExtendedJpaTransactionManager[0;39m [2m:[0;39m Participating in existing transaction
[2m2026-02-17 11:22:06.162[0;39m [32m-DEBUG[0;39m [35m88555[0;39m [32m[0;39m [        default] [2m---[0;39m [2m[cTaskExecutor-8][0;39m [36m.a.f.i.c.p.ExtendedJpaTransactionManager[0;39m [2m:[0;39m Initiating transaction commit
[2m2026-02-17 11:22:06.162[0;39m [32m-DEBUG[0;39m [35m88555[0;39m [32m[0;39m [        default] [2m---[0;39m [2m[cTaskExecutor-8][0;39m [36m.a.f.i.c.p.ExtendedJpaTransactionManager[0;39m [2m:[0;39m Committing JPA transaction on EntityManager [org.eclipse.persistence.internal.jpa.EntityManagerImpl@1830d189]
[2m2026-02-17 11:22:06.162[0;39m [32m-DEBUG[0;39m [35m88555[0;39m [32m[0;39m [        default] [2m---[0;39m [2m[cTaskExecutor-8][0;39m [36m.a.f.i.c.p.ExtendedJpaTransactionManager[0;39m [2m:[0;39m Closing JPA EntityManager [org.eclipse.persistence.internal.jpa.EntityManagerImpl@1830d189] after transaction
[2m2026-02-17 11:22:06.162[0;39m [32m-DEBUG[0;39m [35m88555[0;39m [32m[0;39m [        default] [2m---[0;39m [2m[cTaskExecutor-8][0;39m [36m.a.f.i.c.p.ExtendedJpaTransactionManager[0;39m [2m:[0;39m Creating new transaction with name [org.apache.fineract.infrastructure.jobs.service.SchedularWritePlatformServiceJpaRepositoryImpl.saveOrUpdate]: PROPAGATION_REQUIRED,ISOLATION_DEFAULT
[2m2026-02-17 11:22:06.162[0;39m [32m-DEBUG[0;39m [35m88555[0;39m [32m[0;39m [        default] [2m---[0;39m [2m[cTaskExecutor-8][0;39m [36m.a.f.i.c.p.ExtendedJpaTransactionManager[0;39m [2m:[0;39m Opened new EntityManager [org.eclipse.persistence.internal.jpa.EntityManagerImpl@2fdfaf27] for JPA transaction
[2m2026-02-17 11:22:06.162[0;39m [32m-DEBUG[0;39m [35m88555[0;39m [32m[0;39m [        default] [2m---[0;39m [2m[cTaskExecutor-8][0;39m [36m.a.f.i.c.p.ExtendedJpaTransactionManager[0;39m [2m:[0;39m Exposing JPA transaction as JDBC [org.springframework.orm.jpa.vendor.EclipseLinkJpaDialect$EclipseLinkConnectionHandle@21548357]
[2m2026-02-17 11:22:06.162[0;39m [32m-DEBUG[0;39m [35m88555[0;39m [32m[0;39m [        default] [2m---[0;39m [2m[cTaskExecutor-8][0;39m [36m.a.f.i.c.p.ExtendedJpaTransactionManager[0;39m [2m:[0;39m Found thread-bound EntityManager [org.eclipse.persistence.internal.jpa.EntityManagerImpl@2fdfaf27] for JPA transaction
[2m2026-02-17 11:22:06.162[0;39m [32m-DEBUG[0;39m [35m88555[0;39m [32m[0;39m [        default] [2m---[0;39m [2m[cTaskExecutor-8][0;39m [36m.a.f.i.c.p.ExtendedJpaTransactionManager[0;39m [2m:[0;39m Participating in existing transaction
[2m2026-02-17 11:22:06.162[0;39m [32m-DEBUG[0;39m [35m88555[0;39m [32m[0;39m [        default] [2m---[0;39m [2m[cTaskExecutor-8][0;39m [36m.a.f.i.c.p.ExtendedJpaTransactionManager[0;39m [2m:[0;39m Initiating transaction commit
[2m2026-02-17 11:22:06.163[0;39m [32m-DEBUG[0;39m [35m88555[0;39m [32m[0;39m [        default] [2m---[0;39m [2m[cTaskExecutor-8][0;39m [36m.a.f.i.c.p.ExtendedJpaTransactionManager[0;39m [2m:[0;39m Committing JPA transaction on EntityManager [org.eclipse.persistence.internal.jpa.EntityManagerImpl@2fdfaf27]
[2m2026-02-17 11:22:06.163[0;39m [32m-DEBUG[0;39m [35m88555[0;39m [32m[0;39m [        default] [2m---[0;39m [2m[cTaskExecutor-8][0;39m [36m.a.f.i.c.p.ExtendedJpaTransactionManager[0;39m [2m:[0;39m Closing JPA EntityManager [org.eclipse.persistence.internal.jpa.EntityManagerImpl@2fdfaf27] after transaction
[2m2026-02-17 11:22:06.163[0;39m [32m-DEBUG[0;39m [35m88555[0;39m [32m[0;39m [        default] [2m---[0;39m [2m[cTaskExecutor-8][0;39m [36m.a.f.i.c.p.ExtendedJpaTransactionManager[0;39m [2m:[0;39m Creating new transaction with name [org.apache.fineract.infrastructure.jobs.service.SchedularWritePlatformServiceJpaRepositoryImpl.saveOrUpdate]: PROPAGATION_REQUIRED,ISOLATION_DEFAULT
[2m2026-02-17 11:22:06.163[0;39m [32m-DEBUG[0;39m [35m88555[0;39m [32m[0;39m [        default] [2m---[0;39m [2m[cTaskExecutor-8][0;39m [36m.a.f.i.c.p.ExtendedJpaTransactionManager[0;39m [2m:[0;39m Opened new EntityManager [org.eclipse.persistence.internal.jpa.EntityManagerImpl@79aa37ef] for JPA transaction
[2m2026-02-17 11:22:06.163[0;39m [32m-DEBUG[0;39m [35m88555[0;39m [32m[0;39m [        default] [2m---[0;39m [2m[cTaskExecutor-8][0;39m [36m.a.f.i.c.p.ExtendedJpaTransactionManager[0;39m [2m:[0;39m Exposing JPA transaction as JDBC [org.springframework.orm.jpa.vendor.EclipseLinkJpaDialect$EclipseLinkConnectionHandle@6b6a444c]
[2m2026-02-17 11:22:06.163[0;39m [32m-DEBUG[0;39m [35m88555[0;39m [32m[0;39m [        default] [2m---[0;39m [2m[cTaskExecutor-8][0;39m [36m.a.f.i.c.p.ExtendedJpaTransactionManager[0;39m [2m:[0;39m Found thread-bound EntityManager [org.eclipse.persistence.internal.jpa.EntityManagerImpl@79aa37ef] for JPA transaction
[2m2026-02-17 11:22:06.163[0;39m [32m-DEBUG[0;39m [35m88555[0;39m [32m[0;39m [        default] [2m---[0;39m [2m[cTaskExecutor-8][0;39m [36m.a.f.i.c.p.ExtendedJpaTransactionManager[0;39m [2m:[0;39m Participating in existing transaction
[2m2026-02-17 11:22:06.163[0;39m [32m-DEBUG[0;39m [35m88555[0;39m [32m[0;39m [        default] [2m---[0;39m [2m[cTaskExecutor-8][0;39m [36m.a.f.i.c.p.ExtendedJpaTransactionManager[0;39m [2m:[0;39m Initiating transaction commit
[2m2026-02-17 11:22:06.163[0;39m [32m-DEBUG[0;39m [35m88555[0;39m [32m[0;39m [        default] [2m---[0;39m [2m[cTaskExecutor-8][0;39m [36m.a.f.i.c.p.ExtendedJpaTransactionManager[0;39m [2m:[0;39m Committing JPA transaction on EntityManager [org.eclipse.persistence.internal.jpa.EntityManagerImpl@79aa37ef]
[2m2026-02-17 11:22:06.163[0;39m [32m-DEBUG[0;39m [35m88555[0;39m [32m[0;39m [        default] [2m---[0;39m [2m[cTaskExecutor-8][0;39m [36m.a.f.i.c.p.ExtendedJpaTransactionManager[0;39m [2m:[0;39m Closing JPA EntityManager [org.eclipse.persistence.internal.jpa.EntityManagerImpl@79aa37ef] after transaction
[2m2026-02-17 11:22:06.164[0;39m [32m-DEBUG[0;39m [35m88555[0;39m [32m[0;39m [        default] [2m---[0;39m [2m[cTaskExecutor-8][0;39m [36m.a.f.i.c.p.ExtendedJpaTransactionManager[0;39m [2m:[0;39m Creating new transaction with name [org.apache.fineract.infrastructure.jobs.service.SchedularWritePlatformServiceJpaRepositoryImpl.saveOrUpdate]: PROPAGATION_REQUIRED,ISOLATION_DEFAULT
[2m2026-02-17 11:22:06.164[0;39m [32m-DEBUG[0;39m [35m88555[0;39m [32m[0;39m [        default] [2m---[0;39m [2m[cTaskExecutor-8][0;39m [36m.a.f.i.c.p.ExtendedJpaTransactionManager[0;39m [2m:[0;39m Opened new EntityManager [org.eclipse.persistence.internal.jpa.EntityManagerImpl@982146e] for JPA transaction
[2m2026-02-17 11:22:06.164[0;39m [32m-DEBUG[0;39m [35m88555[0;39m [32m[0;39m [        default] [2m---[0;39m [2m[cTaskExecutor-8][0;39m [36m.a.f.i.c.p.ExtendedJpaTransactionManager[0;39m [2m:[0;39m Exposing JPA transaction as JDBC [org.springframework.orm.jpa.vendor.EclipseLinkJpaDialect$EclipseLinkConnectionHandle@6f637c6d]
[2m2026-02-17 11:22:06.164[0;39m [32m-DEBUG[0;39m [35m88555[0;39m [32m[0;39m [        default] [2m---[0;39m [2m[cTaskExecutor-8][0;39m [36m.a.f.i.c.p.ExtendedJpaTransactionManager[0;39m [2m:[0;39m Found thread-bound EntityManager [org.eclipse.persistence.internal.jpa.EntityManagerImpl@982146e] for JPA transaction
[2m2026-02-17 11:22:06.164[0;39m [32m-DEBUG[0;39m [35m88555[0;39m [32m[0;39m [        default] [2m---[0;39m [2m[cTaskExecutor-8][0;39m [36m.a.f.i.c.p.ExtendedJpaTransactionManager[0;39m [2m:[0;39m Participating in existing transaction
[2m2026-02-17 11:22:06.164[0;39m [32m-DEBUG[0;39m [35m88555[0;39m [32m[0;39m [        default] [2m---[0;39m [2m[cTaskExecutor-8][0;39m [36m.a.f.i.c.p.ExtendedJpaTransactionManager[0;39m [2m:[0;39m Initiating transaction commit
[2m2026-02-17 11:22:06.164[0;39m [32m-DEBUG[0;39m [35m88555[0;39m [32m[0;39m [        default] [2m---[0;39m [2m[cTaskExecutor-8][0;39m [36m.a.f.i.c.p.ExtendedJpaTransactionManager[0;39m [2m:[0;39m Committing JPA transaction on EntityManager [org.eclipse.persistence.internal.jpa.EntityManagerImpl@982146e]
[2m2026-02-17 11:22:06.164[0;39m [32m-DEBUG[0;39m [35m88555[0;39m [32m[0;39m [        default] [2m---[0;39m [2m[cTaskExecutor-8][0;39m [36m.a.f.i.c.p.ExtendedJpaTransactionManager[0;39m [2m:[0;39m Closing JPA EntityManager [org.eclipse.persistence.internal.jpa.EntityManagerImpl@982146e] after transaction
[2m2026-02-17 11:22:06.164[0;39m [32m-DEBUG[0;39m [35m88555[0;39m [32m[0;39m [        default] [2m---[0;39m [2m[cTaskExecutor-8][0;39m [36m.a.f.i.c.p.ExtendedJpaTransactionManager[0;39m [2m:[0;39m Creating new transaction with name [org.apache.fineract.infrastructure.jobs.service.SchedularWritePlatformServiceJpaRepositoryImpl.saveOrUpdate]: PROPAGATION_REQUIRED,ISOLATION_DEFAULT
[2m2026-02-17 11:22:06.164[0;39m [32m-DEBUG[0;39m [35m88555[0;39m [32m[0;39m [        default] [2m---[0;39m [2m[cTaskExecutor-8][0;39m [36m.a.f.i.c.p.ExtendedJpaTransactionManager[0;39m [2m:[0;39m Opened new EntityManager [org.eclipse.persistence.internal.jpa.EntityManagerImpl@401dc2a2] for JPA transaction
[2m2026-02-17 11:22:06.164[0;39m [32m-DEBUG[0;39m [35m88555[0;39m [32m[0;39m [        default] [2m---[0;39m [2m[cTaskExecutor-8][0;39m [36m.a.f.i.c.p.ExtendedJpaTransactionManager[0;39m [2m:[0;39m Exposing JPA transaction as JDBC [org.springframework.orm.jpa.vendor.EclipseLinkJpaDialect$EclipseLinkConnectionHandle@fc31efb]
[2m2026-02-17 11:22:06.164[0;39m [32m-DEBUG[0;39m [35m88555[0;39m [32m[0;39m [        default] [2m---[0;39m [2m[cTaskExecutor-8][0;39m [36m.a.f.i.c.p.ExtendedJpaTransactionManager[0;39m [2m:[0;39m Found thread-bound EntityManager [org.eclipse.persistence.internal.jpa.EntityManagerImpl@401dc2a2] for JPA transaction
[2m2026-02-17 11:22:06.165[0;39m [32m-DEBUG[0;39m [35m88555[0;39m [32m[0;39m [        default] [2m---[0;39m [2m[cTaskExecutor-8][0;39m [36m.a.f.i.c.p.ExtendedJpaTransactionManager[0;39m [2m:[0;39m Participating in existing transaction
[2m2026-02-17 11:22:06.165[0;39m [32m-DEBUG[0;39m [35m88555[0;39m [32m[0;39m [        default] [2m---[0;39m [2m[cTaskExecutor-8][0;39m [36m.a.f.i.c.p.ExtendedJpaTransactionManager[0;39m [2m:[0;39m Initiating transaction commit
[2m2026-02-17 11:22:06.165[0;39m [32m-DEBUG[0;39m [35m88555[0;39m [32m[0;39m [        default] [2m---[0;39m [2m[cTaskExecutor-8][0;39m [36m.a.f.i.c.p.ExtendedJpaTransactionManager[0;39m [2m:[0;39m Committing JPA transaction on EntityManager [org.eclipse.persistence.internal.jpa.EntityManagerImpl@401dc2a2]
[2m2026-02-17 11:22:06.165[0;39m [32m-DEBUG[0;39m [35m88555[0;39m [32m[0;39m [        default] [2m---[0;39m [2m[cTaskExecutor-8][0;39m [36m.a.f.i.c.p.ExtendedJpaTransactionManager[0;39m [2m:[0;39m Closing JPA EntityManager [org.eclipse.persistence.internal.jpa.EntityManagerImpl@401dc2a2] after transaction
[2m2026-02-17 11:22:06.165[0;39m [32m-DEBUG[0;39m [35m88555[0;39m [32m[0;39m [        default] [2m---[0;39m [2m[cTaskExecutor-8][0;39m [36m.a.f.i.c.p.ExtendedJpaTransactionManager[0;39m [2m:[0;39m Creating new transaction with name [org.apache.fineract.infrastructure.jobs.service.SchedularWritePlatformServiceJpaRepositoryImpl.saveOrUpdate]: PROPAGATION_REQUIRED,ISOLATION_DEFAULT
[2m2026-02-17 11:22:06.165[0;39m [32m-DEBUG[0;39m [35m88555[0;39m [32m[0;39m [        default] [2m---[0;39m [2m[cTaskExecutor-8][0;39m [36m.a.f.i.c.p.ExtendedJpaTransactionManager[0;39m [2m:[0;39m Opened new EntityManager [org.eclipse.persistence.internal.jpa.EntityManagerImpl@6d205abc] for JPA transaction
[2m2026-02-17 11:22:06.165[0;39m [32m-DEBUG[0;39m [35m88555[0;39m [32m[0;39m [        default] [2m---[0;39m [2m[cTaskExecutor-8][0;39m [36m.a.f.i.c.p.ExtendedJpaTransactionManager[0;39m [2m:[0;39m Exposing JPA transaction as JDBC [org.springframework.orm.jpa.vendor.EclipseLinkJpaDialect$EclipseLinkConnectionHandle@40776c1c]
[2m2026-02-17 11:22:06.165[0;39m [32m-DEBUG[0;39m [35m88555[0;39m [32m[0;39m [        default] [2m---[0;39m [2m[cTaskExecutor-8][0;39m [36m.a.f.i.c.p.ExtendedJpaTransactionManager[0;39m [2m:[0;39m Found thread-bound EntityManager [org.eclipse.persistence.internal.jpa.EntityManagerImpl@6d205abc] for JPA transaction
[2m2026-02-17 11:22:06.165[0;39m [32m-DEBUG[0;39m [35m88555[0;39m [32m[0;39m [        default] [2m---[0;39m [2m[cTaskExecutor-8][0;39m [36m.a.f.i.c.p.ExtendedJpaTransactionManager[0;39m [2m:[0;39m Participating in existing transaction
[2m2026-02-17 11:22:06.166[0;39m [32m-DEBUG[0;39m [35m88555[0;39m [32m[0;39m [        default] [2m---[0;39m [2m[cTaskExecutor-8][0;39m [36m.a.f.i.c.p.ExtendedJpaTransactionManager[0;39m [2m:[0;39m Initiating transaction commit
[2m2026-02-17 11:22:06.166[0;39m [32m-DEBUG[0;39m [35m88555[0;39m [32m[0;39m [        default] [2m---[0;39m [2m[cTaskExecutor-8][0;39m [36m.a.f.i.c.p.ExtendedJpaTransactionManager[0;39m [2m:[0;39m Committing JPA transaction on EntityManager [org.eclipse.persistence.internal.jpa.EntityManagerImpl@6d205abc]
[2m2026-02-17 11:22:06.166[0;39m [32m-DEBUG[0;39m [35m88555[0;39m [32m[0;39m [        default] [2m---[0;39m [2m[cTaskExecutor-8][0;39m [36m.a.f.i.c.p.ExtendedJpaTransactionManager[0;39m [2m:[0;39m Closing JPA EntityManager [org.eclipse.persistence.internal.jpa.EntityManagerImpl@6d205abc] after transaction
[2m2026-02-17 11:22:06.166[0;39m [32m-DEBUG[0;39m [35m88555[0;39m [32m[0;39m [        default] [2m---[0;39m [2m[cTaskExecutor-8][0;39m [36m.a.f.i.c.p.ExtendedJpaTransactionManager[0;39m [2m:[0;39m Creating new transaction with name [org.apache.fineract.infrastructure.jobs.service.SchedularWritePlatformServiceJpaRepositoryImpl.saveOrUpdate]: PROPAGATION_REQUIRED,ISOLATION_DEFAULT
[2m2026-02-17 11:22:06.166[0;39m [32m-DEBUG[0;39m [35m88555[0;39m [32m[0;39m [        default] [2m---[0;39m [2m[cTaskExecutor-8][0;39m [36m.a.f.i.c.p.ExtendedJpaTransactionManager[0;39m [2m:[0;39m Opened new EntityManager [org.eclipse.persistence.internal.jpa.EntityManagerImpl@4cb8fb91] for JPA transaction
[2m2026-02-17 11:22:06.166[0;39m [32m-DEBUG[0;39m [35m88555[0;39m [32m[0;39m [        default] [2m---[0;39m [2m[cTaskExecutor-8][0;39m [36m.a.f.i.c.p.ExtendedJpaTransactionManager[0;39m [2m:[0;39m Exposing JPA transaction as JDBC [org.springframework.orm.jpa.vendor.EclipseLinkJpaDialect$EclipseLinkConnectionHandle@56092e89]
[2m2026-02-17 11:22:06.166[0;39m [32m-DEBUG[0;39m [35m88555[0;39m [32m[0;39m [        default] [2m---[0;39m [2m[cTaskExecutor-8][0;39m [36m.a.f.i.c.p.ExtendedJpaTransactionManager[0;39m [2m:[0;39m Found thread-bound EntityManager [org.eclipse.persistence.internal.jpa.EntityManagerImpl@4cb8fb91] for JPA transaction
[2m2026-02-17 11:22:06.166[0;39m [32m-DEBUG[0;39m [35m88555[0;39m [32m[0;39m [        default] [2m---[0;39m [2m[cTaskExecutor-8][0;39m [36m.a.f.i.c.p.ExtendedJpaTransactionManager[0;39m [2m:[0;39m Participating in existing transaction
[2m2026-02-17 11:22:06.166[0;39m [32m-DEBUG[0;39m [35m88555[0;39m [32m[0;39m [        default] [2m---[0;39m [2m[cTaskExecutor-8][0;39m [36m.a.f.i.c.p.ExtendedJpaTransactionManager[0;39m [2m:[0;39m Initiating transaction commit
[2m2026-02-17 11:22:06.166[0;39m [32m-DEBUG[0;39m [35m88555[0;39m [32m[0;39m [        default] [2m---[0;39m [2m[cTaskExecutor-8][0;39m [36m.a.f.i.c.p.ExtendedJpaTransactionManager[0;39m [2m:[0;39m Committing JPA transaction on EntityManager [org.eclipse.persistence.internal.jpa.EntityManagerImpl@4cb8fb91]
[2m2026-02-17 11:22:06.166[0;39m [32m-DEBUG[0;39m [35m88555[0;39m [32m[0;39m [        default] [2m---[0;39m [2m[cTaskExecutor-8][0;39m [36m.a.f.i.c.p.ExtendedJpaTransactionManager[0;39m [2m:[0;39m Closing JPA EntityManager [org.eclipse.persistence.internal.jpa.EntityManagerImpl@4cb8fb91] after transaction
[2m2026-02-17 11:22:06.167[0;39m [32m-DEBUG[0;39m [35m88555[0;39m [32m[0;39m [        default] [2m---[0;39m [2m[cTaskExecutor-8][0;39m [36m.a.f.i.c.p.ExtendedJpaTransactionManager[0;39m [2m:[0;39m Creating new transaction with name [org.apache.fineract.infrastructure.jobs.service.SchedularWritePlatformServiceJpaRepositoryImpl.saveOrUpdate]: PROPAGATION_REQUIRED,ISOLATION_DEFAULT
[2m2026-02-17 11:22:06.167[0;39m [32m-DEBUG[0;39m [35m88555[0;39m [32m[0;39m [        default] [2m---[0;39m [2m[cTaskExecutor-8][0;39m [36m.a.f.i.c.p.ExtendedJpaTransactionManager[0;39m [2m:[0;39m Opened new EntityManager [org.eclipse.persistence.internal.jpa.EntityManagerImpl@7f033074] for JPA transaction
[2m2026-02-17 11:22:06.167[0;39m [32m-DEBUG[0;39m [35m88555[0;39m [32m[0;39m [        default] [2m---[0;39m [2m[cTaskExecutor-8][0;39m [36m.a.f.i.c.p.ExtendedJpaTransactionManager[0;39m [2m:[0;39m Exposing JPA transaction as JDBC [org.springframework.orm.jpa.vendor.EclipseLinkJpaDialect$EclipseLinkConnectionHandle@4bb334b5]
[2m2026-02-17 11:22:06.167[0;39m [32m-DEBUG[0;39m [35m88555[0;39m [32m[0;39m [        default] [2m---[0;39m [2m[cTaskExecutor-8][0;39m [36m.a.f.i.c.p.ExtendedJpaTransactionManager[0;39m [2m:[0;39m Found thread-bound EntityManager [org.eclipse.persistence.internal.jpa.EntityManagerImpl@7f033074] for JPA transaction
[2m2026-02-17 11:22:06.167[0;39m [32m-DEBUG[0;39m [35m88555[0;39m [32m[0;39m [        default] [2m---[0;39m [2m[cTaskExecutor-8][0;39m [36m.a.f.i.c.p.ExtendedJpaTransactionManager[0;39m [2m:[0;39m Participating in existing transaction
[2m2026-02-17 11:22:06.167[0;39m [32m-DEBUG[0;39m [35m88555[0;39m [32m[0;39m [        default] [2m---[0;39m [2m[cTaskExecutor-8][0;39m [36m.a.f.i.c.p.ExtendedJpaTransactionManager[0;39m [2m:[0;39m Initiating transaction commit
[2m2026-02-17 11:22:06.167[0;39m [32m-DEBUG[0;39m [35m88555[0;39m [32m[0;39m [        default] [2m---[0;39m [2m[cTaskExecutor-8][0;39m [36m.a.f.i.c.p.ExtendedJpaTransactionManager[0;39m [2m:[0;39m Committing JPA transaction on EntityManager [org.eclipse.persistence.internal.jpa.EntityManagerImpl@7f033074]
[2m2026-02-17 11:22:06.167[0;39m [32m-DEBUG[0;39m [35m88555[0;39m [32m[0;39m [        default] [2m---[0;39m [2m[cTaskExecutor-8][0;39m [36m.a.f.i.c.p.ExtendedJpaTransactionManager[0;39m [2m:[0;39m Closing JPA EntityManager [org.eclipse.persistence.internal.jpa.EntityManagerImpl@7f033074] after transaction
[2m2026-02-17 11:22:06.167[0;39m [32m-DEBUG[0;39m [35m88555[0;39m [32m[0;39m [        default] [2m---[0;39m [2m[cTaskExecutor-8][0;39m [36m.a.f.i.c.p.ExtendedJpaTransactionManager[0;39m [2m:[0;39m Creating new transaction with name [org.apache.fineract.infrastructure.jobs.service.SchedularWritePlatformServiceJpaRepositoryImpl.saveOrUpdate]: PROPAGATION_REQUIRED,ISOLATION_DEFAULT
[2m2026-02-17 11:22:06.167[0;39m [32m-DEBUG[0;39m [35m88555[0;39m [32m[0;39m [        default] [2m---[0;39m [2m[cTaskExecutor-8][0;39m [36m.a.f.i.c.p.ExtendedJpaTransactionManager[0;39m [2m:[0;39m Opened new EntityManager [org.eclipse.persistence.internal.jpa.EntityManagerImpl@c5908fa] for JPA transaction
[2m2026-02-17 11:22:06.168[0;39m [32m-DEBUG[0;39m [35m88555[0;39m [32m[0;39m [        default] [2m---[0;39m [2m[cTaskExecutor-8][0;39m [36m.a.f.i.c.p.ExtendedJpaTransactionManager[0;39m [2m:[0;39m Exposing JPA transaction as JDBC [org.springframework.orm.jpa.vendor.EclipseLinkJpaDialect$EclipseLinkConnectionHandle@238ff62d]
[2m2026-02-17 11:22:06.168[0;39m [32m-DEBUG[0;39m [35m88555[0;39m [32m[0;39m [        default] [2m---[0;39m [2m[cTaskExecutor-8][0;39m [36m.a.f.i.c.p.ExtendedJpaTransactionManager[0;39m [2m:[0;39m Found thread-bound EntityManager [org.eclipse.persistence.internal.jpa.EntityManagerImpl@c5908fa] for JPA transaction
[2m2026-02-17 11:22:06.168[0;39m [32m-DEBUG[0;39m [35m88555[0;39m [32m[0;39m [        default] [2m---[0;39m [2m[cTaskExecutor-8][0;39m [36m.a.f.i.c.p.ExtendedJpaTransactionManager[0;39m [2m:[0;39m Participating in existing transaction
[2m2026-02-17 11:22:06.168[0;39m [32m-DEBUG[0;39m [35m88555[0;39m [32m[0;39m [        default] [2m---[0;39m [2m[cTaskExecutor-8][0;39m [36m.a.f.i.c.p.ExtendedJpaTransactionManager[0;39m [2m:[0;39m Initiating transaction commit
[2m2026-02-17 11:22:06.168[0;39m [32m-DEBUG[0;39m [35m88555[0;39m [32m[0;39m [        default] [2m---[0;39m [2m[cTaskExecutor-8][0;39m [36m.a.f.i.c.p.ExtendedJpaTransactionManager[0;39m [2m:[0;39m Committing JPA transaction on EntityManager [org.eclipse.persistence.internal.jpa.EntityManagerImpl@c5908fa]
[2m2026-02-17 11:22:06.168[0;39m [32m-DEBUG[0;39m [35m88555[0;39m [32m[0;39m [        default] [2m---[0;39m [2m[cTaskExecutor-8][0;39m [36m.a.f.i.c.p.ExtendedJpaTransactionManager[0;39m [2m:[0;39m Closing JPA EntityManager [org.eclipse.persistence.internal.jpa.EntityManagerImpl@c5908fa] after transaction
[2m2026-02-17 11:22:06.168[0;39m [32m-DEBUG[0;39m [35m88555[0;39m [32m[0;39m [        default] [2m---[0;39m [2m[cTaskExecutor-8][0;39m [36m.a.f.i.c.p.ExtendedJpaTransactionManager[0;39m [2m:[0;39m Creating new transaction with name [org.apache.fineract.infrastructure.jobs.service.SchedularWritePlatformServiceJpaRepositoryImpl.saveOrUpdate]: PROPAGATION_REQUIRED,ISOLATION_DEFAULT
[2m2026-02-17 11:22:06.168[0;39m [32m-DEBUG[0;39m [35m88555[0;39m [32m[0;39m [        default] [2m---[0;39m [2m[cTaskExecutor-8][0;39m [36m.a.f.i.c.p.ExtendedJpaTransactionManager[0;39m [2m:[0;39m Opened new EntityManager [org.eclipse.persistence.internal.jpa.EntityManagerImpl@6db8120e] for JPA transaction
[2m2026-02-17 11:22:06.168[0;39m [32m-DEBUG[0;39m [35m88555[0;39m [32m[0;39m [        default] [2m---[0;39m [2m[cTaskExecutor-8][0;39m [36m.a.f.i.c.p.ExtendedJpaTransactionManager[0;39m [2m:[0;39m Exposing JPA transaction as JDBC [org.springframework.orm.jpa.vendor.EclipseLinkJpaDialect$EclipseLinkConnectionHandle@17620f68]
[2m2026-02-17 11:22:06.168[0;39m [32m-DEBUG[0;39m [35m88555[0;39m [32m[0;39m [        default] [2m---[0;39m [2m[cTaskExecutor-8][0;39m [36m.a.f.i.c.p.ExtendedJpaTransactionManager[0;39m [2m:[0;39m Found thread-bound EntityManager [org.eclipse.persistence.internal.jpa.EntityManagerImpl@6db8120e] for JPA transaction
[2m2026-02-17 11:22:06.168[0;39m [32m-DEBUG[0;39m [35m88555[0;39m [32m[0;39m [        default] [2m---[0;39m [2m[cTaskExecutor-8][0;39m [36m.a.f.i.c.p.ExtendedJpaTransactionManager[0;39m [2m:[0;39m Participating in existing transaction
[2m2026-02-17 11:22:06.169[0;39m [32m-DEBUG[0;39m [35m88555[0;39m [32m[0;39m [        default] [2m---[0;39m [2m[cTaskExecutor-8][0;39m [36m.a.f.i.c.p.ExtendedJpaTransactionManager[0;39m [2m:[0;39m Initiating transaction commit
[2m2026-02-17 11:22:06.169[0;39m [32m-DEBUG[0;39m [35m88555[0;39m [32m[0;39m [        default] [2m---[0;39m [2m[cTaskExecutor-8][0;39m [36m.a.f.i.c.p.ExtendedJpaTransactionManager[0;39m [2m:[0;39m Committing JPA transaction on EntityManager [org.eclipse.persistence.internal.jpa.EntityManagerImpl@6db8120e]
[2m2026-02-17 11:22:06.169[0;39m [32m-DEBUG[0;39m [35m88555[0;39m [32m[0;39m [        default] [2m---[0;39m [2m[cTaskExecutor-8][0;39m [36m.a.f.i.c.p.ExtendedJpaTransactionManager[0;39m [2m:[0;39m Closing JPA EntityManager [org.eclipse.persistence.internal.jpa.EntityManagerImpl@6db8120e] after transaction
[2m2026-02-17 11:22:06.169[0;39m [32m-DEBUG[0;39m [35m88555[0;39m [32m[0;39m [        default] [2m---[0;39m [2m[cTaskExecutor-8][0;39m [36m.a.f.i.c.p.ExtendedJpaTransactionManager[0;39m [2m:[0;39m Creating new transaction with name [org.apache.fineract.infrastructure.jobs.service.SchedularWritePlatformServiceJpaRepositoryImpl.saveOrUpdate]: PROPAGATION_REQUIRED,ISOLATION_DEFAULT
[2m2026-02-17 11:22:06.169[0;39m [32m-DEBUG[0;39m [35m88555[0;39m [32m[0;39m [        default] [2m---[0;39m [2m[cTaskExecutor-8][0;39m [36m.a.f.i.c.p.ExtendedJpaTransactionManager[0;39m [2m:[0;39m Opened new EntityManager [org.eclipse.persistence.internal.jpa.EntityManagerImpl@2f75de8b] for JPA transaction
[2m2026-02-17 11:22:06.169[0;39m [32m-DEBUG[0;39m [35m88555[0;39m [32m[0;39m [        default] [2m---[0;39m [2m[cTaskExecutor-8][0;39m [36m.a.f.i.c.p.ExtendedJpaTransactionManager[0;39m [2m:[0;39m Exposing JPA transaction as JDBC [org.springframework.orm.jpa.vendor.EclipseLinkJpaDialect$EclipseLinkConnectionHandle@6b4f64f8]
[2m2026-02-17 11:22:06.169[0;39m [32m-DEBUG[0;39m [35m88555[0;39m [32m[0;39m [        default] [2m---[0;39m [2m[cTaskExecutor-8][0;39m [36m.a.f.i.c.p.ExtendedJpaTransactionManager[0;39m [2m:[0;39m Found thread-bound EntityManager [org.eclipse.persistence.internal.jpa.EntityManagerImpl@2f75de8b] for JPA transaction
[2m2026-02-17 11:22:06.169[0;39m [32m-DEBUG[0;39m [35m88555[0;39m [32m[0;39m [        default] [2m---[0;39m [2m[cTaskExecutor-8][0;39m [36m.a.f.i.c.p.ExtendedJpaTransactionManager[0;39m [2m:[0;39m Participating in existing transaction
[2m2026-02-17 11:22:06.170[0;39m [32m-DEBUG[0;39m [35m88555[0;39m [32m[0;39m [        default] [2m---[0;39m [2m[cTaskExecutor-8][0;39m [36m.a.f.i.c.p.ExtendedJpaTransactionManager[0;39m [2m:[0;39m Initiating transaction commit
[2m2026-02-17 11:22:06.170[0;39m [32m-DEBUG[0;39m [35m88555[0;39m [32m[0;39m [        default] [2m---[0;39m [2m[cTaskExecutor-8][0;39m [36m.a.f.i.c.p.ExtendedJpaTransactionManager[0;39m [2m:[0;39m Committing JPA transaction on EntityManager [org.eclipse.persistence.internal.jpa.EntityManagerImpl@2f75de8b]
[2m2026-02-17 11:22:06.170[0;39m [32m-DEBUG[0;39m [35m88555[0;39m [32m[0;39m [        default] [2m---[0;39m [2m[cTaskExecutor-8][0;39m [36m.a.f.i.c.p.ExtendedJpaTransactionManager[0;39m [2m:[0;39m Closing JPA EntityManager [org.eclipse.persistence.internal.jpa.EntityManagerImpl@2f75de8b] after transaction
[2m2026-02-17 11:22:06.170[0;39m [32m-DEBUG[0;39m [35m88555[0;39m [32m[0;39m [        default] [2m---[0;39m [2m[cTaskExecutor-8][0;39m [36m.a.f.i.c.p.ExtendedJpaTransactionManager[0;39m [2m:[0;39m Creating new transaction with name [org.apache.fineract.infrastructure.jobs.service.SchedularWritePlatformServiceJpaRepositoryImpl.saveOrUpdate]: PROPAGATION_REQUIRED,ISOLATION_DEFAULT
[2m2026-02-17 11:22:06.170[0;39m [32m-DEBUG[0;39m [35m88555[0;39m [32m[0;39m [        default] [2m---[0;39m [2m[cTaskExecutor-8][0;39m [36m.a.f.i.c.p.ExtendedJpaTransactionManager[0;39m [2m:[0;39m Opened new EntityManager [org.eclipse.persistence.internal.jpa.EntityManagerImpl@7de3307e] for JPA transaction
[2m2026-02-17 11:22:06.170[0;39m [32m-DEBUG[0;39m [35m88555[0;39m [32m[0;39m [        default] [2m---[0;39m [2m[cTaskExecutor-8][0;39m [36m.a.f.i.c.p.ExtendedJpaTransactionManager[0;39m [2m:[0;39m Exposing JPA transaction as JDBC [org.springframework.orm.jpa.vendor.EclipseLinkJpaDialect$EclipseLinkConnectionHandle@2a04d4af]
[2m2026-02-17 11:22:06.170[0;39m [32m-DEBUG[0;39m [35m88555[0;39m [32m[0;39m [        default] [2m---[0;39m [2m[cTaskExecutor-8][0;39m [36m.a.f.i.c.p.ExtendedJpaTransactionManager[0;39m [2m:[0;39m Found thread-bound EntityManager [org.eclipse.persistence.internal.jpa.EntityManagerImpl@7de3307e] for JPA transaction
[2m2026-02-17 11:22:06.170[0;39m [32m-DEBUG[0;39m [35m88555[0;39m [32m[0;39m [        default] [2m---[0;39m [2m[cTaskExecutor-8][0;39m [36m.a.f.i.c.p.ExtendedJpaTransactionManager[0;39m [2m:[0;39m Participating in existing transaction
[2m2026-02-17 11:22:06.170[0;39m [32m-DEBUG[0;39m [35m88555[0;39m [32m[0;39m [        default] [2m---[0;39m [2m[cTaskExecutor-8][0;39m [36m.a.f.i.c.p.ExtendedJpaTransactionManager[0;39m [2m:[0;39m Initiating transaction commit
[2m2026-02-17 11:22:06.170[0;39m [32m-DEBUG[0;39m [35m88555[0;39m [32m[0;39m [        default] [2m---[0;39m [2m[cTaskExecutor-8][0;39m [36m.a.f.i.c.p.ExtendedJpaTransactionManager[0;39m [2m:[0;39m Committing JPA transaction on EntityManager [org.eclipse.persistence.internal.jpa.EntityManagerImpl@7de3307e]
[2m2026-02-17 11:22:06.170[0;39m [32m-DEBUG[0;39m [35m88555[0;39m [32m[0;39m [        default] [2m---[0;39m [2m[cTaskExecutor-8][0;39m [36m.a.f.i.c.p.ExtendedJpaTransactionManager[0;39m [2m:[0;39m Closing JPA EntityManager [org.eclipse.persistence.internal.jpa.EntityManagerImpl@7de3307e] after transaction
[2m2026-02-17 11:22:06.170[0;39m [32m-DEBUG[0;39m [35m88555[0;39m [32m[0;39m [        default] [2m---[0;39m [2m[cTaskExecutor-8][0;39m [36m.a.f.i.c.p.ExtendedJpaTransactionManager[0;39m [2m:[0;39m Creating new transaction with name [org.apache.fineract.infrastructure.jobs.service.SchedularWritePlatformServiceJpaRepositoryImpl.saveOrUpdate]: PROPAGATION_REQUIRED,ISOLATION_DEFAULT
[2m2026-02-17 11:22:06.171[0;39m [32m-DEBUG[0;39m [35m88555[0;39m [32m[0;39m [        default] [2m---[0;39m [2m[cTaskExecutor-8][0;39m [36m.a.f.i.c.p.ExtendedJpaTransactionManager[0;39m [2m:[0;39m Opened new EntityManager [org.eclipse.persistence.internal.jpa.EntityManagerImpl@43f8cd88] for JPA transaction
[2m2026-02-17 11:22:06.171[0;39m [32m-DEBUG[0;39m [35m88555[0;39m [32m[0;39m [        default] [2m---[0;39m [2m[cTaskExecutor-8][0;39m [36m.a.f.i.c.p.ExtendedJpaTransactionManager[0;39m [2m:[0;39m Exposing JPA transaction as JDBC [org.springframework.orm.jpa.vendor.EclipseLinkJpaDialect$EclipseLinkConnectionHandle@7ebe370d]
[2m2026-02-17 11:22:06.171[0;39m [32m-DEBUG[0;39m [35m88555[0;39m [32m[0;39m [        default] [2m---[0;39m [2m[cTaskExecutor-8][0;39m [36m.a.f.i.c.p.ExtendedJpaTransactionManager[0;39m [2m:[0;39m Found thread-bound EntityManager [org.eclipse.persistence.internal.jpa.EntityManagerImpl@43f8cd88] for JPA transaction
[2m2026-02-17 11:22:06.171[0;39m [32m-DEBUG[0;39m [35m88555[0;39m [32m[0;39m [        default] [2m---[0;39m [2m[cTaskExecutor-8][0;39m [36m.a.f.i.c.p.ExtendedJpaTransactionManager[0;39m [2m:[0;39m Participating in existing transaction
[2m2026-02-17 11:22:06.171[0;39m [32m-DEBUG[0;39m [35m88555[0;39m [32m[0;39m [        default] [2m---[0;39m [2m[cTaskExecutor-8][0;39m [36m.a.f.i.c.p.ExtendedJpaTransactionManager[0;39m [2m:[0;39m Initiating transaction commit
[2m2026-02-17 11:22:06.171[0;39m [32m-DEBUG[0;39m [35m88555[0;39m [32m[0;39m [        default] [2m---[0;39m [2m[cTaskExecutor-8][0;39m [36m.a.f.i.c.p.ExtendedJpaTransactionManager[0;39m [2m:[0;39m Committing JPA transaction on EntityManager [org.eclipse.persistence.internal.jpa.EntityManagerImpl@43f8cd88]
[2m2026-02-17 11:22:06.171[0;39m [32m-DEBUG[0;39m [35m88555[0;39m [32m[0;39m [        default] [2m---[0;39m [2m[cTaskExecutor-8][0;39m [36m.a.f.i.c.p.ExtendedJpaTransactionManager[0;39m [2m:[0;39m Closing JPA EntityManager [org.eclipse.persistence.internal.jpa.EntityManagerImpl@43f8cd88] after transaction
[2m2026-02-17 11:22:06.171[0;39m [32m-DEBUG[0;39m [35m88555[0;39m [32m[0;39m [        default] [2m---[0;39m [2m[cTaskExecutor-8][0;39m [36m.a.f.i.c.p.ExtendedJpaTransactionManager[0;39m [2m:[0;39m Creating new transaction with name [org.apache.fineract.infrastructure.jobs.service.SchedularWritePlatformServiceJpaRepositoryImpl.saveOrUpdate]: PROPAGATION_REQUIRED,ISOLATION_DEFAULT
[2m2026-02-17 11:22:06.171[0;39m [32m-DEBUG[0;39m [35m88555[0;39m [32m[0;39m [        default] [2m---[0;39m [2m[cTaskExecutor-8][0;39m [36m.a.f.i.c.p.ExtendedJpaTransactionManager[0;39m [2m:[0;39m Opened new EntityManager [org.eclipse.persistence.internal.jpa.EntityManagerImpl@35cd5c3b] for JPA transaction
[2m2026-02-17 11:22:06.171[0;39m [32m-DEBUG[0;39m [35m88555[0;39m [32m[0;39m [        default] [2m---[0;39m [2m[cTaskExecutor-8][0;39m [36m.a.f.i.c.p.ExtendedJpaTransactionManager[0;39m [2m:[0;39m Exposing JPA transaction as JDBC [org.springframework.orm.jpa.vendor.EclipseLinkJpaDialect$EclipseLinkConnectionHandle@3d2a35a9]
[2m2026-02-17 11:22:06.171[0;39m [32m-DEBUG[0;39m [35m88555[0;39m [32m[0;39m [        default] [2m---[0;39m [2m[cTaskExecutor-8][0;39m [36m.a.f.i.c.p.ExtendedJpaTransactionManager[0;39m [2m:[0;39m Found thread-bound EntityManager [org.eclipse.persistence.internal.jpa.EntityManagerImpl@35cd5c3b] for JPA transaction
[2m2026-02-17 11:22:06.171[0;39m [32m-DEBUG[0;39m [35m88555[0;39m [32m[0;39m [        default] [2m---[0;39m [2m[cTaskExecutor-8][0;39m [36m.a.f.i.c.p.ExtendedJpaTransactionManager[0;39m [2m:[0;39m Participating in existing transaction
[2m2026-02-17 11:22:06.172[0;39m [32m-DEBUG[0;39m [35m88555[0;39m [32m[0;39m [        default] [2m---[0;39m [2m[cTaskExecutor-8][0;39m [36m.a.f.i.c.p.ExtendedJpaTransactionManager[0;39m [2m:[0;39m Initiating transaction commit
[2m2026-02-17 11:22:06.172[0;39m [32m-DEBUG[0;39m [35m88555[0;39m [32m[0;39m [        default] [2m---[0;39m [2m[cTaskExecutor-8][0;39m [36m.a.f.i.c.p.ExtendedJpaTransactionManager[0;39m [2m:[0;39m Committing JPA transaction on EntityManager [org.eclipse.persistence.internal.jpa.EntityManagerImpl@35cd5c3b]
[2m2026-02-17 11:22:06.172[0;39m [32m-DEBUG[0;39m [35m88555[0;39m [32m[0;39m [        default] [2m---[0;39m [2m[cTaskExecutor-8][0;39m [36m.a.f.i.c.p.ExtendedJpaTransactionManager[0;39m [2m:[0;39m Closing JPA EntityManager [org.eclipse.persistence.internal.jpa.EntityManagerImpl@35cd5c3b] after transaction
[2m2026-02-17 11:22:06.172[0;39m [32m-DEBUG[0;39m [35m88555[0;39m [32m[0;39m [        default] [2m---[0;39m [2m[cTaskExecutor-8][0;39m [36m.a.f.i.c.p.ExtendedJpaTransactionManager[0;39m [2m:[0;39m Creating new transaction with name [org.springframework.data.jpa.repository.support.SimpleJpaRepository.findAll]: PROPAGATION_REQUIRED,ISOLATION_DEFAULT,readOnly
[2m2026-02-17 11:22:06.172[0;39m [32m-DEBUG[0;39m [35m88555[0;39m [32m[0;39m [        default] [2m---[0;39m [2m[cTaskExecutor-8][0;39m [36m.a.f.i.c.p.ExtendedJpaTransactionManager[0;39m [2m:[0;39m Opened new EntityManager [org.eclipse.persistence.internal.jpa.EntityManagerImpl@3d9fed1] for JPA transaction
[2m2026-02-17 11:22:06.172[0;39m [32m-DEBUG[0;39m [35m88555[0;39m [32m[0;39m [        default] [2m---[0;39m [2m[cTaskExecutor-8][0;39m [36m.a.f.i.c.p.ExtendedJpaTransactionManager[0;39m [2m:[0;39m Exposing JPA transaction as JDBC [org.springframework.orm.jpa.vendor.EclipseLinkJpaDialect$EclipseLinkConnectionHandle@5ee79019]
[2m2026-02-17 11:22:06.175[0;39m [32m-DEBUG[0;39m [35m88555[0;39m [32m[0;39m [        default] [2m---[0;39m [2m[cTaskExecutor-8][0;39m [36m.a.f.i.c.p.ExtendedJpaTransactionManager[0;39m [2m:[0;39m Initiating transaction commit
[2m2026-02-17 11:22:06.175[0;39m [32m-DEBUG[0;39m [35m88555[0;39m [32m[0;39m [        default] [2m---[0;39m [2m[cTaskExecutor-8][0;39m [36m.a.f.i.c.p.ExtendedJpaTransactionManager[0;39m [2m:[0;39m Committing JPA transaction on EntityManager [org.eclipse.persistence.internal.jpa.EntityManagerImpl@3d9fed1]
[2m2026-02-17 11:22:06.175[0;39m [32m-DEBUG[0;39m [35m88555[0;39m [32m[0;39m [        default] [2m---[0;39m [2m[cTaskExecutor-8][0;39m [36m.a.f.i.c.p.ExtendedJpaTransactionManager[0;39m [2m:[0;39m Closing JPA EntityManager [org.eclipse.persistence.internal.jpa.EntityManagerImpl@3d9fed1] after transaction
[2m2026-02-17 11:22:06.175[0;39m [32m-DEBUG[0;39m [35m88555[0;39m [32m[0;39m [        default] [2m---[0;39m [2m[cTaskExecutor-8][0;39m [36m.a.f.i.c.p.ExtendedJpaTransactionManager[0;39m [2m:[0;39m Creating new transaction with name [org.apache.fineract.infrastructure.jobs.service.SchedularWritePlatformServiceJpaRepositoryImpl.updateSchedulerDetail]: PROPAGATION_REQUIRED,ISOLATION_DEFAULT
[2m2026-02-17 11:22:06.175[0;39m [32m-DEBUG[0;39m [35m88555[0;39m [32m[0;39m [        default] [2m---[0;39m [2m[cTaskExecutor-8][0;39m [36m.a.f.i.c.p.ExtendedJpaTransactionManager[0;39m [2m:[0;39m Opened new EntityManager [org.eclipse.persistence.internal.jpa.EntityManagerImpl@47116327] for JPA transaction
[2m2026-02-17 11:22:06.175[0;39m [32m-DEBUG[0;39m [35m88555[0;39m [32m[0;39m [        default] [2m---[0;39m [2m[cTaskExecutor-8][0;39m [36m.a.f.i.c.p.ExtendedJpaTransactionManager[0;39m [2m:[0;39m Exposing JPA transaction as JDBC [org.springframework.orm.jpa.vendor.EclipseLinkJpaDialect$EclipseLinkConnectionHandle@3ce2376e]
[2m2026-02-17 11:22:06.175[0;39m [32m-DEBUG[0;39m [35m88555[0;39m [32m[0;39m [        default] [2m---[0;39m [2m[cTaskExecutor-8][0;39m [36m.a.f.i.c.p.ExtendedJpaTransactionManager[0;39m [2m:[0;39m Found thread-bound EntityManager [org.eclipse.persistence.internal.jpa.EntityManagerImpl@47116327] for JPA transaction
[2m2026-02-17 11:22:06.175[0;39m [32m-DEBUG[0;39m [35m88555[0;39m [32m[0;39m [        default] [2m---[0;39m [2m[cTaskExecutor-8][0;39m [36m.a.f.i.c.p.ExtendedJpaTransactionManager[0;39m [2m:[0;39m Participating in existing transaction
[2m2026-02-17 11:22:06.176[0;39m [32m-DEBUG[0;39m [35m88555[0;39m [32m[0;39m [        default] [2m---[0;39m [2m[cTaskExecutor-8][0;39m [36m.a.f.i.c.p.ExtendedJpaTransactionManager[0;39m [2m:[0;39m Initiating transaction commit
[2m2026-02-17 11:22:06.176[0;39m [32m-DEBUG[0;39m [35m88555[0;39m [32m[0;39m [        default] [2m---[0;39m [2m[cTaskExecutor-8][0;39m [36m.a.f.i.c.p.ExtendedJpaTransactionManager[0;39m [2m:[0;39m Committing JPA transaction on EntityManager [org.eclipse.persistence.internal.jpa.EntityManagerImpl@47116327]
[2m2026-02-17 11:22:06.176[0;39m [32m-DEBUG[0;39m [35m88555[0;39m [32m[0;39m [        default] [2m---[0;39m [2m[cTaskExecutor-8][0;39m [36m.a.f.i.c.p.ExtendedJpaTransactionManager[0;39m [2m:[0;39m Closing JPA EntityManager [org.eclipse.persistence.internal.jpa.EntityManagerImpl@47116327] after transaction
[2m2026-02-17 11:22:06.176[0;39m [32m- INFO[0;39m [35m88555[0;39m [32m[0;39m [      no-tenant] [2m---[0;39m [2m[cTaskExecutor-8][0;39m [36mo.a.f.i.j.s.JobSchedulerServiceImpl     [0;39m [2m:[0;39m Scheduling batch jobs has finished
[2m2026-02-17 11:22:11.910[0;39m [32m- INFO[0;39m [35m88555[0;39m [32m[0;39m [      no-tenant] [2m---[0;39m [2m[nio-8443-exec-5][0;39m [36mo.a.c.c.C.[.[.[/fineract-provider]      [0;39m [2m:[0;39m Initializing Spring DispatcherServlet 'dispatcherServlet'
[2m2026-02-17 11:22:11.910[0;39m [32m- INFO[0;39m [35m88555[0;39m [32m[0;39m [      no-tenant] [2m---[0;39m [2m[nio-8443-exec-5][0;39m [36mo.s.web.servlet.DispatcherServlet       [0;39m [2m:[0;39m Initializing Servlet 'dispatcherServlet'
[2m2026-02-17 11:22:11.996[0;39m [32m- INFO[0;39m [35m88555[0;39m [32m[0;39m [      no-tenant] [2m---[0;39m [2m[nio-8443-exec-5][0;39m [36mo.s.web.servlet.DispatcherServlet       [0;39m [2m:[0;39m Completed initialization in 86 ms
[2m2026-02-17 11:22:14.089[0;39m [32m-DEBUG[0;39m [35m88555[0;39m [32m[0;39m [      no-tenant] [2m---[0;39m [2m[nio-8443-exec-9][0;39m [36ms.f.TenantAwareBasicAuthenticationFilter[0;39m [2m:[0;39m {"startTime":1771348934082,"totalTime":2,"method":"OPTIONS","url":"https://localhost:8443/fineract-provider/api/v1/roles/5/permissions","parameters":{}}
[2m2026-02-17 11:22:14.089[0;39m [32m-DEBUG[0;39m [35m88555[0;39m [32m[0;39m [      no-tenant] [2m---[0;39m [2m[nio-8443-exec-6][0;39m [36ms.f.TenantAwareBasicAuthenticationFilter[0;39m [2m:[0;39m {"startTime":1771348934082,"totalTime":3,"method":"OPTIONS","url":"https://localhost:8443/fineract-provider/api/v1/configurations/name/enable-business-date","parameters":{}}
[2m2026-02-17 11:22:14.089[0;39m [32m-DEBUG[0;39m [35m88555[0;39m [32m[0;39m [      no-tenant] [2m---[0;39m [2m[nio-8443-exec-5][0;39m [36ms.f.TenantAwareBasicAuthenticationFilter[0;39m [2m:[0;39m {"startTime":1771348934082,"totalTime":3,"method":"OPTIONS","url":"https://localhost:8443/fineract-provider/api/v1/pending-steps","parameters":{"mySteps":["true"]}}
[2m2026-02-17 11:22:14.089[0;39m [32m-DEBUG[0;39m [35m88555[0;39m [32m[0;39m [      no-tenant] [2m---[0;39m [2m[nio-8443-exec-2][0;39m [36ms.f.TenantAwareBasicAuthenticationFilter[0;39m [2m:[0;39m {"startTime":1771348934082,"totalTime":2,"method":"OPTIONS","url":"https://localhost:8443/fineract-provider/api/v1/notifications","parameters":{"isRead":["false"],"limit":["9"]}}
[2m2026-02-17 11:22:14.089[0;39m [32m-DEBUG[0;39m [35m88555[0;39m [32m[0;39m [      no-tenant] [2m---[0;39m [2m[nio-8443-exec-3][0;39m [36ms.f.TenantAwareBasicAuthenticationFilter[0;39m [2m:[0;39m {"startTime":1771348934082,"totalTime":3,"method":"OPTIONS","url":"https://localhost:8443/fineract-provider/api/v1/notifications","parameters":{"isRead":["false"],"limit":["9"]}}
[2m2026-02-17 11:22:14.089[0;39m [32m-DEBUG[0;39m [35m88555[0;39m [32m[0;39m [      no-tenant] [2m---[0;39m [2m[nio-8443-exec-4][0;39m [36ms.f.TenantAwareBasicAuthenticationFilter[0;39m [2m:[0;39m {"startTime":1771348934082,"totalTime":2,"method":"OPTIONS","url":"https://localhost:8443/fineract-provider/api/v1/notifications","parameters":{"isRead":["true"],"limit":["9"]}}
[2m2026-02-17 11:22:14.159[0;39m [32m-DEBUG[0;39m [35m88555[0;39m [32m[0;39m [        default] [2m---[0;39m [2m[nio-8443-exec-1][0;39m [36m.a.f.i.c.p.ExtendedJpaTransactionManager[0;39m [2m:[0;39m Creating new transaction with name [org.springframework.data.jpa.repository.support.SimpleJpaRepository.findById]: PROPAGATION_REQUIRED,ISOLATION_DEFAULT,readOnly
[2m2026-02-17 11:22:14.159[0;39m [32m-DEBUG[0;39m [35m88555[0;39m [32m[0;39m [        default] [2m---[0;39m [2m[nio-8443-exec-1][0;39m [36m.a.f.i.c.p.ExtendedJpaTransactionManager[0;39m [2m:[0;39m Opened new EntityManager [org.eclipse.persistence.internal.jpa.EntityManagerImpl@517d6dea] for JPA transaction
[2m2026-02-17 11:22:14.159[0;39m [32m-DEBUG[0;39m [35m88555[0;39m [32m[0;39m [        default] [2m---[0;39m [2m[nio-8443-exec-1][0;39m [36m.a.f.i.c.p.ExtendedJpaTransactionManager[0;39m [2m:[0;39m Exposing JPA transaction as JDBC [org.springframework.orm.jpa.vendor.EclipseLinkJpaDialect$EclipseLinkConnectionHandle@10818da6]
[2m2026-02-17 11:22:14.159[0;39m [32m-DEBUG[0;39m [35m88555[0;39m [32m[0;39m [        default] [2m---[0;39m [2m[nio-8443-exec-4][0;39m [36m.a.f.i.c.p.ExtendedJpaTransactionManager[0;39m [2m:[0;39m Creating new transaction with name [org.springframework.data.jpa.repository.support.SimpleJpaRepository.findById]: PROPAGATION_REQUIRED,ISOLATION_DEFAULT,readOnly
[2m2026-02-17 11:22:14.160[0;39m [32m-DEBUG[0;39m [35m88555[0;39m [32m[0;39m [        default] [2m---[0;39m [2m[nio-8443-exec-4][0;39m [36m.a.f.i.c.p.ExtendedJpaTransactionManager[0;39m [2m:[0;39m Opened new EntityManager [org.eclipse.persistence.internal.jpa.EntityManagerImpl@2e21928e] for JPA transaction
[2m2026-02-17 11:22:14.160[0;39m [32m-DEBUG[0;39m [35m88555[0;39m [32m[0;39m [        default] [2m---[0;39m [2m[nio-8443-exec-4][0;39m [36m.a.f.i.c.p.ExtendedJpaTransactionManager[0;39m [2m:[0;39m Exposing JPA transaction as JDBC [org.springframework.orm.jpa.vendor.EclipseLinkJpaDialect$EclipseLinkConnectionHandle@6df3a86f]
[2m2026-02-17 11:22:14.162[0;39m [32m-DEBUG[0;39m [35m88555[0;39m [32m[0;39m [        default] [2m---[0;39m [2m[nio-8443-exec-7][0;39m [36m.a.f.i.c.p.ExtendedJpaTransactionManager[0;39m [2m:[0;39m Creating new transaction with name [org.springframework.data.jpa.repository.support.SimpleJpaRepository.findById]: PROPAGATION_REQUIRED,ISOLATION_DEFAULT,readOnly
[2m2026-02-17 11:22:14.163[0;39m [32m-DEBUG[0;39m [35m88555[0;39m [32m[0;39m [        default] [2m---[0;39m [2m[nio-8443-exec-7][0;39m [36m.a.f.i.c.p.ExtendedJpaTransactionManager[0;39m [2m:[0;39m Opened new EntityManager [org.eclipse.persistence.internal.jpa.EntityManagerImpl@28b9aa54] for JPA transaction
[2m2026-02-17 11:22:14.164[0;39m [32m-DEBUG[0;39m [35m88555[0;39m [32m[0;39m [        default] [2m---[0;39m [2m[nio-8443-exec-7][0;39m [36m.a.f.i.c.p.ExtendedJpaTransactionManager[0;39m [2m:[0;39m Exposing JPA transaction as JDBC [org.springframework.orm.jpa.vendor.EclipseLinkJpaDialect$EclipseLinkConnectionHandle@16129a8b]
[2m2026-02-17 11:22:14.166[0;39m [32m-DEBUG[0;39m [35m88555[0;39m [32m[0;39m [        default] [2m---[0;39m [2m[nio-8443-exec-6][0;39m [36m.a.f.i.c.p.ExtendedJpaTransactionManager[0;39m [2m:[0;39m Creating new transaction with name [org.springframework.data.jpa.repository.support.SimpleJpaRepository.findById]: PROPAGATION_REQUIRED,ISOLATION_DEFAULT,readOnly
[2m2026-02-17 11:22:14.167[0;39m [32m-DEBUG[0;39m [35m88555[0;39m [32m[0;39m [        default] [2m---[0;39m [2m[nio-8443-exec-6][0;39m [36m.a.f.i.c.p.ExtendedJpaTransactionManager[0;39m [2m:[0;39m Opened new EntityManager [org.eclipse.persistence.internal.jpa.EntityManagerImpl@524d9569] for JPA transaction
[2m2026-02-17 11:22:14.167[0;39m [32m-DEBUG[0;39m [35m88555[0;39m [32m[0;39m [        default] [2m---[0;39m [2m[nio-8443-exec-6][0;39m [36m.a.f.i.c.p.ExtendedJpaTransactionManager[0;39m [2m:[0;39m Exposing JPA transaction as JDBC [org.springframework.orm.jpa.vendor.EclipseLinkJpaDialect$EclipseLinkConnectionHandle@7eb9a413]
[2m2026-02-17 11:22:14.167[0;39m [32m-DEBUG[0;39m [35m88555[0;39m [32m[0;39m [        default] [2m---[0;39m [2m[io-8443-exec-10][0;39m [36m.a.f.i.c.p.ExtendedJpaTransactionManager[0;39m [2m:[0;39m Creating new transaction with name [org.springframework.data.jpa.repository.support.SimpleJpaRepository.findById]: PROPAGATION_REQUIRED,ISOLATION_DEFAULT,readOnly
[2m2026-02-17 11:22:14.167[0;39m [32m-DEBUG[0;39m [35m88555[0;39m [32m[0;39m [        default] [2m---[0;39m [2m[io-8443-exec-10][0;39m [36m.a.f.i.c.p.ExtendedJpaTransactionManager[0;39m [2m:[0;39m Opened new EntityManager [org.eclipse.persistence.internal.jpa.EntityManagerImpl@dfde619] for JPA transaction
[2m2026-02-17 11:22:14.167[0;39m [32m-DEBUG[0;39m [35m88555[0;39m [32m[0;39m [        default] [2m---[0;39m [2m[io-8443-exec-10][0;39m [36m.a.f.i.c.p.ExtendedJpaTransactionManager[0;39m [2m:[0;39m Exposing JPA transaction as JDBC [org.springframework.orm.jpa.vendor.EclipseLinkJpaDialect$EclipseLinkConnectionHandle@aaf4cd3]
[2m2026-02-17 11:22:14.179[0;39m [32m-DEBUG[0;39m [35m88555[0;39m [32m[0;39m [        default] [2m---[0;39m [2m[nio-8443-exec-1][0;39m [36m.a.f.i.c.p.ExtendedJpaTransactionManager[0;39m [2m:[0;39m Initiating transaction commit
[2m2026-02-17 11:22:14.181[0;39m [32m-DEBUG[0;39m [35m88555[0;39m [32m[0;39m [        default] [2m---[0;39m [2m[io-8443-exec-10][0;39m [36m.a.f.i.c.p.ExtendedJpaTransactionManager[0;39m [2m:[0;39m Initiating transaction commit
[2m2026-02-17 11:22:14.182[0;39m [32m-DEBUG[0;39m [35m88555[0;39m [32m[0;39m [        default] [2m---[0;39m [2m[io-8443-exec-10][0;39m [36m.a.f.i.c.p.ExtendedJpaTransactionManager[0;39m [2m:[0;39m Committing JPA transaction on EntityManager [org.eclipse.persistence.internal.jpa.EntityManagerImpl@dfde619]
[2m2026-02-17 11:22:14.182[0;39m [32m-DEBUG[0;39m [35m88555[0;39m [32m[0;39m [        default] [2m---[0;39m [2m[nio-8443-exec-6][0;39m [36m.a.f.i.c.p.ExtendedJpaTransactionManager[0;39m [2m:[0;39m Initiating transaction commit
[2m2026-02-17 11:22:14.182[0;39m [32m-DEBUG[0;39m [35m88555[0;39m [32m[0;39m [        default] [2m---[0;39m [2m[nio-8443-exec-4][0;39m [36m.a.f.i.c.p.ExtendedJpaTransactionManager[0;39m [2m:[0;39m Initiating transaction commit
[2m2026-02-17 11:22:14.182[0;39m [32m-DEBUG[0;39m [35m88555[0;39m [32m[0;39m [        default] [2m---[0;39m [2m[nio-8443-exec-6][0;39m [36m.a.f.i.c.p.ExtendedJpaTransactionManager[0;39m [2m:[0;39m Committing JPA transaction on EntityManager [org.eclipse.persistence.internal.jpa.EntityManagerImpl@524d9569]
[2m2026-02-17 11:22:14.182[0;39m [32m-DEBUG[0;39m [35m88555[0;39m [32m[0;39m [        default] [2m---[0;39m [2m[nio-8443-exec-4][0;39m [36m.a.f.i.c.p.ExtendedJpaTransactionManager[0;39m [2m:[0;39m Committing JPA transaction on EntityManager [org.eclipse.persistence.internal.jpa.EntityManagerImpl@2e21928e]
[2m2026-02-17 11:22:14.182[0;39m [32m-DEBUG[0;39m [35m88555[0;39m [32m[0;39m [        default] [2m---[0;39m [2m[io-8443-exec-10][0;39m [36m.a.f.i.c.p.ExtendedJpaTransactionManager[0;39m [2m:[0;39m Closing JPA EntityManager [org.eclipse.persistence.internal.jpa.EntityManagerImpl@dfde619] after transaction
[2m2026-02-17 11:22:14.182[0;39m [32m-DEBUG[0;39m [35m88555[0;39m [32m[0;39m [        default] [2m---[0;39m [2m[nio-8443-exec-1][0;39m [36m.a.f.i.c.p.ExtendedJpaTransactionManager[0;39m [2m:[0;39m Committing JPA transaction on EntityManager [org.eclipse.persistence.internal.jpa.EntityManagerImpl@517d6dea]
[2m2026-02-17 11:22:14.183[0;39m [32m-DEBUG[0;39m [35m88555[0;39m [32m[0;39m [        default] [2m---[0;39m [2m[nio-8443-exec-7][0;39m [36m.a.f.i.c.p.ExtendedJpaTransactionManager[0;39m [2m:[0;39m Initiating transaction commit
[2m2026-02-17 11:22:14.183[0;39m [32m-DEBUG[0;39m [35m88555[0;39m [32m[0;39m [        default] [2m---[0;39m [2m[nio-8443-exec-7][0;39m [36m.a.f.i.c.p.ExtendedJpaTransactionManager[0;39m [2m:[0;39m Committing JPA transaction on EntityManager [org.eclipse.persistence.internal.jpa.EntityManagerImpl@28b9aa54]
[2m2026-02-17 11:22:14.183[0;39m [32m-DEBUG[0;39m [35m88555[0;39m [32m[0;39m [        default] [2m---[0;39m [2m[io-8443-exec-10][0;39m [36m.a.f.i.c.p.ExtendedJpaTransactionManager[0;39m [2m:[0;39m Creating new transaction with name [org.apache.fineract.infrastructure.cache.service.CacheWritePlatformServiceJpaRepositoryImpl.switchToCache]: PROPAGATION_REQUIRED,ISOLATION_DEFAULT
[2m2026-02-17 11:22:14.183[0;39m [32m-DEBUG[0;39m [35m88555[0;39m [32m[0;39m [        default] [2m---[0;39m [2m[io-8443-exec-10][0;39m [36m.a.f.i.c.p.ExtendedJpaTransactionManager[0;39m [2m:[0;39m Opened new EntityManager [org.eclipse.persistence.internal.jpa.EntityManagerImpl@6abc4415] for JPA transaction
[2m2026-02-17 11:22:14.184[0;39m [32m-DEBUG[0;39m [35m88555[0;39m [32m[0;39m [        default] [2m---[0;39m [2m[nio-8443-exec-4][0;39m [36m.a.f.i.c.p.ExtendedJpaTransactionManager[0;39m [2m:[0;39m Closing JPA EntityManager [org.eclipse.persistence.internal.jpa.EntityManagerImpl@2e21928e] after transaction
[2m2026-02-17 11:22:14.184[0;39m [32m-DEBUG[0;39m [35m88555[0;39m [32m[0;39m [        default] [2m---[0;39m [2m[io-8443-exec-10][0;39m [36m.a.f.i.c.p.ExtendedJpaTransactionManager[0;39m [2m:[0;39m Exposing JPA transaction as JDBC [org.springframework.orm.jpa.vendor.EclipseLinkJpaDialect$EclipseLinkConnectionHandle@6776fceb]
[2m2026-02-17 11:22:14.184[0;39m [32m-DEBUG[0;39m [35m88555[0;39m [32m[0;39m [        default] [2m---[0;39m [2m[nio-8443-exec-4][0;39m [36m.a.f.i.c.p.ExtendedJpaTransactionManager[0;39m [2m:[0;39m Creating new transaction with name [org.apache.fineract.infrastructure.cache.service.CacheWritePlatformServiceJpaRepositoryImpl.switchToCache]: PROPAGATION_REQUIRED,ISOLATION_DEFAULT
[2m2026-02-17 11:22:14.184[0;39m [32m-DEBUG[0;39m [35m88555[0;39m [32m[0;39m [        default] [2m---[0;39m [2m[nio-8443-exec-4][0;39m [36m.a.f.i.c.p.ExtendedJpaTransactionManager[0;39m [2m:[0;39m Opened new EntityManager [org.eclipse.persistence.internal.jpa.EntityManagerImpl@1cd2e321] for JPA transaction
[2m2026-02-17 11:22:14.184[0;39m [32m-DEBUG[0;39m [35m88555[0;39m [32m[0;39m [        default] [2m---[0;39m [2m[io-8443-exec-10][0;39m [36m.a.f.i.c.p.ExtendedJpaTransactionManager[0;39m [2m:[0;39m Found thread-bound EntityManager [org.eclipse.persistence.internal.jpa.EntityManagerImpl@6abc4415] for JPA transaction
[2m2026-02-17 11:22:14.184[0;39m [32m-DEBUG[0;39m [35m88555[0;39m [32m[0;39m [        default] [2m---[0;39m [2m[nio-8443-exec-4][0;39m [36m.a.f.i.c.p.ExtendedJpaTransactionManager[0;39m [2m:[0;39m Exposing JPA transaction as JDBC [org.springframework.orm.jpa.vendor.EclipseLinkJpaDialect$EclipseLinkConnectionHandle@6c128004]
[2m2026-02-17 11:22:14.184[0;39m [32m-DEBUG[0;39m [35m88555[0;39m [32m[0;39m [        default] [2m---[0;39m [2m[io-8443-exec-10][0;39m [36m.a.f.i.c.p.ExtendedJpaTransactionManager[0;39m [2m:[0;39m Participating in existing transaction
[2m2026-02-17 11:22:14.184[0;39m [32m-DEBUG[0;39m [35m88555[0;39m [32m[0;39m [        default] [2m---[0;39m [2m[nio-8443-exec-6][0;39m [36m.a.f.i.c.p.ExtendedJpaTransactionManager[0;39m [2m:[0;39m Closing JPA EntityManager [org.eclipse.persistence.internal.jpa.EntityManagerImpl@524d9569] after transaction
[2m2026-02-17 11:22:14.184[0;39m [32m-DEBUG[0;39m [35m88555[0;39m [32m[0;39m [        default] [2m---[0;39m [2m[nio-8443-exec-7][0;39m [36m.a.f.i.c.p.ExtendedJpaTransactionManager[0;39m [2m:[0;39m Closing JPA EntityManager [org.eclipse.persistence.internal.jpa.EntityManagerImpl@28b9aa54] after transaction
[2m2026-02-17 11:22:14.184[0;39m [32m-DEBUG[0;39m [35m88555[0;39m [32m[0;39m [        default] [2m---[0;39m [2m[nio-8443-exec-4][0;39m [36m.a.f.i.c.p.ExtendedJpaTransactionManager[0;39m [2m:[0;39m Found thread-bound EntityManager [org.eclipse.persistence.internal.jpa.EntityManagerImpl@1cd2e321] for JPA transaction
[2m2026-02-17 11:22:14.184[0;39m [32m-DEBUG[0;39m [35m88555[0;39m [32m[0;39m [        default] [2m---[0;39m [2m[nio-8443-exec-4][0;39m [36m.a.f.i.c.p.ExtendedJpaTransactionManager[0;39m [2m:[0;39m Participating in existing transaction
[2m2026-02-17 11:22:14.184[0;39m [32m-DEBUG[0;39m [35m88555[0;39m [32m[0;39m [        default] [2m---[0;39m [2m[nio-8443-exec-6][0;39m [36m.a.f.i.c.p.ExtendedJpaTransactionManager[0;39m [2m:[0;39m Creating new transaction with name [org.apache.fineract.infrastructure.cache.service.CacheWritePlatformServiceJpaRepositoryImpl.switchToCache]: PROPAGATION_REQUIRED,ISOLATION_DEFAULT
[2m2026-02-17 11:22:14.184[0;39m [32m-DEBUG[0;39m [35m88555[0;39m [32m[0;39m [        default] [2m---[0;39m [2m[nio-8443-exec-7][0;39m [36m.a.f.i.c.p.ExtendedJpaTransactionManager[0;39m [2m:[0;39m Creating new transaction with name [org.apache.fineract.infrastructure.cache.service.CacheWritePlatformServiceJpaRepositoryImpl.switchToCache]: PROPAGATION_REQUIRED,ISOLATION_DEFAULT
[2m2026-02-17 11:22:14.184[0;39m [32m-DEBUG[0;39m [35m88555[0;39m [32m[0;39m [        default] [2m---[0;39m [2m[nio-8443-exec-6][0;39m [36m.a.f.i.c.p.ExtendedJpaTransactionManager[0;39m [2m:[0;39m Opened new EntityManager [org.eclipse.persistence.internal.jpa.EntityManagerImpl@71f72ef6] for JPA transaction
[2m2026-02-17 11:22:14.184[0;39m [32m-DEBUG[0;39m [35m88555[0;39m [32m[0;39m [        default] [2m---[0;39m [2m[nio-8443-exec-7][0;39m [36m.a.f.i.c.p.ExtendedJpaTransactionManager[0;39m [2m:[0;39m Opened new EntityManager [org.eclipse.persistence.internal.jpa.EntityManagerImpl@10d5e6e9] for JPA transaction
[2m2026-02-17 11:22:14.184[0;39m [32m-DEBUG[0;39m [35m88555[0;39m [32m[0;39m [        default] [2m---[0;39m [2m[nio-8443-exec-1][0;39m [36m.a.f.i.c.p.ExtendedJpaTransactionManager[0;39m [2m:[0;39m Closing JPA EntityManager [org.eclipse.persistence.internal.jpa.EntityManagerImpl@517d6dea] after transaction
[2m2026-02-17 11:22:14.184[0;39m [32m-DEBUG[0;39m [35m88555[0;39m [32m[0;39m [        default] [2m---[0;39m [2m[nio-8443-exec-7][0;39m [36m.a.f.i.c.p.ExtendedJpaTransactionManager[0;39m [2m:[0;39m Exposing JPA transaction as JDBC [org.springframework.orm.jpa.vendor.EclipseLinkJpaDialect$EclipseLinkConnectionHandle@7f183ad3]
[2m2026-02-17 11:22:14.184[0;39m [32m-DEBUG[0;39m [35m88555[0;39m [32m[0;39m [        default] [2m---[0;39m [2m[nio-8443-exec-1][0;39m [36m.a.f.i.c.p.ExtendedJpaTransactionManager[0;39m [2m:[0;39m Creating new transaction with name [org.apache.fineract.infrastructure.cache.service.CacheWritePlatformServiceJpaRepositoryImpl.switchToCache]: PROPAGATION_REQUIRED,ISOLATION_DEFAULT
[2m2026-02-17 11:22:14.184[0;39m [32m-DEBUG[0;39m [35m88555[0;39m [32m[0;39m [        default] [2m---[0;39m [2m[nio-8443-exec-1][0;39m [36m.a.f.i.c.p.ExtendedJpaTransactionManager[0;39m [2m:[0;39m Opened new EntityManager [org.eclipse.persistence.internal.jpa.EntityManagerImpl@6235eea0] for JPA transaction
[2m2026-02-17 11:22:14.184[0;39m [32m-DEBUG[0;39m [35m88555[0;39m [32m[0;39m [        default] [2m---[0;39m [2m[nio-8443-exec-7][0;39m [36m.a.f.i.c.p.ExtendedJpaTransactionManager[0;39m [2m:[0;39m Found thread-bound EntityManager [org.eclipse.persistence.internal.jpa.EntityManagerImpl@10d5e6e9] for JPA transaction
[2m2026-02-17 11:22:14.184[0;39m [32m-DEBUG[0;39m [35m88555[0;39m [32m[0;39m [        default] [2m---[0;39m [2m[nio-8443-exec-7][0;39m [36m.a.f.i.c.p.ExtendedJpaTransactionManager[0;39m [2m:[0;39m Participating in existing transaction
[2m2026-02-17 11:22:14.184[0;39m [32m-DEBUG[0;39m [35m88555[0;39m [32m[0;39m [        default] [2m---[0;39m [2m[nio-8443-exec-1][0;39m [36m.a.f.i.c.p.ExtendedJpaTransactionManager[0;39m [2m:[0;39m Exposing JPA transaction as JDBC [org.springframework.orm.jpa.vendor.EclipseLinkJpaDialect$EclipseLinkConnectionHandle@6612fb5e]
[2m2026-02-17 11:22:14.184[0;39m [32m-DEBUG[0;39m [35m88555[0;39m [32m[0;39m [        default] [2m---[0;39m [2m[nio-8443-exec-1][0;39m [36m.a.f.i.c.p.ExtendedJpaTransactionManager[0;39m [2m:[0;39m Found thread-bound EntityManager [org.eclipse.persistence.internal.jpa.EntityManagerImpl@6235eea0] for JPA transaction
[2m2026-02-17 11:22:14.184[0;39m [32m-DEBUG[0;39m [35m88555[0;39m [32m[0;39m [        default] [2m---[0;39m [2m[nio-8443-exec-1][0;39m [36m.a.f.i.c.p.ExtendedJpaTransactionManager[0;39m [2m:[0;39m Participating in existing transaction
[2m2026-02-17 11:22:14.185[0;39m [32m-DEBUG[0;39m [35m88555[0;39m [32m[0;39m [        default] [2m---[0;39m [2m[nio-8443-exec-6][0;39m [36m.a.f.i.c.p.ExtendedJpaTransactionManager[0;39m [2m:[0;39m Exposing JPA transaction as JDBC [org.springframework.orm.jpa.vendor.EclipseLinkJpaDialect$EclipseLinkConnectionHandle@12a61a08]
[2m2026-02-17 11:22:14.186[0;39m [32m-DEBUG[0;39m [35m88555[0;39m [32m[0;39m [        default] [2m---[0;39m [2m[nio-8443-exec-6][0;39m [36m.a.f.i.c.p.ExtendedJpaTransactionManager[0;39m [2m:[0;39m Found thread-bound EntityManager [org.eclipse.persistence.internal.jpa.EntityManagerImpl@71f72ef6] for JPA transaction
[2m2026-02-17 11:22:14.186[0;39m [32m-DEBUG[0;39m [35m88555[0;39m [32m[0;39m [        default] [2m---[0;39m [2m[nio-8443-exec-6][0;39m [36m.a.f.i.c.p.ExtendedJpaTransactionManager[0;39m [2m:[0;39m Participating in existing transaction
[2m2026-02-17 11:22:14.187[0;39m [32m-DEBUG[0;39m [35m88555[0;39m [32m[0;39m [        default] [2m---[0;39m [2m[nio-8443-exec-4][0;39m [36m.a.f.i.c.p.ExtendedJpaTransactionManager[0;39m [2m:[0;39m Initiating transaction commit
[2m2026-02-17 11:22:14.187[0;39m [32m-DEBUG[0;39m [35m88555[0;39m [32m[0;39m [        default] [2m---[0;39m [2m[nio-8443-exec-4][0;39m [36m.a.f.i.c.p.ExtendedJpaTransactionManager[0;39m [2m:[0;39m Committing JPA transaction on EntityManager [org.eclipse.persistence.internal.jpa.EntityManagerImpl@1cd2e321]
[2m2026-02-17 11:22:14.187[0;39m [32m-DEBUG[0;39m [35m88555[0;39m [32m[0;39m [        default] [2m---[0;39m [2m[nio-8443-exec-1][0;39m [36m.a.f.i.c.p.ExtendedJpaTransactionManager[0;39m [2m:[0;39m Initiating transaction commit
[2m2026-02-17 11:22:14.187[0;39m [32m-DEBUG[0;39m [35m88555[0;39m [32m[0;39m [        default] [2m---[0;39m [2m[nio-8443-exec-1][0;39m [36m.a.f.i.c.p.ExtendedJpaTransactionManager[0;39m [2m:[0;39m Committing JPA transaction on EntityManager [org.eclipse.persistence.internal.jpa.EntityManagerImpl@6235eea0]
[2m2026-02-17 11:22:14.187[0;39m [32m-DEBUG[0;39m [35m88555[0;39m [32m[0;39m [        default] [2m---[0;39m [2m[nio-8443-exec-6][0;39m [36m.a.f.i.c.p.ExtendedJpaTransactionManager[0;39m [2m:[0;39m Initiating transaction commit
[2m2026-02-17 11:22:14.187[0;39m [32m-DEBUG[0;39m [35m88555[0;39m [32m[0;39m [        default] [2m---[0;39m [2m[io-8443-exec-10][0;39m [36m.a.f.i.c.p.ExtendedJpaTransactionManager[0;39m [2m:[0;39m Initiating transaction commit
[2m2026-02-17 11:22:14.187[0;39m [32m-DEBUG[0;39m [35m88555[0;39m [32m[0;39m [        default] [2m---[0;39m [2m[io-8443-exec-10][0;39m [36m.a.f.i.c.p.ExtendedJpaTransactionManager[0;39m [2m:[0;39m Committing JPA transaction on EntityManager [org.eclipse.persistence.internal.jpa.EntityManagerImpl@6abc4415]
[2m2026-02-17 11:22:14.187[0;39m [32m-DEBUG[0;39m [35m88555[0;39m [32m[0;39m [        default] [2m---[0;39m [2m[nio-8443-exec-6][0;39m [36m.a.f.i.c.p.ExtendedJpaTransactionManager[0;39m [2m:[0;39m Committing JPA transaction on EntityManager [org.eclipse.persistence.internal.jpa.EntityManagerImpl@71f72ef6]
[2m2026-02-17 11:22:14.187[0;39m [32m-DEBUG[0;39m [35m88555[0;39m [32m[0;39m [        default] [2m---[0;39m [2m[nio-8443-exec-1][0;39m [36m.a.f.i.c.p.ExtendedJpaTransactionManager[0;39m [2m:[0;39m Closing JPA EntityManager [org.eclipse.persistence.internal.jpa.EntityManagerImpl@6235eea0] after transaction
[2m2026-02-17 11:22:14.187[0;39m [32m-DEBUG[0;39m [35m88555[0;39m [32m[0;39m [        default] [2m---[0;39m [2m[nio-8443-exec-4][0;39m [36m.a.f.i.c.p.ExtendedJpaTransactionManager[0;39m [2m:[0;39m Closing JPA EntityManager [org.eclipse.persistence.internal.jpa.EntityManagerImpl@1cd2e321] after transaction
[2m2026-02-17 11:22:14.187[0;39m [32m-DEBUG[0;39m [35m88555[0;39m [32m[0;39m [        default] [2m---[0;39m [2m[io-8443-exec-10][0;39m [36m.a.f.i.c.p.ExtendedJpaTransactionManager[0;39m [2m:[0;39m Closing JPA EntityManager [org.eclipse.persistence.internal.jpa.EntityManagerImpl@6abc4415] after transaction
[2m2026-02-17 11:22:14.187[0;39m [32m-DEBUG[0;39m [35m88555[0;39m [32m[0;39m [        default] [2m---[0;39m [2m[nio-8443-exec-7][0;39m [36m.a.f.i.c.p.ExtendedJpaTransactionManager[0;39m [2m:[0;39m Initiating transaction commit
[2m2026-02-17 11:22:14.188[0;39m [32m-DEBUG[0;39m [35m88555[0;39m [32m[0;39m [        default] [2m---[0;39m [2m[nio-8443-exec-7][0;39m [36m.a.f.i.c.p.ExtendedJpaTransactionManager[0;39m [2m:[0;39m Committing JPA transaction on EntityManager [org.eclipse.persistence.internal.jpa.EntityManagerImpl@10d5e6e9]
[2m2026-02-17 11:22:14.188[0;39m [32m-DEBUG[0;39m [35m88555[0;39m [32m[0;39m [        default] [2m---[0;39m [2m[nio-8443-exec-6][0;39m [36m.a.f.i.c.p.ExtendedJpaTransactionManager[0;39m [2m:[0;39m Closing JPA EntityManager [org.eclipse.persistence.internal.jpa.EntityManagerImpl@71f72ef6] after transaction
[2m2026-02-17 11:22:14.189[0;39m [32m-DEBUG[0;39m [35m88555[0;39m [32m[0;39m [        default] [2m---[0;39m [2m[nio-8443-exec-7][0;39m [36m.a.f.i.c.p.ExtendedJpaTransactionManager[0;39m [2m:[0;39m Closing JPA EntityManager [org.eclipse.persistence.internal.jpa.EntityManagerImpl@10d5e6e9] after transaction
[2m2026-02-17 11:22:15.545[0;39m [32m-DEBUG[0;39m [35m88555[0;39m [32m[0;39m [        default] [2m---[0;39m [2m[io-8443-exec-10][0;39m [36ms.f.TenantAwareBasicAuthenticationFilter[0;39m [2m:[0;39m Set SecurityContextHolder to UsernamePasswordAuthenticationToken [Principal=AppUser [username=rob.manager, getId()=9], Credentials=[PROTECTED], Authenticated=true, Details=WebAuthenticationDetails [RemoteIpAddress=0:0:0:0:0:0:0:1, SessionId=null], Granted Authorities=[CREATE_FIXEDDEPOSITACCOUNT_CHECKER, POSTINTEREST_RECURRINGDEPOSITACCOUNT, PAY_LOANCHARGE, UPDATE_DOCUMENT_CHECKER, APPROVE_GLIMLOAN, UPDATE_TWOFACTOR_CONFIGURATION, DELETE_RECURRINGDEPOSITPRODUCT, READ_Portfolio at Risk, READ_Trial Balance, DELETE_USER, CREATE_FINANCIALACTIVITYACCOUNT, PAY_SAVINGSACCOUNTCHARGE_CHECKER, DELETE_CENTER, CREATE_EMAIL_CAMPAIGN_CHECKER, UPDATE_COLLATERAL, REJECTTRANSFER_CLIENT, CREATE_STAFFIMAGE, DELETE_CLIENTIDENTIFIER_CHECKER, READ_Active Loans - Summary, UPDATE_TAXCOMPONENT, READ_LOANNOTE, UPDATE_DOCUMENT, CREATE_CHARTSLAB_CHECKER, WITHDRAW_SAVINGSACCOUNT_CHECKER, UPDATE_CREDITBUREAU_CONFIGURATION, DELETE_FIXEDDEPOSITACCOUNT_CHECKER, DOWNPAYMENT_LOAN, UNDO_REAMORTIZE_LOAN, CLOSE_CENTER_CHECKER, READ_Written-Off Loans(Pentaho), CREATE_PAYMENTTYPE, INACTIVATE_CLIENTCHARGE_CHECKER, UPDATE_LOANPRODUCT, UNDOTRANSACTION_SAVINGSACCOUNT_CHECKER, READ_MEETING, REACTIVATE_CLIENT, CREATE_REPORT_CHECKER, CREATE_PROVISIONJOURNALENTRIES, POSTINTERESTASONDATE_SAVINGSACCOUNT, DELETE_GROUPNOTE, REJECTTRANSFER_CLIENT_CHECKER, DISBURSALUNDO_LOAN_CHECKER, UPDATE_CALENDAR_CHECKER, CREATE_FIXEDDEPOSITACCOUNT, DELETE_REPORT_CHECKER, CREATE_LOANNOTE, CREATE_PROVISIONCATEGORY, DELETE_LOANTRANSACTIONNOTE, CREATE_DIVIDEND_SHAREPRODUCT_CHECKER, ADJUSTMENT_LOANCHARGE, ACTIVATE_GROUP, UPDATE_SMSCAMPAIGN_CHECKER, DELETE_GLCLOSURE, UPDATE_CHARTSLAB, DELETE_DIVIDEND_SHAREPRODUCT_CHECKER, APPROVALUNDO_FIXEDDEPOSITACCOUNT_CHECKER, READ_CHARGE, CREATE_DELINQUENCY_ACTION, CLOSE_RECURRINGDEPOSITACCOUNT_CHECKER, UPDATE_SMS_CHECKER, ACTIVATE_HOLIDAY, CREATE_ENTITYMAPPING, READ_RECURRINGDEPOSITPRODUCT, CREATE_LOANTRANSACTIONNOTE_CHECKER, CREATE_ACCOUNTINGRULE, DELETE_FUND, CREATE_CLIENT_CHECKER, CREATESCHEDULEEXCEPTIONS_LOAN, DELETE_CODEVALUE_CHECKER, UPDATE_CLIENTIDENTIFIER_CHECKER, DELETE_DOCUMENT_CHECKER, UPDATE_CLIENTIDENTIFIER, REVERSE_JOURNALENTRY, UNDOWITHDRAWAL_CLIENT_CHECKER, ACTIVATE_FIXEDDEPOSITACCOUNT_CHECKER, CLOSE_CENTER, DELETE_RECURRINGDEPOSITACCOUNT, READ_TEMPLATE, VIEW_CASHIER_SESSIONS, READ_FLOATINGRATE, FORECLOSURE_LOAN_CHECKER, REVERSETRANSACTION_SAVINGSACCOUNT, DELETE_ADDRESS_CHECKER, UPDATE_PROVISIONCATEGORY, CREATE_LOAN, UPDATE_LOANNOTE_CHECKER, CREATE_GLACCOUNT, CONTRACT_TERMINATION_UNDO_LOAN, WITHDRAWTRANSFER_CLIENT, RECREATE_PROVISIONENTRIES, READ_CLIENT, REFUNDBYCASH_LOAN_CHECKER, DEFINEOPENINGBALANCE_JOURNALENTRY, DELETE_LOANPRODUCT_CHECKER, REACTIVATE_CLIENT_CHECKER, CREATE_CODEVALUE_CHECKER, DEPOSIT_RECURRINGDEPOSITACCOUNT, WAIVE_SAVINGSACCOUNTCHARGE, READ_Loans Pending Approval, WITHDRAW_LOAN_CHECKER, READ_ProgramDirectorStats, DELETE_CHARTSLAB_CHECKER, READ_FINANCIALACTIVITYACCOUNT, REMOVELOANOFFICER_LOAN, UPDATE_FIXEDDEPOSITPRODUCT, UPDATE_EXTERNAL_EVENT_CONFIGURATION, UPDATE_CALENDAR, MERCHANTISSUEDREFUND_LOAN, DELETE_CODEVALUE, UPDATE_SCHEDULER, READ_Prospective Clients - Email, ASSIGNSTAFF_GROUP, CREATE_REPORT, UPDATE_CODE, UPDATESAVINGSOFFICER_SAVINGSACCOUNT, DEPOSIT_SAVINGSACCOUNT_CHECKER, READ_CLIENTIDENTIFIER, READ_GLACCOUNT, CREATE_ADHOC_CHECKER, APPROVE_LOAN_CHECKER, CREATE_ACCOUNTTRANSFER, UPDATE_BATCH_BUSINESS_STEP, UPDATE_CODE_CHECKER, DELETE_GROUP_CHECKER, UPDATE_PASSWORD_PREFERENCES, READ_INTERTRANSFER, ACTIVATE_SMSCAMPAIGN, SALE_LOAN, CREATE_INTERID, POSTINTEREST_FIXEDDEPOSITACCOUNT_CHECKER, UPDATE_CHARGE_CHECKER, READ_EMAIL_CAMPAIGN, SAVE_CREDITREPORT, CREATE_STANDINGINSTRUCTION , DELETE_STAFF_CHECKER, READ_FIXEDDEPOSITACCOUNT, UPDATE_PAYMENTTYPE, CREATE_CLIENTNOTE, CREATE_CLIENTCHARGE_CHECKER, UPDATE_RECURRINGDEPOSITPRODUCT_CHECKER, CALCULATEINTEREST_FIXEDDEPOSITACCOUNT_CHECKER, UPDATESAVINGSACCOUNT_CLIENT, UNASSIGNSTAFF_GROUP_CHECKER, UPDATE_REPAYMENT_WITH_POSTDATEDCHECKS, CREATE_TAXGROUP, READ_ADDRESS, ACTIVATE_CLIENT_CHECKER, READ_Active Loans in last installment, UPDATE_FIXEDDEPOSITACCOUNT_CHECKER, UPDATEWITHHOLDTAX_SAVINGSACCOUNT_CHECKER, DELETE_ROLE, DELETE_REPORTMAILINGJOB, DELETE_LOANCHARGE, accounting_visibility, READ_Portfolio at Risk(Pentaho), DELETE_REPORT, HOLDAMOUNT_SAVINGSACCOUNT, CREATE_GUARANTOR, UPDATE_GSIMACCOUNT, DELETE_LOAN_COLLATERAL_PRODUCT, READ_FieldAgentStats, READ_Happy Birthday - Email, UPDATE_DATATABLE, ALLOCATECASHIER_TELLER_CHECKER, SETTLECASHFROMCASHIER_TELLER, UNBLOCK_SAVINGSACCOUNT_CHECKER, BOUNCE_REPAYMENT_WITH_POSTDATEDCHECKS, WRITEOFF_LOAN, CALCULATEINTEREST_FIXEDDEPOSITACCOUNT, READ_EMAIL_CONFIGURATION, CREATE_DIVIDEND_SHAREPRODUCT, DELETE_EMAIL_CAMPAIGN, CREATE_FUND, READ_PRODUCTMIX, TRANSFERCLIENTS_GROUP_CHECKER, UPDATE_DATATABLE_CHECKER, UPDATE_SAVINGNOTE_CHECKER, CLOSE_SAVINGSACCOUNT_CHECKER, CHARGEBACK_LOAN, READ_Savings Transactions, CREATE_RESCHEDULELOAN, UPDATE_XBRLMAPPING, ASSOCIATEGROUPS_CENTER_CHECKER, BLOCKDEBIT_SAVINGSACCOUNT, UPDATE_ADHOC_CHECKER, READ_CODEVALUE, CREATE_INTERESTRATECHART, start_loan_comittee, CREATE_LOAN_CHECKER, UPDATE_HOLIDAY, UPDATE_SAVINGSACCOUNT_CHECKER, BLOCK_SAVINGSACCOUNT_CHECKER, READ_STAFF, UPDATE_INTERESTRATECHART, APPROVE_GSIMACCOUNT, CREATE_PRODUCTMIX, READ_Loan Payments Received (Active Loans) - Email, DELETE_CREDITREPORT, READ_General Ledger Report, READ_Daily Journal Ledger Report, CREATE_USER, REJECTADDITIONALSHARES_SHAREACCOUNT, CREATE_STAFF, READ_Portfolio at Risk by Branch, UPDATE_OFFICE, DELETE_LOAN_CHECKER, UNASSIGNGESTOR_CLIENT, UPDATE_LOANTRANSACTIONNOTE, DELETE_DATATABLE, APPROVALUNDO_LOAN, ASSOCIATECLIENTS_GROUP, UPDATEOPENINGBALANCE_JOURNALENTRY_CHECKER, CONTRACT_TERMINATION_LOAN, READ_Aging Summary (Arrears in Months), REAGE_LOAN, UNBLOCK_SAVINGSACCOUNT, DELETE_DELINQUENCY_RANGE, UPDATE_CENTER, BULKREASSIGN_LOAN_CHECKER, PROPOSEANDACCEPTTRANSFER_CLIENT_CHECKER, READ_PASSWORD_PREFERENCES, UNDOAPPROVAL_SHAREACCOUNT, view_pendientes, READ_Client Loan Account Schedule, READ_Active Loan Clients - Email, READ_Loan Payments Due (Overdue Loans) - Email, UPDATE_PRODUCTMIX, READ_Active Loans in last installment Summary, UPDATE_ADDRESS_CHECKER, READ_Active Loan Summary per Branch, CREATE_OFFICE_CHECKER, UPDATE_TAXGROUP, UPDATE_REPORT_CHECKER, DELETE_INTERID, APPROVE_LOAN, READ_RECURRINGDEPOSITACCOUNT, WITHDRAW_RECURRINGDEPOSITACCOUNT_CHECKER, APPROVALUNDO_FIXEDDEPOSITACCOUNT, UPDATE_CLIENTCHARGE_CHECKER, DELETE_LOAN, CLOSE_GSIMACCOUNT, PAY_CLIENTCHARGE_CHECKER, READ_WORKINGDAYS, DELETE_LOANNOTE, UPDATE_DELINQUENCY_RANGE, DELETE_STANDINGINSTRUCTION, APPROVE_FIXEDDEPOSITACCOUNT, centers_visibility, REVERSETRANSACTION_SAVINGSACCOUNT_CHECKER, READ_USER, ACTIVATE_GROUP_CHECKER, APPROVE_RECURRINGDEPOSITACCOUNT, APPLYANNUALFEE_SAVINGSACCOUNT_CHECKER, UPDATE_INTERESTRATECHART_CHECKER, DELETE_ACCOUNTNUMBERFORMAT, CREATE_HOLIDAY_CHECKER, REJECT_CLIENT, CREATE_SAVINGSPRODUCT, UPDATE_CLIENTNOTE, READ_Rescheduled Loans(Pentaho), READ_CODE, ACTIVATE_CLIENT, CREATE_TELLER_CHECKER, CREATE_CLIENT_COLLATERAL_PRODUCT, UPDATE_TAXCOMPONENT_CHECKER, SETTLECASHFROMCASHIER_TELLER_CHECKER, DELETE_EMAIL_CHECKER, READ_GROUP, UPDATE_SAVINGNOTE, CREATE_USER_CHECKER, READ_GroupSummaryAmounts, reports_visibility, READ_DELINQUENCY_BUCKET, DELETE_RECURRINGDEPOSITACCOUNT_CHECKER, READ_LoanTrendsByMonth, UPDATE_STANDINGINSTRUCTION, UPDATE_EMAIL, CREATE_SAVINGSPRODUCT_CHECKER, update_pending_flow_blueprint, CREATE_STAFF_CHECKER, READ_FUND, UPDATE_EXTERNALSERVICES, CREATE_EMAIL, DELETE_CLIENTCHARGE, DELETE_SMS, CREATE_ADDRESS_CHECKER, complete_pending_step, REMOVELOANOFFICER_LOAN_CHECKER, CREATE_DELINQUENCY_BUCKET, DELETE_PROVISIONCRITERIA, ACTIVATE_SAVINGSACCOUNT_CHECKER, UPDATE_SMS, UNDOTRANSACTION_FIXEDDEPOSITACCOUNT, DELETE_SAVINGSACCOUNT_CHECKER, UPDATE_CENTER_CHECKER, UPDATE_REPORT, INTERESTPAYMENTWAIVER_LOAN, CREATE_OFFICE, UPDATE_CURRENCY, READ_INTERREQUEST, READ_CONFIGURATION, REFUNDBYCASH_LOAN, READ_Funds Disbursed Between Dates Summary by Office(Pentaho), UPDATE_FLOATINGRATE_CHECKER, ASSIGNROLE_GROUP, ALL_FUNCTIONS_READ, CREATE_LOANPRODUCT, CREATE_GROUP_CHECKER, READ_Obligation Met Loans Details, UPDATE_EMAIL_CAMPAIGN, UPDATE_LOAN_CHECKER, CLOSE_EMAIL_CAMPAIGN, DELETE_COLLATERAL_PRODUCT, DELETE_SAVINGSPRODUCT, READ_Active Loans - Summary(Pentaho), DELETE_OFFICETRANSACTION_CHECKER, UPDATE_SHAREACCOUNT, REACTIVATE_SMSCAMPAIGN, CLOSE_LOAN_CHECKER, POSTINTEREST_RECURRINGDEPOSITACCOUNT_CHECKER, READ_RATE_CHECKER, READ_BUSINESS_DATE, CANCEL_ASSET_OWNER_TRANSACTION, DELETE_STANDINGINSTRUCTION , ACTIVATE_SAVINGSACCOUNT, UPDATE_DELINQUENCY_TAGS, WITHDRAWAL_SAVINGSACCOUNT_CHECKER, REJECT_RECURRINGDEPOSITACCOUNT, UPDATE_SAVINGSPRODUCT, DELETE_CLIENTNOTE, READ_STANDINGINSTRUCTION , ACTIVATE_GSIMACCOUNT, UPDATE_FAMILYMEMBERS, READ_SAVINGSACCOUNTCHARGE, READ_Loan Approved - Email, UPDATE_COLLATERAL_PRODUCT, UPDATE_CLIENTCHARGE, ALLOCATECASHIER_TELLER, CREATE_SHAREACCOUNT, UPDATELOANOFFICER_LOAN_CHECKER, CREATE_CLIENTIMAGE_CHECKER, READ_ProgramStats, DEPOSIT_GSIMACCOUNT, DEFINEOPENINGBALANCE_JOURNALENTRY_CHECKER, UPDATE_RECURRINGDEPOSITPRODUCT, UPDATE_EMAIL_CONFIGURATION, REJECT_LOAN_CHECKER, UPDATE_PASSWORD_PREFERENCES_CHECKER, ADJUSTTRANSACTION_SAVINGSACCOUNT, CREATE_DELINQUENCY_RANGE, CREATE_ADDRESS, WAIVEINTERESTPORTION_LOAN_CHECKER, READ_Funds Disbursed Between Dates Summary(Pentaho), CREATE_LOANNOTE_CHECKER, READ_DELINQUENCY_TAGS, REPAYMENT_LOAN_CHECKER, DELETE_MEETING, update_pending_step, REJECT_SAVINGSACCOUNT, CREATE_CHARGE, UPDATE_CODEVALUE_CHECKER, DELETE_TELLER, UPDATEOPENINGBALANCE_JOURNALENTRY, DELETE_CLIENTIMAGE, UNBLOCKCREDIT_SAVINGSACCOUNT_CHECKER, DELETE_REPAYMENT_WITH_POSTDATEDCHECKS, CREATE_RECURRINGDEPOSITPRODUCT_CHECKER, READ_EMAIL, UPDATE_SHAREPRODUCT, CREATE_TELLER, DELETE_OFFICE_CHECKER, ACTIVATE_SHAREACCOUNT, WAIVE_LOANCHARGE_CHECKER, CREATE_JOURNALENTRY_CHECKER, CREATE_GLCLOSURE, REAMORTIZE_LOAN, BYPASS_TWOFACTOR, DISBURSALUNDO_LOAN, UNDOTRANSACTION_RECURRINGDEPOSITACCOUNT_CHECKER, UNBLOCKDEBIT_SAVINGSACCOUNT, UPDATE_FINANCIALACTIVITYACCOUNT, DISBURSE_GLIMLOAN, ENABLE_ROLE, CREATE_STANDINGINSTRUCTION, CREATE_EXTERNAL_ASSET_OWNER_LOAN_PRODUCT_ATTRIBUTE, CREATE_CODE_CHECKER, READ_Active Loans Passed Final Maturity(Pentaho), UPDATE_TELLER, CHANGEPWD_USER, DELETE_SAVINGSACCOUNTCHARGE_CHECKER, READ_Active Loans Passed Final Maturity Summary, WITHDRAWTRANSFER_CLIENT_CHECKER, READ_TxnRunningBalances(Pentaho), APPROVALUNDO_LOAN_CHECKER, DELETE_ENTITYMAPPING, READ_Funds Disbursed Between Dates Summary by Office, UPDATE_PERMISSION, CREATE_CASHIER_SESSIONS, UPDATE_GROUPNOTE_CHECKER, REACTIVATE_EMAIL_CAMPAIGN, UPDATE_OFFICE_CHECKER, DELETECASHIERALLOCATION_TELLER_CHECKER, READ_TWOFACTOR_CONFIGURATION, READ_ACCOUNTTRANSFER, DEREGISTER_DATATABLE, READ_CLIENTNOTE, CREATE_HOOK, UPDATE_FUND, DELETE_GROUP, READ_Loans in arrears - Email, CREATE_LOANTRANSACTIONNOTE, CREATE_SSBENEFICIARYTPT, UNDODISBURSAL_GLIMLOAN, REFUNDBYTRANSFER_ACCOUNTTRANSFER, READ_Active Clients - Email, CREATE_RATE, UPDATE_ROLE, CREATE_SMS, WAIVE_SAVINGSACCOUNTCHARGE_CHECKER, REJECT_FIXEDDEPOSITACCOUNT_CHECKER, READ_AUDIT, TRANSFERCLIENTS_GROUP, READ_TAXGROUP, READ_DIVIDEND_SHAREPRODUCT, UPDATE_LOANNOTE, CREATE_SAVINGSACCOUNTCHARGE_CHECKER, UPDATERUNNINGBALANCE_JOURNALENTRY, READ_Disbursal Report, DELETE_CLIENT_COLLATERAL_PRODUCT, READ_Staff Assignment History, READ_Client Loans Listing, PROPOSEANDACCEPTTRANSFER_CLIENT, BUYDOWNFEEADJUSTMENT_LOAN, WITHDRAWAL_FIXEDDEPOSITACCOUNT_CHECKER, WITHDRAW_FIXEDDEPOSITACCOUNT, DELETE_ENTITY_DATATABLE_CHECK, DISBURSE_LOAN_CHECKER, CREATE_FIXEDDEPOSITPRODUCT_CHECKER, DELETE_CLIENTIDENTIFIER, DELINK_ACCOUNT_FROM_POCKET, UPDATE_HOOK, WITHDRAW_CLIENT, CREATE_INTERQUOTE, UPDATE_CREDITBUREAU_LOANPRODUCT_MAPPING, RECOVERGUARANTEES_LOAN_CHECKER, READ_Dormant Prospects - Email, CLOSE_GROUP, CLOSE_CLIENT_CHECKER, REJECT_CLIENT_CHECKER, ACCEPTTRANSFER_CLIENT_CHECKER, APPROVALUNDO_SAVINGSACCOUNT_CHECKER, CLOSE_RECURRINGDEPOSITACCOUNT, DELETE_CLIENTNOTE_CHECKER, UPDATE_GROUP_CHECKER, READ_CACHE, UNBLOCKCREDIT_SAVINGSACCOUNT, READ_RESCHEDULELOAN, DEPOSIT_SAVINGSACCOUNT, READ_Aging Summary (Arrears in Months)(Pentaho), UPDATE_REPORTMAILINGJOB, POSTINTEREST_SAVINGSACCOUNT, DEREGISTER_DATATABLE_CHECKER, READ_Expected Payments By Date - Formatted, READ_RATE, DELETE_CLIENT_CHECKER, DELETE_CENTER_CHECKER, READ_ENTITY_DATATABLE_CHECK, READ_Client Savings Summary, SAVECOLLECTIONSHEET_CENTER, DELETE_ADDRESS, APPROVE_RESCHEDULELOAN, UPDATE_RECURRINGDEPOSITACCOUNT_CHECKER, UNDOTRANSACTION_CLIENT_CHECKER, READ_Loans disbursed to clients - Email, DELETE_ACCOUNTINGRULE, CREATE_GROUPNOTE_CHECKER, READ_ClientTrendsByWeek, HOLDAMOUNT_SAVINGSACCOUNT_CHECKER, READ_Aging Detail(Pentaho), READ_CoordinatorStats, READ_LOAN, UPDATE_SMSCAMPAIGN, CREATE_ADHOC, UPDATE_DISBURSEMENTDETAIL, UPDATE_USER_CHECKER, CREATE_TAXCOMPONENT_CHECKER, SAVECOLLECTIONSHEET_GROUP, APPLYADDITIONALSHARES_SHAREACCOUNT, READ_LoanTrendsByDay, UPDATESAVINGSOFFICER_SAVINGSACCOUNT_CHECKER, WITHDRAWAL_FIXEDDEPOSITACCOUNT, UPDATE_CONFIGURATION_CHECKER, UPDATEWITHHOLDTAX_SAVINGSACCOUNT, DELETE_TEMPLATE, CLOSEASRESCHEDULED_LOAN, APPROVALUNDO_GSIMACCOUNT, CREATE_ENTITY_DATATABLE_CHECK, WAIVE_CLIENTCHARGE_CHECKER, DELETE_DIVIDEND_SHAREPRODUCT, UPDATE_DELINQUENCY_BUCKET, REJECT_RECURRINGDEPOSITACCOUNT_CHECKER, CREATE_CODEVALUE, CREATE_CLIENTCHARGE, DELETE_SAVINGNOTE_CHECKER, READ_DOCUMENT, WITHDRAWAL_SAVINGSACCOUNT, APPROVE_DIVIDEND_SHAREPRODUCT_CHECKER, CREATE_RECURRINGDEPOSITPRODUCT, READ_CENTER, CREATE_MEETING, UNDOREJECT_CLIENT_CHECKER, BUYDOWNFEE_LOAN, DELETE_SAVINGSPRODUCT_CHECKER, REFUNDBYTRANSFER_ACCOUNTTRANSFER_CHECKER, UPDATEROLE_GROUP, ADJUST_LOAN, WITHDRAW_SAVINGSACCOUNT, DELETE_CLIENTCHARGE_CHECKER, READ_OFFICE, UPDATE_ADDRESS, UPDATE_USER, READ_Loans Pending Approval(Pentaho), ALLOCATECASHTOCASHIER_TELLER, CREATE_SMSCAMPAIGN_CHECKER, APPROVE_FIXEDDEPOSITACCOUNT_CHECKER, READ_DATATABLE, READ_HOOK, CREATE_RECURRINGDEPOSITACCOUNT, GOODWILLCREDIT_LOAN, DELETE_CALENDAR, UPDATE_COLLECTIONSHEET, READ_Loan Fully Repaid - Email, READ_Loan Rejected - Email, CREATE_INTERESTRATECHART_CHECKER, DELETE_FAMILYMEMBERS, READ_ROLE, GET_CREDITREPORT, DELETE_STAFF, READ_SCHEDULER, UPDATE_LIKELIHOOD, UPDATE_CONFIGURATION, READ_Expected Payments By Date - Basic, REMOVESAVINGSOFFICER_SAVINGSACCOUNT_CHECKER, CREATE_SMS_CHECKER, DELETE_FIXEDDEPOSITACCOUNT, READ_BranchManagerStats, ASSIGNSTAFF_CLIENT, UPDATE_EXTERNAL_ASSET_OWNER_LOAN_PRODUCT_ATTRIBUTE, REMOVESAVINGSOFFICER_SAVINGSACCOUNT, REJECT_SHAREACCOUNT, READ_ChildrenStaffList, READ_FAMILYMEMBERS, DEPOSIT_RECURRINGDEPOSITACCOUNT_CHECKER, UNDOTRANSACTION_CLIENT, CREATE_JOURNALENTRY, WITHDRAWAL_RECURRINGDEPOSITACCOUNT, PREMATURECLOSE_RECURRINGDEPOSITACCOUNT_CHECKER, UPDATE_FIXEDDEPOSITPRODUCT_CHECKER, CREATE_FLOATINGRATE_CHECKER, DELETE_GROUPNOTE_CHECKER, READ_INTERID, UPDATE_TEMPLATE, READ_ClientTrendsByDay, BLOCKCREDIT_SAVINGSACCOUNT_CHECKER, UPDATE_ROLE_CHECKER, CREATE_SAVINGSACCOUNTCHARGE, DISBURSETOSAVINGS_LOAN, DELETE_CLIENT, DELETE_CHARGE_CHECKER, CLOSE_LOAN, MANUAL_INTEREST_REFUND_TRANSACTION_LOAN, CREATE_RECURRINGDEPOSITACCOUNT_CHECKER, UPDATE_WORKINGDAYS, UPDATE_WORKINGDAYS_CHECKER, DELETE_GLACCOUNT, READ_CURRENCY, READ_FieldAgentPrograms, DELETESCHEDULEEXCEPTIONS_LOAN, CAPITALIZEDINCOMEADJUSTMENT_LOAN, READ_Collection Report, CREATE_RATE_CHECKER, WRITEOFF_LOAN_CHECKER, CREATE_TEMPLATE, PREMATURECLOSE_RECURRINGDEPOSITACCOUNT, UNBLOCKDEBIT_SAVINGSACCOUNT_CHECKER, CALCULATEINTEREST_RECURRINGDEPOSITACCOUNT_CHECKER, DELETE_INTEREST_PAUSE, UPDATE_CLIENT_COLLATERAL_PRODUCT, CREATE_REPORTMAILINGJOB, DELETE_USER_CHECKER, CLOSE_CLIENT, RELEASEAMOUNT_SAVINGSACCOUNT_CHECKER, PAY_SAVINGSACCOUNTCHARGE, READ_Branch Expected Cash Flow, CREATE_SAVINGSACCOUNT_CHECKER, READ_GroupSummaryCounts, CREATE_ORGANISATIONCREDITBUREAU, INACTIVATE_CLIENTCHARGE, FORECLOSURE_LOAN, ALLOCATECASHTOCASHIER_TELLER_CHECKER, READ_CALENDAR, READ_Loan payments due - Email, UNDO_WAIVECHARGE, PREMATURECLOSE_FIXEDDEPOSITACCOUNT_CHECKER, DELETE_CODE_CHECKER, CREATE_CLIENTIMAGE, UPDATE_LOAN, CREATE_INTERTRANSFER, INACTIVATE_SAVINGSACCOUNTCHARGE_CHECKER, READ_Loan Repayment - Email, EXECUTE_INLINE_JOB, BYPASS_LOAN_WRITE_PROTECTION, READ_ACCOUNTINGRULE, READ_IMPORT, DISBURSE_LOAN, DELETE_SSBENEFICIARYTPT, CREATE_CHARGE_CHECKER, UPDATE_MEETING, READ_Active Group Leaders - Email, DELETE_HOOK, UPDATE_SAVINGSACCOUNTCHARGE_CHECKER, UNDOCHARGEOFF_LOAN, READ_LOANTRANSACTIONNOTE, READ_SMS, READ_OFFICETRANSACTION, UNDOTRANSACTION_FIXEDDEPOSITACCOUNT_CHECKER, UPDATE_LOANPRODUCT_CHECKER, UPDATE_CACHE, CREATE_CLIENT, CREATE_DATATABLE, CREATE_OFFICETRANSACTION, READ_Aging Detail, BLOCK_SAVINGSACCOUNT, DELETE_STAFFIMAGE, CALCULATEINTEREST_SAVINGSACCOUNT, UNASSIGNSTAFF_CLIENT, DELETE_SAVINGNOTE, CREATE_DATATABLE_CHECKER, CREATE_PROVISIONENTRIES, READ_LoanTrendsByWeek, DELETE_SAVINGSACCOUNT, DELETE_FUND_CHECKER, UNDOTRANSACTION_RECURRINGDEPOSITACCOUNT, READ_STAFFIMAGE, ACTIVATE_HOLIDAY_CHECKER, ASSOCIATEGROUPS_CENTER, PAY_CLIENTCHARGE, DELETE_SMSCAMPAIGN, CREATE_INTEREST_PAUSE, DELETE_LOANTRANSACTIONNOTE_CHECKER, RECOVERYPAYMENT_LOAN, DISABLE_ROLE, CREATE_EMAIL_CAMPAIGN, UPDATE_CURRENCY_CHECKER, EXECUTEFORSAVINGS, READ_Active Loans by Disbursal Period(Pentaho), RELEASEAMOUNT_SAVINGSACCOUNT, UPDATE_ACCOUNTINGRULE, CREATE_FIXEDDEPOSITPRODUCT, READ_Disbursal_Vs_Awaitingdisbursal, APPROVE_SHAREACCOUNT, DELETE_STAFFIMAGE_CHECKER, DELETE_PRODUCTMIX, CLOSE_FIXEDDEPOSITACCOUNT_CHECKER, CREATE_SAVINGNOTE, CREATE_CLIENTIDENTIFIER_CHECKER, CREATE_FAMILYMEMBERS, CREATESCHEDULEEXCEPTIONS_LOAN_CHECKER, REPAYMENT_LOAN, READ_ProgramDetails, WITHDRAW_FIXEDDEPOSITACCOUNT_CHECKER, DELETE_INTERESTRATECHART_CHECKER, UPDATE_HOLIDAY_CHECKER, CREATE_CLIENTNOTE_CHECKER, UPDATE_CODEVALUE, ENABLE_ROLE_CHECKER, BULKREASSIGN_LOAN, READ_Aging Summary (Arrears in Weeks), READ_HOLIDAY, READ_Active Loans in last installment(Pentaho), CREATE_CENTER, DELETE_EMAIL, WITHDRAW_LOAN, REGISTER_SURVEY, UPDATE_ORGANISATIONCREDITBUREAU, CREATE_STAFFIMAGE_CHECKER, READ_EXTERNAL_EVENT_CONFIGURATION, CALCULATEINTEREST_SAVINGSACCOUNT_CHECKER, UPDATE_ACCOUNTNUMBERFORMAT, UPDATE_FLOATINGRATE, UPDATE_CHARTSLAB_CHECKER, READ_Loans Awaiting Disbursal(Pentaho), READ_SSBENEFICIARYTPT, ACTIVATE_CENTER_CHECKER, INACTIVATE_SAVINGSACCOUNTCHARGE, CREATE_GSIMACCOUNT, READ_Loans Outstanding after final instalment date - Email, READ_Client Saving Transactions, start_pending_flow, DELETE_PROVISIONCATEGORY, WITHDRAWAL_RECURRINGDEPOSITACCOUNT_CHECKER, READ_COLLATERAL, CREATE_GUARANTOR_CHECKER, UPDATE_FIXEDDEPOSITACCOUNT, UPDATECASHIERALLOCATION_TELLER, UNDOREJECT_CLIENT, UPDATE_GLACCOUNT, READ_COLLECTIONSHEET, DELETE_CHARTSLAB, DELETE_FINANCIALACTIVITYACCOUNT, DELETE_GUARANTOR, READ_Written-Off Loans, UNASSIGNSTAFF_GROUP, UPDATE_GUARANTOR_CHECKER, UPDATELOANOFFICER_LOAN, CLOSE_GROUP_CHECKER, PERMISSIONS_ROLE, READ_Loan Account Schedule, REJECT_GLIMLOAN, PAYOUTREFUND_LOAN, CLOSE_FIXEDDEPOSITACCOUNT, CREATE_DOCUMENT, DELETE_GUARANTOR_CHECKER, see_loan_comittee, UPDATE_APPROVED_AMOUNT_LOAN, WITHDRAW_RECURRINGDEPOSITACCOUNT, DELETESCHEDULEEXCEPTIONS_LOAN_CHECKER, UPDATE_LOANCHARGE, REPORTING_SUPER_USER, READ_Obligation Met Loans Details(Pentaho), RECOVERGUARANTEES_LOAN, READ_GroupNamesByStaff, UPDATEDEPOSITAMOUNT_RECURRINGDEPOSITACCOUNT_CHECKER, CREATE_COLLATERAL_CHECKER, APPROVE_RECURRINGDEPOSITACCOUNT_CHECKER, UPDATE_STAFF, DELETE_HOLIDAY, CREATE_SHAREPRODUCT, UPDATE_STANDINGINSTRUCTION , DISBURSALLASTUNDO_LOAN, READ_REPORTMAILINGJOB, UPDATE_RATE_CHECKER, ACCEPTTRANSFER_CLIENT, DISBURSEWITHOUTAUTODOWNPAYMENT_LOAN, UPDATEDEPOSITAMOUNT_RECURRINGDEPOSITACCOUNT, CHARGEOFF_LOAN, UPDATE_RATE, INVALIDATE_TWOFACTOR_ACCESSTOKEN, CREATE_FUND_CHECKER, UPDATE_LOANTRANSACTIONNOTE_CHECKER, UPDATE_ENTITYMAPPING, LINK_ACCOUNT_TO_POCKET, READ_PAYMENTTYPE, UPDATE_INTEREST_PAUSE, UPDATE_GROUP, ADJUSTTRANSACTION_RECURRINGDEPOSITACCOUNT, DEPOSIT_FIXEDDEPOSITACCOUNT, DELETE_CALENDAR_CHECKER, DEPOSIT_FIXEDDEPOSITACCOUNT_CHECKER, ACTIVATE_RECURRINGDEPOSITACCOUNT, UPDATE_CLIENTNOTE_CHECKER, READ_GLCLOSURE, DELETE_CHARGE, READ_ClientSummary , DELETE_FIXEDDEPOSITPRODUCT, DELETE_ROLE_CHECKER, DELETECASHIERALLOCATION_TELLER, CREATE_ACCOUNTNUMBERFORMAT, EXECUTE_PERIODICACCRUALACCOUNTING, UPDATEDELINQUENCY_LOAN, DELETE_CLIENTIMAGE_CHECKER, DISASSOCIATEGROUPS_CENTER, CREATE_COLLATERAL, DISASSOCIATEGROUPS_CENTER_CHECKER, READ_Active Loans Passed Final Maturity, DELETE_DELINQUENCY_BUCKET, UNDOWITHDRAWAL_CLIENT, DELETE_HOLIDAY_CHECKER, CREATE_CHARTSLAB, UPDATE_RECURRINGDEPOSITACCOUNT, ADJUST_LOAN_CHECKER, DELETE_SMS_CHECKER, CREATE_EMAIL_CHECKER, SAVE_COLLECTIONSHEET, DELETE_PAYMENTTYPE, BUYBACK_LOAN, READ_GroupSavingSummary, CREATE_ROLE, BLOCKCREDIT_SAVINGSACCOUNT, READ_Active Loans by Disbursal Period, UPDATE_SAVINGSPRODUCT_CHECKER, CLOSEASRESCHEDULED_LOAN_CHECKER, READ_Obligation Met Loans Summary(Pentaho), READ_Loan Payments Received (Overdue Loans) - Email, PROPOSETRANSFER_CLIENT_CHECKER, READ_Balance Outstanding, DELETE_OFFICETRANSACTION, CALCULATEINTEREST_RECURRINGDEPOSITACCOUNT, CREATE_DOCUMENT_CHECKER, READ_Loans Awaiting Disbursal Summary by Month(Pentaho), CREATE_CREDITBUREAU_LOANPRODUCT_MAPPING, ASSIGNGESTOR_CLIENT, ALL_FUNCTIONS, create_loan_comittee, REJECT_FIXEDDEPOSITACCOUNT, UPDATE_SSBENEFICIARYTPT, CREATE_CREDITBUREAU_CONFIGURATION, READ_Rescheduled Loans, DELETE_LOANCHARGE_CHECKER, WAIVE_LOANCHARGE, READ_GUARANTOR, PREMATURECLOSE_FIXEDDEPOSITACCOUNT, create_pending_flow_blueprint, CREATE_GROUPNOTE, SAVEORUPDATEATTENDANCE_MEETING, WITHDRAW_CLIENT_CHECKER, BLOCKDEBIT_SAVINGSACCOUNT_CHECKER, UPDATE_CLIENT, READ_Balance Sheet, CREATE_INTERREQUEST, REJECT_SAVINGSACCOUNT_CHECKER, READ_INTERQUOTE, READ_CLIENTCHARGE, UNDOTRANSACTION_SAVINGSACCOUNT, APPROVEADDITIONALSHARES_SHAREACCOUNT, CAPITALIZEDINCOME_LOAN, DELETE_DATATABLE_CHECKER, POSTINTEREST_SAVINGSACCOUNT_CHECKER, READ_Portfolio at Risk by Branch(Pentaho), READ_SMSCAMPAIGN, READ_CLIENTIMAGE, CREATE_ACCOUNTTRANSFER_CHECKER, CLOSE_SMSCAMPAIGN, UPDATE_SAVINGSACCOUNT, CREATE_LOANCHARGE_CHECKER, READ_FIXEDDEPOSITPRODUCT, POSTINTERESTASONDATE_SAVINGSACCOUNT_CHECKER, admin_visibility, READ_Loans Awaiting Disbursal Summary, DEACTIVATEOVERDUE_LOANCHARGE, UPDATE_SAVINGSACCOUNTCHARGE, UNDOWRITEOFF_LOAN, DELETE_RECURRINGDEPOSITPRODUCT_CHECKER, SETFRAUD_LOAN, CREATE_CENTER_CHECKER, UPDATE_PERMISSION_CHECKER, UPDATE_TELLER_CHECKER, CREATE_TAXGROUP_CHECKER, DISASSOCIATECLIENTS_GROUP, READTRANSACTION_CLIENT, CREDITBALANCEREFUND_LOAN, ACTIVATE_CENTER, UPDATE_CLIENT_CHECKER, APPROVALUNDO_RECURRINGDEPOSITACCOUNT, CREATE_HOLIDAY, ADJUSTTRANSACTION_FIXEDDEPOSITACCOUNT, UPDATE_BUSINESS_DATE, UPDATE_ADHOC, REJECT_GSIMACCOUNT, READ_ACCOUNTNUMBERFORMAT, CREATE_CALENDAR, READ_JOURNALENTRY, DELETE_LOANPRODUCT, WAIVEINTERESTPORTION_LOAN, DELETE_DOCUMENT, DELETE_EMAIL_CAMPAIGN_CHECKER, READ_Active Loans Passed Final Maturity Summary(Pentaho), WAIVE_CLIENTCHARGE, UNDOAPPROVAL_GLIMLOAN, DELETE_INTERESTRATECHART, CHECKER_SUPER_USER, READ_Aging Summary (Arrears in Weeks)(Pentaho), ACTIVATE_FIXEDDEPOSITACCOUNT, UNDO_REAGE_LOAN, UPDATE_GUARANTOR, READ_SAVINGNOTE, APPROVALUNDO_SAVINGSACCOUNT, APPROVE_DIVIDEND_SHAREPRODUCT, CREATE_SAVINGNOTE_CHECKER, ACTIVATE_RECURRINGDEPOSITACCOUNT_CHECKER, REJECT_RESCHEDULELOAN, READ_Client Loans Listing(Pentaho), UPDATE_GLCLOSURE, UPDATE_FUND_CHECKER, DELETE_FIXEDDEPOSITPRODUCT_CHECKER, UNASSIGNROLE_GROUP, CREATE_COLLATERAL_PRODUCT, REGISTER_DATATABLE, READ_Funds Disbursed Between Dates Summary, READ_Client Listing, CLOSE_SAVINGSACCOUNT, UPDATE_LOANCHARGE_CHECKER, UPDATE_TAXGROUP_CHECKER, READ_ClientTrendsByMonth, APPROVALUNDO_RECURRINGDEPOSITACCOUNT_CHECKER, DELETE_ADHOC, UPDATE_GROUPNOTE, DISABLE_ROLE_CHECKER, UPDATE_COLLATERAL_CHECKER, READ_Obligation Met Loans Summary, UPDATE_EMAIL_CHECKER, CREATE_SMSCAMPAIGN, READ_Demand_Vs_Collection, CREATE_CALENDAR_CHECKER, DISBURSALLASTUNDO_LOAN_CHECKER, DELETE_COLLATERAL, READ_Loans Awaiting Disbursal, REDEEMSHARES_SHAREACCOUNT, READ_REPORT, ACTIVATE_EMAIL_CAMPAIGN, DELETE_ADHOC_CHECKER, CHARGEREFUND_LOAN, DELETE_TELLER_CHECKER, UPDATE_EMAIL_CAMPAIGN_CHECKER, INTERMEDIARYSALE_LOAN, CREATE_PROVISIONCRITERIA, APPROVE_SAVINGSACCOUNT_CHECKER, POSTINTEREST_FIXEDDEPOSITACCOUNT, UPDATE_PROVISIONCRITERIA, READ_TAXCOMPONENT, REPAYMENT_GLIMLOAN, REJECT_LOAN, CLOSE_SHAREACCOUNT, READ_SAVINGSPRODUCT, READ_SAVINGSACCOUNT, READ_LOANPRODUCT, DELETE_LOANNOTE_CHECKER, APPLYANNUALFEE_SAVINGSACCOUNT, EXECUTEJOB_SCHEDULER, CREATE_OFFICETRANSACTION_CHECKER, READ_Loans Awaiting Disbursal Summary by Month, CREATE_CLIENTIDENTIFIER, CREATE_SAVINGSACCOUNT, READ_Active Loans - Details, READ_Active Loans in last installment Summary(Pentaho), RELEASE_INTERTRANSFER, READ_PERMISSION, CREATE_ROLE_CHECKER, REGISTER_DATATABLE_CHECKER, READ_GROUPNOTE, UPDATE_CHARGE, CREATE_FLOATINGRATE, UPDATECASHIERALLOCATION_TELLER_CHECKER, READ_Income Statement, READ_Loans Awaiting Disbursal Summary(Pentaho), CREATE_LOANPRODUCT_CHECKER, DELETE_COLLATERAL_CHECKER, PREPARE_INTERTRANSFER, CREATE_LOANCHARGE, READ_Client Listing(Pentaho), DELETE_SMSCAMPAIGN_CHECKER, APPROVE_SAVINGSACCOUNT, READ_LoanCyclePerProduct, UPDATE_STAFF_CHECKER, DELETE_SAVINGSACCOUNTCHARGE, READ_Expected Payments By Date - Basic(Pentaho), CREATE_CODE, READ_TxnRunningBalances, DELETE_CODE, CREATE_GROUP, PROPOSETRANSFER_CLIENT, CREATE_TAXCOMPONENT, ALL_FUNCTIONS]]
[2m2026-02-17 11:22:15.562[0;39m [32m-DEBUG[0;39m [35m88555[0;39m [32m[0;39m [        default] [2m---[0;39m [2m[io-8443-exec-10][0;39m [36mo.a.f.i.c.filters.RequestResponseFilter [0;39m [2m:[0;39m Received request: [GET], [/fineract-provider/api/v1/notifications]
[2m2026-02-17 11:22:15.658[0;39m [32m-DEBUG[0;39m [35m88555[0;39m [32m[0;39m [        default] [2m---[0;39m [2m[nio-8443-exec-7][0;39m [36ms.f.TenantAwareBasicAuthenticationFilter[0;39m [2m:[0;39m Set SecurityContextHolder to UsernamePasswordAuthenticationToken [Principal=AppUser [username=rob.manager, getId()=9], Credentials=[PROTECTED], Authenticated=true, Details=WebAuthenticationDetails [RemoteIpAddress=0:0:0:0:0:0:0:1, SessionId=null], Granted Authorities=[ALL_FUNCTIONS, READ_GLACCOUNT, CLOSE_RECURRINGDEPOSITACCOUNT_CHECKER, UPDATE_GROUPNOTE, READ_Loan Approved - Email, REVERSE_JOURNALENTRY, CREATESCHEDULEEXCEPTIONS_LOAN, READ_TxnRunningBalances, CREATE_DELINQUENCY_BUCKET, INACTIVATE_CLIENTCHARGE, READ_Loan payments due - Email, READ_SAVINGSACCOUNT, UPDATE_CHARTSLAB_CHECKER, DELETE_STAFFIMAGE_CHECKER, PREPARE_INTERTRANSFER, CREATE_FIXEDDEPOSITPRODUCT, UPDATEDEPOSITAMOUNT_RECURRINGDEPOSITACCOUNT, UPDATE_PROVISIONCATEGORY, UNDO_REAGE_LOAN, CREATE_REPORTMAILINGJOB, CREATE_FUND_CHECKER, DELETE_ADDRESS_CHECKER, APPROVE_SAVINGSACCOUNT_CHECKER, CREATE_PAYMENTTYPE, CREATE_TAXCOMPONENT, CREATE_DOCUMENT_CHECKER, DELETE_GROUP, DELETE_REPORT, SAVECOLLECTIONSHEET_CENTER, DELETE_LOAN_CHECKER, DELETE_FIXEDDEPOSITPRODUCT_CHECKER, UPDATE_ADHOC_CHECKER, start_loan_comittee, READ_Loan Account Schedule, READ_PASSWORD_PREFERENCES, DISABLE_ROLE_CHECKER, SAVECOLLECTIONSHEET_GROUP, READ_Loan Payments Received (Overdue Loans) - Email, UNDOREJECT_CLIENT, READ_Loans Outstanding after final instalment date - Email, READ_Trial Balance, READ_CLIENTCHARGE, SETFRAUD_LOAN, UPDATE_SSBENEFICIARYTPT, CREATE_CLIENTCHARGE, READ_ENTITY_DATATABLE_CHECK, BUYDOWNFEEADJUSTMENT_LOAN, CREATE_SMSCAMPAIGN, DELETE_STAFF_CHECKER, APPROVE_FIXEDDEPOSITACCOUNT, UPDATE_WORKINGDAYS_CHECKER, UPDATE_TEMPLATE, CREATE_RATE_CHECKER, DELETE_SAVINGSPRODUCT_CHECKER, CREATE_TEMPLATE, UPDATE_FIXEDDEPOSITPRODUCT_CHECKER, UPDATE_DOCUMENT_CHECKER, APPROVALUNDO_GSIMACCOUNT, CREATE_OFFICETRANSACTION, UPDATE_LOANTRANSACTIONNOTE_CHECKER, APPROVE_RESCHEDULELOAN, CREATE_STAFFIMAGE, CREATE_TAXGROUP_CHECKER, ALLOCATECASHIER_TELLER_CHECKER, CREATE_INTEREST_PAUSE, UPDATE_CLIENT_COLLATERAL_PRODUCT, WRITEOFF_LOAN_CHECKER, READ_LOANTRANSACTIONNOTE, BLOCKCREDIT_SAVINGSACCOUNT_CHECKER, CREATE_FLOATINGRATE, INVALIDATE_TWOFACTOR_ACCESSTOKEN, READ_Prospective Clients - Email, READ_SSBENEFICIARYTPT, APPROVALUNDO_FIXEDDEPOSITACCOUNT_CHECKER, CREATE_HOLIDAY_CHECKER, APPROVALUNDO_LOAN_CHECKER, CREATE_CODEVALUE_CHECKER, CREATE_CLIENTNOTE_CHECKER, DELETE_RECURRINGDEPOSITPRODUCT, CHANGEPWD_USER, DELETE_FAMILYMEMBERS, CALCULATEINTEREST_SAVINGSACCOUNT, INACTIVATE_SAVINGSACCOUNTCHARGE, CREATE_ENTITY_DATATABLE_CHECK, ALL_FUNCTIONS, APPROVE_GSIMACCOUNT, CREATE_CREDITBUREAU_CONFIGURATION, READ_CONFIGURATION, UPDATERUNNINGBALANCE_JOURNALENTRY, UPDATESAVINGSOFFICER_SAVINGSACCOUNT, LINK_ACCOUNT_TO_POCKET, POSTINTEREST_RECURRINGDEPOSITACCOUNT_CHECKER, REJECT_LOAN_CHECKER, CREATE_FINANCIALACTIVITYACCOUNT, READ_HOLIDAY, READ_CLIENTIMAGE, READ_Active Clients - Email, READ_Income Statement, DELETE_REPORTMAILINGJOB, CREATE_LOANPRODUCT_CHECKER, UPDATE_LOANTRANSACTIONNOTE, UPDATE_FUND, DELETE_DELINQUENCY_BUCKET, DEFINEOPENINGBALANCE_JOURNALENTRY_CHECKER, DOWNPAYMENT_LOAN, READ_Active Loan Summary per Branch, READ_RATE, READ_Active Loans - Details, REJECT_CLIENT, RECREATE_PROVISIONENTRIES, PAY_SAVINGSACCOUNTCHARGE, PREMATURECLOSE_FIXEDDEPOSITACCOUNT, CREATE_CLIENTIDENTIFIER_CHECKER, UNASSIGNSTAFF_GROUP, UPDATE_RECURRINGDEPOSITACCOUNT, UPDATE_CACHE, BYPASS_LOAN_WRITE_PROTECTION, POSTINTEREST_SAVINGSACCOUNT, READ_ClientTrendsByMonth, DELETE_CREDITREPORT, PREMATURECLOSE_RECURRINGDEPOSITACCOUNT, UPDATE_ROLE, CREATE_DELINQUENCY_ACTION, UPDATE_PERMISSION, DISBURSETOSAVINGS_LOAN, ASSIGNSTAFF_GROUP, APPROVE_FIXEDDEPOSITACCOUNT_CHECKER, POSTINTEREST_RECURRINGDEPOSITACCOUNT, UPDATE_LOANNOTE, DELETE_LOANCHARGE_CHECKER, DEPOSIT_FIXEDDEPOSITACCOUNT_CHECKER, UPDATE_BUSINESS_DATE, ADJUSTTRANSACTION_RECURRINGDEPOSITACCOUNT, UPDATE_SMS, DELETE_CODE, READ_Expected Payments By Date - Basic(Pentaho), READ_TxnRunningBalances(Pentaho), CREATE_STAFFIMAGE_CHECKER, READ_FIXEDDEPOSITACCOUNT, UPDATE_GROUPNOTE_CHECKER, WITHDRAWTRANSFER_CLIENT, CREATE_CHARTSLAB_CHECKER, DELETE_GLACCOUNT, BUYDOWNFEE_LOAN, CREATE_SAVINGNOTE, CONTRACT_TERMINATION_LOAN, DELETE_DOCUMENT_CHECKER, READ_HOOK, UPDATECASHIERALLOCATION_TELLER, UPDATE_CLIENTCHARGE, REVERSETRANSACTION_SAVINGSACCOUNT, UPDATE_RATE_CHECKER, CREATE_LOANPRODUCT, READ_BranchManagerStats, DELETE_LOANCHARGE, CREATE_FIXEDDEPOSITPRODUCT_CHECKER, ACTIVATE_EMAIL_CAMPAIGN, CREATE_ADDRESS_CHECKER, PAYOUTREFUND_LOAN, READ_EMAIL, UPDATE_CREDITBUREAU_LOANPRODUCT_MAPPING, READ_DOCUMENT, UPDATE_GSIMACCOUNT, DELETE_SAVINGSACCOUNTCHARGE, UPDATE_SAVINGSACCOUNT_CHECKER, CREATE_SAVINGNOTE_CHECKER, READ_Active Loans in last installment(Pentaho), READ_ClientSummary , UPDATE_INTERESTRATECHART, READ_Balance Sheet, UPDATE_LOAN_CHECKER, CLOSE_SAVINGSACCOUNT, UPDATE_FIXEDDEPOSITACCOUNT_CHECKER, CREATE_LOANCHARGE, CREATE_RATE, MANUAL_INTEREST_REFUND_TRANSACTION_LOAN, CLOSE_CLIENT_CHECKER, create_loan_comittee, RECOVERGUARANTEES_LOAN_CHECKER, DEPOSIT_GSIMACCOUNT, UPDATEDELINQUENCY_LOAN, SETTLECASHFROMCASHIER_TELLER_CHECKER, APPROVALUNDO_LOAN, WITHDRAW_LOAN_CHECKER, READ_CODE, READ_LoanTrendsByWeek, DELETE_CODEVALUE_CHECKER, DELETE_CLIENTIMAGE, DELETE_CALENDAR, UNDOTRANSACTION_RECURRINGDEPOSITACCOUNT_CHECKER, CLOSE_SMSCAMPAIGN, READ_GROUPNOTE, CREATE_PROVISIONCATEGORY, APPLYADDITIONALSHARES_SHAREACCOUNT, READ_Loans Pending Approval, DELETE_EMAIL_CHECKER, ACTIVATE_GROUP, CREATE_SAVINGSPRODUCT_CHECKER, DELETE_LOANPRODUCT_CHECKER, WAIVE_SAVINGSACCOUNTCHARGE_CHECKER, UPDATE_DISBURSEMENTDETAIL, APPROVE_DIVIDEND_SHAREPRODUCT_CHECKER, UPDATE_CHARGE, RELEASEAMOUNT_SAVINGSACCOUNT_CHECKER, READ_PAYMENTTYPE, ACTIVATE_HOLIDAY, CREATE_JOURNALENTRY_CHECKER, READ_Active Loans by Disbursal Period(Pentaho), READ_Written-Off Loans(Pentaho), CREATE_INTERTRANSFER, DELETE_ADHOC_CHECKER, DELETE_GLCLOSURE, CALCULATEINTEREST_RECURRINGDEPOSITACCOUNT_CHECKER, CREATE_LOAN_CHECKER, ACCEPTTRANSFER_CLIENT_CHECKER, ACTIVATE_FIXEDDEPOSITACCOUNT, APPROVE_RECURRINGDEPOSITACCOUNT, REJECT_RECURRINGDEPOSITACCOUNT_CHECKER, DELETE_SMSCAMPAIGN_CHECKER, READ_CACHE, CREATE_LOANTRANSACTIONNOTE, READ_Funds Disbursed Between Dates Summary by Office, UPDATE_PASSWORD_PREFERENCES_CHECKER, DELETE_REPORT_CHECKER, APPLYANNUALFEE_SAVINGSACCOUNT, UPDATE_WORKINGDAYS, UPDATE_CODE_CHECKER, UNDOWRITEOFF_LOAN, READ_LOANNOTE, UPDATE_EXTERNAL_EVENT_CONFIGURATION, READ_SAVINGSACCOUNTCHARGE, DEPOSIT_RECURRINGDEPOSITACCOUNT_CHECKER, UNBLOCKDEBIT_SAVINGSACCOUNT_CHECKER, SETTLECASHFROMCASHIER_TELLER, RELEASEAMOUNT_SAVINGSACCOUNT, DELETE_DATATABLE_CHECKER, CREATE_OFFICETRANSACTION_CHECKER, DELETE_LOANNOTE, UPDATE_DELINQUENCY_RANGE, UPDATE_CLIENT, EXECUTEJOB_SCHEDULER, READ_Portfolio at Risk by Branch(Pentaho), DELETE_OFFICETRANSACTION_CHECKER, READTRANSACTION_CLIENT, UPDATE_CLIENTIDENTIFIER_CHECKER, UPDATE_EMAIL_CONFIGURATION, CREATE_INTERREQUEST, UNBLOCK_SAVINGSACCOUNT_CHECKER, READ_DIVIDEND_SHAREPRODUCT, CREATE_DELINQUENCY_RANGE, READ_Funds Disbursed Between Dates Summary by Office(Pentaho), CALCULATEINTEREST_SAVINGSACCOUNT_CHECKER, UNASSIGNROLE_GROUP, WITHDRAW_LOAN, READ_Client Loans Listing(Pentaho), READ_Active Loans Passed Final Maturity Summary, CREATE_ENTITYMAPPING, REDEEMSHARES_SHAREACCOUNT, UPDATE_OFFICE, APPROVE_SHAREACCOUNT, CLOSE_CENTER_CHECKER, ASSIGNROLE_GROUP, UNDO_REAMORTIZE_LOAN, admin_visibility, EXECUTE_PERIODICACCRUALACCOUNTING, READ_INTERQUOTE, WITHDRAW_RECURRINGDEPOSITACCOUNT_CHECKER, REVERSETRANSACTION_SAVINGSACCOUNT_CHECKER, DELETE_PAYMENTTYPE, PROPOSETRANSFER_CLIENT, UPDATE_LIKELIHOOD, WAIVE_CLIENTCHARGE, READ_Loans Awaiting Disbursal(Pentaho), UPDATE_PASSWORD_PREFERENCES, UNDOTRANSACTION_RECURRINGDEPOSITACCOUNT, WAIVE_CLIENTCHARGE_CHECKER, EXECUTE_INLINE_JOB, READ_Active Loans Passed Final Maturity(Pentaho), CREATE_USER, READ_AUDIT, WAIVE_SAVINGSACCOUNTCHARGE, REJECTADDITIONALSHARES_SHAREACCOUNT, READ_Loan Repayment - Email, DELETE_USER, FORECLOSURE_LOAN, CREATE_PRODUCTMIX, CREATE_GLACCOUNT, READ_Loans Awaiting Disbursal Summary, READ_Obligation Met Loans Details(Pentaho), TRANSFERCLIENTS_GROUP, READ_STAFF, UNDOTRANSACTION_SAVINGSACCOUNT, UPDATE_STAFF, CREATE_ACCOUNTNUMBERFORMAT, UNDO_WAIVECHARGE, UPDATE_RECURRINGDEPOSITPRODUCT_CHECKER, CHECKER_SUPER_USER, UPDATE_SCHEDULER, UNBLOCKDEBIT_SAVINGSACCOUNT, WRITEOFF_LOAN, REACTIVATE_CLIENT, DELETE_ENTITYMAPPING, CREATE_SMS, UNDOTRANSACTION_FIXEDDEPOSITACCOUNT, READ_GroupSummaryCounts, CLOSE_LOAN, CREATE_LOANNOTE_CHECKER, ACTIVATE_SHAREACCOUNT, DELETE_COLLATERAL, UPDATE_SMS_CHECKER, DELETE_OFFICETRANSACTION, READ_COLLATERAL, CREATESCHEDULEEXCEPTIONS_LOAN_CHECKER, READ_Active Loans by Disbursal Period, CLOSE_CLIENT, READ_SAVINGNOTE, UPDATE_ACCOUNTINGRULE, ACTIVATE_CLIENT, CREATE_ADHOC, READ_GroupSavingSummary, update_pending_step, UPDATE_CLIENTIDENTIFIER, UPDATE_STAFF_CHECKER, DELETE_TEMPLATE, DELETE_RECURRINGDEPOSITACCOUNT, UPDATE_ACCOUNTNUMBERFORMAT, CREATE_CODEVALUE, UPDATE_BATCH_BUSINESS_STEP, UPDATE_CHARGE_CHECKER, REFUNDBYTRANSFER_ACCOUNTTRANSFER, CREATE_ACCOUNTINGRULE, CREATE_DIVIDEND_SHAREPRODUCT_CHECKER, CREATE_RESCHEDULELOAN, READ_Funds Disbursed Between Dates Summary, READ_IMPORT, READ_LOAN, READ_Staff Assignment History, UPDATE_SMSCAMPAIGN, CLOSE_GSIMACCOUNT, DELETE_FUND_CHECKER, DELETE_TELLER_CHECKER, READ_Active Loans - Summary, WITHDRAW_SAVINGSACCOUNT_CHECKER, POSTINTEREST_FIXEDDEPOSITACCOUNT, CREATE_TELLER_CHECKER, ACTIVATE_CENTER, DELETE_CLIENTIDENTIFIER, DELETE_EMAIL_CAMPAIGN, SALE_LOAN, UPDATEOPENINGBALANCE_JOURNALENTRY_CHECKER, READ_GroupSummaryAmounts, READ_Client Savings Summary, UPDATE_ROLE_CHECKER, READ_Collection Report, DISBURSALUNDO_LOAN_CHECKER, CLOSE_GROUP_CHECKER, UPDATE_OFFICE_CHECKER, RECOVERGUARANTEES_LOAN, UPDATE_FIXEDDEPOSITPRODUCT, DELETESCHEDULEEXCEPTIONS_LOAN, ACTIVATE_HOLIDAY_CHECKER, READ_TWOFACTOR_CONFIGURATION, ALLOCATECASHIER_TELLER, CAPITALIZEDINCOMEADJUSTMENT_LOAN, DISBURSEWITHOUTAUTODOWNPAYMENT_LOAN, DELETE_INTERID, INTERESTPAYMENTWAIVER_LOAN, DELETE_CLIENT_CHECKER, READ_Dormant Prospects - Email, UPDATE_CLIENTNOTE_CHECKER, UPDATE_CALENDAR_CHECKER, CREATE_CLIENTCHARGE_CHECKER, CLOSE_RECURRINGDEPOSITACCOUNT, DISABLE_ROLE, DELETE_STAFFIMAGE, DELETE_STANDINGINSTRUCTION, CREATE_SAVINGSACCOUNT, READ_ChildrenStaffList, PREMATURECLOSE_FIXEDDEPOSITACCOUNT_CHECKER, REJECT_GLIMLOAN, BLOCK_SAVINGSACCOUNT_CHECKER, UPDATE_SAVINGSACCOUNT, READ_RECURRINGDEPOSITACCOUNT, CREATE_CALENDAR_CHECKER, GET_CREDITREPORT, UPDATE_CREDITBUREAU_CONFIGURATION, UPDATE_RATE, CAPITALIZEDINCOME_LOAN, UPDATE_SAVINGSPRODUCT, READ_Portfolio at Risk(Pentaho), CREDITBALANCEREFUND_LOAN, FORECLOSURE_LOAN_CHECKER, CREATE_HOOK, DELETE_GUARANTOR, DELETE_CLIENTNOTE_CHECKER, ACTIVATE_RECURRINGDEPOSITACCOUNT_CHECKER, ASSOCIATEGROUPS_CENTER, CREATE_SMSCAMPAIGN_CHECKER, UPDATE_CLIENTNOTE, UNDOTRANSACTION_CLIENT, READ_STAFFIMAGE, DELETE_STAFF, DELETE_ENTITY_DATATABLE_CHECK, CREATE_EMAIL_CHECKER, CREATE_INTERQUOTE, UPDATE_RECURRINGDEPOSITPRODUCT, GOODWILLCREDIT_LOAN, UNDOAPPROVAL_SHAREACCOUNT, ACTIVATE_SAVINGSACCOUNT_CHECKER, UPDATE_FIXEDDEPOSITACCOUNT, READ_Aging Summary (Arrears in Weeks), UPDATE_RECURRINGDEPOSITACCOUNT_CHECKER, READ_Happy Birthday - Email, DELETE_INTERESTRATECHART, DELETE_SMSCAMPAIGN, READ_LoanTrendsByMonth, READ_SCHEDULER, READ_Aging Detail, CREATE_CALENDAR, DELETE_ADHOC, DELETE_CLIENTIDENTIFIER_CHECKER, CALCULATEINTEREST_FIXEDDEPOSITACCOUNT, DELETE_HOOK, READ_REPORTMAILINGJOB, UPDATEOPENINGBALANCE_JOURNALENTRY, CREATE_STAFF, REMOVESAVINGSOFFICER_SAVINGSACCOUNT, DELETE_CODE_CHECKER, ASSOCIATEGROUPS_CENTER_CHECKER, WITHDRAW_CLIENT_CHECKER, BUYBACK_LOAN, WITHDRAWAL_RECURRINGDEPOSITACCOUNT, READ_Active Loans in last installment Summary(Pentaho), DISBURSE_GLIMLOAN, CREATE_SAVINGSACCOUNT_CHECKER, UPDATE_XBRLMAPPING, CREATE_SMS_CHECKER, REACTIVATE_SMSCAMPAIGN, DELETE_CHARGE_CHECKER, UPDATE_ADDRESS, CLOSE_FIXEDDEPOSITACCOUNT, DELETECASHIERALLOCATION_TELLER_CHECKER, REAMORTIZE_LOAN, WITHDRAW_FIXEDDEPOSITACCOUNT, PAY_CLIENTCHARGE, CREATE_EMAIL_CAMPAIGN, CREATE_CLIENT, REMOVELOANOFFICER_LOAN, READ_LoanTrendsByDay, ACTIVATE_RECURRINGDEPOSITACCOUNT, WITHDRAW_FIXEDDEPOSITACCOUNT_CHECKER, UPDATE_ADDRESS_CHECKER, CREATE_RECURRINGDEPOSITPRODUCT, CREATE_CENTER_CHECKER, PAY_LOANCHARGE, READ_Funds Disbursed Between Dates Summary(Pentaho), DEPOSIT_RECURRINGDEPOSITACCOUNT, REFUNDBYCASH_LOAN_CHECKER, READ_Balance Outstanding, WITHDRAWAL_FIXEDDEPOSITACCOUNT, APPROVALUNDO_RECURRINGDEPOSITACCOUNT, READ_DATATABLE, UPDATE_COLLATERAL_CHECKER, UPDATE_REPAYMENT_WITH_POSTDATEDCHECKS, READ_GroupNamesByStaff, ADJUSTMENT_LOANCHARGE, APPROVE_LOAN_CHECKER, ASSOCIATECLIENTS_GROUP, DISASSOCIATEGROUPS_CENTER, READ_ACCOUNTINGRULE, UPDATE_CLIENT_CHECKER, CREATE_RECURRINGDEPOSITPRODUCT_CHECKER, READ_Aging Summary (Arrears in Months), READ_STANDINGINSTRUCTION , READ_Portfolio at Risk by Branch, CREATE_CREDITBUREAU_LOANPRODUCT_MAPPING, see_loan_comittee, SAVE_CREDITREPORT, READ_Loans Awaiting Disbursal Summary by Month(Pentaho), reports_visibility, CREATE_EXTERNAL_ASSET_OWNER_LOAN_PRODUCT_ATTRIBUTE, READ_Aging Detail(Pentaho), UPDATE_EMAIL_CAMPAIGN, READ_Loans Awaiting Disbursal Summary by Month, CREATE_LOANCHARGE_CHECKER, REJECT_LOAN, READ_General Ledger Report, CREATE_FLOATINGRATE_CHECKER, READ_CENTER, UPDATE_LOANCHARGE, REJECT_SAVINGSACCOUNT_CHECKER, WITHDRAWAL_RECURRINGDEPOSITACCOUNT_CHECKER, CREATE_REPORT, DELETE_LOAN, UPDATE_GROUP_CHECKER, CREATE_SAVINGSPRODUCT, UPDATE_MEETING, DELETE_CHARTSLAB_CHECKER, RECOVERYPAYMENT_LOAN, CREATE_CLIENTIMAGE, READ_Active Loans Passed Final Maturity Summary(Pentaho), ACTIVATE_CENTER_CHECKER, DELETE_GROUPNOTE, UPDATEDEPOSITAMOUNT_RECURRINGDEPOSITACCOUNT_CHECKER, UPDATE_LOANCHARGE_CHECKER, UPDATE_HOOK, DISBURSALLASTUNDO_LOAN_CHECKER, PREMATURECLOSE_RECURRINGDEPOSITACCOUNT_CHECKER, REJECT_CLIENT_CHECKER, UPDATE_CONFIGURATION, APPROVE_RECURRINGDEPOSITACCOUNT_CHECKER, view_pendientes, CREATE_SAVINGSACCOUNTCHARGE_CHECKER, DELINK_ACCOUNT_FROM_POCKET, start_pending_flow, UPDATE_CHARTSLAB, READ_EMAIL_CONFIGURATION, centers_visibility, READ_Aging Summary (Arrears in Weeks)(Pentaho), DELETE_FIXEDDEPOSITACCOUNT, READ_Loans disbursed to clients - Email, DELETE_ACCOUNTINGRULE, UNASSIGNSTAFF_GROUP_CHECKER, DELETE_SSBENEFICIARYTPT, CLOSE_CENTER, READ_ClientTrendsByWeek, DELETE_CHARGE, DELETE_FINANCIALACTIVITYACCOUNT, READ_PERMISSION, ASSIGNGESTOR_CLIENT, CREATE_CLIENTNOTE, APPROVE_DIVIDEND_SHAREPRODUCT, DELETE_ROLE_CHECKER, UPDATE_STANDINGINSTRUCTION, UPDATE_TELLER, READ_Obligation Met Loans Summary, READ_CODEVALUE, UPDATE_EMAIL, CREATE_SHAREACCOUNT, READ_INTERTRANSFER, CREATE_PROVISIONENTRIES, READ_FieldAgentPrograms, UPDATE_PAYMENTTYPE, DELETE_PRODUCTMIX, UPDATE_HOLIDAY, READ_Written-Off Loans, INTERMEDIARYSALE_LOAN, CREATE_CHARGE, UPDATE_GROUP, UPDATE_TAXGROUP, WITHDRAWAL_SAVINGSACCOUNT, READ_Expected Payments By Date - Basic, UPDATE_USER, READ_Client Listing(Pentaho), APPROVALUNDO_FIXEDDEPOSITACCOUNT, DELETE_FIXEDDEPOSITPRODUCT, READ_TEMPLATE, CREATE_EMAIL, CHARGEBACK_LOAN, DELETE_SAVINGSACCOUNTCHARGE_CHECKER, DELETE_PROVISIONCRITERIA, accounting_visibility, READ_Client Saving Transactions, CREATE_RECURRINGDEPOSITACCOUNT, INACTIVATE_CLIENTCHARGE_CHECKER, UNDOREJECT_CLIENT_CHECKER, CREATE_DATATABLE_CHECKER, CREATE_EMAIL_CAMPAIGN_CHECKER, READ_LOANPRODUCT, CREATE_SAVINGSACCOUNTCHARGE, POSTINTERESTASONDATE_SAVINGSACCOUNT, APPROVALUNDO_RECURRINGDEPOSITACCOUNT_CHECKER, UPDATE_FLOATINGRATE, WAIVE_LOANCHARGE, DELETE_INTEREST_PAUSE, UPDATE_SAVINGNOTE_CHECKER, READ_Obligation Met Loans Details, DELETE_DATATABLE, DELETE_LOANPRODUCT, READ_Active Loans Passed Final Maturity, DELETE_RECURRINGDEPOSITACCOUNT_CHECKER, READ_TAXGROUP, HOLDAMOUNT_SAVINGSACCOUNT, CREATE_REPORT_CHECKER, APPROVALUNDO_SAVINGSACCOUNT, DELETE_SAVINGSPRODUCT, READ_Active Group Leaders - Email, DELETE_RECURRINGDEPOSITPRODUCT_CHECKER, READ_MEETING, DELETE_ADDRESS, REJECT_SAVINGSACCOUNT, CREATE_LOANTRANSACTIONNOTE_CHECKER, CREATE_CODE, READ_FAMILYMEMBERS, CREATE_MEETING, UPDATE_TAXCOMPONENT, UNDOWITHDRAWAL_CLIENT, REJECTTRANSFER_CLIENT_CHECKER, READ_LoanCyclePerProduct, UPDATELOANOFFICER_LOAN, BULKREASSIGN_LOAN_CHECKER, DEACTIVATEOVERDUE_LOANCHARGE, UNDOTRANSACTION_CLIENT_CHECKER, POSTINTEREST_SAVINGSACCOUNT_CHECKER, WITHDRAWAL_SAVINGSACCOUNT_CHECKER, DELETE_CLIENT_COLLATERAL_PRODUCT, CREATE_SHAREPRODUCT, SAVEORUPDATEATTENDANCE_MEETING, DEPOSIT_SAVINGSACCOUNT, DISBURSE_LOAN, CALCULATEINTEREST_RECURRINGDEPOSITACCOUNT, DELETE_EMAIL_CAMPAIGN_CHECKER, CREATE_INTERID, APPROVALUNDO_SAVINGSACCOUNT_CHECKER, CREATE_INTERESTRATECHART, READ_OFFICETRANSACTION, REACTIVATE_CLIENT_CHECKER, READ_RATE_CHECKER, UPDATE_SHAREACCOUNT, UPDATE_EMAIL_CAMPAIGN_CHECKER, READ_SAVINGSPRODUCT, VIEW_CASHIER_SESSIONS, CREATE_GLCLOSURE, UPDATE_REPORT, RELEASE_INTERTRANSFER, READ_REPORT, REGISTER_DATATABLE, DELETE_OFFICE_CHECKER, DISASSOCIATEGROUPS_CENTER_CHECKER, REGISTER_SURVEY, ALLOCATECASHTOCASHIER_TELLER_CHECKER, UPDATE_SAVINGSPRODUCT_CHECKER, CHARGEOFF_LOAN, DELETE_COLLATERAL_CHECKER, UPDATE_DELINQUENCY_TAGS, DELETE_ROLE, UPDATE_TELLER_CHECKER, UPDATE_PRODUCTMIX, DELETE_SMS, UPDATE_ADHOC, CREATE_LOAN, REFUNDBYTRANSFER_ACCOUNTTRANSFER_CHECKER, CLOSE_FIXEDDEPOSITACCOUNT_CHECKER, complete_pending_step, DELETE_DIVIDEND_SHAREPRODUCT_CHECKER, READ_Aging Summary (Arrears in Months)(Pentaho), READ_FLOATINGRATE, ALL_FUNCTIONS_READ, DISBURSALLASTUNDO_LOAN, UPDATE_FLOATINGRATE_CHECKER, CREATE_STANDINGINSTRUCTION, CREATE_CHARGE_CHECKER, UPDATE_TAXGROUP_CHECKER, UPDATEWITHHOLDTAX_SAVINGSACCOUNT_CHECKER, CREATE_FAMILYMEMBERS, DELETE_LOANTRANSACTIONNOTE_CHECKER, READ_Loans in arrears - Email, WAIVEINTERESTPORTION_LOAN_CHECKER, DELETE_CLIENTCHARGE, DELETE_GROUPNOTE_CHECKER, READ_CURRENCY, DELETE_HOLIDAY, DELETE_SAVINGNOTE, UNDOCHARGEOFF_LOAN, CREATE_DATATABLE, REMOVESAVINGSOFFICER_SAVINGSACCOUNT_CHECKER, UPDATE_CODE, READ_INTERID, READ_RECURRINGDEPOSITPRODUCT, UPDATE_SAVINGSACCOUNTCHARGE_CHECKER, BYPASS_TWOFACTOR, POSTINTERESTASONDATE_SAVINGSACCOUNT_CHECKER, READ_COLLECTIONSHEET, DELETESCHEDULEEXCEPTIONS_LOAN_CHECKER, CLOSE_EMAIL_CAMPAIGN, REJECT_GSIMACCOUNT, CREATE_COLLATERAL_PRODUCT, update_pending_flow_blueprint, CLOSEASRESCHEDULED_LOAN, CREATE_HOLIDAY, ENABLE_ROLE, CREATE_OFFICE_CHECKER, UPDATE_CODEVALUE, BLOCK_SAVINGSACCOUNT, UPDATE_CURRENCY_CHECKER, READ_SMSCAMPAIGN, UNBLOCK_SAVINGSACCOUNT, DEPOSIT_FIXEDDEPOSITACCOUNT, UPDATE_CONFIGURATION_CHECKER, CREATE_FUND, WITHDRAW_SAVINGSACCOUNT, UPDATE_LOAN, READ_FieldAgentStats, CREATE_ORGANISATIONCREDITBUREAU, BLOCKDEBIT_SAVINGSACCOUNT_CHECKER, UPDATE_COLLATERAL_PRODUCT, READ_OFFICE, READ_Loans Awaiting Disbursal Summary(Pentaho), DELETE_CALENDAR_CHECKER, APPROVE_SAVINGSACCOUNT, CREATE_CLIENTIDENTIFIER, SAVE_COLLECTIONSHEET, DISASSOCIATECLIENTS_GROUP, DELETE_CLIENTIMAGE_CHECKER, UPDATESAVINGSACCOUNT_CLIENT, UPDATE_STANDINGINSTRUCTION , INACTIVATE_SAVINGSACCOUNTCHARGE_CHECKER, DELETE_CODEVALUE, DELETE_CHARTSLAB, CLOSE_GROUP, READ_CoordinatorStats, UPDATE_REPORT_CHECKER, UPDATESAVINGSOFFICER_SAVINGSACCOUNT_CHECKER, CREATE_RECURRINGDEPOSITACCOUNT_CHECKER, ACTIVATE_CLIENT_CHECKER, UPDATE_LOANPRODUCT, REAGE_LOAN, CREATE_CLIENT_CHECKER, CREATE_STANDINGINSTRUCTION , CREATE_DOCUMENT, UPDATE_APPROVED_AMOUNT_LOAN, UPDATE_GUARANTOR_CHECKER, ADJUST_LOAN_CHECKER, REJECT_RECURRINGDEPOSITACCOUNT, UPDATE_DELINQUENCY_BUCKET, UNBLOCKCREDIT_SAVINGSACCOUNT_CHECKER, DELETE_LOANTRANSACTIONNOTE, create_pending_flow_blueprint, PROPOSETRANSFER_CLIENT_CHECKER, DELETE_REPAYMENT_WITH_POSTDATEDCHECKS, UPDATE_EMAIL_CHECKER, UNDODISBURSAL_GLIMLOAN, READ_ProgramStats, UPDATEWITHHOLDTAX_SAVINGSACCOUNT, READ_ProgramDetails, READ_Branch Expected Cash Flow, CREATE_CHARTSLAB, UPDATE_COLLECTIONSHEET, UPDATE_CODEVALUE_CHECKER, DELETE_FUND, CREATE_OFFICE, UPDATE_SAVINGNOTE, READ_Client Loan Account Schedule, CREATE_CASHIER_SESSIONS, DELETE_DELINQUENCY_RANGE, READ_Client Loans Listing, MERCHANTISSUEDREFUND_LOAN, DEREGISTER_DATATABLE, DELETE_INTERESTRATECHART_CHECKER, CREATE_ADHOC_CHECKER, READ_Loan Payments Received (Active Loans) - Email, READ_CLIENTNOTE, REJECT_FIXEDDEPOSITACCOUNT_CHECKER, UPDATE_REPORTMAILINGJOB, DELETE_CENTER, ACTIVATE_GROUP_CHECKER, PAY_CLIENTCHARGE_CHECKER, PERMISSIONS_ROLE, UPDATE_USER_CHECKER, READ_DELINQUENCY_TAGS, CREATE_ROLE, READ_ACCOUNTNUMBERFORMAT, DEREGISTER_DATATABLE_CHECKER, CREATE_GUARANTOR, DEPOSIT_SAVINGSACCOUNT_CHECKER, CREATE_CENTER, CREATE_CLIENT_COLLATERAL_PRODUCT, DISBURSE_LOAN_CHECKER, DELETE_TELLER, BULKREASSIGN_LOAN, READ_Rescheduled Loans, UPDATE_GLACCOUNT, UNBLOCKCREDIT_SAVINGSACCOUNT, UPDATEROLE_GROUP, REPORTING_SUPER_USER, READ_ACCOUNTTRANSFER, CREATE_ACCOUNTTRANSFER, REJECTTRANSFER_CLIENT, UPDATELOANOFFICER_LOAN_CHECKER, CREATE_ADDRESS, UPDATE_ORGANISATIONCREDITBUREAU, DELETE_LOAN_COLLATERAL_PRODUCT, READ_FIXEDDEPOSITPRODUCT, CREATE_LOANNOTE, UPDATE_CURRENCY, DELETE_USER_CHECKER, ADJUSTTRANSACTION_SAVINGSACCOUNT, CANCEL_ASSET_OWNER_TRANSACTION, READ_Portfolio at Risk, ACCEPTTRANSFER_CLIENT, UPDATE_INTEREST_PAUSE, CREATE_PROVISIONJOURNALENTRIES, REPAYMENT_LOAN, ALLOCATECASHTOCASHIER_TELLER, REACTIVATE_EMAIL_CAMPAIGN, WAIVEINTERESTPORTION_LOAN, UPDATE_TAXCOMPONENT_CHECKER, APPROVEADDITIONALSHARES_SHAREACCOUNT, READ_Active Loans in last installment, CREATE_TAXCOMPONENT_CHECKER, UPDATE_FINANCIALACTIVITYACCOUNT, BLOCKCREDIT_SAVINGSACCOUNT, UPDATE_TWOFACTOR_CONFIGURATION, READ_ProgramDirectorStats, READ_GLCLOSURE, READ_Disbursal Report, READ_CLIENTIDENTIFIER, APPROVE_LOAN, READ_Expected Payments By Date - Formatted, CREATE_COLLATERAL_CHECKER, CREATE_PROVISIONCRITERIA, CHARGEREFUND_LOAN, DELETE_COLLATERAL_PRODUCT, CONTRACT_TERMINATION_UNDO_LOAN, CREATE_CODE_CHECKER, READ_Obligation Met Loans Summary(Pentaho), WITHDRAWTRANSFER_CLIENT_CHECKER, UPDATE_EXTERNAL_ASSET_OWNER_LOAN_PRODUCT_ATTRIBUTE, EXECUTEFORSAVINGS, READ_EMAIL_CAMPAIGN, WITHDRAW_CLIENT, READ_Demand_Vs_Collection, CREATE_GROUP, PROPOSEANDACCEPTTRANSFER_CLIENT_CHECKER, READ_JOURNALENTRY, UPDATE_PERMISSION_CHECKER, CREATE_GROUPNOTE, UPDATE_EXTERNALSERVICES, PAY_SAVINGSACCOUNTCHARGE_CHECKER, UPDATE_CALENDAR, DELETE_CLIENTNOTE, DISBURSALUNDO_LOAN, DELETE_CENTER_CHECKER, DELETE_ACCOUNTNUMBERFORMAT, REPAYMENT_LOAN_CHECKER, READ_DELINQUENCY_BUCKET, UPDATE_DATATABLE_CHECKER, READ_Active Loans - Summary(Pentaho), READ_Client Listing, READ_CLIENT, DELETE_SAVINGSACCOUNT_CHECKER, UNDOAPPROVAL_GLIMLOAN, DELETECASHIERALLOCATION_TELLER, UPDATE_SMSCAMPAIGN_CHECKER, UPDATE_SAVINGSACCOUNTCHARGE, DELETE_SAVINGSACCOUNT, READ_RESCHEDULELOAN, UPDATECASHIERALLOCATION_TELLER_CHECKER, REGISTER_DATATABLE_CHECKER, READ_FINANCIALACTIVITYACCOUNT, BOUNCE_REPAYMENT_WITH_POSTDATEDCHECKS, PROPOSEANDACCEPTTRANSFER_CLIENT, REJECT_SHAREACCOUNT, READ_FUND, REJECT_RESCHEDULELOAN, READ_ROLE, READ_Rescheduled Loans(Pentaho), CREATE_COLLATERAL, UPDATE_DOCUMENT, UPDATE_COLLATERAL, CLOSE_LOAN_CHECKER, READ_GROUP, UPDATE_DATATABLE, UNASSIGNSTAFF_CLIENT, ACTIVATE_GSIMACCOUNT, READ_BUSINESS_DATE, CREATE_INTERESTRATECHART_CHECKER, READ_EXTERNAL_EVENT_CONFIGURATION, UNASSIGNGESTOR_CLIENT, READ_GUARANTOR, CLOSE_SHAREACCOUNT, CREATE_TAXGROUP, READ_CHARGE, UPDATE_GLCLOSURE, READ_Loans Awaiting Disbursal, WAIVE_LOANCHARGE_CHECKER, UPDATE_HOLIDAY_CHECKER, REFUNDBYCASH_LOAN, READ_USER, UPDATE_FAMILYMEMBERS, READ_Disbursal_Vs_Awaitingdisbursal, CREATE_ROLE_CHECKER, CREATE_GROUP_CHECKER, READ_CALENDAR, UPDATE_CLIENTCHARGE_CHECKER, CREATE_DIVIDEND_SHAREPRODUCT, DELETE_GROUP_CHECKER, UPDATE_CENTER, APPROVE_GLIMLOAN, READ_PRODUCTMIX, READ_ClientTrendsByDay, READ_SMS, TRANSFERCLIENTS_GROUP_CHECKER, DELETE_EMAIL, CALCULATEINTEREST_FIXEDDEPOSITACCOUNT_CHECKER, READ_Loans Pending Approval(Pentaho), READ_Daily Journal Ledger Report, CREATE_CLIENTIMAGE_CHECKER, ACTIVATE_FIXEDDEPOSITACCOUNT_CHECKER, DELETE_SMS_CHECKER, DELETE_CLIENTCHARGE_CHECKER, ASSIGNSTAFF_CLIENT, ENABLE_ROLE_CHECKER, READ_Loan Payments Due (Overdue Loans) - Email, READ_Active Loan Clients - Email, DELETE_DOCUMENT, WITHDRAW_RECURRINGDEPOSITACCOUNT, DELETE_CLIENT, UPDATE_GUARANTOR, CREATE_GUARANTOR_CHECKER, DELETE_DIVIDEND_SHAREPRODUCT, CREATE_TELLER, READ_WORKINGDAYS, READ_Loan Rejected - Email, REJECT_FIXEDDEPOSITACCOUNT, READ_ADDRESS, WITHDRAWAL_FIXEDDEPOSITACCOUNT_CHECKER, CREATE_GSIMACCOUNT, DELETE_MEETING, READ_INTERREQUEST, ACTIVATE_SAVINGSACCOUNT, UNDOWITHDRAWAL_CLIENT_CHECKER, UPDATE_INTERESTRATECHART_CHECKER, UPDATE_LOANPRODUCT_CHECKER, CREATE_STAFF_CHECKER, CREATE_USER_CHECKER, POSTINTEREST_FIXEDDEPOSITACCOUNT_CHECKER, DEFINEOPENINGBALANCE_JOURNALENTRY, UPDATE_PROVISIONCRITERIA, READ_Active Loans in last installment Summary, CREATE_SSBENEFICIARYTPT, BLOCKDEBIT_SAVINGSACCOUNT, DELETE_SAVINGNOTE_CHECKER, UPDATE_LOANNOTE_CHECKER, CREATE_FIXEDDEPOSITACCOUNT_CHECKER, DELETE_LOANNOTE_CHECKER, HOLDAMOUNT_SAVINGSACCOUNT_CHECKER, READ_Savings Transactions, UPDATE_ENTITYMAPPING, DELETE_STANDINGINSTRUCTION , ACTIVATE_SMSCAMPAIGN, READ_TAXCOMPONENT, READ_Loan Fully Repaid - Email, CLOSEASRESCHEDULED_LOAN_CHECKER, DELETE_FIXEDDEPOSITACCOUNT_CHECKER, UNDOTRANSACTION_FIXEDDEPOSITACCOUNT_CHECKER, CREATE_JOURNALENTRY, DELETE_PROVISIONCATEGORY, REMOVELOANOFFICER_LOAN_CHECKER, CLOSE_SAVINGSACCOUNT_CHECKER, UPDATE_CENTER_CHECKER, ADJUST_LOAN, APPLYANNUALFEE_SAVINGSACCOUNT_CHECKER, CREATE_FIXEDDEPOSITACCOUNT, UPDATE_SHAREPRODUCT, CREATE_ACCOUNTTRANSFER_CHECKER, REPAYMENT_GLIMLOAN, UPDATE_FUND_CHECKER, CREATE_GROUPNOTE_CHECKER, UNDOTRANSACTION_SAVINGSACCOUNT_CHECKER, ADJUSTTRANSACTION_FIXEDDEPOSITACCOUNT, DELETE_GUARANTOR_CHECKER, DELETE_HOLIDAY_CHECKER]]
[2m2026-02-17 11:22:15.665[0;39m [32m-DEBUG[0;39m [35m88555[0;39m [32m[0;39m [        default] [2m---[0;39m [2m[nio-8443-exec-7][0;39m [36mo.a.f.i.c.filters.RequestResponseFilter [0;39m [2m:[0;39m Received request: [GET], [/fineract-provider/api/v1/notifications]
[2m2026-02-17 11:22:15.708[0;39m [32m-DEBUG[0;39m [35m88555[0;39m [32m[0;39m [        default] [2m---[0;39m [2m[nio-8443-exec-6][0;39m [36ms.f.TenantAwareBasicAuthenticationFilter[0;39m [2m:[0;39m Set SecurityContextHolder to UsernamePasswordAuthenticationToken [Principal=AppUser [username=rob.manager, getId()=9], Credentials=[PROTECTED], Authenticated=true, Details=WebAuthenticationDetails [RemoteIpAddress=0:0:0:0:0:0:0:1, SessionId=null], Granted Authorities=[UPDATE_LOAN_CHECKER, ACTIVATE_HOLIDAY, WITHDRAWAL_RECURRINGDEPOSITACCOUNT_CHECKER, DELETE_INTERESTRATECHART_CHECKER, READ_Active Loans by Disbursal Period(Pentaho), UPDATE_SHAREPRODUCT, CREATE_CLIENT_COLLATERAL_PRODUCT, READ_INTERQUOTE, CREATE_LOANTRANSACTIONNOTE, VIEW_CASHIER_SESSIONS, WAIVE_LOANCHARGE_CHECKER, WITHDRAW_LOAN, READ_Client Loans Listing, INTERMEDIARYSALE_LOAN, READ_PASSWORD_PREFERENCES, CREATE_ACCOUNTTRANSFER_CHECKER, READ_BUSINESS_DATE, CREATE_INTERID, READ_Active Group Leaders - Email, REAGE_LOAN, CREATE_INTERREQUEST, READ_SCHEDULER, READ_TAXGROUP, CREATE_GUARANTOR_CHECKER, CAPITALIZEDINCOMEADJUSTMENT_LOAN, UPDATE_SAVINGNOTE_CHECKER, DELETE_FIXEDDEPOSITACCOUNT, REFUNDBYCASH_LOAN, DISBURSALUNDO_LOAN_CHECKER, WITHDRAWAL_SAVINGSACCOUNT, POSTINTEREST_FIXEDDEPOSITACCOUNT, ENABLE_ROLE, UPDATE_ADDRESS, READ_REPORT, CREATE_TAXGROUP_CHECKER, UPDATE_TAXGROUP_CHECKER, CREATE_PRODUCTMIX, UPDATE_SMSCAMPAIGN, UPDATELOANOFFICER_LOAN, APPROVE_GSIMACCOUNT, DELETE_DATATABLE, ASSIGNSTAFF_CLIENT, UPDATE_BUSINESS_DATE, UPDATESAVINGSOFFICER_SAVINGSACCOUNT, UPDATEWITHHOLDTAX_SAVINGSACCOUNT, ACTIVATE_SMSCAMPAIGN, UPDATE_CREDITBUREAU_LOANPRODUCT_MAPPING, CREATE_GROUPNOTE_CHECKER, READ_LoanCyclePerProduct, READ_WORKINGDAYS, READ_GROUPNOTE, DELETE_FIXEDDEPOSITACCOUNT_CHECKER, READ_FieldAgentPrograms, DELETE_LOANPRODUCT, UPDATEDEPOSITAMOUNT_RECURRINGDEPOSITACCOUNT_CHECKER, SAVEORUPDATEATTENDANCE_MEETING, CLOSE_CENTER_CHECKER, CREDITBALANCEREFUND_LOAN, INACTIVATE_SAVINGSACCOUNTCHARGE, CREATE_CHARTSLAB, READ_Funds Disbursed Between Dates Summary by Office(Pentaho), CREATE_COLLATERAL, DELETE_SMS_CHECKER, UPDATE_FUND, DELETE_PRODUCTMIX, POSTINTEREST_RECURRINGDEPOSITACCOUNT_CHECKER, UPDATE_DOCUMENT_CHECKER, READ_Active Loan Summary per Branch, REMOVELOANOFFICER_LOAN, POSTINTEREST_SAVINGSACCOUNT_CHECKER, UPDATE_REPAYMENT_WITH_POSTDATEDCHECKS, READ_GUARANTOR, UPDATE_STAFF, CHARGEOFF_LOAN, SETTLECASHFROMCASHIER_TELLER_CHECKER, UPDATE_STANDINGINSTRUCTION , DELETE_TELLER, DELETE_CLIENTNOTE_CHECKER, CLOSE_RECURRINGDEPOSITACCOUNT, APPROVE_LOAN_CHECKER, UNDOAPPROVAL_GLIMLOAN, UPDATE_DISBURSEMENTDETAIL, CREATE_FIXEDDEPOSITPRODUCT, UPDATE_CHARTSLAB_CHECKER, DELETE_ROLE, UPDATE_REPORT_CHECKER, DELETE_CENTER, ALLOCATECASHTOCASHIER_TELLER, REMOVELOANOFFICER_LOAN_CHECKER, READ_CODEVALUE, UNASSIGNSTAFF_CLIENT, CREATE_INTERTRANSFER, DELETE_GLCLOSURE, WRITEOFF_LOAN, ALLOCATECASHTOCASHIER_TELLER_CHECKER, UPDATE_COLLECTIONSHEET, READ_DATATABLE, UPDATECASHIERALLOCATION_TELLER_CHECKER, READ_CACHE, CREATE_SAVINGSACCOUNTCHARGE, UPDATE_FIXEDDEPOSITACCOUNT, DELETE_GLACCOUNT, DELETE_HOLIDAY_CHECKER, DELETE_ROLE_CHECKER, APPROVE_LOAN, CREATE_LOANCHARGE, CREATE_STANDINGINSTRUCTION , DELETE_USER_CHECKER, DELETE_SMS, CREATE_SAVINGSACCOUNT_CHECKER, ALL_FUNCTIONS_READ, UPDATE_GROUP_CHECKER, DELETE_HOOK, ENABLE_ROLE_CHECKER, UPDATE_GLACCOUNT, PAYOUTREFUND_LOAN, WITHDRAWAL_RECURRINGDEPOSITACCOUNT, CREATE_CLIENTIDENTIFIER_CHECKER, DELETE_COLLATERAL_CHECKER, UPDATE_DELINQUENCY_RANGE, CREATE_PROVISIONCRITERIA, UPDATE_FAMILYMEMBERS, REFUNDBYTRANSFER_ACCOUNTTRANSFER, READ_RECURRINGDEPOSITACCOUNT, centers_visibility, REACTIVATE_EMAIL_CAMPAIGN, CREATE_STAFFIMAGE, UPDATE_FINANCIALACTIVITYACCOUNT, READ_Funds Disbursed Between Dates Summary by Office, UPDATE_OFFICE_CHECKER, CREATE_DIVIDEND_SHAREPRODUCT, UPDATE_REPORTMAILINGJOB, REGISTER_DATATABLE, UPDATE_PASSWORD_PREFERENCES, READ_Disbursal Report, RECREATE_PROVISIONENTRIES, CREATE_CASHIER_SESSIONS, ACTIVATE_RECURRINGDEPOSITACCOUNT_CHECKER, CREATE_GLACCOUNT, POSTINTERESTASONDATE_SAVINGSACCOUNT, MANUAL_INTEREST_REFUND_TRANSACTION_LOAN, DELETE_CLIENTCHARGE, UPDATE_LOAN, READ_Aging Detail, READ_ProgramDetails, SAVECOLLECTIONSHEET_GROUP, CREATE_CLIENTNOTE, READ_Active Loans by Disbursal Period, DELETE_REPORT_CHECKER, APPROVE_SAVINGSACCOUNT_CHECKER, REJECTTRANSFER_CLIENT_CHECKER, CLOSE_SMSCAMPAIGN, UPDATE_STANDINGINSTRUCTION, READ_PRODUCTMIX, UPDATE_WORKINGDAYS, READ_Staff Assignment History, DELETE_REPAYMENT_WITH_POSTDATEDCHECKS, CREATE_SAVINGSPRODUCT_CHECKER, UNBLOCKCREDIT_SAVINGSACCOUNT, UPDATE_RECURRINGDEPOSITPRODUCT_CHECKER, ACTIVATE_CLIENT, CREATE_LOANPRODUCT, READ_Funds Disbursed Between Dates Summary(Pentaho), UPDATE_SAVINGSACCOUNTCHARGE, UPDATE_OFFICE, DELETE_EMAIL_CAMPAIGN, PREMATURECLOSE_RECURRINGDEPOSITACCOUNT_CHECKER, READ_RATE, READ_Client Saving Transactions, INTERESTPAYMENTWAIVER_LOAN, BYPASS_TWOFACTOR, REPORTING_SUPER_USER, DELETE_FUND_CHECKER, UPDATE_PROVISIONCRITERIA, UPDATECASHIERALLOCATION_TELLER, CREATE_SMS, READ_Funds Disbursed Between Dates Summary, READ_BranchManagerStats, UPDATE_TAXGROUP, UNBLOCKDEBIT_SAVINGSACCOUNT_CHECKER, CREATE_CLIENT_CHECKER, CREATE_TEMPLATE, DELETE_SMSCAMPAIGN, CREATE_DOCUMENT, READ_Client Loans Listing(Pentaho), REJECT_LOAN, CREATE_FINANCIALACTIVITYACCOUNT, UNDOWRITEOFF_LOAN, READ_TxnRunningBalances, UPDATE_ROLE, READ_SAVINGSACCOUNTCHARGE, DELETE_SAVINGNOTE, DELETE_LOAN_COLLATERAL_PRODUCT, BUYDOWNFEE_LOAN, ACTIVATE_SAVINGSACCOUNT, UPDATE_REPORT, CREATE_ACCOUNTTRANSFER, READ_LOANTRANSACTIONNOTE, DELETE_CLIENT_CHECKER, READ_CODE, CLOSE_CENTER, BLOCKCREDIT_SAVINGSACCOUNT, CREATE_DIVIDEND_SHAREPRODUCT_CHECKER, READ_CLIENTNOTE, DELETE_CHARTSLAB_CHECKER, DELETE_CODEVALUE, WITHDRAW_FIXEDDEPOSITACCOUNT_CHECKER, READ_Loans Awaiting Disbursal(Pentaho), REJECT_LOAN_CHECKER, CREATE_GROUP_CHECKER, UPDATE_CHARTSLAB, HOLDAMOUNT_SAVINGSACCOUNT_CHECKER, READ_Balance Sheet, CREATE_GROUP, READ_Obligation Met Loans Summary, UPDATE_PERMISSION_CHECKER, DELETE_RECURRINGDEPOSITPRODUCT_CHECKER, DELETE_GUARANTOR, READ_GLCLOSURE, READ_FIXEDDEPOSITPRODUCT, CREATE_EMAIL_CHECKER, READ_Loans in arrears - Email, UPDATE_SAVINGNOTE, DELETE_LOAN, CREATE_CLIENT, WAIVE_SAVINGSACCOUNTCHARGE, REJECT_CLIENT_CHECKER, UPDATE_TAXCOMPONENT_CHECKER, APPROVALUNDO_LOAN_CHECKER, APPROVALUNDO_FIXEDDEPOSITACCOUNT, READ_CENTER, CREATE_CODE, ADJUSTTRANSACTION_SAVINGSACCOUNT, WITHDRAW_RECURRINGDEPOSITACCOUNT_CHECKER, READ_Prospective Clients - Email, REJECT_FIXEDDEPOSITACCOUNT, DELETE_SAVINGSPRODUCT_CHECKER, UPDATE_DELINQUENCY_BUCKET, UNDOTRANSACTION_RECURRINGDEPOSITACCOUNT_CHECKER, UNASSIGNSTAFF_GROUP, CREATE_RECURRINGDEPOSITPRODUCT, UPDATE_FIXEDDEPOSITACCOUNT_CHECKER, UPDATE_PROVISIONCATEGORY, GOODWILLCREDIT_LOAN, CREATE_CHARTSLAB_CHECKER, BLOCK_SAVINGSACCOUNT_CHECKER, DELETECASHIERALLOCATION_TELLER, READ_ClientTrendsByMonth, READ_Active Loans in last installment Summary(Pentaho), UPDATE_LOANNOTE_CHECKER, UPDATE_CALENDAR_CHECKER, UPDATE_PRODUCTMIX, DELETE_CALENDAR_CHECKER, EXECUTEJOB_SCHEDULER, READ_INTERREQUEST, WAIVE_CLIENTCHARGE_CHECKER, INACTIVATE_CLIENTCHARGE, UPDATERUNNINGBALANCE_JOURNALENTRY, APPROVE_DIVIDEND_SHAREPRODUCT, READ_FieldAgentStats, ADJUSTMENT_LOANCHARGE, CREATE_OFFICETRANSACTION, DELETE_PAYMENTTYPE, READ_STAFF, reports_visibility, DELETE_SAVINGSACCOUNTCHARGE_CHECKER, WITHDRAW_SAVINGSACCOUNT_CHECKER, UPDATE_CLIENTNOTE, ACTIVATE_GROUP_CHECKER, CHARGEBACK_LOAN, CREATE_INTEREST_PAUSE, UPDATE_ACCOUNTNUMBERFORMAT, READ_FAMILYMEMBERS, READ_Aging Summary (Arrears in Months)(Pentaho), DISBURSALUNDO_LOAN, CREATE_CENTER, CALCULATEINTEREST_RECURRINGDEPOSITACCOUNT, READ_ACCOUNTINGRULE, APPROVALUNDO_GSIMACCOUNT, DELETE_OFFICE_CHECKER, REJECT_SAVINGSACCOUNT_CHECKER, UPDATE_SCHEDULER, READ_Loans Awaiting Disbursal Summary by Month(Pentaho), CONTRACT_TERMINATION_UNDO_LOAN, ADJUST_LOAN, GET_CREDITREPORT, REVERSETRANSACTION_SAVINGSACCOUNT, POSTINTERESTASONDATE_SAVINGSACCOUNT_CHECKER, UPDATE_CODE_CHECKER, CREATE_CODEVALUE_CHECKER, CLOSE_LOAN, CREATE_ADHOC_CHECKER, start_loan_comittee, READ_Active Loans Passed Final Maturity(Pentaho), DELETE_COLLATERAL_PRODUCT, REVERSETRANSACTION_SAVINGSACCOUNT_CHECKER, DELETE_CREDITREPORT, SETTLECASHFROMCASHIER_TELLER, WITHDRAWAL_FIXEDDEPOSITACCOUNT_CHECKER, UNBLOCKCREDIT_SAVINGSACCOUNT_CHECKER, UPDATE_CALENDAR, PREMATURECLOSE_FIXEDDEPOSITACCOUNT, DELETE_CHARTSLAB, CREATE_CLIENTCHARGE, CLOSE_CLIENT, READ_SMS, DELETE_DELINQUENCY_BUCKET, UPDATE_PERMISSION, READ_Active Loans in last installment(Pentaho), UPDATE_EMAIL, READ_CLIENTIDENTIFIER, CREATE_CODEVALUE, CREATE_LOAN, CREATE_CREDITBUREAU_LOANPRODUCT_MAPPING, READ_Dormant Prospects - Email, ASSIGNGESTOR_CLIENT, READ_INTERTRANSFER, UPDATE_CODEVALUE_CHECKER, READ_Active Loans - Summary, READ_TxnRunningBalances(Pentaho), CREATE_CLIENTNOTE_CHECKER, ALL_FUNCTIONS, CREATE_OFFICETRANSACTION_CHECKER, PAY_LOANCHARGE, UPDATE_EMAIL_CAMPAIGN, READ_Active Loans Passed Final Maturity Summary(Pentaho), UPDATE_CLIENT, DELETECASHIERALLOCATION_TELLER_CHECKER, DEFINEOPENINGBALANCE_JOURNALENTRY, READ_Loan Payments Received (Active Loans) - Email, REJECTTRANSFER_CLIENT, UPDATE_CURRENCY_CHECKER, CREATE_COLLATERAL_CHECKER, UPDATE_BATCH_BUSINESS_STEP, UPDATE_CODEVALUE, CREATE_DOCUMENT_CHECKER, CREATE_DATATABLE, READ_ROLE, READ_SAVINGSPRODUCT, READ_Rescheduled Loans, UPDATEWITHHOLDTAX_SAVINGSACCOUNT_CHECKER, CREATE_CALENDAR, UPDATE_CHARGE, CREATE_RECURRINGDEPOSITPRODUCT_CHECKER, CLOSEASRESCHEDULED_LOAN, READ_Active Loans Passed Final Maturity, CREATE_JOURNALENTRY_CHECKER, CONTRACT_TERMINATION_LOAN, READ_Trial Balance, DELETE_ADHOC, UPDATE_DOCUMENT, DISBURSEWITHOUTAUTODOWNPAYMENT_LOAN, CREATE_DATATABLE_CHECKER, DELETE_STAFFIMAGE_CHECKER, UPDATE_SSBENEFICIARYTPT, CREATE_SAVINGNOTE, UPDATEROLE_GROUP, CREATE_REPORT, CREATE_RATE, UPDATE_INTERESTRATECHART_CHECKER, WITHDRAW_CLIENT, WITHDRAWAL_SAVINGSACCOUNT_CHECKER, CREATE_GROUPNOTE, DELETE_DELINQUENCY_RANGE, READ_Obligation Met Loans Summary(Pentaho), UPDATE_HOOK, DELETE_MEETING, create_pending_flow_blueprint, APPLYADDITIONALSHARES_SHAREACCOUNT, UPDATE_LOANCHARGE, CREATE_FIXEDDEPOSITPRODUCT_CHECKER, LINK_ACCOUNT_TO_POCKET, READ_GroupNamesByStaff, DELETE_FINANCIALACTIVITYACCOUNT, UNDOREJECT_CLIENT, CREATE_STAFF, DEFINEOPENINGBALANCE_JOURNALENTRY_CHECKER, UPDATE_GROUPNOTE, READ_CLIENT, DEREGISTER_DATATABLE, REPAYMENT_LOAN_CHECKER, DISBURSETOSAVINGS_LOAN, READ_CALENDAR, BYPASS_LOAN_WRITE_PROTECTION, READ_ProgramDirectorStats, CREATE_LOANTRANSACTIONNOTE_CHECKER, UPDATE_RATE, UPDATE_RECURRINGDEPOSITACCOUNT_CHECKER, UPDATE_EXTERNALSERVICES, DELETE_EMAIL, READ_Loan Account Schedule, REACTIVATE_CLIENT, DELETE_CHARGE_CHECKER, UPDATE_COLLATERAL_PRODUCT, UPDATE_CONFIGURATION_CHECKER, READ_Client Savings Summary, UPDATE_USER, DELETE_SAVINGSPRODUCT, DELETE_DIVIDEND_SHAREPRODUCT_CHECKER, UPDATE_LOANPRODUCT_CHECKER, ASSOCIATECLIENTS_GROUP, CREATE_CHARGE, ADJUSTTRANSACTION_RECURRINGDEPOSITACCOUNT, CREATE_TAXCOMPONENT_CHECKER, UPDATE_STAFF_CHECKER, CREATE_GLCLOSURE, BOUNCE_REPAYMENT_WITH_POSTDATEDCHECKS, DEPOSIT_RECURRINGDEPOSITACCOUNT_CHECKER, UPDATE_APPROVED_AMOUNT_LOAN, DELETE_CLIENTIDENTIFIER, DELETE_OFFICETRANSACTION, DELETE_LOANNOTE_CHECKER, UPDATE_CENTER_CHECKER, DISBURSE_GLIMLOAN, CREATE_DELINQUENCY_BUCKET, CREATE_ACCOUNTNUMBERFORMAT, WAIVE_SAVINGSACCOUNTCHARGE_CHECKER, WAIVE_LOANCHARGE, UPDATE_INTEREST_PAUSE, UPDATE_MEETING, CREATE_DELINQUENCY_RANGE, READ_Expected Payments By Date - Basic(Pentaho), BLOCK_SAVINGSACCOUNT, CREATE_CLIENTIMAGE_CHECKER, DEPOSIT_FIXEDDEPOSITACCOUNT_CHECKER, UNDOTRANSACTION_RECURRINGDEPOSITACCOUNT, WITHDRAWTRANSFER_CLIENT, ACTIVATE_RECURRINGDEPOSITACCOUNT, UPDATE_SHAREACCOUNT, ADJUSTTRANSACTION_FIXEDDEPOSITACCOUNT, READ_LoanTrendsByDay, READ_OFFICETRANSACTION, UPDATE_SAVINGSACCOUNT, POSTINTEREST_FIXEDDEPOSITACCOUNT_CHECKER, READ_Loan payments due - Email, CREATE_STAFF_CHECKER, READ_Portfolio at Risk, CREATE_STAFFIMAGE_CHECKER, UPDATE_CHARGE_CHECKER, PROPOSEANDACCEPTTRANSFER_CLIENT_CHECKER, DELETE_CENTER_CHECKER, UPDATE_SMS_CHECKER, UNASSIGNROLE_GROUP, READ_DELINQUENCY_TAGS, UPDATEOPENINGBALANCE_JOURNALENTRY_CHECKER, DELETE_HOLIDAY, ASSOCIATEGROUPS_CENTER, APPLYANNUALFEE_SAVINGSACCOUNT, READ_ClientSummary , DELETE_LOANTRANSACTIONNOTE, UPDATE_GSIMACCOUNT, CREATESCHEDULEEXCEPTIONS_LOAN, READ_Loan Payments Received (Overdue Loans) - Email, DELETE_CALENDAR, DELINK_ACCOUNT_FROM_POCKET, READ_Portfolio at Risk by Branch(Pentaho), READ_GroupSavingSummary, DELETE_SSBENEFICIARYTPT, DELETE_GUARANTOR_CHECKER, UNDOAPPROVAL_SHAREACCOUNT, DELETE_CODEVALUE_CHECKER, UPDATE_LIKELIHOOD, CREATE_ACCOUNTINGRULE, UPDATE_XBRLMAPPING, DELETE_PROVISIONCRITERIA, ACTIVATE_SHAREACCOUNT, UPDATE_RATE_CHECKER, CREATE_PROVISIONCATEGORY, CREATE_SHAREACCOUNT, CALCULATEINTEREST_FIXEDDEPOSITACCOUNT, APPROVALUNDO_SAVINGSACCOUNT, CREATE_SMS_CHECKER, accounting_visibility, REJECT_CLIENT, BUYBACK_LOAN, CREATE_FAMILYMEMBERS, READ_Loans Awaiting Disbursal Summary by Month, UPDATE_ACCOUNTINGRULE, DELETE_LOANCHARGE_CHECKER, CREATE_PAYMENTTYPE, DEACTIVATEOVERDUE_LOANCHARGE, READ_Active Clients - Email, WAIVEINTERESTPORTION_LOAN, READ_STANDINGINSTRUCTION , READ_Active Loans - Summary(Pentaho), UNDO_REAGE_LOAN, CREATE_DELINQUENCY_ACTION, SAVE_COLLECTIONSHEET, REACTIVATE_CLIENT_CHECKER, CLOSE_SAVINGSACCOUNT_CHECKER, CREATE_TELLER_CHECKER, complete_pending_step, DISBURSALLASTUNDO_LOAN, CREATE_USER_CHECKER, CREATE_LOANCHARGE_CHECKER, DISBURSE_LOAN_CHECKER, DEPOSIT_GSIMACCOUNT, CREATE_LOANNOTE, BLOCKDEBIT_SAVINGSACCOUNT_CHECKER, UPDATE_CLIENT_CHECKER, UPDATE_TAXCOMPONENT, DELETE_INTERESTRATECHART, PAY_CLIENTCHARGE, CALCULATEINTEREST_RECURRINGDEPOSITACCOUNT_CHECKER, UPDATE_PASSWORD_PREFERENCES_CHECKER, READ_Client Listing, UPDATE_DELINQUENCY_TAGS, FORECLOSURE_LOAN_CHECKER, CALCULATEINTEREST_FIXEDDEPOSITACCOUNT_CHECKER, DELETE_TEMPLATE, READTRANSACTION_CLIENT, UNDOREJECT_CLIENT_CHECKER, UNDOTRANSACTION_FIXEDDEPOSITACCOUNT_CHECKER, READ_CLIENTIMAGE, UPDATE_HOLIDAY_CHECKER, READ_DELINQUENCY_BUCKET, UPDATEDELINQUENCY_LOAN, READ_SAVINGSACCOUNT, READ_Loan Approved - Email, CREATE_RECURRINGDEPOSITACCOUNT, CREATE_EMAIL, CALCULATEINTEREST_SAVINGSACCOUNT, READ_CONFIGURATION, DISASSOCIATEGROUPS_CENTER, CLOSE_EMAIL_CAMPAIGN, READ_EMAIL_CONFIGURATION, WRITEOFF_LOAN_CHECKER, UNDO_REAMORTIZE_LOAN, DELETE_ADDRESS, CREATE_FLOATINGRATE, UNDOTRANSACTION_FIXEDDEPOSITACCOUNT, DELETE_REPORT, CREATE_FIXEDDEPOSITACCOUNT, DELETE_RECURRINGDEPOSITACCOUNT, READ_PAYMENTTYPE, READ_EMAIL_CAMPAIGN, WITHDRAW_FIXEDDEPOSITACCOUNT, UPDATE_CODE, RELEASE_INTERTRANSFER, DELETE_STANDINGINSTRUCTION, DELETE_LOANNOTE, CREATE_MEETING, UPDATE_COLLATERAL, READ_ChildrenStaffList, DELETE_SAVINGSACCOUNT, INACTIVATE_SAVINGSACCOUNTCHARGE_CHECKER, UPDATEDEPOSITAMOUNT_RECURRINGDEPOSITACCOUNT, CREATE_TELLER, READ_CURRENCY, CREATE_CENTER_CHECKER, CLOSE_RECURRINGDEPOSITACCOUNT_CHECKER, UPDATE_USER_CHECKER, WITHDRAW_SAVINGSACCOUNT, DELETE_LOANTRANSACTIONNOTE_CHECKER, CREATE_CALENDAR_CHECKER, APPROVE_SAVINGSACCOUNT, APPROVE_DIVIDEND_SHAREPRODUCT_CHECKER, READ_Active Loans in last installment Summary, REPAYMENT_GLIMLOAN, ACTIVATE_CENTER_CHECKER, UPDATE_DATATABLE, EXECUTE_INLINE_JOB, UNDOTRANSACTION_SAVINGSACCOUNT, RECOVERGUARANTEES_LOAN, CREATE_ROLE, CREATE_COLLATERAL_PRODUCT, UPDATE_CURRENCY, CREATE_HOOK, READ_Savings Transactions, SALE_LOAN, FORECLOSURE_LOAN, CLOSE_FIXEDDEPOSITACCOUNT, POSTINTEREST_SAVINGSACCOUNT, ACCEPTTRANSFER_CLIENT_CHECKER, DELETE_DOCUMENT, APPROVEADDITIONALSHARES_SHAREACCOUNT, ASSOCIATEGROUPS_CENTER_CHECKER, CREATE_CREDITBUREAU_CONFIGURATION, UPDATE_LOANTRANSACTIONNOTE_CHECKER, INVALIDATE_TWOFACTOR_ACCESSTOKEN, CREATE_LOANPRODUCT_CHECKER, READ_LOANPRODUCT, REJECT_SAVINGSACCOUNT, UPDATE_ENTITYMAPPING, DELETE_FIXEDDEPOSITPRODUCT_CHECKER, CREATE_STANDINGINSTRUCTION, READ_USER, DELETE_STANDINGINSTRUCTION , update_pending_flow_blueprint, SAVECOLLECTIONSHEET_CENTER, READ_Client Listing(Pentaho), DISASSOCIATECLIENTS_GROUP, DELETE_DIVIDEND_SHAREPRODUCT, READ_Active Loans in last installment, CREATE_SAVINGNOTE_CHECKER, CREATE_PROVISIONENTRIES, READ_RECURRINGDEPOSITPRODUCT, CREATE_ORGANISATIONCREDITBUREAU, READ_COLLATERAL, DELETE_OFFICETRANSACTION_CHECKER, CREATE_ADDRESS_CHECKER, CREATE_ADHOC, CREATE_ADDRESS, READ_Loan Payments Due (Overdue Loans) - Email, DELETE_CLIENTNOTE, PROPOSEANDACCEPTTRANSFER_CLIENT, WAIVEINTERESTPORTION_LOAN_CHECKER, ACTIVATE_EMAIL_CAMPAIGN, UNDOCHARGEOFF_LOAN, APPROVE_RECURRINGDEPOSITACCOUNT_CHECKER, READ_Loans Awaiting Disbursal Summary(Pentaho), UPDATE_LOANCHARGE_CHECKER, UPDATE_TELLER_CHECKER, CREATE_PROVISIONJOURNALENTRIES, DELETE_INTERID, READ_ClientTrendsByDay, DEPOSIT_FIXEDDEPOSITACCOUNT, APPROVALUNDO_RECURRINGDEPOSITACCOUNT_CHECKER, UPDATE_EXTERNAL_ASSET_OWNER_LOAN_PRODUCT_ATTRIBUTE, ACCEPTTRANSFER_CLIENT, PAY_CLIENTCHARGE_CHECKER, UPDATE_FLOATINGRATE, DELETE_CLIENT, UPDATE_CLIENTIDENTIFIER, CREATE_SAVINGSACCOUNTCHARGE_CHECKER, READ_Rescheduled Loans(Pentaho), ALLOCATECASHIER_TELLER, CREATE_CLIENTCHARGE_CHECKER, UNDOTRANSACTION_SAVINGSACCOUNT_CHECKER, READ_CoordinatorStats, CALCULATEINTEREST_SAVINGSACCOUNT_CHECKER, READ_ADDRESS, UNASSIGNGESTOR_CLIENT, READ_LOAN, DELETE_SAVINGSACCOUNT_CHECKER, READ_Happy Birthday - Email, REAMORTIZE_LOAN, READ_Income Statement, READ_COLLECTIONSHEET, READ_GroupSummaryCounts, SETFRAUD_LOAN, DELETE_SMSCAMPAIGN_CHECKER, RECOVERGUARANTEES_LOAN_CHECKER, BULKREASSIGN_LOAN_CHECKER, READ_Active Loans Passed Final Maturity Summary, READ_CLIENTCHARGE, APPROVE_GLIMLOAN, CREATE_ENTITYMAPPING, ACTIVATE_GROUP, CREATE_SHAREPRODUCT, REJECT_RECURRINGDEPOSITACCOUNT_CHECKER, CHARGEREFUND_LOAN, READ_REPORTMAILINGJOB, READ_HOLIDAY, READ_Expected Payments By Date - Formatted, READ_Loans Pending Approval(Pentaho), CREATE_SSBENEFICIARYTPT, READ_FINANCIALACTIVITYACCOUNT, ASSIGNROLE_GROUP, READ_STAFFIMAGE, RELEASEAMOUNT_SAVINGSACCOUNT_CHECKER, UPDATESAVINGSOFFICER_SAVINGSACCOUNT_CHECKER, DELETE_STAFF, RECOVERYPAYMENT_LOAN, UPDATE_CLIENTCHARGE_CHECKER, UPDATE_GROUPNOTE_CHECKER, DELETE_CLIENTIMAGE, DELETE_ADHOC_CHECKER, UNDOWITHDRAWAL_CLIENT_CHECKER, REJECT_RECURRINGDEPOSITACCOUNT, REGISTER_DATATABLE_CHECKER, READ_Loans Pending Approval, BLOCKCREDIT_SAVINGSACCOUNT_CHECKER, DELETE_GROUP, REJECT_SHAREACCOUNT, UPDATELOANOFFICER_LOAN_CHECKER, DELETE_CLIENTIMAGE_CHECKER, UPDATE_RECURRINGDEPOSITACCOUNT, DELETE_CLIENTIDENTIFIER_CHECKER, UPDATE_WORKINGDAYS_CHECKER, READ_Active Loans - Details, READ_SSBENEFICIARYTPT, BULKREASSIGN_LOAN, DELETE_INTEREST_PAUSE, UPDATE_SMS, READ_Aging Detail(Pentaho), UPDATE_ADHOC_CHECKER, DELETE_PROVISIONCATEGORY, READ_FUND, view_pendientes, UPDATE_TEMPLATE, REMOVESAVINGSOFFICER_SAVINGSACCOUNT, PREMATURECLOSE_RECURRINGDEPOSITACCOUNT, READ_IMPORT, UPDATE_LOANTRANSACTIONNOTE, UPDATE_TWOFACTOR_CONFIGURATION, DISASSOCIATEGROUPS_CENTER_CHECKER, CHECKER_SUPER_USER, CREATE_REPORT_CHECKER, READ_RATE_CHECKER, CREATE_CLIENTIDENTIFIER, UPDATE_CACHE, CREATE_CODE_CHECKER, DELETE_CLIENT_COLLATERAL_PRODUCT, WITHDRAW_CLIENT_CHECKER, READ_EXTERNAL_EVENT_CONFIGURATION, CLOSE_SHAREACCOUNT, UPDATE_SAVINGSPRODUCT_CHECKER, DISABLE_ROLE_CHECKER, create_loan_comittee, UPDATESAVINGSACCOUNT_CLIENT, APPROVALUNDO_FIXEDDEPOSITACCOUNT_CHECKER, READ_ClientTrendsByWeek, UPDATE_GLCLOSURE, DELETE_USER, CREATE_GUARANTOR, PROPOSETRANSFER_CLIENT, ADJUST_LOAN_CHECKER, READ_Aging Summary (Arrears in Months), UPDATE_TELLER, DELETE_ENTITYMAPPING, UNDOTRANSACTION_CLIENT_CHECKER, EXECUTEFORSAVINGS, CAPITALIZEDINCOME_LOAN, DELETE_RECURRINGDEPOSITPRODUCT, READ_SMSCAMPAIGN, CLOSEASRESCHEDULED_LOAN_CHECKER, REMOVESAVINGSOFFICER_SAVINGSACCOUNT_CHECKER, DEPOSIT_SAVINGSACCOUNT_CHECKER, READ_CHARGE, DELETE_ADDRESS_CHECKER, UPDATE_SAVINGSACCOUNTCHARGE_CHECKER, CREATE_SMSCAMPAIGN, SAVE_CREDITREPORT, BUYDOWNFEEADJUSTMENT_LOAN, DELETE_ACCOUNTNUMBERFORMAT, DELETE_SAVINGNOTE_CHECKER, CANCEL_ASSET_OWNER_TRANSACTION, UPDATE_INTERESTRATECHART, READ_Loan Repayment - Email, CLOSE_LOAN_CHECKER, REFUNDBYCASH_LOAN_CHECKER, READ_Collection Report, CREATE_TAXGROUP, DELETE_LOAN_CHECKER, UPDATE_CREDITBUREAU_CONFIGURATION, INACTIVATE_CLIENTCHARGE_CHECKER, DELETE_FAMILYMEMBERS, CREATE_CLIENTIMAGE, DELETE_GROUP_CHECKER, UNBLOCKDEBIT_SAVINGSACCOUNT, DELETE_STAFF_CHECKER, ACTIVATE_CENTER, UPDATE_EMAIL_CONFIGURATION, READ_Obligation Met Loans Details, DEPOSIT_SAVINGSACCOUNT, READ_Portfolio at Risk(Pentaho), READ_EMAIL, APPROVE_RECURRINGDEPOSITACCOUNT, DISBURSALLASTUNDO_LOAN_CHECKER, UPDATE_HOLIDAY, CLOSE_GROUP_CHECKER, CREATE_USER, UPDATE_PAYMENTTYPE, READ_PERMISSION, REDEEMSHARES_SHAREACCOUNT, REACTIVATE_SMSCAMPAIGN, READ_FLOATINGRATE, READ_Loan Fully Repaid - Email, UNDOWITHDRAWAL_CLIENT, READ_RESCHEDULELOAN, READ_Loans Outstanding after final instalment date - Email, READ_FIXEDDEPOSITACCOUNT, CREATE_LOANNOTE_CHECKER, BLOCKDEBIT_SAVINGSACCOUNT, CREATE_SAVINGSACCOUNT, UPDATE_SAVINGSACCOUNT_CHECKER, CREATE_FIXEDDEPOSITACCOUNT_CHECKER, READ_Balance Outstanding, CREATE_JOURNALENTRY, CLOSE_GROUP, READ_Obligation Met Loans Details(Pentaho), UPDATE_ORGANISATIONCREDITBUREAU, DELETE_DATATABLE_CHECKER, UPDATE_GUARANTOR_CHECKER, DELETESCHEDULEEXCEPTIONS_LOAN_CHECKER, UPDATE_RECURRINGDEPOSITPRODUCT, UPDATE_SAVINGSPRODUCT, update_pending_step, READ_Aging Summary (Arrears in Weeks)(Pentaho), UNBLOCK_SAVINGSACCOUNT, READ_Aging Summary (Arrears in Weeks), CREATE_EMAIL_CAMPAIGN, APPROVE_RESCHEDULELOAN, READ_Active Loan Clients - Email, UPDATE_EXTERNAL_EVENT_CONFIGURATION, CREATE_RESCHEDULELOAN, UPDATE_SMSCAMPAIGN_CHECKER, UNDODISBURSAL_GLIMLOAN, READ_TEMPLATE, CREATE_RECURRINGDEPOSITACCOUNT_CHECKER, CREATE_LOAN_CHECKER, READ_Written-Off Loans, REJECT_FIXEDDEPOSITACCOUNT_CHECKER, DELETE_FUND, CREATE_HOLIDAY_CHECKER, DELETE_SAVINGSACCOUNTCHARGE, CREATESCHEDULEEXCEPTIONS_LOAN_CHECKER, CLOSE_GSIMACCOUNT, CREATE_FLOATINGRATE_CHECKER, UPDATE_CENTER, CREATE_SMSCAMPAIGN_CHECKER, APPROVALUNDO_SAVINGSACCOUNT_CHECKER, APPROVALUNDO_LOAN, READ_Loans Awaiting Disbursal, READ_TWOFACTOR_CONFIGURATION, see_loan_comittee, UNASSIGNSTAFF_GROUP_CHECKER, TRANSFERCLIENTS_GROUP_CHECKER, CREATE_INTERESTRATECHART, CREATE_EMAIL_CAMPAIGN_CHECKER, REJECT_RESCHEDULELOAN, MERCHANTISSUEDREFUND_LOAN, UPDATE_ROLE_CHECKER, PAY_SAVINGSACCOUNTCHARGE_CHECKER, DELETE_CODE, REPAYMENT_LOAN, ACTIVATE_FIXEDDEPOSITACCOUNT_CHECKER, POSTINTEREST_RECURRINGDEPOSITACCOUNT, CLOSE_FIXEDDEPOSITACCOUNT_CHECKER, CREATE_EXTERNAL_ASSET_OWNER_LOAN_PRODUCT_ATTRIBUTE, ACTIVATE_FIXEDDEPOSITACCOUNT, READ_Loan Rejected - Email, ACTIVATE_GSIMACCOUNT, READ_Portfolio at Risk by Branch, READ_SAVINGNOTE, UPDATE_CLIENTIDENTIFIER_CHECKER, READ_Demand_Vs_Collection, CREATE_OFFICE_CHECKER, READ_HOOK, DELETE_TELLER_CHECKER, UPDATE_EMAIL_CAMPAIGN_CHECKER, UPDATE_DATATABLE_CHECKER, WITHDRAWAL_FIXEDDEPOSITACCOUNT, DELETE_CODE_CHECKER, CREATE_GSIMACCOUNT, READ_Expected Payments By Date - Basic, WITHDRAW_LOAN_CHECKER, UPDATE_EMAIL_CHECKER, READ_ACCOUNTNUMBERFORMAT, CHANGEPWD_USER, ACTIVATE_SAVINGSACCOUNT_CHECKER, UNDOTRANSACTION_CLIENT, REGISTER_SURVEY, CREATE_INTERQUOTE, READ_GROUP, DISBURSE_LOAN, DELETE_ENTITY_DATATABLE_CHECK, UPDATEOPENINGBALANCE_JOURNALENTRY, TRANSFERCLIENTS_GROUP, DELETE_LOANCHARGE, WITHDRAW_RECURRINGDEPOSITACCOUNT, DELETE_EMAIL_CAMPAIGN_CHECKER, APPLYANNUALFEE_SAVINGSACCOUNT_CHECKER, READ_GroupSummaryAmounts, REFUNDBYTRANSFER_ACCOUNTTRANSFER_CHECKER, admin_visibility, READ_ProgramStats, WITHDRAWTRANSFER_CLIENT_CHECKER, UPDATE_CONFIGURATION, CREATE_REPORTMAILINGJOB, READ_LoanTrendsByWeek, ACTIVATE_CLIENT_CHECKER, UPDATE_GUARANTOR, READ_JOURNALENTRY, PAY_SAVINGSACCOUNTCHARGE, CREATE_FUND_CHECKER, CREATE_SAVINGSPRODUCT, DELETE_FIXEDDEPOSITPRODUCT, UPDATE_FLOATINGRATE_CHECKER, READ_MEETING, PREMATURECLOSE_FIXEDDEPOSITACCOUNT_CHECKER, UPDATE_COLLATERAL_CHECKER, HOLDAMOUNT_SAVINGSACCOUNT, REVERSE_JOURNALENTRY, DELETE_CHARGE, READ_Daily Journal Ledger Report, READ_LOANNOTE, UPDATE_CLIENT_COLLATERAL_PRODUCT, DISABLE_ROLE, DOWNPAYMENT_LOAN, READ_GLACCOUNT, UPDATE_FIXEDDEPOSITPRODUCT_CHECKER, DELETE_GROUPNOTE, REJECT_GLIMLOAN, UPDATE_FIXEDDEPOSITPRODUCT, READ_TAXCOMPONENT, CREATE_ENTITY_DATATABLE_CHECK, READ_LoanTrendsByMonth, CREATE_CHARGE_CHECKER, PREPARE_INTERTRANSFER, UPDATE_LOANPRODUCT, READ_General Ledger Report, UPDATE_LOANNOTE, DELETE_RECURRINGDEPOSITACCOUNT_CHECKER, REJECT_GSIMACCOUNT, PERMISSIONS_ROLE, READ_DIVIDEND_SHAREPRODUCT, READ_ENTITY_DATATABLE_CHECK, READ_Client Loan Account Schedule, UPDATE_ADHOC, DELETESCHEDULEEXCEPTIONS_LOAN, CLOSE_SAVINGSACCOUNT, CREATE_INTERESTRATECHART_CHECKER, DEPOSIT_RECURRINGDEPOSITACCOUNT, RELEASEAMOUNT_SAVINGSACCOUNT, DELETE_ACCOUNTINGRULE, REJECTADDITIONALSHARES_SHAREACCOUNT, ACTIVATE_HOLIDAY_CHECKER, DELETE_LOANPRODUCT_CHECKER, DEREGISTER_DATATABLE_CHECKER, EXECUTE_PERIODICACCRUALACCOUNTING, DELETE_CLIENTCHARGE_CHECKER, DELETE_DOCUMENT_CHECKER, APPROVE_SHAREACCOUNT, READ_INTERID, ALLOCATECASHIER_TELLER_CHECKER, READ_Branch Expected Cash Flow, PROPOSETRANSFER_CLIENT_CHECKER, APPROVALUNDO_RECURRINGDEPOSITACCOUNT, ASSIGNSTAFF_GROUP, UPDATE_ADDRESS_CHECKER, UNDO_WAIVECHARGE, READ_Loans disbursed to clients - Email, UPDATE_GROUP, start_pending_flow, READ_Written-Off Loans(Pentaho), CREATE_OFFICE, CREATE_RATE_CHECKER, WAIVE_CLIENTCHARGE, READ_DOCUMENT, READ_AUDIT, CREATE_HOLIDAY, READ_OFFICE, READ_ACCOUNTTRANSFER, CREATE_TAXCOMPONENT, DELETE_COLLATERAL, APPROVE_FIXEDDEPOSITACCOUNT_CHECKER, UPDATE_CLIENTCHARGE, READ_Loans Awaiting Disbursal Summary, CREATE_ROLE_CHECKER, DELETE_EMAIL_CHECKER, DELETE_REPORTMAILINGJOB, UNBLOCK_SAVINGSACCOUNT_CHECKER, UPDATE_CLIENTNOTE_CHECKER, DELETE_STAFFIMAGE, UPDATE_FUND_CHECKER, CLOSE_CLIENT_CHECKER, DELETE_GROUPNOTE_CHECKER, APPROVE_FIXEDDEPOSITACCOUNT, READ_Disbursal_Vs_Awaitingdisbursal, CREATE_FUND, ALL_FUNCTIONS]]
[2m2026-02-17 11:22:15.709[0;39m [32m-DEBUG[0;39m [35m88555[0;39m [32m[0;39m [        default] [2m---[0;39m [2m[nio-8443-exec-6][0;39m [36mo.a.f.i.c.filters.RequestResponseFilter [0;39m [2m:[0;39m Received request: [GET], [/fineract-provider/api/v1/notifications]
[2m2026-02-17 11:22:15.711[0;39m [32m-DEBUG[0;39m [35m88555[0;39m [32m[0;39m [        default] [2m---[0;39m [2m[nio-8443-exec-4][0;39m [36ms.f.TenantAwareBasicAuthenticationFilter[0;39m [2m:[0;39m Set SecurityContextHolder to UsernamePasswordAuthenticationToken [Principal=AppUser [username=rob.manager, getId()=9], Credentials=[PROTECTED], Authenticated=true, Details=WebAuthenticationDetails [RemoteIpAddress=0:0:0:0:0:0:0:1, SessionId=null], Granted Authorities=[ALL_FUNCTIONS, CREATE_TELLER, POSTINTERESTASONDATE_SAVINGSACCOUNT, READ_Written-Off Loans, READ_MEETING, UPDATEOPENINGBALANCE_JOURNALENTRY, CREATE_ROLE_CHECKER, READ_Active Loans - Details, READ_ClientTrendsByMonth, CREATE_GUARANTOR, CALCULATEINTEREST_SAVINGSACCOUNT, UPDATE_RATE_CHECKER, APPROVE_SHAREACCOUNT, READ_PERMISSION, UPDATE_USER_CHECKER, CREATE_SAVINGNOTE_CHECKER, READ_FieldAgentPrograms, ADJUSTTRANSACTION_RECURRINGDEPOSITACCOUNT, UPDATE_PRODUCTMIX, READ_GROUP, ALLOCATECASHIER_TELLER, REGISTER_DATATABLE_CHECKER, DELETE_CLIENTIMAGE_CHECKER, CREATE_CLIENTIDENTIFIER, READ_ClientTrendsByWeek, DELETE_CLIENT_COLLATERAL_PRODUCT, REGISTER_DATATABLE, UNDOTRANSACTION_CLIENT, CLOSE_LOAN_CHECKER, BYPASS_TWOFACTOR, READ_Portfolio at Risk by Branch, CREATE_OFFICE, READ_Prospective Clients - Email, CREATE_DELINQUENCY_RANGE, CREATE_FINANCIALACTIVITYACCOUNT, UPDATE_PROVISIONCATEGORY, APPROVALUNDO_FIXEDDEPOSITACCOUNT_CHECKER, INACTIVATE_SAVINGSACCOUNTCHARGE, CREATE_ADHOC_CHECKER, UPDATE_PASSWORD_PREFERENCES_CHECKER, READ_ProgramStats, READ_BranchManagerStats, UPDATE_FAMILYMEMBERS, PREPARE_INTERTRANSFER, DELETECASHIERALLOCATION_TELLER, WITHDRAWAL_SAVINGSACCOUNT_CHECKER, GET_CREDITREPORT, CHARGEBACK_LOAN, UNDOWITHDRAWAL_CLIENT, CREATE_ACCOUNTTRANSFER_CHECKER, CREATE_CHARGE, UNASSIGNSTAFF_GROUP_CHECKER, CREATE_SAVINGSACCOUNT_CHECKER, READ_PAYMENTTYPE, READ_Aging Detail(Pentaho), UPDATE_HOLIDAY, ADJUST_LOAN, UPDATE_DELINQUENCY_RANGE, READ_SMS, READ_PASSWORD_PREFERENCES, READ_DELINQUENCY_BUCKET, WITHDRAWTRANSFER_CLIENT_CHECKER, UPDATE_ADHOC, READ_Aging Summary (Arrears in Months)(Pentaho), DELETE_FIXEDDEPOSITPRODUCT_CHECKER, READ_Balance Outstanding, EXECUTE_PERIODICACCRUALACCOUNTING, READ_OFFICETRANSACTION, ACTIVATE_SMSCAMPAIGN, HOLDAMOUNT_SAVINGSACCOUNT_CHECKER, APPROVALUNDO_RECURRINGDEPOSITACCOUNT, CREATE_ENTITY_DATATABLE_CHECK, CREATE_ADDRESS_CHECKER, APPLYANNUALFEE_SAVINGSACCOUNT_CHECKER, complete_pending_step, DELETE_SMSCAMPAIGN_CHECKER, DELETE_CLIENTIDENTIFIER_CHECKER, CREATE_LOANPRODUCT_CHECKER, READ_Loan payments due - Email, UPDATE_FUND_CHECKER, start_pending_flow, READ_Obligation Met Loans Summary(Pentaho), SAVEORUPDATEATTENDANCE_MEETING, DELETE_EMAIL, READ_ROLE, SAVE_COLLECTIONSHEET, CLOSE_CENTER_CHECKER, CREATE_USER, BLOCKCREDIT_SAVINGSACCOUNT_CHECKER, PAYOUTREFUND_LOAN, APPROVALUNDO_SAVINGSACCOUNT_CHECKER, ENABLE_ROLE, UNBLOCK_SAVINGSACCOUNT_CHECKER, DISBURSE_LOAN_CHECKER, WAIVE_LOANCHARGE, BLOCK_SAVINGSACCOUNT, APPROVE_LOAN, UPDATE_SAVINGSPRODUCT, READ_FAMILYMEMBERS, DELETE_CLIENTIMAGE, DISBURSEWITHOUTAUTODOWNPAYMENT_LOAN, DELETE_RECURRINGDEPOSITACCOUNT, CLOSE_EMAIL_CAMPAIGN, DELETE_STAFFIMAGE_CHECKER, CREATE_STAFFIMAGE, DELETE_CLIENTIDENTIFIER, CREATE_SAVINGSPRODUCT, ACTIVATE_FIXEDDEPOSITACCOUNT, CREATE_STAFF, WRITEOFF_LOAN, DEPOSIT_GSIMACCOUNT, CLOSE_LOAN, READ_Obligation Met Loans Details(Pentaho), UNDOWRITEOFF_LOAN, INACTIVATE_CLIENTCHARGE, PROPOSEANDACCEPTTRANSFER_CLIENT_CHECKER, CREATE_CHARTSLAB_CHECKER, ADJUSTMENT_LOANCHARGE, READ_ACCOUNTNUMBERFORMAT, CREATE_CODEVALUE_CHECKER, DELETE_CENTER, READ_RESCHEDULELOAN, READ_CENTER, DELETE_TELLER_CHECKER, DEPOSIT_SAVINGSACCOUNT_CHECKER, CREATE_LOANPRODUCT, UPDATE_GUARANTOR_CHECKER, BLOCK_SAVINGSACCOUNT_CHECKER, CREATE_FLOATINGRATE, REJECT_FIXEDDEPOSITACCOUNT_CHECKER, CALCULATEINTEREST_SAVINGSACCOUNT_CHECKER, CREATE_ADHOC, UPDATE_TELLER, create_pending_flow_blueprint, UNDO_REAMORTIZE_LOAN, UPDATE_SAVINGSACCOUNTCHARGE, READ_Happy Birthday - Email, CLOSE_SHAREACCOUNT, UPDATE_COLLATERAL_CHECKER, DELETE_PAYMENTTYPE, DELETE_RECURRINGDEPOSITACCOUNT_CHECKER, GOODWILLCREDIT_LOAN, READ_Active Loans in last installment Summary, PROPOSETRANSFER_CLIENT_CHECKER, CHECKER_SUPER_USER, CREATE_RATE_CHECKER, DELETE_GLACCOUNT, UPDATESAVINGSOFFICER_SAVINGSACCOUNT, create_loan_comittee, UNBLOCKDEBIT_SAVINGSACCOUNT_CHECKER, READ_CHARGE, CREATE_USER_CHECKER, DELETE_DELINQUENCY_RANGE, DELETE_FIXEDDEPOSITACCOUNT_CHECKER, WITHDRAWAL_RECURRINGDEPOSITACCOUNT, UPDATE_REPORT, UPDATE_INTERESTRATECHART, REVERSETRANSACTION_SAVINGSACCOUNT_CHECKER, UPDATE_RECURRINGDEPOSITPRODUCT_CHECKER, CREATE_ENTITYMAPPING, READ_Active Loans in last installment Summary(Pentaho), READ_REPORTMAILINGJOB, UPDATE_PERMISSION_CHECKER, READ_SAVINGNOTE, READ_Client Loan Account Schedule, READ_Loans Awaiting Disbursal, UPDATE_ADHOC_CHECKER, CREATE_GUARANTOR_CHECKER, CLOSE_RECURRINGDEPOSITACCOUNT, APPROVALUNDO_RECURRINGDEPOSITACCOUNT_CHECKER, DELETE_SAVINGSACCOUNT_CHECKER, REAMORTIZE_LOAN, DELETE_SMS, REACTIVATE_SMSCAMPAIGN, READ_Portfolio at Risk(Pentaho), ACCEPTTRANSFER_CLIENT_CHECKER, CREATE_SMS_CHECKER, CREATE_LOAN, ACTIVATE_GROUP_CHECKER, READ_Disbursal Report, CREATE_SAVINGSACCOUNT, DELETE_ROLE, TRANSFERCLIENTS_GROUP_CHECKER, REJECT_CLIENT_CHECKER, UPDATE_TAXGROUP_CHECKER, CREATE_RECURRINGDEPOSITACCOUNT_CHECKER, REAGE_LOAN, CREATE_CALENDAR_CHECKER, WITHDRAWAL_RECURRINGDEPOSITACCOUNT_CHECKER, DELETE_STAFF, CREATE_LOANCHARGE_CHECKER, UPDATE_CHARTSLAB_CHECKER, DELETE_REPORTMAILINGJOB, READ_LOANPRODUCT, UPDATE_LIKELIHOOD, WITHDRAW_CLIENT, UPDATE_COLLATERAL, DISBURSALLASTUNDO_LOAN, UPDATE_OFFICE, READ_BUSINESS_DATE, UPDATE_LOANPRODUCT, READ_Balance Sheet, APPROVE_FIXEDDEPOSITACCOUNT_CHECKER, REJECT_SAVINGSACCOUNT_CHECKER, CREATE_TAXCOMPONENT_CHECKER, CREATE_DOCUMENT_CHECKER, CLOSE_CLIENT, CHANGEPWD_USER, UPDATE_EMAIL, DELETE_EMAIL_CAMPAIGN_CHECKER, READ_Aging Summary (Arrears in Weeks), CREATE_LOANNOTE_CHECKER, DELETE_CODEVALUE_CHECKER, CREATE_HOLIDAY, POSTINTEREST_FIXEDDEPOSITACCOUNT, READ_PRODUCTMIX, READ_INTERID, see_loan_comittee, UPDATE_LOANNOTE_CHECKER, READ_Loans Awaiting Disbursal Summary by Month(Pentaho), UPDATECASHIERALLOCATION_TELLER, DELETE_EMAIL_CHECKER, DELETE_INTEREST_PAUSE, READ_RECURRINGDEPOSITPRODUCT, READ_CLIENTCHARGE, DELETE_CLIENT, BULKREASSIGN_LOAN_CHECKER, READ_Active Loans in last installment, CREATE_DIVIDEND_SHAREPRODUCT_CHECKER, UPDATE_EXTERNAL_EVENT_CONFIGURATION, READ_LoanTrendsByWeek, CREATE_CENTER, UPDATE_GROUP_CHECKER, UPDATE_REPORTMAILINGJOB, READ_HOOK, READ_EMAIL, READ_GroupNamesByStaff, UPDATE_LOANCHARGE_CHECKER, UPDATE_CREDITBUREAU_LOANPRODUCT_MAPPING, PAY_CLIENTCHARGE, WAIVE_CLIENTCHARGE, CREATE_TAXCOMPONENT, READ_CALENDAR, LINK_ACCOUNT_TO_POCKET, ACTIVATE_RECURRINGDEPOSITACCOUNT, READ_Loans disbursed to clients - Email, UPDATE_COLLATERAL_PRODUCT, READ_Loan Rejected - Email, CREATE_COLLATERAL_CHECKER, UNDOTRANSACTION_SAVINGSACCOUNT, CREATE_CLIENTIDENTIFIER_CHECKER, FORECLOSURE_LOAN_CHECKER, UPDATE_GROUPNOTE, DELETE_USER_CHECKER, UPDATE_OFFICE_CHECKER, WITHDRAW_SAVINGSACCOUNT, UPDATE_COLLECTIONSHEET, UPDATE_BATCH_BUSINESS_STEP, DISBURSALUNDO_LOAN_CHECKER, BLOCKDEBIT_SAVINGSACCOUNT_CHECKER, READ_Funds Disbursed Between Dates Summary(Pentaho), APPROVE_GSIMACCOUNT, DELETE_GROUP, UPDATEROLE_GROUP, REVERSE_JOURNALENTRY, UPDATE_CENTER, DELETE_ENTITY_DATATABLE_CHECK, APPROVALUNDO_FIXEDDEPOSITACCOUNT, DELETE_RECURRINGDEPOSITPRODUCT, ASSOCIATEGROUPS_CENTER, INTERMEDIARYSALE_LOAN, UPDATE_FINANCIALACTIVITYACCOUNT, CREATE_LOAN_CHECKER, centers_visibility, SETFRAUD_LOAN, DELETE_SMS_CHECKER, WITHDRAW_SAVINGSACCOUNT_CHECKER, READ_JOURNALENTRY, CREATE_STANDINGINSTRUCTION, CREATE_INTERESTRATECHART, READ_Loan Payments Received (Overdue Loans) - Email, READ_TAXGROUP, READ_Branch Expected Cash Flow, DELETE_LOANCHARGE_CHECKER, REJECT_LOAN_CHECKER, DELETE_FAMILYMEMBERS, UPDATE_SAVINGNOTE_CHECKER, APPROVE_FIXEDDEPOSITACCOUNT, READ_Active Loans - Summary, READ_GROUPNOTE, REFUNDBYTRANSFER_ACCOUNTTRANSFER, UNDOTRANSACTION_CLIENT_CHECKER, READ_Loan Approved - Email, UPDATE_ACCOUNTNUMBERFORMAT, CREATE_JOURNALENTRY_CHECKER, READ_ProgramDetails, READ_FINANCIALACTIVITYACCOUNT, UPDATE_CLIENTIDENTIFIER, UPDATE_LOAN, CREATE_STAFF_CHECKER, DELETE_INTERESTRATECHART_CHECKER, ASSOCIATEGROUPS_CENTER_CHECKER, ACTIVATE_CENTER_CHECKER, DISASSOCIATEGROUPS_CENTER, WAIVE_SAVINGSACCOUNTCHARGE, APPLYANNUALFEE_SAVINGSACCOUNT, UPDATE_CLIENTNOTE_CHECKER, CREATE_RECURRINGDEPOSITACCOUNT, PREMATURECLOSE_RECURRINGDEPOSITACCOUNT_CHECKER, UPDATE_RATE, CREATE_TEMPLATE, UPDATELOANOFFICER_LOAN, DELETE_CENTER_CHECKER, CALCULATEINTEREST_FIXEDDEPOSITACCOUNT, UPDATE_DOCUMENT_CHECKER, DELETE_SSBENEFICIARYTPT, READ_CODEVALUE, CHARGEREFUND_LOAN, READ_CLIENT, WITHDRAW_RECURRINGDEPOSITACCOUNT_CHECKER, DELETE_CHARTSLAB, DELINK_ACCOUNT_FROM_POCKET, DELETE_CREDITREPORT, DELETE_GUARANTOR_CHECKER, READ_ProgramDirectorStats, READ_ClientSummary , DELETE_SAVINGNOTE, WITHDRAW_LOAN_CHECKER, UPDATE_DELINQUENCY_BUCKET, DELETE_ADHOC_CHECKER, DELETE_USER, DELETE_CLIENTCHARGE_CHECKER, UPDATE_CALENDAR_CHECKER, APPROVE_RECURRINGDEPOSITACCOUNT, READ_Aging Summary (Arrears in Months), ACTIVATE_HOLIDAY, CREATE_DIVIDEND_SHAREPRODUCT, READ_Active Clients - Email, REPAYMENT_LOAN, UPDATE_EMAIL_CAMPAIGN, CREATE_OFFICE_CHECKER, REACTIVATE_CLIENT, APPROVE_GLIMLOAN, DELETE_COLLATERAL, UPDATELOANOFFICER_LOAN_CHECKER, DEACTIVATEOVERDUE_LOANCHARGE, UPDATE_CENTER_CHECKER, UPDATE_STAFF_CHECKER, UNBLOCKCREDIT_SAVINGSACCOUNT, DOWNPAYMENT_LOAN, READ_Active Group Leaders - Email, UPDATE_ADDRESS_CHECKER, UPDATE_CLIENT, DELETE_LOANNOTE_CHECKER, CREATE_GLACCOUNT, REJECT_LOAN, READ_TAXCOMPONENT, READ_TxnRunningBalances(Pentaho), READ_CLIENTNOTE, DELETE_ADDRESS, CREATE_ACCOUNTINGRULE, CREATE_FUND, WAIVE_CLIENTCHARGE_CHECKER, CLOSEASRESCHEDULED_LOAN_CHECKER, READ_Funds Disbursed Between Dates Summary, REVERSETRANSACTION_SAVINGSACCOUNT, CREATE_FIXEDDEPOSITACCOUNT_CHECKER, UPDATE_ROLE_CHECKER, REFUNDBYCASH_LOAN_CHECKER, CHARGEOFF_LOAN, PROPOSEANDACCEPTTRANSFER_CLIENT, READ_Aging Summary (Arrears in Weeks)(Pentaho), ALL_FUNCTIONS_READ, CREATE_FAMILYMEMBERS, CONTRACT_TERMINATION_UNDO_LOAN, READ_STANDINGINSTRUCTION , CREATESCHEDULEEXCEPTIONS_LOAN, READ_SSBENEFICIARYTPT, CREATE_HOLIDAY_CHECKER, CREATE_DOCUMENT, DELETE_GUARANTOR, CREATE_REPORT, PREMATURECLOSE_FIXEDDEPOSITACCOUNT_CHECKER, READ_CODE, READ_ENTITY_DATATABLE_CHECK, CREATE_FIXEDDEPOSITACCOUNT, DELETE_OFFICE_CHECKER, UPDATECASHIERALLOCATION_TELLER_CHECKER, UPDATE_LOANCHARGE, READ_Client Savings Summary, CREATE_COLLATERAL_PRODUCT, READ_HOLIDAY, CLOSE_RECURRINGDEPOSITACCOUNT_CHECKER, DELETECASHIERALLOCATION_TELLER_CHECKER, SAVECOLLECTIONSHEET_GROUP, READ_SCHEDULER, DELETE_GROUPNOTE, DELETE_STAFF_CHECKER, APPROVE_RESCHEDULELOAN, CREATE_GROUP, READ_Active Loans Passed Final Maturity Summary, CREATE_LOANNOTE, CREATE_GROUP_CHECKER, UNDO_WAIVECHARGE, DELETE_GLCLOSURE, READ_Trial Balance, UPDATE_SMS_CHECKER, DELETE_DOCUMENT_CHECKER, READ_EMAIL_CAMPAIGN, REJECT_RECURRINGDEPOSITACCOUNT, DELETE_LOANPRODUCT_CHECKER, CREATE_STAFFIMAGE_CHECKER, UNDOREJECT_CLIENT, CREATE_GROUPNOTE, UPDATE_FLOATINGRATE_CHECKER, DELETE_FIXEDDEPOSITPRODUCT, UPDATE_TELLER_CHECKER, CANCEL_ASSET_OWNER_TRANSACTION, BOUNCE_REPAYMENT_WITH_POSTDATEDCHECKS, UNDOTRANSACTION_FIXEDDEPOSITACCOUNT_CHECKER, DELETE_LOANTRANSACTIONNOTE_CHECKER, READ_IMPORT, READ_CoordinatorStats, CREATE_FUND_CHECKER, WITHDRAW_CLIENT_CHECKER, CREATE_CODE, READ_Client Listing(Pentaho), UPDATE_BUSINESS_DATE, UPDATE_GUARANTOR, DEREGISTER_DATATABLE, REMOVELOANOFFICER_LOAN_CHECKER, CREATE_CODE_CHECKER, UPDATE_SAVINGSPRODUCT_CHECKER, READ_Loan Payments Due (Overdue Loans) - Email, DELETE_EMAIL_CAMPAIGN, DELETE_HOLIDAY, UPDATE_INTERESTRATECHART_CHECKER, UPDATE_GSIMACCOUNT, CREATE_EMAIL_CAMPAIGN_CHECKER, APPROVE_DIVIDEND_SHAREPRODUCT, ALLOCATECASHTOCASHIER_TELLER_CHECKER, READ_Demand_Vs_Collection, ACTIVATE_FIXEDDEPOSITACCOUNT_CHECKER, CONTRACT_TERMINATION_LOAN, READ_Loans Awaiting Disbursal(Pentaho), READ_Collection Report, REJECT_GLIMLOAN, UPDATE_HOLIDAY_CHECKER, READ_Active Loans Passed Final Maturity Summary(Pentaho), DELETE_CLIENT_CHECKER, UPDATE_SHAREPRODUCT, UPDATE_CHARGE_CHECKER, UNBLOCKCREDIT_SAVINGSACCOUNT_CHECKER, UPDATE_CONFIGURATION, DELETE_ADHOC, DELETE_ACCOUNTNUMBERFORMAT, CREATE_EXTERNAL_ASSET_OWNER_LOAN_PRODUCT_ATTRIBUTE, READ_Funds Disbursed Between Dates Summary by Office, DELETE_CALENDAR, READ_Loans in arrears - Email, READ_ACCOUNTTRANSFER, CREATE_SMSCAMPAIGN_CHECKER, READ_Loan Payments Received (Active Loans) - Email, UPDATE_LOANPRODUCT_CHECKER, CLOSEASRESCHEDULED_LOAN, ACTIVATE_SAVINGSACCOUNT_CHECKER, CREATE_PROVISIONCRITERIA, DELETE_SAVINGNOTE_CHECKER, READ_Savings Transactions, CREATE_TELLER_CHECKER, REMOVELOANOFFICER_LOAN, REJECT_RECURRINGDEPOSITACCOUNT_CHECKER, ACTIVATE_GROUP, REJECTTRANSFER_CLIENT_CHECKER, CREATE_DELINQUENCY_ACTION, UPDATE_REPAYMENT_WITH_POSTDATEDCHECKS, READ_CURRENCY, UPDATE_FLOATINGRATE, DELETE_LOANCHARGE, CREATE_CASHIER_SESSIONS, UPDATE_CURRENCY, DELETE_LOAN_CHECKER, DELETE_LOANTRANSACTIONNOTE, APPROVE_LOAN_CHECKER, CREATE_OFFICETRANSACTION, POSTINTEREST_RECURRINGDEPOSITACCOUNT, CREATE_RECURRINGDEPOSITPRODUCT, admin_visibility, DISABLE_ROLE, UPDATE_CODEVALUE_CHECKER, UPDATE_PASSWORD_PREFERENCES, DELETE_HOLIDAY_CHECKER, DELETE_SAVINGSACCOUNT, REJECT_SAVINGSACCOUNT, TRANSFERCLIENTS_GROUP, POSTINTERESTASONDATE_SAVINGSACCOUNT_CHECKER, READ_STAFF, CREATE_SMS, WAIVEINTERESTPORTION_LOAN_CHECKER, READ_Active Loan Summary per Branch, UPDATE_CHARGE, READ_DIVIDEND_SHAREPRODUCT, CLOSE_GSIMACCOUNT, UPDATE_CLIENTIDENTIFIER_CHECKER, APPROVE_DIVIDEND_SHAREPRODUCT_CHECKER, READ_Staff Assignment History, UNASSIGNSTAFF_GROUP, DELETE_DIVIDEND_SHAREPRODUCT_CHECKER, CREATE_DATATABLE_CHECKER, DISBURSE_GLIMLOAN, WITHDRAWTRANSFER_CLIENT, ADJUSTTRANSACTION_SAVINGSACCOUNT, UPDATE_TAXGROUP, READ_Client Loans Listing, READ_Loans Pending Approval, CREATE_CLIENTIMAGE_CHECKER, UPDATE_RECURRINGDEPOSITACCOUNT, UPDATE_XBRLMAPPING, MANUAL_INTEREST_REFUND_TRANSACTION_LOAN, DELETE_CODE, ALLOCATECASHIER_TELLER_CHECKER, DELETE_REPORT_CHECKER, APPROVE_SAVINGSACCOUNT, READ_Portfolio at Risk by Branch(Pentaho), UPDATE_REPORT_CHECKER, DELETE_CHARGE, CREATE_GLCLOSURE, CLOSE_SAVINGSACCOUNT, UNASSIGNGESTOR_CLIENT, DISBURSE_LOAN, READ_FIXEDDEPOSITACCOUNT, REFUNDBYCASH_LOAN, DELETE_CHARTSLAB_CHECKER, READ_Loans Outstanding after final instalment date - Email, UPDATE_CONFIGURATION_CHECKER, READ_Obligation Met Loans Summary, PERMISSIONS_ROLE, READ_SAVINGSACCOUNT, DELETE_SMSCAMPAIGN, ACCEPTTRANSFER_CLIENT, READ_RECURRINGDEPOSITACCOUNT, DELETE_RECURRINGDEPOSITPRODUCT_CHECKER, DELETE_FINANCIALACTIVITYACCOUNT, CREATE_PROVISIONJOURNALENTRIES, BUYDOWNFEEADJUSTMENT_LOAN, RELEASE_INTERTRANSFER, READ_Dormant Prospects - Email, CREATE_RATE, ALLOCATECASHTOCASHIER_TELLER, CREATE_SAVINGSACCOUNTCHARGE, READ_SAVINGSACCOUNTCHARGE, CREATE_CREDITBUREAU_LOANPRODUCT_MAPPING, UPDATE_DISBURSEMENTDETAIL, READ_GUARANTOR, RECOVERYPAYMENT_LOAN, DELETE_INTERID, CAPITALIZEDINCOME_LOAN, UPDATERUNNINGBALANCE_JOURNALENTRY, DISABLE_ROLE_CHECKER, reports_visibility, RECOVERGUARANTEES_LOAN_CHECKER, DELETE_ACCOUNTINGRULE, PAY_LOANCHARGE, UNDOREJECT_CLIENT_CHECKER, READ_EMAIL_CONFIGURATION, UNDO_REAGE_LOAN, READ_COLLECTIONSHEET, UPDATE_CLIENTCHARGE, DELETE_DELINQUENCY_BUCKET, READ_Expected Payments By Date - Basic, READ_LoanTrendsByDay, CREATE_GROUPNOTE_CHECKER, UPDATE_GROUP, READ_WORKINGDAYS, INVALIDATE_TWOFACTOR_ACCESSTOKEN, READ_TEMPLATE, READ_ADDRESS, READ_Client Listing, READ_Obligation Met Loans Details, ACTIVATE_RECURRINGDEPOSITACCOUNT_CHECKER, CREATE_COLLATERAL, READ_Expected Payments By Date - Formatted, CREATE_CLIENTNOTE_CHECKER, ACTIVATE_CENTER, CREATE_HOOK, DISBURSALUNDO_LOAN, CREATE_CREDITBUREAU_CONFIGURATION, CREATE_INTEREST_PAUSE, CREATE_INTERREQUEST, APPROVALUNDO_LOAN_CHECKER, REJECT_FIXEDDEPOSITACCOUNT, DELETE_PROVISIONCRITERIA, WAIVEINTERESTPORTION_LOAN, view_pendientes, READ_USER, CREATE_INTERTRANSFER, READ_GroupSummaryCounts, CREATE_SAVINGNOTE, DELETE_SAVINGSACCOUNTCHARGE_CHECKER, CREATE_REPORTMAILINGJOB, DEPOSIT_FIXEDDEPOSITACCOUNT_CHECKER, DELETE_GROUP_CHECKER, accounting_visibility, CREATE_JOURNALENTRY, REPORTING_SUPER_USER, READ_Client Saving Transactions, DELETE_COLLATERAL_PRODUCT, UNASSIGNROLE_GROUP, UPDATE_CLIENT_CHECKER, CALCULATEINTEREST_RECURRINGDEPOSITACCOUNT_CHECKER, update_pending_step, UPDATE_CLIENT_COLLATERAL_PRODUCT, APPROVALUNDO_GSIMACCOUNT, UPDATE_EMAIL_CHECKER, CREATE_FIXEDDEPOSITPRODUCT_CHECKER, DELETE_LOAN, UPDATE_HOOK, READ_ClientTrendsByDay, APPROVALUNDO_LOAN, INACTIVATE_SAVINGSACCOUNTCHARGE_CHECKER, UPDATE_CODEVALUE, READ_AUDIT, UPDATEWITHHOLDTAX_SAVINGSACCOUNT, READ_CLIENTIDENTIFIER, READ_Income Statement, PREMATURECLOSE_FIXEDDEPOSITACCOUNT, APPROVALUNDO_SAVINGSACCOUNT, CREATE_SAVINGSPRODUCT_CHECKER, CLOSE_CLIENT_CHECKER, CREATE_TAXGROUP_CHECKER, UPDATE_LOANNOTE, DELETESCHEDULEEXCEPTIONS_LOAN, READ_CLIENTIMAGE, POSTINTEREST_FIXEDDEPOSITACCOUNT_CHECKER, CREATE_EMAIL_CAMPAIGN, READ_Rescheduled Loans, DELETE_PRODUCTMIX, APPROVEADDITIONALSHARES_SHAREACCOUNT, UPDATE_TWOFACTOR_CONFIGURATION, DISBURSETOSAVINGS_LOAN, EXECUTEFORSAVINGS, POSTINTEREST_RECURRINGDEPOSITACCOUNT_CHECKER, UPDATE_EXTERNALSERVICES, SAVE_CREDITREPORT, CREATESCHEDULEEXCEPTIONS_LOAN_CHECKER, READ_Written-Off Loans(Pentaho), CREATE_INTERESTRATECHART_CHECKER, BUYBACK_LOAN, UPDATE_WORKINGDAYS_CHECKER, DELETE_OFFICETRANSACTION_CHECKER, READ_CACHE, DELETE_DIVIDEND_SHAREPRODUCT, UPDATEDEPOSITAMOUNT_RECURRINGDEPOSITACCOUNT_CHECKER, DISASSOCIATEGROUPS_CENTER_CHECKER, UNASSIGNSTAFF_CLIENT, UPDATE_FIXEDDEPOSITPRODUCT, UNBLOCK_SAVINGSACCOUNT, PROPOSETRANSFER_CLIENT, CREATE_CALENDAR, READ_OFFICE, READ_RATE_CHECKER, UPDATE_CURRENCY_CHECKER, DELETE_REPORT, update_pending_flow_blueprint, READ_REPORT, ACTIVATE_CLIENT, READ_LoanTrendsByMonth, BUYDOWNFEE_LOAN, UPDATE_TEMPLATE, REMOVESAVINGSOFFICER_SAVINGSACCOUNT, READTRANSACTION_CLIENT, BULKREASSIGN_LOAN, CREATE_CLIENTCHARGE_CHECKER, DELETE_STANDINGINSTRUCTION , REJECT_CLIENT, CREATE_INTERQUOTE, READ_Active Loans Passed Final Maturity(Pentaho), READ_FUND, DELETE_DATATABLE, CREATE_LOANTRANSACTIONNOTE_CHECKER, REJECTADDITIONALSHARES_SHAREACCOUNT, UNDOTRANSACTION_RECURRINGDEPOSITACCOUNT, EXECUTE_INLINE_JOB, CREATE_STANDINGINSTRUCTION , UPDATE_CLIENTNOTE, UNDOCHARGEOFF_LOAN, ASSIGNGESTOR_CLIENT, READ_INTERREQUEST, READ_Aging Detail, UPDATE_MEETING, READ_COLLATERAL, CALCULATEINTEREST_RECURRINGDEPOSITACCOUNT, READ_Loans Pending Approval(Pentaho), READ_Daily Journal Ledger Report, READ_DOCUMENT, PREMATURECLOSE_RECURRINGDEPOSITACCOUNT, READ_LOANNOTE, ASSOCIATECLIENTS_GROUP, CREATE_SHAREACCOUNT, UPDATE_DELINQUENCY_TAGS, CREATE_CHARGE_CHECKER, UPDATE_ACCOUNTINGRULE, READ_GroupSummaryAmounts, DELETE_TEMPLATE, UPDATE_DATATABLE, REGISTER_SURVEY, UPDATE_STAFF, CREATE_CODEVALUE, DELETE_STAFFIMAGE, PAY_SAVINGSACCOUNTCHARGE_CHECKER, UPDATE_LOAN_CHECKER, start_loan_comittee, UNDOWITHDRAWAL_CLIENT_CHECKER, WITHDRAWAL_FIXEDDEPOSITACCOUNT_CHECKER, READ_Loan Repayment - Email, READ_GroupSavingSummary, UPDATE_INTEREST_PAUSE, UPDATEWITHHOLDTAX_SAVINGSACCOUNT_CHECKER, READ_GLCLOSURE, UPDATE_FIXEDDEPOSITPRODUCT_CHECKER, DELETESCHEDULEEXCEPTIONS_LOAN_CHECKER, POSTINTEREST_SAVINGSACCOUNT, UPDATE_ENTITYMAPPING, UPDATE_PERMISSION, WITHDRAW_LOAN, REFUNDBYTRANSFER_ACCOUNTTRANSFER_CHECKER, CREATE_PAYMENTTYPE, WAIVE_LOANCHARGE_CHECKER, CLOSE_SMSCAMPAIGN, READ_Client Loans Listing(Pentaho), READ_General Ledger Report, CREATE_EMAIL_CHECKER, READ_Loan Fully Repaid - Email, WRITEOFF_LOAN_CHECKER, WITHDRAW_FIXEDDEPOSITACCOUNT_CHECKER, CREATE_PRODUCTMIX, DELETE_SAVINGSPRODUCT, READ_Active Loan Clients - Email, EXECUTEJOB_SCHEDULER, DELETE_CLIENTCHARGE, BLOCKDEBIT_SAVINGSACCOUNT, UPDATESAVINGSOFFICER_SAVINGSACCOUNT_CHECKER, CREATE_REPORT_CHECKER, CREATE_LOANCHARGE, CREATE_ADDRESS, CLOSE_FIXEDDEPOSITACCOUNT, SALE_LOAN, READ_LOANTRANSACTIONNOTE, ASSIGNSTAFF_GROUP, PAY_SAVINGSACCOUNTCHARGE, CREATE_ORGANISATIONCREDITBUREAU, DELETE_ROLE_CHECKER, UPDATE_CODE, WITHDRAWAL_SAVINGSACCOUNT, HOLDAMOUNT_SAVINGSACCOUNT, DEPOSIT_FIXEDDEPOSITACCOUNT, CAPITALIZEDINCOMEADJUSTMENT_LOAN, CREATE_CLIENTNOTE, READ_FIXEDDEPOSITPRODUCT, REDEEMSHARES_SHAREACCOUNT, READ_LoanCyclePerProduct, READ_STAFFIMAGE, UPDATE_SHAREACCOUNT, CREATE_MEETING, DELETE_STANDINGINSTRUCTION, UPDATE_CREDITBUREAU_CONFIGURATION, CREATE_LOANTRANSACTIONNOTE, CREATE_SAVINGSACCOUNTCHARGE_CHECKER, RECOVERGUARANTEES_LOAN, ENABLE_ROLE_CHECKER, DELETE_HOOK, ACTIVATE_SAVINGSACCOUNT, UPDATE_RECURRINGDEPOSITPRODUCT, UPDATE_USER, RELEASEAMOUNT_SAVINGSACCOUNT_CHECKER, ACTIVATE_SHAREACCOUNT, READ_Expected Payments By Date - Basic(Pentaho), READ_INTERQUOTE, CREATE_GSIMACCOUNT, CREATE_INTERID, UPDATE_SSBENEFICIARYTPT, UPDATE_SMSCAMPAIGN_CHECKER, CALCULATEINTEREST_FIXEDDEPOSITACCOUNT_CHECKER, UPDATE_ADDRESS, CREATE_ACCOUNTNUMBERFORMAT, DELETE_TELLER, UPDATE_RECURRINGDEPOSITACCOUNT_CHECKER, UPDATE_STANDINGINSTRUCTION , READ_SAVINGSPRODUCT, UPDATESAVINGSACCOUNT_CLIENT, VIEW_CASHIER_SESSIONS, ASSIGNSTAFF_CLIENT, UPDATE_DATATABLE_CHECKER, READ_SMSCAMPAIGN, UPDATE_CODE_CHECKER, UPDATE_CHARTSLAB, UPDATE_GLCLOSURE, CREATE_RECURRINGDEPOSITPRODUCT_CHECKER, WITHDRAW_RECURRINGDEPOSITACCOUNT, READ_Portfolio at Risk, CREATE_PROVISIONENTRIES, CREATE_CHARTSLAB, READ_Loan Account Schedule, UPDATE_ORGANISATIONCREDITBUREAU, CREATE_DELINQUENCY_BUCKET, DELETE_SAVINGSPRODUCT_CHECKER, ADJUST_LOAN_CHECKER, CREATE_SSBENEFICIARYTPT, DELETE_CLIENTNOTE, DELETE_ENTITYMAPPING, CREATE_SMSCAMPAIGN, SETTLECASHFROMCASHIER_TELLER_CHECKER, INTERESTPAYMENTWAIVER_LOAN, DELETE_FUND, DELETE_FUND_CHECKER, CREATE_RESCHEDULELOAN, DEFINEOPENINGBALANCE_JOURNALENTRY, ADJUSTTRANSACTION_FIXEDDEPOSITACCOUNT, DELETE_GROUPNOTE_CHECKER, DEPOSIT_RECURRINGDEPOSITACCOUNT, UNBLOCKDEBIT_SAVINGSACCOUNT, UPDATE_FUND, CREATE_SHAREPRODUCT, DELETE_MEETING, UNDODISBURSAL_GLIMLOAN, READ_Active Loans in last installment(Pentaho), READ_FieldAgentStats, APPROVE_RECURRINGDEPOSITACCOUNT_CHECKER, UPDATE_CALENDAR, DELETE_CHARGE_CHECKER, UNDOTRANSACTION_FIXEDDEPOSITACCOUNT, RECREATE_PROVISIONENTRIES, CREATE_CLIENTCHARGE, REJECT_RESCHEDULELOAN, READ_ACCOUNTINGRULE, UPDATE_WORKINGDAYS, MERCHANTISSUEDREFUND_LOAN, CLOSE_GROUP_CHECKER, UPDATE_SMSCAMPAIGN, UPDATE_SAVINGSACCOUNT, ACTIVATE_HOLIDAY_CHECKER, REMOVESAVINGSOFFICER_SAVINGSACCOUNT_CHECKER, ACTIVATE_EMAIL_CAMPAIGN, READ_Disbursal_Vs_Awaitingdisbursal, UPDATE_DOCUMENT, FORECLOSURE_LOAN, PAY_CLIENTCHARGE_CHECKER, DELETE_REPAYMENT_WITH_POSTDATEDCHECKS, UPDATE_ROLE, DEREGISTER_DATATABLE_CHECKER, READ_TxnRunningBalances, READ_RATE, UPDATE_GLACCOUNT, UPDATE_APPROVED_AMOUNT_LOAN, READ_EXTERNAL_EVENT_CONFIGURATION, CREATE_DATATABLE, CREDITBALANCEREFUND_LOAN, CREATE_CENTER_CHECKER, UPDATE_EMAIL_CAMPAIGN_CHECKER, REPAYMENT_LOAN_CHECKER, UPDATE_SCHEDULER, DELETE_CODE_CHECKER, SETTLECASHFROMCASHIER_TELLER, DELETE_COLLATERAL_CHECKER, UPDATE_STANDINGINSTRUCTION, REACTIVATE_EMAIL_CAMPAIGN, DELETE_FIXEDDEPOSITACCOUNT, READ_Funds Disbursed Between Dates Summary by Office(Pentaho), REACTIVATE_CLIENT_CHECKER, UNDOTRANSACTION_RECURRINGDEPOSITACCOUNT_CHECKER, UPDATE_SAVINGNOTE, UPDATEDELINQUENCY_LOAN, CREATE_ROLE, READ_TWOFACTOR_CONFIGURATION, WITHDRAWAL_FIXEDDEPOSITACCOUNT, UPDATE_FIXEDDEPOSITACCOUNT, CREATE_ACCOUNTTRANSFER, POSTINTEREST_SAVINGSACCOUNT_CHECKER, APPROVE_SAVINGSACCOUNT_CHECKER, CREATE_EMAIL, READ_DATATABLE, DISBURSALLASTUNDO_LOAN_CHECKER, UPDATE_CACHE, DEPOSIT_SAVINGSACCOUNT, UPDATE_TAXCOMPONENT_CHECKER, DELETE_DOCUMENT, INACTIVATE_CLIENTCHARGE_CHECKER, UPDATEDEPOSITAMOUNT_RECURRINGDEPOSITACCOUNT, CLOSE_FIXEDDEPOSITACCOUNT_CHECKER, UPDATE_CLIENTCHARGE_CHECKER, UPDATE_SMS, READ_GLACCOUNT, SAVECOLLECTIONSHEET_CENTER, UNDOAPPROVAL_SHAREACCOUNT, CREATE_CLIENT_CHECKER, UPDATE_SAVINGSACCOUNT_CHECKER, DELETE_INTERESTRATECHART, DELETE_CLIENTNOTE_CHECKER, WAIVE_SAVINGSACCOUNTCHARGE_CHECKER, CLOSE_SAVINGSACCOUNT_CHECKER, CREATE_CLIENT_COLLATERAL_PRODUCT, READ_Active Loans Passed Final Maturity, RELEASEAMOUNT_SAVINGSACCOUNT, APPLYADDITIONALSHARES_SHAREACCOUNT, READ_FLOATINGRATE, UPDATE_EXTERNAL_ASSET_OWNER_LOAN_PRODUCT_ATTRIBUTE, UPDATE_FIXEDDEPOSITACCOUNT_CHECKER, UPDATE_LOANTRANSACTIONNOTE, DELETE_PROVISIONCATEGORY, CLOSE_GROUP, DELETE_CODEVALUE, DELETE_LOANPRODUCT, DELETE_OFFICETRANSACTION, DELETE_SAVINGSACCOUNTCHARGE, UNDOTRANSACTION_SAVINGSACCOUNT_CHECKER, ACTIVATE_CLIENT_CHECKER, READ_Loans Awaiting Disbursal Summary by Month, WITHDRAW_FIXEDDEPOSITACCOUNT, READ_Loans Awaiting Disbursal Summary, UPDATE_PAYMENTTYPE, ASSIGNROLE_GROUP, READ_DELINQUENCY_TAGS, DEFINEOPENINGBALANCE_JOURNALENTRY_CHECKER, DELETE_LOAN_COLLATERAL_PRODUCT, DELETE_ADDRESS_CHECKER, UPDATE_SAVINGSACCOUNTCHARGE_CHECKER, UPDATE_TAXCOMPONENT, UPDATE_PROVISIONCRITERIA, CREATE_CLIENT, CREATE_PROVISIONCATEGORY, READ_LOAN, READ_Active Loans by Disbursal Period, DELETE_CALENDAR_CHECKER, CREATE_OFFICETRANSACTION_CHECKER, CREATE_TAXGROUP, CREATE_CLIENTIMAGE, REJECTTRANSFER_CLIENT, BYPASS_LOAN_WRITE_PROTECTION, ALL_FUNCTIONS, UPDATE_GROUPNOTE_CHECKER, UPDATE_LOANTRANSACTIONNOTE_CHECKER, UNDOAPPROVAL_GLIMLOAN, CLOSE_CENTER, REJECT_GSIMACCOUNT, READ_CONFIGURATION, DELETE_DATATABLE_CHECKER, READ_Rescheduled Loans(Pentaho), READ_Loans Awaiting Disbursal Summary(Pentaho), DEPOSIT_RECURRINGDEPOSITACCOUNT_CHECKER, READ_Active Loans - Summary(Pentaho), READ_Active Loans by Disbursal Period(Pentaho), REJECT_SHAREACCOUNT, REPAYMENT_GLIMLOAN, DELETE_LOANNOTE, READ_ChildrenStaffList, BLOCKCREDIT_SAVINGSACCOUNT, CREATE_FIXEDDEPOSITPRODUCT, DISASSOCIATECLIENTS_GROUP, CREATE_FLOATINGRATE_CHECKER, READ_INTERTRANSFER, UPDATE_EMAIL_CONFIGURATION, UPDATEOPENINGBALANCE_JOURNALENTRY_CHECKER, ACTIVATE_GSIMACCOUNT]]
[2m2026-02-17 11:22:15.716[0;39m [32m-DEBUG[0;39m [35m88555[0;39m [32m[0;39m [        default] [2m---[0;39m [2m[nio-8443-exec-4][0;39m [36mo.a.f.i.c.filters.RequestResponseFilter [0;39m [2m:[0;39m Received request: [GET], [/fineract-provider/api/v1/configurations/name/enable-business-date]
[2m2026-02-17 11:22:15.719[0;39m [32m-DEBUG[0;39m [35m88555[0;39m [32m[0;39m [        default] [2m---[0;39m [2m[nio-8443-exec-1][0;39m [36ms.f.TenantAwareBasicAuthenticationFilter[0;39m [2m:[0;39m Set SecurityContextHolder to UsernamePasswordAuthenticationToken [Principal=AppUser [username=rob.manager, getId()=9], Credentials=[PROTECTED], Authenticated=true, Details=WebAuthenticationDetails [RemoteIpAddress=0:0:0:0:0:0:0:1, SessionId=null], Granted Authorities=[PREPARE_INTERTRANSFER, DELETE_USER_CHECKER, UPDATE_STAFF, ACTIVATE_SAVINGSACCOUNT_CHECKER, UPDATE_TAXGROUP_CHECKER, READ_CURRENCY, UPDATE_APPROVED_AMOUNT_LOAN, DELETE_OFFICETRANSACTION_CHECKER, UPDATE_RECURRINGDEPOSITPRODUCT_CHECKER, see_loan_comittee, DELETE_SAVINGNOTE, READ_FINANCIALACTIVITYACCOUNT, DELETE_ENTITYMAPPING, SAVE_CREDITREPORT, READ_Happy Birthday - Email, SETFRAUD_LOAN, READ_Active Loan Clients - Email, CREATE_DATATABLE_CHECKER, UPDATE_FIXEDDEPOSITACCOUNT_CHECKER, APPROVALUNDO_SAVINGSACCOUNT, POSTINTERESTASONDATE_SAVINGSACCOUNT, PREMATURECLOSE_RECURRINGDEPOSITACCOUNT_CHECKER, DEPOSIT_SAVINGSACCOUNT_CHECKER, WAIVE_CLIENTCHARGE, DELETE_ACCOUNTNUMBERFORMAT, READ_ClientSummary , UNASSIGNGESTOR_CLIENT, REFUNDBYCASH_LOAN_CHECKER, UPDATE_EXTERNALSERVICES, REVERSETRANSACTION_SAVINGSACCOUNT, CALCULATEINTEREST_RECURRINGDEPOSITACCOUNT_CHECKER, CREATE_STAFF, PAY_CLIENTCHARGE_CHECKER, CREATE_FUND_CHECKER, UPDATE_CURRENCY, ACTIVATE_CENTER_CHECKER, UPDATE_CHARTSLAB, BUYBACK_LOAN, CREATE_FAMILYMEMBERS, SAVEORUPDATEATTENDANCE_MEETING, DELETE_STAFFIMAGE, READ_GroupNamesByStaff, DISABLE_ROLE, READ_Funds Disbursed Between Dates Summary by Office, CLOSE_SAVINGSACCOUNT, REJECT_SAVINGSACCOUNT_CHECKER, INACTIVATE_CLIENTCHARGE_CHECKER, READ_Client Loan Account Schedule, READ_BranchManagerStats, READ_Active Loans - Summary(Pentaho), CREATESCHEDULEEXCEPTIONS_LOAN, DELETE_INTERID, UPDATE_CHARGE_CHECKER, DISBURSEWITHOUTAUTODOWNPAYMENT_LOAN, CLOSE_GROUP_CHECKER, CREATE_OFFICE, REJECT_LOAN, ALLOCATECASHTOCASHIER_TELLER, READ_Aging Detail(Pentaho), DELETE_INTEREST_PAUSE, UPDATE_CONFIGURATION, READ_SAVINGNOTE, ALL_FUNCTIONS_READ, UNDOCHARGEOFF_LOAN, WAIVEINTERESTPORTION_LOAN_CHECKER, UPDATE_OFFICE_CHECKER, READ_Loan Payments Due (Overdue Loans) - Email, ADJUST_LOAN, UNDOTRANSACTION_SAVINGSACCOUNT, CLOSE_RECURRINGDEPOSITACCOUNT_CHECKER, UPDATE_CODE_CHECKER, REMOVELOANOFFICER_LOAN_CHECKER, CREATE_ACCOUNTNUMBERFORMAT, ENABLE_ROLE_CHECKER, UPDATE_GUARANTOR, PROPOSEANDACCEPTTRANSFER_CLIENT, CREATE_LOAN_CHECKER, DELETE_CALENDAR_CHECKER, READ_Expected Payments By Date - Basic(Pentaho), DELETE_CHARGE_CHECKER, CREATE_COLLATERAL_PRODUCT, CREATE_FLOATINGRATE_CHECKER, CREATE_SAVINGNOTE_CHECKER, CREATE_CLIENT_COLLATERAL_PRODUCT, CREDITBALANCEREFUND_LOAN, CREATE_CENTER, UPDATEDEPOSITAMOUNT_RECURRINGDEPOSITACCOUNT, UNDOTRANSACTION_RECURRINGDEPOSITACCOUNT, admin_visibility, APPROVEADDITIONALSHARES_SHAREACCOUNT, HOLDAMOUNT_SAVINGSACCOUNT, EXECUTEFORSAVINGS, TRANSFERCLIENTS_GROUP_CHECKER, APPROVALUNDO_FIXEDDEPOSITACCOUNT_CHECKER, READ_BUSINESS_DATE, UPDATE_PAYMENTTYPE, READ_INTERQUOTE, ADJUSTTRANSACTION_SAVINGSACCOUNT, CREATE_CLIENT_CHECKER, UPDATE_DISBURSEMENTDETAIL, CREATE_ACCOUNTINGRULE, CREATE_OFFICE_CHECKER, DELETE_SAVINGSPRODUCT_CHECKER, CREATE_SMS_CHECKER, UNASSIGNSTAFF_GROUP, DELETE_SAVINGSACCOUNTCHARGE, READ_LOAN, REPAYMENT_LOAN, READ_Rescheduled Loans, READ_TAXGROUP, CHARGEBACK_LOAN, UNBLOCKDEBIT_SAVINGSACCOUNT_CHECKER, CREATE_CHARTSLAB_CHECKER, CREATE_FUND, CREATE_ADHOC_CHECKER, ASSOCIATEGROUPS_CENTER_CHECKER, CREATE_CALENDAR_CHECKER, UPDATE_COLLATERAL_CHECKER, REFUNDBYTRANSFER_ACCOUNTTRANSFER_CHECKER, UPDATE_DELINQUENCY_RANGE, CREATE_CODE, READ_ProgramDetails, UPDATE_FLOATINGRATE, UPDATE_PRODUCTMIX, DELETE_DELINQUENCY_RANGE, UPDATE_WORKINGDAYS_CHECKER, CALCULATEINTEREST_SAVINGSACCOUNT, reports_visibility, READ_CODEVALUE, UPDATE_SCHEDULER, CREATE_LOANNOTE, CLOSE_EMAIL_CAMPAIGN, UPDATERUNNINGBALANCE_JOURNALENTRY, CREATE_RECURRINGDEPOSITACCOUNT_CHECKER, ACTIVATE_GROUP_CHECKER, ACTIVATE_RECURRINGDEPOSITACCOUNT, READ_GroupSummaryCounts, DELETE_SAVINGSPRODUCT, ACTIVATE_HOLIDAY, UPDATE_PERMISSION, UPDATE_SSBENEFICIARYTPT, READ_LOANTRANSACTIONNOTE, CREATE_STAFF_CHECKER, READ_Loans Awaiting Disbursal Summary(Pentaho), DELETE_DATATABLE_CHECKER, UPDATE_STAFF_CHECKER, WITHDRAWAL_RECURRINGDEPOSITACCOUNT, READ_Portfolio at Risk by Branch, REAGE_LOAN, READ_OFFICETRANSACTION, CREATE_DELINQUENCY_ACTION, READ_REPORT, DELETE_OFFICETRANSACTION, CREATE_CLIENT, UPDATE_LOANPRODUCT, READ_PRODUCTMIX, DEREGISTER_DATATABLE, UPDATE_OFFICE, CHARGEREFUND_LOAN, DEFINEOPENINGBALANCE_JOURNALENTRY, UPDATE_SAVINGSACCOUNT, READ_Client Loans Listing, UNDOTRANSACTION_CLIENT, READ_Funds Disbursed Between Dates Summary, READ_General Ledger Report, CREATE_DOCUMENT, UPDATE_ADDRESS, UPDATE_CREDITBUREAU_LOANPRODUCT_MAPPING, DELETE_CLIENTIDENTIFIER_CHECKER, REJECT_LOAN_CHECKER, SETTLECASHFROMCASHIER_TELLER_CHECKER, ASSOCIATEGROUPS_CENTER, CREATE_DATATABLE, DEPOSIT_FIXEDDEPOSITACCOUNT, DELETE_CLIENTIMAGE, READ_SAVINGSACCOUNTCHARGE, UPDATE_LOANCHARGE, READ_Disbursal Report, REFUNDBYCASH_LOAN, DEPOSIT_RECURRINGDEPOSITACCOUNT_CHECKER, CREATE_RATE_CHECKER, WITHDRAW_CLIENT_CHECKER, DELETE_CODE, CALCULATEINTEREST_FIXEDDEPOSITACCOUNT, CREATE_MEETING, DELETE_SMS_CHECKER, CREATE_HOOK, READ_ClientTrendsByWeek, CREATE_GLACCOUNT, CREATE_OFFICETRANSACTION_CHECKER, CREATE_FIXEDDEPOSITACCOUNT, DELETE_RECURRINGDEPOSITPRODUCT_CHECKER, UPDATE_EMAIL_CONFIGURATION, READ_Loan Approved - Email, READ_HOOK, BUYDOWNFEE_LOAN, CLOSE_GSIMACCOUNT, UPDATE_CURRENCY_CHECKER, RELEASEAMOUNT_SAVINGSACCOUNT, CREATE_PROVISIONENTRIES, REJECT_SAVINGSACCOUNT, UPDATE_CLIENT_CHECKER, ENABLE_ROLE, UPDATEDELINQUENCY_LOAN, CHANGEPWD_USER, READ_Loan Account Schedule, UNASSIGNSTAFF_GROUP_CHECKER, POSTINTEREST_SAVINGSACCOUNT_CHECKER, DELETECASHIERALLOCATION_TELLER_CHECKER, RECREATE_PROVISIONENTRIES, DISBURSALLASTUNDO_LOAN_CHECKER, CREATE_TAXCOMPONENT, CLOSE_CENTER, CLOSE_SHAREACCOUNT, DELETE_HOLIDAY_CHECKER, CREATE_CLIENTIDENTIFIER_CHECKER, PAY_SAVINGSACCOUNTCHARGE_CHECKER, ACTIVATE_RECURRINGDEPOSITACCOUNT_CHECKER, READ_GROUP, READ_IMPORT, DELETE_RECURRINGDEPOSITPRODUCT, READ_CoordinatorStats, UPDATE_CLIENTIDENTIFIER_CHECKER, UNBLOCK_SAVINGSACCOUNT_CHECKER, READ_Income Statement, centers_visibility, DELETE_REPORT_CHECKER, CREATE_LOANTRANSACTIONNOTE, READ_Active Group Leaders - Email, WAIVE_SAVINGSACCOUNTCHARGE, READ_Aging Summary (Arrears in Weeks), ACTIVATE_CENTER, EXECUTE_PERIODICACCRUALACCOUNTING, WITHDRAW_RECURRINGDEPOSITACCOUNT_CHECKER, READ_Loan Repayment - Email, BULKREASSIGN_LOAN, CREATE_PROVISIONCATEGORY, WITHDRAW_SAVINGSACCOUNT, UNBLOCKCREDIT_SAVINGSACCOUNT, CREATE_SAVINGSACCOUNT_CHECKER, PROPOSETRANSFER_CLIENT_CHECKER, RECOVERGUARANTEES_LOAN, DELETE_LOAN_CHECKER, CREATE_CHARGE_CHECKER, DELETE_PAYMENTTYPE, ALL_FUNCTIONS, READ_Loans Awaiting Disbursal Summary by Month(Pentaho), PREMATURECLOSE_FIXEDDEPOSITACCOUNT_CHECKER, UPDATE_INTEREST_PAUSE, UPDATEOPENINGBALANCE_JOURNALENTRY_CHECKER, DELETE_PROVISIONCRITERIA, ASSIGNROLE_GROUP, READ_SCHEDULER, UPDATE_SAVINGSACCOUNT_CHECKER, DELETE_GROUPNOTE, READ_Branch Expected Cash Flow, UPDATE_TAXCOMPONENT, READ_GUARANTOR, UPDATE_RECURRINGDEPOSITPRODUCT, ACTIVATE_CLIENT, BLOCKDEBIT_SAVINGSACCOUNT, UPDATE_XBRLMAPPING, UPDATE_FIXEDDEPOSITACCOUNT, view_pendientes, DELETESCHEDULEEXCEPTIONS_LOAN_CHECKER, READ_Portfolio at Risk by Branch(Pentaho), DELETE_LOAN, REJECT_FIXEDDEPOSITACCOUNT_CHECKER, READ_CLIENTCHARGE, CLOSE_CENTER_CHECKER, READ_FAMILYMEMBERS, DELETE_STAFF_CHECKER, CREATE_ADDRESS, UPDATE_GUARANTOR_CHECKER, UNDOWITHDRAWAL_CLIENT_CHECKER, UPDATE_CLIENTNOTE, READ_CODE, READ_JOURNALENTRY, DELETE_LOANPRODUCT_CHECKER, READ_FieldAgentStats, CREATE_CENTER_CHECKER, CREATE_EXTERNAL_ASSET_OWNER_LOAN_PRODUCT_ATTRIBUTE, DELETE_FAMILYMEMBERS, REMOVESAVINGSOFFICER_SAVINGSACCOUNT_CHECKER, DELETE_RECURRINGDEPOSITACCOUNT_CHECKER, PREMATURECLOSE_FIXEDDEPOSITACCOUNT, ACTIVATE_SHAREACCOUNT, DELETE_DOCUMENT, UNBLOCKCREDIT_SAVINGSACCOUNT_CHECKER, DELETE_HOOK, UPDATE_SMS_CHECKER, READ_STAFF, READ_Obligation Met Loans Summary(Pentaho), READ_Staff Assignment History, UNBLOCKDEBIT_SAVINGSACCOUNT, READ_Loan payments due - Email, READ_ENTITY_DATATABLE_CHECK, CREATE_INTERREQUEST, UNDOTRANSACTION_SAVINGSACCOUNT_CHECKER, READ_Client Saving Transactions, UPDATE_SHAREPRODUCT, READ_CLIENT, READ_STANDINGINSTRUCTION , CREATE_EMAIL_CHECKER, DELETE_CENTER_CHECKER, DELETE_CENTER, CLOSE_LOAN_CHECKER, READ_CLIENTIDENTIFIER, UPDATE_SAVINGSACCOUNTCHARGE, CREATE_ENTITYMAPPING, DELETE_GROUP_CHECKER, DELETE_LOANNOTE, UPDATE_CALENDAR, UPDATE_USER, UPDATE_REPORT, REJECT_CLIENT, CREATE_RECURRINGDEPOSITPRODUCT, WITHDRAW_CLIENT, ACTIVATE_SMSCAMPAIGN, BLOCKCREDIT_SAVINGSACCOUNT_CHECKER, REJECT_RECURRINGDEPOSITACCOUNT, READ_RECURRINGDEPOSITPRODUCT, CREATESCHEDULEEXCEPTIONS_LOAN_CHECKER, ASSIGNSTAFF_CLIENT, DELETE_CLIENT_CHECKER, READ_RECURRINGDEPOSITACCOUNT, READ_LOANNOTE, CREATE_SMSCAMPAIGN, DELETE_CLIENTIDENTIFIER, DELETE_ACCOUNTINGRULE, CREATE_USER, CREATE_INTEREST_PAUSE, DELETE_FIXEDDEPOSITPRODUCT_CHECKER, UPDATE_LOANCHARGE_CHECKER, UPDATECASHIERALLOCATION_TELLER, WAIVEINTERESTPORTION_LOAN, READ_CLIENTNOTE, READ_INTERID, DEREGISTER_DATATABLE_CHECKER, DELETE_GROUPNOTE_CHECKER, UPDATE_COLLATERAL, READ_CENTER, UPDATE_TELLER_CHECKER, READ_ChildrenStaffList, UNDODISBURSAL_GLIMLOAN, READ_ACCOUNTTRANSFER, CREATE_SHAREACCOUNT, CREATE_DIVIDEND_SHAREPRODUCT_CHECKER, CLOSEASRESCHEDULED_LOAN, READ_Obligation Met Loans Details, READ_TAXCOMPONENT, CALCULATEINTEREST_FIXEDDEPOSITACCOUNT_CHECKER, UPDATE_FUND, UPDATE_HOLIDAY, UPDATE_RECURRINGDEPOSITACCOUNT, WITHDRAWTRANSFER_CLIENT, CREATE_CLIENTNOTE, DELETE_SAVINGNOTE_CHECKER, CREATE_COLLATERAL, DELETE_TELLER, DELETE_CODE_CHECKER, UPDATE_FINANCIALACTIVITYACCOUNT, READ_Written-Off Loans(Pentaho), POSTINTEREST_FIXEDDEPOSITACCOUNT, CREATE_TELLER_CHECKER, READ_Aging Detail, UPDATE_PERMISSION_CHECKER, UPDATESAVINGSOFFICER_SAVINGSACCOUNT, READ_ClientTrendsByMonth, UPDATE_GSIMACCOUNT, REACTIVATE_EMAIL_CAMPAIGN, DELETE_ADDRESS_CHECKER, DISASSOCIATEGROUPS_CENTER, READ_Aging Summary (Arrears in Weeks)(Pentaho), GET_CREDITREPORT, DELETE_DOCUMENT_CHECKER, UPDATE_CHARGE, READ_Active Loans Passed Final Maturity Summary, UPDATE_STANDINGINSTRUCTION , FORECLOSURE_LOAN, READ_CALENDAR, POSTINTEREST_FIXEDDEPOSITACCOUNT_CHECKER, APPROVE_DIVIDEND_SHAREPRODUCT_CHECKER, CREATE_ROLE_CHECKER, CLOSE_CLIENT_CHECKER, READ_TxnRunningBalances(Pentaho), CAPITALIZEDINCOMEADJUSTMENT_LOAN, BLOCKCREDIT_SAVINGSACCOUNT, UPDATE_BATCH_BUSINESS_STEP, DELETE_REPORT, REGISTER_DATATABLE_CHECKER, CREATE_SAVINGSPRODUCT, READ_COLLECTIONSHEET, READ_Obligation Met Loans Summary, UPDATE_SAVINGNOTE_CHECKER, CREATE_GROUPNOTE, UPDATE_LOANPRODUCT_CHECKER, READ_INTERTRANSFER, APPROVE_SAVINGSACCOUNT, DELETE_DIVIDEND_SHAREPRODUCT_CHECKER, CREATE_GUARANTOR_CHECKER, READ_LoanTrendsByMonth, DELETE_GUARANTOR, READ_ADDRESS, POSTINTEREST_SAVINGSACCOUNT, BLOCKDEBIT_SAVINGSACCOUNT_CHECKER, CREATE_ORGANISATIONCREDITBUREAU, DELETE_USER, HOLDAMOUNT_SAVINGSACCOUNT_CHECKER, READ_FieldAgentPrograms, update_pending_flow_blueprint, READ_OFFICE, READ_Aging Summary (Arrears in Months), READ_LoanTrendsByDay, CREATE_DOCUMENT_CHECKER, UPDATE_CENTER, WAIVE_SAVINGSACCOUNTCHARGE_CHECKER, create_loan_comittee, READ_AUDIT, APPLYADDITIONALSHARES_SHAREACCOUNT, CLOSE_RECURRINGDEPOSITACCOUNT, READ_RESCHEDULELOAN, ALLOCATECASHIER_TELLER, REPAYMENT_GLIMLOAN, CLOSE_CLIENT, DELETE_CALENDAR, REACTIVATE_CLIENT_CHECKER, REGISTER_DATATABLE, DELETE_LOANCHARGE, CREATE_TEMPLATE, DELETE_EMAIL_CAMPAIGN, READ_DELINQUENCY_TAGS, DELETE_TELLER_CHECKER, CREATE_SSBENEFICIARYTPT, CREATE_LOANTRANSACTIONNOTE_CHECKER, READ_Prospective Clients - Email, DELETE_DELINQUENCY_BUCKET, CREATE_INTERID, READ_Loans Outstanding after final instalment date - Email, READ_Balance Sheet, UPDATE_MEETING, SAVECOLLECTIONSHEET_CENTER, DELETE_FIXEDDEPOSITACCOUNT, DELETE_CHARTSLAB_CHECKER, DELETE_CHARTSLAB, DELETE_OFFICE_CHECKER, READ_TEMPLATE, RELEASEAMOUNT_SAVINGSACCOUNT_CHECKER, UPDATE_ROLE, UPDATELOANOFFICER_LOAN, READ_Savings Transactions, POSTINTEREST_RECURRINGDEPOSITACCOUNT, DELETE_REPAYMENT_WITH_POSTDATEDCHECKS, ACCEPTTRANSFER_CLIENT_CHECKER, ACTIVATE_GROUP, READ_Balance Outstanding, UNDOREJECT_CLIENT_CHECKER, REACTIVATE_CLIENT, ADJUSTTRANSACTION_RECURRINGDEPOSITACCOUNT, DELETE_SAVINGSACCOUNT, REPORTING_SUPER_USER, EXECUTEJOB_SCHEDULER, CREATE_GSIMACCOUNT, CREATE_EMAIL, DELETE_EMAIL, UPDATE_GROUP, READ_WORKINGDAYS, UPDATE_CODEVALUE, DELETE_PRODUCTMIX, CREATE_CLIENTCHARGE_CHECKER, READ_RATE, DELETE_STANDINGINSTRUCTION, CREATE_CODE_CHECKER, APPROVALUNDO_GSIMACCOUNT, UPDATE_PROVISIONCRITERIA, READ_Active Loans in last installment(Pentaho), UPDATE_REPAYMENT_WITH_POSTDATEDCHECKS, REFUNDBYTRANSFER_ACCOUNTTRANSFER, CREATE_INTERTRANSFER, DELETE_SMSCAMPAIGN, GOODWILLCREDIT_LOAN, CREATE_ADHOC, DELETE_CREDITREPORT, CREATE_SAVINGSACCOUNTCHARGE, READ_Active Loans by Disbursal Period, UPDATE_STANDINGINSTRUCTION, INTERMEDIARYSALE_LOAN, DELETE_DATATABLE, ADJUSTTRANSACTION_FIXEDDEPOSITACCOUNT, UNDO_REAMORTIZE_LOAN, REACTIVATE_SMSCAMPAIGN, DELETE_ADHOC_CHECKER, BOUNCE_REPAYMENT_WITH_POSTDATEDCHECKS, READ_FLOATINGRATE, UNDOTRANSACTION_RECURRINGDEPOSITACCOUNT_CHECKER, POSTINTERESTASONDATE_SAVINGSACCOUNT_CHECKER, LINK_ACCOUNT_TO_POCKET, READ_Active Loans - Details, UPDATE_FLOATINGRATE_CHECKER, DEPOSIT_SAVINGSACCOUNT, UPDATESAVINGSACCOUNT_CLIENT, CANCEL_ASSET_OWNER_TRANSACTION, VIEW_CASHIER_SESSIONS, DELETE_GUARANTOR_CHECKER, CLOSE_FIXEDDEPOSITACCOUNT_CHECKER, UPDATEDEPOSITAMOUNT_RECURRINGDEPOSITACCOUNT_CHECKER, ALLOCATECASHIER_TELLER_CHECKER, INACTIVATE_SAVINGSACCOUNTCHARGE_CHECKER, CREATE_LOANCHARGE, CREATE_JOURNALENTRY_CHECKER, UPDATE_PROVISIONCATEGORY, DELETE_SMSCAMPAIGN_CHECKER, APPROVALUNDO_FIXEDDEPOSITACCOUNT, UNDOREJECT_CLIENT, UNDO_REAGE_LOAN, CHARGEOFF_LOAN, DELETE_CLIENT_COLLATERAL_PRODUCT, UPDATE_EMAIL, CREATE_ROLE, DELETE_LOANTRANSACTIONNOTE, WITHDRAWAL_SAVINGSACCOUNT_CHECKER, DELETE_SAVINGSACCOUNT_CHECKER, READ_Loans Pending Approval(Pentaho), UPDATE_RECURRINGDEPOSITACCOUNT_CHECKER, CREATE_STAFFIMAGE_CHECKER, UPDATE_REPORTMAILINGJOB, DEFINEOPENINGBALANCE_JOURNALENTRY_CHECKER, DELETE_MEETING, DELETE_STAFFIMAGE_CHECKER, READ_ClientTrendsByDay, ACTIVATE_EMAIL_CAMPAIGN, UPDATE_LOANNOTE, UPDATE_ACCOUNTNUMBERFORMAT, DEACTIVATEOVERDUE_LOANCHARGE, DELETE_CODEVALUE, UNDOWRITEOFF_LOAN, WITHDRAW_RECURRINGDEPOSITACCOUNT, CREATE_GROUP, UPDATE_SAVINGNOTE, APPROVE_FIXEDDEPOSITACCOUNT, CONTRACT_TERMINATION_LOAN, DELETE_RECURRINGDEPOSITACCOUNT, UPDATE_GROUP_CHECKER, CREATE_STANDINGINSTRUCTION , CREATE_EMAIL_CAMPAIGN_CHECKER, READ_INTERREQUEST, REJECT_GLIMLOAN, DELETE_LOAN_COLLATERAL_PRODUCT, DELETE_LOANTRANSACTIONNOTE_CHECKER, DELETE_COLLATERAL, ACTIVATE_GSIMACCOUNT, UPDATE_SHAREACCOUNT, READ_Disbursal_Vs_Awaitingdisbursal, DISABLE_ROLE_CHECKER, READ_Active Loans Passed Final Maturity(Pentaho), READ_TxnRunningBalances, UNDOWITHDRAWAL_CLIENT, UPDATE_BUSINESS_DATE, APPROVE_RECURRINGDEPOSITACCOUNT_CHECKER, APPROVE_GSIMACCOUNT, UPDATE_CLIENTIDENTIFIER, UPDATE_TAXGROUP, UPDATE_TAXCOMPONENT_CHECKER, READ_DATATABLE, READ_CLIENTIMAGE, SAVE_COLLECTIONSHEET, CREATE_TELLER, SETTLECASHFROMCASHIER_TELLER, DELETE_EMAIL_CHECKER, UPDATE_CONFIGURATION_CHECKER, POSTINTEREST_RECURRINGDEPOSITACCOUNT_CHECKER, update_pending_step, WITHDRAW_LOAN, DELETE_CLIENTNOTE, UPDATE_CACHE, DELETE_FIXEDDEPOSITPRODUCT, CREATE_CLIENTCHARGE, READ_Funds Disbursed Between Dates Summary by Office(Pentaho), ADJUSTMENT_LOANCHARGE, DELETE_REPORTMAILINGJOB, READ_Active Loans in last installment Summary, APPLYANNUALFEE_SAVINGSACCOUNT, RELEASE_INTERTRANSFER, CHECKER_SUPER_USER, CONTRACT_TERMINATION_UNDO_LOAN, READ_REPORTMAILINGJOB, READ_DELINQUENCY_BUCKET, REAMORTIZE_LOAN, REJECT_GSIMACCOUNT, PERMISSIONS_ROLE, UPDATE_SMSCAMPAIGN_CHECKER, DELETE_ADDRESS, UPDATE_DOCUMENT, READ_Active Loans in last installment, CREATE_GLCLOSURE, READ_ProgramDirectorStats, DELETE_SMS, APPROVE_LOAN, APPROVE_GLIMLOAN, TRANSFERCLIENTS_GROUP, UPDATE_LIKELIHOOD, CREATE_DELINQUENCY_RANGE, APPROVALUNDO_RECURRINGDEPOSITACCOUNT, READ_Funds Disbursed Between Dates Summary(Pentaho), READ_Loans Awaiting Disbursal Summary by Month, DELETE_DIVIDEND_SHAREPRODUCT, RECOVERYPAYMENT_LOAN, CREATE_FLOATINGRATE, APPROVE_SHAREACCOUNT, READ_Loans Awaiting Disbursal(Pentaho), CREATE_STANDINGINSTRUCTION, SALE_LOAN, DELETE_FUND, UPDATE_SAVINGSACCOUNTCHARGE_CHECKER, REJECT_SHAREACCOUNT, WAIVE_CLIENTCHARGE_CHECKER, ACCEPTTRANSFER_CLIENT, UNDOTRANSACTION_CLIENT_CHECKER, UPDATE_CODE, UPDATE_HOLIDAY_CHECKER, UPDATEOPENINGBALANCE_JOURNALENTRY, CREATE_LOANNOTE_CHECKER, CLOSE_SMSCAMPAIGN, DELETE_ENTITY_DATATABLE_CHECK, APPROVE_LOAN_CHECKER, UPDATEROLE_GROUP, REDEEMSHARES_SHAREACCOUNT, DELETE_CLIENTNOTE_CHECKER, CREATE_LOANPRODUCT_CHECKER, APPROVE_FIXEDDEPOSITACCOUNT_CHECKER, CREATE_ACCOUNTTRANSFER, CREATE_SAVINGSACCOUNT, DELETE_ROLE, CREATE_CREDITBUREAU_CONFIGURATION, PROPOSEANDACCEPTTRANSFER_CLIENT_CHECKER, INACTIVATE_CLIENTCHARGE, UPDATE_COLLATERAL_PRODUCT, READ_EMAIL_CAMPAIGN, CREATE_GROUP_CHECKER, PROPOSETRANSFER_CLIENT, CREATE_FIXEDDEPOSITPRODUCT, ASSIGNGESTOR_CLIENT, CALCULATEINTEREST_SAVINGSACCOUNT_CHECKER, UPDATE_TEMPLATE, CREATE_CALENDAR, ASSIGNSTAFF_GROUP, READ_PERMISSION, BLOCK_SAVINGSACCOUNT_CHECKER, APPROVALUNDO_LOAN_CHECKER, UPDATE_DATATABLE, UPDATE_DELINQUENCY_TAGS, DELETE_CLIENTCHARGE, READ_EMAIL_CONFIGURATION, UPDATE_CODEVALUE_CHECKER, CREATE_REPORTMAILINGJOB, UPDATE_CLIENTNOTE_CHECKER, WAIVE_LOANCHARGE, ACTIVATE_HOLIDAY_CHECKER, DELETE_ROLE_CHECKER, UPDATE_CLIENTCHARGE, UPDATE_RATE, READ_Active Loans in last installment Summary(Pentaho), ALLOCATECASHTOCASHIER_TELLER_CHECKER, INACTIVATE_SAVINGSACCOUNTCHARGE, BUYDOWNFEEADJUSTMENT_LOAN, BULKREASSIGN_LOAN_CHECKER, READ_Portfolio at Risk(Pentaho), UNASSIGNROLE_GROUP, BYPASS_LOAN_WRITE_PROTECTION, UPDATE_PASSWORD_PREFERENCES, DELETE_STANDINGINSTRUCTION , CREATE_LOAN, READ_ROLE, ACTIVATE_SAVINGSACCOUNT, CALCULATEINTEREST_RECURRINGDEPOSITACCOUNT, UPDATE_EMAIL_CAMPAIGN, CREATE_PROVISIONJOURNALENTRIES, DELETE_EMAIL_CAMPAIGN_CHECKER, CREATE_CLIENTIMAGE_CHECKER, READ_USER, READ_Trial Balance, DELETECASHIERALLOCATION_TELLER, APPLYANNUALFEE_SAVINGSACCOUNT_CHECKER, READ_Obligation Met Loans Details(Pentaho), READ_GROUPNOTE, READ_Loans in arrears - Email, DISBURSALUNDO_LOAN_CHECKER, CREATE_STAFFIMAGE, UPDATE_INTERESTRATECHART_CHECKER, UPDATE_WORKINGDAYS, READ_TWOFACTOR_CONFIGURATION, REJECTTRANSFER_CLIENT, DISASSOCIATEGROUPS_CENTER_CHECKER, READ_Client Savings Summary, CREATE_CLIENTNOTE_CHECKER, UPDATEWITHHOLDTAX_SAVINGSACCOUNT_CHECKER, DELETE_SAVINGSACCOUNTCHARGE_CHECKER, UPDATE_SMSCAMPAIGN, APPROVE_DIVIDEND_SHAREPRODUCT, CREATE_SMS, DISBURSETOSAVINGS_LOAN, MERCHANTISSUEDREFUND_LOAN, CREATE_CODEVALUE_CHECKER, UPDATE_TWOFACTOR_CONFIGURATION, UPDATE_DELINQUENCY_BUCKET, READ_FIXEDDEPOSITPRODUCT, READ_GroupSummaryAmounts, INVALIDATE_TWOFACTOR_ACCESSTOKEN, DELETE_COLLATERAL_PRODUCT, READ_DIVIDEND_SHAREPRODUCT, READ_DOCUMENT, UPDATEWITHHOLDTAX_SAVINGSACCOUNT, WITHDRAW_FIXEDDEPOSITACCOUNT_CHECKER, READ_Written-Off Loans, READ_Active Clients - Email, UPDATE_CENTER_CHECKER, MANUAL_INTEREST_REFUND_TRANSACTION_LOAN, DISBURSE_LOAN_CHECKER, READ_Loans Awaiting Disbursal Summary, DELINK_ACCOUNT_FROM_POCKET, DISBURSALUNDO_LOAN, CREATE_COLLATERAL_CHECKER, CREATE_HOLIDAY_CHECKER, READ_Expected Payments By Date - Basic, UPDATE_FIXEDDEPOSITPRODUCT_CHECKER, UPDATE_CLIENTCHARGE_CHECKER, WITHDRAW_FIXEDDEPOSITACCOUNT, UPDATESAVINGSOFFICER_SAVINGSACCOUNT_CHECKER, READ_LoanCyclePerProduct, WITHDRAWTRANSFER_CLIENT_CHECKER, start_pending_flow, CREATE_LOANPRODUCT, UPDATE_ENTITYMAPPING, READ_Loan Rejected - Email, REJECTTRANSFER_CLIENT_CHECKER, UPDATE_GROUPNOTE, DISASSOCIATECLIENTS_GROUP, UPDATELOANOFFICER_LOAN_CHECKER, DELETE_ADHOC, DELETE_HOLIDAY, UPDATE_GLACCOUNT, complete_pending_step, DELETE_FIXEDDEPOSITACCOUNT_CHECKER, CREATE_CASHIER_SESSIONS, READ_MEETING, READ_Expected Payments By Date - Formatted, CREATE_FIXEDDEPOSITACCOUNT_CHECKER, READ_ACCOUNTNUMBERFORMAT, REVERSETRANSACTION_SAVINGSACCOUNT_CHECKER, WRITEOFF_LOAN, READ_Loans Pending Approval, READ_CACHE, UPDATE_EMAIL_CAMPAIGN_CHECKER, READ_Loan Payments Received (Overdue Loans) - Email, UPDATE_RATE_CHECKER, CLOSE_SAVINGSACCOUNT_CHECKER, CREATE_ADDRESS_CHECKER, UPDATE_SAVINGSPRODUCT, CLOSE_FIXEDDEPOSITACCOUNT, CREATE_PRODUCTMIX, UPDATE_FAMILYMEMBERS, CREATE_DELINQUENCY_BUCKET, UPDATE_LOANTRANSACTIONNOTE_CHECKER, UPDATE_CLIENT_COLLATERAL_PRODUCT, UPDATE_ADHOC_CHECKER, CREATE_SAVINGNOTE, DEPOSIT_GSIMACCOUNT, UNDOAPPROVAL_SHAREACCOUNT, CREATE_INTERQUOTE, UPDATE_SMS, APPROVALUNDO_LOAN, CREATE_REPORT_CHECKER, CREATE_OFFICETRANSACTION, create_pending_flow_blueprint, UPDATE_LOANNOTE_CHECKER, WITHDRAWAL_FIXEDDEPOSITACCOUNT_CHECKER, CREATE_CHARGE, DELETE_COLLATERAL_CHECKER, CREATE_EMAIL_CAMPAIGN, DELETE_FINANCIALACTIVITYACCOUNT, UPDATE_COLLECTIONSHEET, UPDATE_INTERESTRATECHART, FORECLOSURE_LOAN_CHECKER, INTERESTPAYMENTWAIVER_LOAN, REVERSE_JOURNALENTRY, REJECT_CLIENT_CHECKER, CREATE_JOURNALENTRY, CREATE_RECURRINGDEPOSITPRODUCT_CHECKER, UPDATE_CLIENT, DELETE_INTERESTRATECHART, DELETE_TEMPLATE, CREATE_PROVISIONCRITERIA, READ_Active Loans by Disbursal Period(Pentaho), UPDATECASHIERALLOCATION_TELLER_CHECKER, BLOCK_SAVINGSACCOUNT, UPDATE_FIXEDDEPOSITPRODUCT, WRITEOFF_LOAN_CHECKER, CREATE_TAXGROUP_CHECKER, CREATE_FINANCIALACTIVITYACCOUNT, READ_Aging Summary (Arrears in Months)(Pentaho), READ_RATE_CHECKER, PREMATURECLOSE_RECURRINGDEPOSITACCOUNT, UPDATE_CALENDAR_CHECKER, DELETE_CHARGE, APPROVE_RESCHEDULELOAN, READ_Rescheduled Loans(Pentaho), APPROVE_SAVINGSACCOUNT_CHECKER, READ_SSBENEFICIARYTPT, DELETE_INTERESTRATECHART_CHECKER, WITHDRAWAL_RECURRINGDEPOSITACCOUNT_CHECKER, accounting_visibility, DISBURSE_GLIMLOAN, CAPITALIZEDINCOME_LOAN, READTRANSACTION_CLIENT, CREATE_USER_CHECKER, UNDOTRANSACTION_FIXEDDEPOSITACCOUNT, READ_PAYMENTTYPE, ACTIVATE_FIXEDDEPOSITACCOUNT, EXECUTE_INLINE_JOB, CLOSEASRESCHEDULED_LOAN_CHECKER, RECOVERGUARANTEES_LOAN_CHECKER, REJECT_RESCHEDULELOAN, CREATE_SAVINGSPRODUCT_CHECKER, REMOVESAVINGSOFFICER_SAVINGSACCOUNT, READ_SMSCAMPAIGN, CREATE_GROUPNOTE_CHECKER, READ_Daily Journal Ledger Report, REJECT_FIXEDDEPOSITACCOUNT, CLOSE_LOAN, UPDATE_DOCUMENT_CHECKER, UPDATE_LOAN, READ_CONFIGURATION, READ_STAFFIMAGE, CREATE_ACCOUNTTRANSFER_CHECKER, UNDOAPPROVAL_GLIMLOAN, READ_Active Loans Passed Final Maturity, REMOVELOANOFFICER_LOAN, UPDATE_ACCOUNTINGRULE, CREATE_LOANCHARGE_CHECKER, CREATE_RECURRINGDEPOSITACCOUNT, DELETE_CLIENTCHARGE_CHECKER, CREATE_SMSCAMPAIGN_CHECKER, APPROVALUNDO_SAVINGSACCOUNT_CHECKER, ACTIVATE_CLIENT_CHECKER, PAYOUTREFUND_LOAN, UPDATE_EXTERNAL_EVENT_CONFIGURATION, UPDATE_GROUPNOTE_CHECKER, CREATE_ENTITY_DATATABLE_CHECK, CREATE_RATE, READ_HOLIDAY, DEPOSIT_RECURRINGDEPOSITACCOUNT, UNDO_WAIVECHARGE, WAIVE_LOANCHARGE_CHECKER, READ_Dormant Prospects - Email, UPDATE_FUND_CHECKER, WITHDRAWAL_FIXEDDEPOSITACCOUNT, READ_CHARGE, READ_GLACCOUNT, READ_ACCOUNTINGRULE, UPDATE_EXTERNAL_ASSET_OWNER_LOAN_PRODUCT_ATTRIBUTE, READ_FIXEDDEPOSITACCOUNT, CREATE_HOLIDAY, READ_Active Loans - Summary, UPDATE_DATATABLE_CHECKER, CREATE_REPORT, CREATE_CREDITBUREAU_LOANPRODUCT_MAPPING, CREATE_SAVINGSACCOUNTCHARGE_CHECKER, UPDATE_SAVINGSPRODUCT_CHECKER, READ_Portfolio at Risk, UPDATE_LOANTRANSACTIONNOTE, UPDATE_PASSWORD_PREFERENCES_CHECKER, READ_SMS, READ_SAVINGSACCOUNT, UPDATE_ADHOC, BYPASS_TWOFACTOR, PAY_CLIENTCHARGE, UPDATE_CHARTSLAB_CHECKER, DELETE_GLACCOUNT, UNASSIGNSTAFF_CLIENT, CREATE_GUARANTOR, DELETE_CLIENTIMAGE_CHECKER, CREATE_CLIENTIDENTIFIER, WITHDRAWAL_SAVINGSACCOUNT, CREATE_DIVIDEND_SHAREPRODUCT, UPDATE_HOOK, CREATE_FIXEDDEPOSITPRODUCT_CHECKER, READ_Loan Fully Repaid - Email, READ_SAVINGSPRODUCT, READ_Loans Awaiting Disbursal, CLOSE_GROUP, UPDATE_ORGANISATIONCREDITBUREAU, UPDATE_ADDRESS_CHECKER, CREATE_CLIENTIMAGE, READ_Client Loans Listing(Pentaho), PAY_SAVINGSACCOUNTCHARGE, READ_GroupSavingSummary, UPDATE_REPORT_CHECKER, UNBLOCK_SAVINGSACCOUNT, ADJUST_LOAN_CHECKER, PAY_LOANCHARGE, CREATE_CHARTSLAB, APPROVE_RECURRINGDEPOSITACCOUNT, READ_Active Loans Passed Final Maturity Summary(Pentaho), READ_Demand_Vs_Collection, ASSOCIATECLIENTS_GROUP, UPDATE_LOAN_CHECKER, READ_GLCLOSURE, READ_Collection Report, DOWNPAYMENT_LOAN, start_loan_comittee, UPDATE_USER_CHECKER, CREATE_RESCHEDULELOAN, CREATE_CODEVALUE, DELETE_GROUP, DELETE_CODEVALUE_CHECKER, DELETE_SSBENEFICIARYTPT, READ_Loans disbursed to clients - Email, WITHDRAW_SAVINGSACCOUNT_CHECKER, UPDATE_EMAIL_CHECKER, REGISTER_SURVEY, READ_Loan Payments Received (Active Loans) - Email, CREATE_INTERESTRATECHART_CHECKER, SAVECOLLECTIONSHEET_GROUP, DELETESCHEDULEEXCEPTIONS_LOAN, CREATE_INTERESTRATECHART, READ_EXTERNAL_EVENT_CONFIGURATION, DISBURSE_LOAN, UPDATE_TELLER, DELETE_LOANCHARGE_CHECKER, CREATE_SHAREPRODUCT, WITHDRAW_LOAN_CHECKER, APPROVALUNDO_RECURRINGDEPOSITACCOUNT_CHECKER, REJECTADDITIONALSHARES_SHAREACCOUNT, REPAYMENT_LOAN_CHECKER, DELETE_FUND_CHECKER, DELETE_STAFF, REJECT_RECURRINGDEPOSITACCOUNT_CHECKER, CREATE_TAXGROUP, READ_ProgramStats, DELETE_LOANNOTE_CHECKER, UPDATE_CREDITBUREAU_CONFIGURATION, READ_LOANPRODUCT, UNDOTRANSACTION_FIXEDDEPOSITACCOUNT_CHECKER, ACTIVATE_FIXEDDEPOSITACCOUNT_CHECKER, UPDATE_GLCLOSURE, DELETE_CLIENT, READ_Active Loan Summary per Branch, READ_COLLATERAL, READ_Client Listing(Pentaho), DELETE_GLCLOSURE, UPDATE_ROLE_CHECKER, CREATE_TAXCOMPONENT_CHECKER, DELETE_LOANPRODUCT, DISBURSALLASTUNDO_LOAN, CREATE_PAYMENTTYPE, READ_PASSWORD_PREFERENCES, READ_Client Listing, READ_FUND, READ_EMAIL, DEPOSIT_FIXEDDEPOSITACCOUNT_CHECKER, READ_LoanTrendsByWeek, DELETE_PROVISIONCATEGORY, ALL_FUNCTIONS]]
[2m2026-02-17 11:22:15.725[0;39m [32m-DEBUG[0;39m [35m88555[0;39m [32m[0;39m [        default] [2m---[0;39m [2m[nio-8443-exec-1][0;39m [36mo.a.f.i.c.filters.RequestResponseFilter [0;39m [2m:[0;39m Received request: [GET], [/fineract-provider/api/v1/roles/5/permissions]
[2m2026-02-17 11:22:15.741[0;39m [32m-DEBUG[0;39m [35m88555[0;39m [32m[0;39m [        default] [2m---[0;39m [2m[nio-8443-exec-3][0;39m [36ms.f.TenantAwareBasicAuthenticationFilter[0;39m [2m:[0;39m Set SecurityContextHolder to UsernamePasswordAuthenticationToken [Principal=AppUser [username=rob.manager, getId()=9], Credentials=[PROTECTED], Authenticated=true, Details=WebAuthenticationDetails [RemoteIpAddress=0:0:0:0:0:0:0:1, SessionId=null], Granted Authorities=[ALL_FUNCTIONS, READ_CODEVALUE, CREATE_PROVISIONCRITERIA, DISBURSALUNDO_LOAN, UPDATE_CHARTSLAB_CHECKER, READ_Active Clients - Email, READ_Aging Summary (Arrears in Months)(Pentaho), READ_CLIENT, CREATE_EMAIL_CAMPAIGN, ACTIVATE_FIXEDDEPOSITACCOUNT_CHECKER, READ_TxnRunningBalances(Pentaho), UPDATE_ACCOUNTNUMBERFORMAT, TRANSFERCLIENTS_GROUP, CREATE_DELINQUENCY_BUCKET, ACTIVATE_GSIMACCOUNT, READ_EMAIL_CAMPAIGN, REFUNDBYTRANSFER_ACCOUNTTRANSFER, APPROVE_SHAREACCOUNT, READ_Active Loans Passed Final Maturity, DELETE_STANDINGINSTRUCTION , CREATE_CODEVALUE_CHECKER, DELETE_ENTITYMAPPING, UPDATE_SCHEDULER, UPDATE_MEETING, CAPITALIZEDINCOMEADJUSTMENT_LOAN, DEPOSIT_RECURRINGDEPOSITACCOUNT_CHECKER, DELETE_EMAIL, READ_Active Loan Clients - Email, READ_PAYMENTTYPE, INVALIDATE_TWOFACTOR_ACCESSTOKEN, CREATE_LOANTRANSACTIONNOTE_CHECKER, PROPOSEANDACCEPTTRANSFER_CLIENT, READ_GroupSummaryCounts, READ_FieldAgentStats, UNDOTRANSACTION_RECURRINGDEPOSITACCOUNT_CHECKER, DELETE_COLLATERAL, READ_Dormant Prospects - Email, CREATE_ENTITY_DATATABLE_CHECK, READ_Active Loans by Disbursal Period(Pentaho), UNDOAPPROVAL_SHAREACCOUNT, APPROVE_GSIMACCOUNT, UPDATE_SMS, UPDATE_CLIENTCHARGE, PAY_LOANCHARGE, UPDATE_COLLATERAL_CHECKER, READ_INTERQUOTE, READ_LoanCyclePerProduct, READ_HOLIDAY, UPDATE_LOANTRANSACTIONNOTE, FORECLOSURE_LOAN_CHECKER, UPDATE_FINANCIALACTIVITYACCOUNT, WITHDRAW_CLIENT, start_pending_flow, CREATE_CLIENT_CHECKER, READ_DELINQUENCY_BUCKET, UPDATE_WORKINGDAYS, READ_Loans Outstanding after final instalment date - Email, CREATE_FINANCIALACTIVITYACCOUNT, UPDATE_FIXEDDEPOSITPRODUCT_CHECKER, DELETE_DIVIDEND_SHAREPRODUCT, SETTLECASHFROMCASHIER_TELLER, DELETE_STANDINGINSTRUCTION, REACTIVATE_CLIENT, READ_Loan Account Schedule, DELETE_CLIENTNOTE_CHECKER, UPDATE_REPORTMAILINGJOB, UNDOTRANSACTION_FIXEDDEPOSITACCOUNT, UNDOTRANSACTION_SAVINGSACCOUNT_CHECKER, APPROVE_FIXEDDEPOSITACCOUNT_CHECKER, REVERSETRANSACTION_SAVINGSACCOUNT_CHECKER, REACTIVATE_CLIENT_CHECKER, CLOSE_CENTER_CHECKER, DELETE_LOANNOTE_CHECKER, CREATE_FIXEDDEPOSITPRODUCT, UNBLOCKCREDIT_SAVINGSACCOUNT, DELETESCHEDULEEXCEPTIONS_LOAN, DELETE_CALENDAR, UPDATE_RATE_CHECKER, INACTIVATE_SAVINGSACCOUNTCHARGE_CHECKER, SALE_LOAN, DISBURSALLASTUNDO_LOAN_CHECKER, DELETE_STAFFIMAGE, REJECT_LOAN, CREATE_EMAIL_CHECKER, CLOSEASRESCHEDULED_LOAN, APPROVALUNDO_FIXEDDEPOSITACCOUNT, CREATE_SMSCAMPAIGN, CREATE_SAVINGSACCOUNTCHARGE_CHECKER, READ_Client Loan Account Schedule, READ_Balance Outstanding, READ_LOANNOTE, CREATE_ACCOUNTTRANSFER_CHECKER, CREATE_SMS_CHECKER, CALCULATEINTEREST_SAVINGSACCOUNT, DELETE_ROLE, REPAYMENT_LOAN_CHECKER, UPDATELOANOFFICER_LOAN_CHECKER, DEFINEOPENINGBALANCE_JOURNALENTRY_CHECKER, READ_Loans Awaiting Disbursal Summary by Month, READ_RECURRINGDEPOSITACCOUNT, UPDATE_COLLATERAL_PRODUCT, REGISTER_DATATABLE_CHECKER, UPDATESAVINGSOFFICER_SAVINGSACCOUNT_CHECKER, UPDATE_SAVINGSACCOUNT_CHECKER, REJECT_RECURRINGDEPOSITACCOUNT_CHECKER, WITHDRAW_SAVINGSACCOUNT_CHECKER, CREATE_CLIENTIDENTIFIER, CHECKER_SUPER_USER, UPDATE_CLIENTIDENTIFIER, DISASSOCIATEGROUPS_CENTER_CHECKER, DELETE_COLLATERAL_CHECKER, UPDATE_COLLECTIONSHEET, DELETE_LOANTRANSACTIONNOTE_CHECKER, WAIVEINTERESTPORTION_LOAN, UNASSIGNSTAFF_GROUP_CHECKER, UPDATE_ENTITYMAPPING, APPROVALUNDO_LOAN, REJECTTRANSFER_CLIENT_CHECKER, READ_SMS, READ_EMAIL, CREATE_FIXEDDEPOSITACCOUNT, CLOSE_FIXEDDEPOSITACCOUNT, READ_Written-Off Loans(Pentaho), READ_DIVIDEND_SHAREPRODUCT, DELETE_TELLER_CHECKER, READ_SAVINGNOTE, WITHDRAW_SAVINGSACCOUNT, INTERMEDIARYSALE_LOAN, READ_FLOATINGRATE, READ_ProgramDetails, READ_CALENDAR, READ_OFFICETRANSACTION, UNASSIGNSTAFF_GROUP, WITHDRAW_FIXEDDEPOSITACCOUNT, UPDATE_CONFIGURATION, UPDATEWITHHOLDTAX_SAVINGSACCOUNT_CHECKER, CREATE_RECURRINGDEPOSITACCOUNT_CHECKER, WITHDRAW_LOAN, UPDATE_USER, READ_Staff Assignment History, DELETE_OFFICETRANSACTION_CHECKER, CREATE_OFFICETRANSACTION_CHECKER, READ_HOOK, READ_Happy Birthday - Email, BLOCKDEBIT_SAVINGSACCOUNT, UNDODISBURSAL_GLIMLOAN, READ_Client Loans Listing(Pentaho), READ_LOANTRANSACTIONNOTE, WAIVE_CLIENTCHARGE_CHECKER, CREATE_LOAN, ACTIVATE_CENTER, CREATE_GUARANTOR_CHECKER, READ_BranchManagerStats, UPDATE_CENTER_CHECKER, DELETE_DIVIDEND_SHAREPRODUCT_CHECKER, CREATE_STAFFIMAGE, READ_Active Loans Passed Final Maturity Summary(Pentaho), WAIVE_CLIENTCHARGE, READ_WORKINGDAYS, DELETE_EMAIL_CHECKER, DELETE_EMAIL_CAMPAIGN_CHECKER, CLOSE_GROUP, UPDATE_LOANTRANSACTIONNOTE_CHECKER, UNASSIGNROLE_GROUP, ASSOCIATEGROUPS_CENTER, DELETE_HOOK, READ_TEMPLATE, DELETE_DOCUMENT, CREATE_RECURRINGDEPOSITPRODUCT, POSTINTERESTASONDATE_SAVINGSACCOUNT_CHECKER, REJECT_CLIENT_CHECKER, CREATE_OFFICE, CREATE_DIVIDEND_SHAREPRODUCT_CHECKER, CONTRACT_TERMINATION_LOAN, DISBURSETOSAVINGS_LOAN, UPDATE_GLACCOUNT, CREATE_CLIENTCHARGE_CHECKER, READ_GROUP, APPROVE_GLIMLOAN, CREATE_REPORT, READ_Obligation Met Loans Details(Pentaho), CREATE_ROLE_CHECKER, CREATE_SAVINGSACCOUNTCHARGE, ENABLE_ROLE, UPDATE_SHAREACCOUNT, UNASSIGNSTAFF_CLIENT, GET_CREDITREPORT, REPAYMENT_GLIMLOAN, READ_Loan Payments Due (Overdue Loans) - Email, DEPOSIT_SAVINGSACCOUNT, DEPOSIT_FIXEDDEPOSITACCOUNT_CHECKER, accounting_visibility, CREATE_FLOATINGRATE, READ_ProgramStats, DELETE_CLIENTCHARGE_CHECKER, DISBURSALLASTUNDO_LOAN, DELETE_DATATABLE, CREATE_INTERESTRATECHART, CREATE_REPORTMAILINGJOB, UPDATE_GROUPNOTE, READ_RECURRINGDEPOSITPRODUCT, UPDATE_GUARANTOR_CHECKER, DEPOSIT_SAVINGSACCOUNT_CHECKER, UPDATE_CACHE, HOLDAMOUNT_SAVINGSACCOUNT_CHECKER, READ_Obligation Met Loans Summary, WITHDRAWAL_SAVINGSACCOUNT, REFUNDBYTRANSFER_ACCOUNTTRANSFER_CHECKER, DELETE_ROLE_CHECKER, CREATE_CLIENT_COLLATERAL_PRODUCT, READ_LOANPRODUCT, REJECTTRANSFER_CLIENT, READ_EXTERNAL_EVENT_CONFIGURATION, READ_CoordinatorStats, CREATE_STAFF, GOODWILLCREDIT_LOAN, REGISTER_DATATABLE, DELETE_CLIENTIMAGE, WAIVE_SAVINGSACCOUNTCHARGE, UPDATE_RECURRINGDEPOSITPRODUCT, UNDOWITHDRAWAL_CLIENT, CREATE_CODE_CHECKER, DISBURSE_GLIMLOAN, UPDATE_SAVINGSACCOUNTCHARGE_CHECKER, READ_CURRENCY, DEACTIVATEOVERDUE_LOANCHARGE, REVERSE_JOURNALENTRY, UPDATE_CODE, CREATE_CHARTSLAB, UNDOREJECT_CLIENT_CHECKER, CREATE_RECURRINGDEPOSITPRODUCT_CHECKER, CREATE_INTERQUOTE, DELETE_OFFICETRANSACTION, UPDATE_PRODUCTMIX, DOWNPAYMENT_LOAN, READ_FAMILYMEMBERS, READ_Branch Expected Cash Flow, UPDATE_BUSINESS_DATE, WITHDRAWAL_SAVINGSACCOUNT_CHECKER, CREATE_CASHIER_SESSIONS, UPDATE_TAXCOMPONENT_CHECKER, APPROVE_SAVINGSACCOUNT, TRANSFERCLIENTS_GROUP_CHECKER, SETFRAUD_LOAN, READ_FIXEDDEPOSITACCOUNT, WITHDRAW_RECURRINGDEPOSITACCOUNT, CREATE_TAXGROUP, CREATE_GROUPNOTE_CHECKER, READ_General Ledger Report, UPDATE_PERMISSION_CHECKER, DELETE_LOANTRANSACTIONNOTE, APPROVALUNDO_FIXEDDEPOSITACCOUNT_CHECKER, UNDOTRANSACTION_RECURRINGDEPOSITACCOUNT, DELETE_CLIENTCHARGE, CREATE_GROUP, UPDATE_LIKELIHOOD, READ_CLIENTIMAGE, APPROVE_RECURRINGDEPOSITACCOUNT_CHECKER, UPDATE_LOANCHARGE, READ_Active Loans in last installment Summary, CREATE_HOLIDAY, READ_SAVINGSACCOUNTCHARGE, CREATE_GROUP_CHECKER, CREATE_CLIENTIMAGE_CHECKER, READ_TAXCOMPONENT, READ_Loans Awaiting Disbursal Summary, UPDATE_DOCUMENT_CHECKER, READ_Prospective Clients - Email, CREATE_CODEVALUE, UPDATE_PROVISIONCATEGORY, READ_CONFIGURATION, DELETESCHEDULEEXCEPTIONS_LOAN_CHECKER, UPDATE_GLCLOSURE, UNBLOCKDEBIT_SAVINGSACCOUNT_CHECKER, READ_GroupSummaryAmounts, UNDOAPPROVAL_GLIMLOAN, ACTIVATE_CENTER_CHECKER, CLOSE_RECURRINGDEPOSITACCOUNT, DELETE_REPORTMAILINGJOB, READ_Aging Detail, CREATE_REPORT_CHECKER, CREATE_LOANPRODUCT_CHECKER, ACTIVATE_SHAREACCOUNT, READ_ClientTrendsByDay, CREATE_ADHOC, EXECUTEFORSAVINGS, UPDATE_INTEREST_PAUSE, DELETE_REPORT_CHECKER, INACTIVATE_CLIENTCHARGE_CHECKER, CREATE_RESCHEDULELOAN, READ_Active Loans - Details, CREATE_SMSCAMPAIGN_CHECKER, CREATE_CREDITBUREAU_CONFIGURATION, DELETE_OFFICE_CHECKER, READ_DOCUMENT, UPDATEOPENINGBALANCE_JOURNALENTRY, CREATE_SAVINGNOTE, REMOVELOANOFFICER_LOAN, WITHDRAWAL_FIXEDDEPOSITACCOUNT, REPAYMENT_LOAN, PREMATURECLOSE_FIXEDDEPOSITACCOUNT_CHECKER, CREATE_COLLATERAL, CREATE_CHARGE, UPDATE_BATCH_BUSINESS_STEP, READ_Loans Pending Approval, READ_Expected Payments By Date - Formatted, ADJUSTTRANSACTION_FIXEDDEPOSITACCOUNT, REJECT_GSIMACCOUNT, CREATE_STAFF_CHECKER, CREATE_INTERTRANSFER, UPDATE_STAFF, DELETE_SMS, APPROVE_LOAN_CHECKER, ASSIGNSTAFF_GROUP, RECREATE_PROVISIONENTRIES, DEREGISTER_DATATABLE_CHECKER, READ_Expected Payments By Date - Basic(Pentaho), READ_Rescheduled Loans, see_loan_comittee, DELETE_LOANCHARGE, UPDATE_SSBENEFICIARYTPT, UNDOTRANSACTION_CLIENT_CHECKER, CREATE_FLOATINGRATE_CHECKER, ACTIVATE_HOLIDAY_CHECKER, CREATESCHEDULEEXCEPTIONS_LOAN_CHECKER, UPDATE_CREDITBUREAU_LOANPRODUCT_MAPPING, DELETE_RECURRINGDEPOSITACCOUNT, UPDATE_FIXEDDEPOSITPRODUCT, UPDATECASHIERALLOCATION_TELLER, ASSOCIATEGROUPS_CENTER_CHECKER, READ_Client Loans Listing, APPROVE_SAVINGSACCOUNT_CHECKER, CREATE_ADHOC_CHECKER, UPDATECASHIERALLOCATION_TELLER_CHECKER, UPDATE_CURRENCY, DELETE_DELINQUENCY_BUCKET, UPDATE_GROUPNOTE_CHECKER, APPROVE_DIVIDEND_SHAREPRODUCT_CHECKER, CHARGEBACK_LOAN, FORECLOSURE_LOAN, APPROVALUNDO_LOAN_CHECKER, UPDATE_SMS_CHECKER, CREATE_INTERREQUEST, UPDATEWITHHOLDTAX_SAVINGSACCOUNT, READ_Loans Pending Approval(Pentaho), UPDATE_LOANNOTE_CHECKER, CREATE_DOCUMENT_CHECKER, REVERSETRANSACTION_SAVINGSACCOUNT, update_pending_flow_blueprint, READ_JOURNALENTRY, DELETE_CENTER, READ_ProgramDirectorStats, WAIVE_LOANCHARGE, READ_USER, CAPITALIZEDINCOME_LOAN, DELETE_ADHOC, READ_SAVINGSACCOUNT, PAYOUTREFUND_LOAN, UPDATE_SMSCAMPAIGN, CREATE_ORGANISATIONCREDITBUREAU, READ_FINANCIALACTIVITYACCOUNT, DELETE_HOLIDAY_CHECKER, CREATE_STAFFIMAGE_CHECKER, UPDATE_PASSWORD_PREFERENCES_CHECKER, APPROVE_DIVIDEND_SHAREPRODUCT, READ_Active Loans - Summary(Pentaho), REJECT_FIXEDDEPOSITACCOUNT_CHECKER, APPROVALUNDO_GSIMACCOUNT, EXECUTEJOB_SCHEDULER, REJECT_FIXEDDEPOSITACCOUNT, READ_GroupNamesByStaff, CLOSE_SHAREACCOUNT, CREATE_CLIENTNOTE, HOLDAMOUNT_SAVINGSACCOUNT, BYPASS_LOAN_WRITE_PROTECTION, CHARGEOFF_LOAN, UPDATE_FUND_CHECKER, EXECUTE_PERIODICACCRUALACCOUNTING, READ_MEETING, UPDATE_TAXCOMPONENT, UPDATE_LOAN_CHECKER, READ_PRODUCTMIX, READ_Client Saving Transactions, DISABLE_ROLE_CHECKER, APPROVE_LOAN, READ_Loans Awaiting Disbursal(Pentaho), PERMISSIONS_ROLE, UPDATE_REPORT_CHECKER, READ_ROLE, READ_STAFF, UPDATE_SAVINGNOTE_CHECKER, DELETE_CHARTSLAB_CHECKER, DELETE_ACCOUNTINGRULE, UPDATE_CALENDAR, CREATE_CENTER_CHECKER, DELETE_RECURRINGDEPOSITACCOUNT_CHECKER, READ_Active Loan Summary per Branch, REGISTER_SURVEY, MERCHANTISSUEDREFUND_LOAN, CLOSE_GROUP_CHECKER, UPDATE_DELINQUENCY_TAGS, APPLYANNUALFEE_SAVINGSACCOUNT_CHECKER, INTERESTPAYMENTWAIVER_LOAN, PAY_SAVINGSACCOUNTCHARGE, UPDATE_USER_CHECKER, READ_CLIENTNOTE, PAY_SAVINGSACCOUNTCHARGE_CHECKER, UPDATEDEPOSITAMOUNT_RECURRINGDEPOSITACCOUNT, READ_REPORT, UPDATE_CHARGE, READ_RESCHEDULELOAN, READ_Active Loans Passed Final Maturity(Pentaho), CREATE_ACCOUNTNUMBERFORMAT, DELETE_LOANPRODUCT, CLOSE_CLIENT, CLOSE_CLIENT_CHECKER, READ_ACCOUNTTRANSFER, DELETE_PRODUCTMIX, DELETE_RECURRINGDEPOSITPRODUCT, DELETE_FINANCIALACTIVITYACCOUNT, WITHDRAWTRANSFER_CLIENT_CHECKER, CALCULATEINTEREST_RECURRINGDEPOSITACCOUNT_CHECKER, BUYDOWNFEE_LOAN, CREATE_CLIENT, UNDO_REAGE_LOAN, REMOVESAVINGSOFFICER_SAVINGSACCOUNT_CHECKER, READ_Expected Payments By Date - Basic, UPDATE_SMSCAMPAIGN_CHECKER, READ_FIXEDDEPOSITPRODUCT, WAIVE_SAVINGSACCOUNTCHARGE_CHECKER, DELETE_CODE_CHECKER, PAY_CLIENTCHARGE_CHECKER, DELETE_SAVINGNOTE_CHECKER, DELETE_SAVINGSACCOUNTCHARGE_CHECKER, READ_Aging Summary (Arrears in Weeks), PREPARE_INTERTRANSFER, READ_Portfolio at Risk by Branch(Pentaho), DELETE_ACCOUNTNUMBERFORMAT, BLOCKCREDIT_SAVINGSACCOUNT_CHECKER, UPDATE_HOLIDAY, REJECT_CLIENT, UPDATE_FLOATINGRATE, REJECT_SHAREACCOUNT, READ_Loan payments due - Email, UPDATE_EXTERNAL_ASSET_OWNER_LOAN_PRODUCT_ATTRIBUTE, ACTIVATE_HOLIDAY, DELETE_FUND_CHECKER, READ_Loan Approved - Email, UPDATE_CLIENT_CHECKER, UPDATE_LOANCHARGE_CHECKER, DELETE_CHARGE_CHECKER, CREATE_SHAREPRODUCT, CLOSEASRESCHEDULED_LOAN_CHECKER, UPDATE_DATATABLE, CREATE_EXTERNAL_ASSET_OWNER_LOAN_PRODUCT_ATTRIBUTE, DELETE_LOANPRODUCT_CHECKER, DELETE_INTERESTRATECHART, CREATE_RATE, DELETE_PAYMENTTYPE, DELETE_CLIENTIMAGE_CHECKER, UPDATE_TELLER_CHECKER, DELETE_LOANCHARGE_CHECKER, CREATE_PROVISIONJOURNALENTRIES, UPDATE_CONFIGURATION_CHECKER, DELETE_SAVINGSPRODUCT, READ_Active Loans in last installment, ENABLE_ROLE_CHECKER, DELETE_CENTER_CHECKER, CREATE_HOOK, DELETE_RECURRINGDEPOSITPRODUCT_CHECKER, UPDATESAVINGSOFFICER_SAVINGSACCOUNT, CREATE_TELLER, CREATE_FIXEDDEPOSITACCOUNT_CHECKER, PREMATURECLOSE_FIXEDDEPOSITACCOUNT, CREATE_PRODUCTMIX, CREATE_DELINQUENCY_RANGE, CREATE_LOAN_CHECKER, READ_LoanTrendsByMonth, ALLOCATECASHIER_TELLER, admin_visibility, UPDATE_CLIENT_COLLATERAL_PRODUCT, ASSIGNGESTOR_CLIENT, CREATE_DELINQUENCY_ACTION, READ_ENTITY_DATATABLE_CHECK, CREATE_COLLATERAL_PRODUCT, REACTIVATE_EMAIL_CAMPAIGN, READ_Demand_Vs_Collection, READ_FieldAgentPrograms, CLOSE_SAVINGSACCOUNT_CHECKER, CLOSE_EMAIL_CAMPAIGN, RELEASEAMOUNT_SAVINGSACCOUNT_CHECKER, CREATE_SAVINGSACCOUNT, CREATE_ADDRESS_CHECKER, UPDATE_DISBURSEMENTDETAIL, ALL_FUNCTIONS_READ, UPDATE_EMAIL, DELETE_CHARTSLAB, ALLOCATECASHTOCASHIER_TELLER, READ_Aging Summary (Arrears in Weeks)(Pentaho), UPDATE_TAXGROUP_CHECKER, UPDATE_DOCUMENT, READ_Obligation Met Loans Summary(Pentaho), BULKREASSIGN_LOAN_CHECKER, READ_Portfolio at Risk, UPDATE_RATE, UPDATE_CODEVALUE, DISBURSE_LOAN_CHECKER, APPROVE_FIXEDDEPOSITACCOUNT, APPROVEADDITIONALSHARES_SHAREACCOUNT, UPDATE_ACCOUNTINGRULE, READ_ClientTrendsByMonth, DELETE_PROVISIONCRITERIA, DELINK_ACCOUNT_FROM_POCKET, CREATE_PAYMENTTYPE, UPDATELOANOFFICER_LOAN, DELETE_LOAN_COLLATERAL_PRODUCT, DELETE_CHARGE, UPDATE_GROUP, READ_SSBENEFICIARYTPT, UNBLOCK_SAVINGSACCOUNT, DELETE_REPORT, UPDATE_CLIENTCHARGE_CHECKER, PROPOSETRANSFER_CLIENT, CREATE_OFFICETRANSACTION, UNDOCHARGEOFF_LOAN, ALL_FUNCTIONS, UPDATE_RECURRINGDEPOSITACCOUNT, READ_Loans in arrears - Email, READ_TAXGROUP, update_pending_step, DELETE_TEMPLATE, POSTINTEREST_FIXEDDEPOSITACCOUNT_CHECKER, DELETE_DELINQUENCY_RANGE, ACTIVATE_RECURRINGDEPOSITACCOUNT, DELETE_COLLATERAL_PRODUCT, READ_Obligation Met Loans Details, DELETE_SAVINGSACCOUNTCHARGE, CLOSE_LOAN_CHECKER, ACTIVATE_CLIENT_CHECKER, DELETE_SMSCAMPAIGN, UPDATE_SAVINGSPRODUCT_CHECKER, UPDATE_OFFICE, CREATE_PROVISIONCATEGORY, CREATE_LOANNOTE, CREATE_SHAREACCOUNT, UPDATE_GROUP_CHECKER, CREATE_INTERESTRATECHART_CHECKER, READ_ChildrenStaffList, READ_Balance Sheet, UPDATERUNNINGBALANCE_JOURNALENTRY, UPDATE_LOAN, READ_Client Listing, UPDATE_FLOATINGRATE_CHECKER, READ_Savings Transactions, CREATE_LOANPRODUCT, READ_GLACCOUNT, UPDATE_EMAIL_CAMPAIGN, UPDATE_INTERESTRATECHART, UPDATE_STANDINGINSTRUCTION , DELETE_FIXEDDEPOSITPRODUCT, DISASSOCIATEGROUPS_CENTER, UPDATE_TAXGROUP, CREATE_RATE_CHECKER, WRITEOFF_LOAN_CHECKER, READ_Client Savings Summary, CREATE_GSIMACCOUNT, READ_ClientSummary , reports_visibility, CREATE_EMAIL, DELETE_CREDITREPORT, CREATE_CHARGE_CHECKER, REJECT_GLIMLOAN, READ_Trial Balance, READ_LoanTrendsByDay, DELETE_MEETING, DELETE_CLIENT_COLLATERAL_PRODUCT, DELETE_SAVINGSACCOUNT, UNBLOCKDEBIT_SAVINGSACCOUNT, UPDATE_DATATABLE_CHECKER, POSTINTEREST_RECURRINGDEPOSITACCOUNT, READ_Active Loans in last installment Summary(Pentaho), UNDOTRANSACTION_CLIENT, READ_RATE, UPDATE_CURRENCY_CHECKER, CREATE_ROLE, UPDATE_CLIENTNOTE_CHECKER, DELETE_DATATABLE_CHECKER, CREATE_MEETING, CREATE_LOANCHARGE_CHECKER, UPDATE_OFFICE_CHECKER, READ_Active Loans in last installment(Pentaho), CREATE_FAMILYMEMBERS, READ_GroupSavingSummary, DELETECASHIERALLOCATION_TELLER, SAVEORUPDATEATTENDANCE_MEETING, CREATE_DIVIDEND_SHAREPRODUCT, WITHDRAW_RECURRINGDEPOSITACCOUNT_CHECKER, CREATE_PROVISIONENTRIES, UPDATE_LOANPRODUCT_CHECKER, APPLYANNUALFEE_SAVINGSACCOUNT, WRITEOFF_LOAN, UPDATE_ADHOC, CREATE_COLLATERAL_CHECKER, SAVE_COLLECTIONSHEET, CALCULATEINTEREST_RECURRINGDEPOSITACCOUNT, INACTIVATE_SAVINGSACCOUNTCHARGE, WAIVE_LOANCHARGE_CHECKER, CREATE_ACCOUNTTRANSFER, CREATE_JOURNALENTRY, DELETE_FIXEDDEPOSITACCOUNT, DELETE_GROUP, CREATE_TAXCOMPONENT, DISBURSEWITHOUTAUTODOWNPAYMENT_LOAN, DELETE_STAFF, READ_GROUPNOTE, DELETE_CLIENTIDENTIFIER_CHECKER, READ_COLLECTIONSHEET, UPDATESAVINGSACCOUNT_CLIENT, UPDATE_DELINQUENCY_BUCKET, BLOCKCREDIT_SAVINGSACCOUNT, CLOSE_LOAN, ASSIGNROLE_GROUP, READ_Active Loans Passed Final Maturity Summary, READ_Rescheduled Loans(Pentaho), DELETE_STAFFIMAGE_CHECKER, CREATE_ACCOUNTINGRULE, READ_Aging Detail(Pentaho), READ_SMSCAMPAIGN, UPDATE_SAVINGNOTE, READ_INTERREQUEST, REJECTADDITIONALSHARES_SHAREACCOUNT, CREDITBALANCEREFUND_LOAN, CREATE_FUND, ACTIVATE_CLIENT, UPDATE_ORGANISATIONCREDITBUREAU, LINK_ACCOUNT_TO_POCKET, CREATE_TEMPLATE, READ_Loans Awaiting Disbursal, DELETE_SMSCAMPAIGN_CHECKER, UPDATE_CLIENT, DELETE_FAMILYMEMBERS, UPDATE_GSIMACCOUNT, UPDATE_EMAIL_CHECKER, READ_SCHEDULER, REMOVESAVINGSOFFICER_SAVINGSACCOUNT, DELETE_CLIENTNOTE, UPDATE_FAMILYMEMBERS, UPDATE_STAFF_CHECKER, UPDATE_TWOFACTOR_CONFIGURATION, READ_Disbursal_Vs_Awaitingdisbursal, SETTLECASHFROMCASHIER_TELLER_CHECKER, WITHDRAWAL_FIXEDDEPOSITACCOUNT_CHECKER, WITHDRAW_CLIENT_CHECKER, DEPOSIT_FIXEDDEPOSITACCOUNT, POSTINTEREST_SAVINGSACCOUNT_CHECKER, CLOSE_SMSCAMPAIGN, APPLYADDITIONALSHARES_SHAREACCOUNT, PAY_CLIENTCHARGE, UPDATE_COLLATERAL, UNDOREJECT_CLIENT, READ_RATE_CHECKER, DELETE_SAVINGSACCOUNT_CHECKER, UNBLOCKCREDIT_SAVINGSACCOUNT_CHECKER, READ_LOAN, RELEASE_INTERTRANSFER, UPDATE_ADDRESS, DELETE_GROUP_CHECKER, DELETE_CODEVALUE, DELETE_CLIENTIDENTIFIER, READ_Portfolio at Risk by Branch, UPDATE_RECURRINGDEPOSITACCOUNT_CHECKER, READ_Daily Journal Ledger Report, READ_PASSWORD_PREFERENCES, ACTIVATE_EMAIL_CAMPAIGN, READ_GUARANTOR, UPDATE_PASSWORD_PREFERENCES, APPROVE_RESCHEDULELOAN, CREATE_GROUPNOTE, CREATE_CALENDAR_CHECKER, REJECT_RESCHEDULELOAN, CREATE_DOCUMENT, CREATE_CENTER, DELETE_GUARANTOR_CHECKER, CREATE_LOANCHARGE, CREATE_INTEREST_PAUSE, create_pending_flow_blueprint, APPROVALUNDO_RECURRINGDEPOSITACCOUNT_CHECKER, UPDATE_SAVINGSPRODUCT, DISBURSALUNDO_LOAN_CHECKER, CREATE_INTERID, READ_Written-Off Loans, CREATE_TAXCOMPONENT_CHECKER, UPDATE_SAVINGSACCOUNTCHARGE, DELETE_LOAN, UPDATE_FUND, READ_STAFFIMAGE, REMOVELOANOFFICER_LOAN_CHECKER, ADJUSTMENT_LOANCHARGE, DELETE_FUND, ASSOCIATECLIENTS_GROUP, UPDATE_PROVISIONCRITERIA, UPDATE_TEMPLATE, DELETECASHIERALLOCATION_TELLER_CHECKER, UPDATEROLE_GROUP, REPORTING_SUPER_USER, READ_CHARGE, REJECT_SAVINGSACCOUNT_CHECKER, READ_Income Statement, UNDOWITHDRAWAL_CLIENT_CHECKER, CREATE_CLIENTNOTE_CHECKER, DELETE_EMAIL_CAMPAIGN, CREATE_SMS, CREATE_SSBENEFICIARYTPT, DELETE_LOANNOTE, DISASSOCIATECLIENTS_GROUP, ACCEPTTRANSFER_CLIENT, CREATE_ENTITYMAPPING, READ_Loans Awaiting Disbursal Summary(Pentaho), ACTIVATE_SMSCAMPAIGN, READ_GLCLOSURE, CREATESCHEDULEEXCEPTIONS_LOAN, UPDATE_DELINQUENCY_RANGE, UPDATE_LOANPRODUCT, REJECT_LOAN_CHECKER, UPDATE_CODEVALUE_CHECKER, DELETE_LOAN_CHECKER, UPDATE_LOANNOTE, CREATE_LOANNOTE_CHECKER, READ_Loans Awaiting Disbursal Summary by Month(Pentaho), CREATE_OFFICE_CHECKER, UPDATE_TELLER, DELETE_GROUPNOTE, PREMATURECLOSE_RECURRINGDEPOSITACCOUNT_CHECKER, READ_INTERTRANSFER, DELETE_FIXEDDEPOSITACCOUNT_CHECKER, READ_Client Listing(Pentaho), READ_AUDIT, UNDOTRANSACTION_FIXEDDEPOSITACCOUNT_CHECKER, UPDATEDELINQUENCY_LOAN, UPDATE_ROLE_CHECKER, ADJUSTTRANSACTION_RECURRINGDEPOSITACCOUNT, UNDO_WAIVECHARGE, ADJUSTTRANSACTION_SAVINGSACCOUNT, DELETE_CODEVALUE_CHECKER, DELETE_REPAYMENT_WITH_POSTDATEDCHECKS, DISABLE_ROLE, UPDATE_PERMISSION, ACTIVATE_GROUP, REACTIVATE_SMSCAMPAIGN, UPDATEOPENINGBALANCE_JOURNALENTRY_CHECKER, MANUAL_INTEREST_REFUND_TRANSACTION_LOAN, UNASSIGNGESTOR_CLIENT, READ_Active Loans by Disbursal Period, READ_CENTER, UPDATE_GUARANTOR, RECOVERYPAYMENT_LOAN, READ_CODE, EXECUTE_INLINE_JOB, UPDATE_EMAIL_CONFIGURATION, DELETE_DOCUMENT_CHECKER, CREATE_TELLER_CHECKER, DELETE_STAFF_CHECKER, UPDATE_INTERESTRATECHART_CHECKER, READ_INTERID, CREATE_FIXEDDEPOSITPRODUCT_CHECKER, UPDATE_CHARTSLAB, UPDATE_ADHOC_CHECKER, PREMATURECLOSE_RECURRINGDEPOSITACCOUNT, CREATE_FUND_CHECKER, CREATE_CREDITBUREAU_LOANPRODUCT_MAPPING, CREATE_CODE, CREATE_STANDINGINSTRUCTION , CLOSE_RECURRINGDEPOSITACCOUNT_CHECKER, READ_LoanTrendsByWeek, UPDATE_REPAYMENT_WITH_POSTDATEDCHECKS, UPDATE_EXTERNALSERVICES, UPDATE_HOLIDAY_CHECKER, REAGE_LOAN, DELETE_ADDRESS_CHECKER, DELETE_ADDRESS, REFUNDBYCASH_LOAN, READ_ACCOUNTINGRULE, UPDATE_CLIENTIDENTIFIER_CHECKER, UPDATE_XBRLMAPPING, CREATE_USER, DELETE_SMS_CHECKER, centers_visibility, DELETE_INTEREST_PAUSE, UPDATE_SAVINGSACCOUNT, BLOCK_SAVINGSACCOUNT_CHECKER, RECOVERGUARANTEES_LOAN, UNDOTRANSACTION_SAVINGSACCOUNT, READ_Funds Disbursed Between Dates Summary(Pentaho), view_pendientes, PROPOSEANDACCEPTTRANSFER_CLIENT_CHECKER, READ_DELINQUENCY_TAGS, POSTINTEREST_RECURRINGDEPOSITACCOUNT_CHECKER, READ_FUND, READ_ACCOUNTNUMBERFORMAT, READ_BUSINESS_DATE, APPROVE_RECURRINGDEPOSITACCOUNT, UPDATE_ADDRESS_CHECKER, BOUNCE_REPAYMENT_WITH_POSTDATEDCHECKS, CREATE_GLACCOUNT, POSTINTERESTASONDATE_SAVINGSACCOUNT, DELETE_CALENDAR_CHECKER, READ_Collection Report, WITHDRAW_FIXEDDEPOSITACCOUNT_CHECKER, UPDATE_CALENDAR_CHECKER, READ_Funds Disbursed Between Dates Summary by Office, READ_Aging Summary (Arrears in Months), CREATE_RECURRINGDEPOSITACCOUNT, CREATE_STANDINGINSTRUCTION, ACTIVATE_GROUP_CHECKER, CREATE_SAVINGSPRODUCT, POSTINTEREST_SAVINGSACCOUNT, SAVECOLLECTIONSHEET_CENTER, REDEEMSHARES_SHAREACCOUNT, ALLOCATECASHTOCASHIER_TELLER_CHECKER, READ_Funds Disbursed Between Dates Summary by Office(Pentaho), ACTIVATE_RECURRINGDEPOSITACCOUNT_CHECKER, READTRANSACTION_CLIENT, BULKREASSIGN_LOAN, UPDATE_CENTER, CALCULATEINTEREST_FIXEDDEPOSITACCOUNT_CHECKER, READ_DATATABLE, READ_COLLATERAL, ASSIGNSTAFF_CLIENT, READ_Loan Repayment - Email, CALCULATEINTEREST_SAVINGSACCOUNT_CHECKER, RECOVERGUARANTEES_LOAN_CHECKER, CALCULATEINTEREST_FIXEDDEPOSITACCOUNT, READ_ADDRESS, CANCEL_ASSET_OWNER_TRANSACTION, WITHDRAWAL_RECURRINGDEPOSITACCOUNT_CHECKER, UPDATE_EMAIL_CAMPAIGN_CHECKER, UPDATE_ROLE, CLOSE_CENTER, BYPASS_TWOFACTOR, BUYDOWNFEEADJUSTMENT_LOAN, ADJUST_LOAN_CHECKER, READ_Loan Payments Received (Active Loans) - Email, DELETE_GUARANTOR, READ_REPORTMAILINGJOB, DELETE_CLIENT_CHECKER, complete_pending_step, READ_Disbursal Report, CLOSE_SAVINGSACCOUNT, WITHDRAWAL_RECURRINGDEPOSITACCOUNT, DELETE_INTERID, READ_Loan Rejected - Email, UPDATE_STANDINGINSTRUCTION, DELETE_USER_CHECKER, ACTIVATE_SAVINGSACCOUNT, READ_CACHE, CREATE_JOURNALENTRY_CHECKER, REAMORTIZE_LOAN, DELETE_TELLER, CREATE_GLCLOSURE, ACCEPTTRANSFER_CLIENT_CHECKER, UNBLOCK_SAVINGSACCOUNT_CHECKER, DISBURSE_LOAN, DELETE_CLIENT, READ_STANDINGINSTRUCTION , UPDATE_CHARGE_CHECKER, ACTIVATE_FIXEDDEPOSITACCOUNT, UPDATE_PAYMENTTYPE, DELETE_USER, CREATE_CLIENTIMAGE, DEPOSIT_GSIMACCOUNT, READ_Loan Payments Received (Overdue Loans) - Email, READ_Loans disbursed to clients - Email, DELETE_FIXEDDEPOSITPRODUCT_CHECKER, DELETE_SAVINGNOTE, CREATE_DATATABLE, CREATE_USER_CHECKER, DEFINEOPENINGBALANCE_JOURNALENTRY, UPDATE_APPROVED_AMOUNT_LOAN, UPDATE_SHAREPRODUCT, INACTIVATE_CLIENTCHARGE, DELETE_HOLIDAY, UPDATE_FIXEDDEPOSITACCOUNT, CLOSE_FIXEDDEPOSITACCOUNT_CHECKER, UPDATE_EXTERNAL_EVENT_CONFIGURATION, POSTINTEREST_FIXEDDEPOSITACCOUNT, WAIVEINTERESTPORTION_LOAN_CHECKER, DELETE_GLCLOSURE, READ_ClientTrendsByWeek, UPDATEDEPOSITAMOUNT_RECURRINGDEPOSITACCOUNT_CHECKER, DELETE_PROVISIONCATEGORY, DELETE_GROUPNOTE_CHECKER, READ_Active Group Leaders - Email, READ_Portfolio at Risk(Pentaho), PROPOSETRANSFER_CLIENT_CHECKER, CREATE_CLIENTCHARGE, ADJUST_LOAN, DELETE_INTERESTRATECHART_CHECKER, CHARGEREFUND_LOAN, CREATE_SAVINGSACCOUNT_CHECKER, DELETE_CODE, UPDATE_REPORT, READ_CLIENTIDENTIFIER, DELETE_SAVINGSPRODUCT_CHECKER, READ_Active Loans - Summary, READ_Loan Fully Repaid - Email, REFUNDBYCASH_LOAN_CHECKER, UPDATE_CODE_CHECKER, DEPOSIT_RECURRINGDEPOSITACCOUNT, DELETE_SSBENEFICIARYTPT, READ_TxnRunningBalances, APPROVALUNDO_SAVINGSACCOUNT_CHECKER, create_loan_comittee, UPDATE_HOOK, REJECT_RECURRINGDEPOSITACCOUNT, UPDATE_RECURRINGDEPOSITPRODUCT_CHECKER, DELETE_ENTITY_DATATABLE_CHECK, UPDATE_WORKINGDAYS_CHECKER, CREATE_CLIENTIDENTIFIER_CHECKER, UPDATE_CREDITBUREAU_CONFIGURATION, APPROVALUNDO_SAVINGSACCOUNT, REJECT_SAVINGSACCOUNT, DEREGISTER_DATATABLE, CREATE_SAVINGSPRODUCT_CHECKER, CREATE_CALENDAR, WITHDRAWTRANSFER_CLIENT, CREATE_LOANTRANSACTIONNOTE, CREATE_ADDRESS, READ_EMAIL_CONFIGURATION, UPDATE_CLIENTNOTE, BLOCKDEBIT_SAVINGSACCOUNT_CHECKER, CREATE_CHARTSLAB_CHECKER, UNDOWRITEOFF_LOAN, DELETE_GLACCOUNT, READ_TWOFACTOR_CONFIGURATION, CREATE_SAVINGNOTE_CHECKER, WITHDRAW_LOAN_CHECKER, CREATE_EMAIL_CAMPAIGN_CHECKER, READ_PERMISSION, UNDO_REAMORTIZE_LOAN, BUYBACK_LOAN, VIEW_CASHIER_SESSIONS, READ_CLIENTCHARGE, APPROVALUNDO_RECURRINGDEPOSITACCOUNT, SAVE_CREDITREPORT, READ_Funds Disbursed Between Dates Summary, READ_IMPORT, RELEASEAMOUNT_SAVINGSACCOUNT, READ_SAVINGSPRODUCT, ALLOCATECASHIER_TELLER_CHECKER, SAVECOLLECTIONSHEET_GROUP, CREATE_DATATABLE_CHECKER, READ_OFFICE, BLOCK_SAVINGSACCOUNT, CREATE_HOLIDAY_CHECKER, DELETE_ADHOC_CHECKER, CREATE_TAXGROUP_CHECKER, CONTRACT_TERMINATION_UNDO_LOAN, CLOSE_GSIMACCOUNT, start_loan_comittee, CREATE_GUARANTOR, CHANGEPWD_USER, UPDATE_FIXEDDEPOSITACCOUNT_CHECKER, ACTIVATE_SAVINGSACCOUNT_CHECKER]]
[2m2026-02-17 11:22:15.742[0;39m [32m-DEBUG[0;39m [35m88555[0;39m [32m[0;39m [        default] [2m---[0;39m [2m[nio-8443-exec-3][0;39m [36mo.a.f.i.c.filters.RequestResponseFilter [0;39m [2m:[0;39m Received request: [GET], [/fineract-provider/api/v1/pending-steps]
[2m2026-02-17 11:22:15.884[0;39m [32m-DEBUG[0;39m [35m88555[0;39m [32m[0;39m [        default] [2m---[0;39m [2m[nio-8443-exec-1][0;39m [36m.f.u.s.PermissionReadPlatformServiceImpl[0;39m [2m:[0;39m retrieveAllRolePermissions: select p.grouping, p.code, p.entity_name as entityName, p.action_name as actionName, rp.role_id IS NOT NULL as selected  from m_permission p  left join m_role_permission rp on rp.permission_id = p.id and rp.role_id = ?  order by p.grouping, COALESCE(entity_name, ''), p.code
[2m2026-02-17 11:22:15.980[0;39m [32m-DEBUG[0;39m [35m88555[0;39m [32m[0;39m [        default] [2m---[0;39m [2m[nio-8443-exec-7][0;39m [36mo.a.f.i.c.filters.RequestResponseFilter [0;39m [2m:[0;39m Sent response: [200] for [GET], [/fineract-provider/api/v1/notifications]
[2m2026-02-17 11:22:15.980[0;39m [32m-DEBUG[0;39m [35m88555[0;39m [32m[0;39m [        default] [2m---[0;39m [2m[nio-8443-exec-4][0;39m [36mo.a.f.i.c.filters.RequestResponseFilter [0;39m [2m:[0;39m Sent response: [200] for [GET], [/fineract-provider/api/v1/configurations/name/enable-business-date]
[2m2026-02-17 11:22:15.980[0;39m [32m-DEBUG[0;39m [35m88555[0;39m [32m[0;39m [        default] [2m---[0;39m [2m[io-8443-exec-10][0;39m [36mo.a.f.i.c.filters.RequestResponseFilter [0;39m [2m:[0;39m Sent response: [200] for [GET], [/fineract-provider/api/v1/notifications]
[2m2026-02-17 11:22:15.980[0;39m [32m-DEBUG[0;39m [35m88555[0;39m [32m[0;39m [        default] [2m---[0;39m [2m[nio-8443-exec-6][0;39m [36mo.a.f.i.c.filters.RequestResponseFilter [0;39m [2m:[0;39m Sent response: [200] for [GET], [/fineract-provider/api/v1/notifications]
[2m2026-02-17 11:22:15.981[0;39m [32m-DEBUG[0;39m [35m88555[0;39m [32m[0;39m [      no-tenant] [2m---[0;39m [2m[nio-8443-exec-7][0;39m [36ms.f.TenantAwareBasicAuthenticationFilter[0;39m [2m:[0;39m {"startTime":1771348934095,"totalTime":1886,"method":"GET","url":"https://localhost:8443/fineract-provider/api/v1/notifications","parameters":{"isRead":["false"],"limit":["9"]}}
[2m2026-02-17 11:22:15.981[0;39m [32m-DEBUG[0;39m [35m88555[0;39m [32m[0;39m [      no-tenant] [2m---[0;39m [2m[nio-8443-exec-6][0;39m [36ms.f.TenantAwareBasicAuthenticationFilter[0;39m [2m:[0;39m {"startTime":1771348934095,"totalTime":1885,"method":"GET","url":"https://localhost:8443/fineract-provider/api/v1/notifications","parameters":{"isRead":["true"],"limit":["9"]}}
[2m2026-02-17 11:22:15.981[0;39m [32m-DEBUG[0;39m [35m88555[0;39m [32m[0;39m [      no-tenant] [2m---[0;39m [2m[io-8443-exec-10][0;39m [36ms.f.TenantAwareBasicAuthenticationFilter[0;39m [2m:[0;39m {"startTime":1771348934095,"totalTime":1886,"method":"GET","url":"https://localhost:8443/fineract-provider/api/v1/notifications","parameters":{"isRead":["false"],"limit":["9"]}}
[2m2026-02-17 11:22:15.983[0;39m [32m-DEBUG[0;39m [35m88555[0;39m [32m[0;39m [      no-tenant] [2m---[0;39m [2m[nio-8443-exec-4][0;39m [36ms.f.TenantAwareBasicAuthenticationFilter[0;39m [2m:[0;39m {"startTime":1771348934096,"totalTime":1887,"method":"GET","url":"https://localhost:8443/fineract-provider/api/v1/configurations/name/enable-business-date","parameters":{}}
[2m2026-02-17 11:22:16.027[0;39m [32m-DEBUG[0;39m [35m88555[0;39m [32m[0;39m [        default] [2m---[0;39m [2m[nio-8443-exec-1][0;39m [36mo.a.f.i.c.filters.RequestResponseFilter [0;39m [2m:[0;39m Sent response: [200] for [GET], [/fineract-provider/api/v1/roles/5/permissions]
[2m2026-02-17 11:22:16.027[0;39m [32m-DEBUG[0;39m [35m88555[0;39m [32m[0;39m [      no-tenant] [2m---[0;39m [2m[nio-8443-exec-1][0;39m [36ms.f.TenantAwareBasicAuthenticationFilter[0;39m [2m:[0;39m {"startTime":1771348934096,"totalTime":1931,"method":"GET","url":"https://localhost:8443/fineract-provider/api/v1/roles/5/permissions","parameters":{}}
[2m2026-02-17 11:22:16.083[0;39m [32m-DEBUG[0;39m [35m88555[0;39m [32m[0;39m [        default] [2m---[0;39m [2m[nio-8443-exec-3][0;39m [36mo.a.f.i.c.filters.RequestResponseFilter [0;39m [2m:[0;39m Sent response: [200] for [GET], [/fineract-provider/api/v1/pending-steps]
[2m2026-02-17 11:22:16.083[0;39m [32m-DEBUG[0;39m [35m88555[0;39m [32m[0;39m [      no-tenant] [2m---[0;39m [2m[nio-8443-exec-3][0;39m [36ms.f.TenantAwareBasicAuthenticationFilter[0;39m [2m:[0;39m {"startTime":1771348934208,"totalTime":1875,"method":"GET","url":"https://localhost:8443/fineract-provider/api/v1/pending-steps","parameters":{"mySteps":["true"]}}
[2m2026-02-17 11:22:16.594[0;39m [32m-DEBUG[0;39m [35m88555[0;39m [32m[0;39m [        default] [2m---[0;39m [2m[nio-8443-exec-2][0;39m [36ms.f.TenantAwareBasicAuthenticationFilter[0;39m [2m:[0;39m Set SecurityContextHolder to UsernamePasswordAuthenticationToken [Principal=AppUser [username=rob.manager, getId()=9], Credentials=[PROTECTED], Authenticated=true, Details=WebAuthenticationDetails [RemoteIpAddress=0:0:0:0:0:0:0:1, SessionId=null], Granted Authorities=[ALL_FUNCTIONS, UPDATE_INTEREST_PAUSE, DELETE_INTERESTRATECHART_CHECKER, DELETE_CODEVALUE_CHECKER, READ_CHARGE, WITHDRAW_SAVINGSACCOUNT, PREMATURECLOSE_FIXEDDEPOSITACCOUNT_CHECKER, UPDATE_REPORTMAILINGJOB, ACTIVATE_RECURRINGDEPOSITACCOUNT, READ_Staff Assignment History, UPDATE_DOCUMENT, WITHDRAW_LOAN, READ_Active Group Leaders - Email, REJECTTRANSFER_CLIENT, READ_CLIENTCHARGE, APPROVALUNDO_SAVINGSACCOUNT_CHECKER, CREATE_CLIENTCHARGE_CHECKER, UPDATE_TAXCOMPONENT_CHECKER, READ_Active Loans by Disbursal Period, PAY_LOANCHARGE, BULKREASSIGN_LOAN, READ_OFFICE, READ_GLACCOUNT, UPDATE_ADDRESS_CHECKER, UPDATE_DELINQUENCY_TAGS, CREATE_CHARTSLAB_CHECKER, READ_Loan Fully Repaid - Email, POSTINTEREST_SAVINGSACCOUNT, CREATE_SAVINGSACCOUNTCHARGE, READ_INTERTRANSFER, REAGE_LOAN, REJECT_RECURRINGDEPOSITACCOUNT_CHECKER, complete_pending_step, UPDATE_BUSINESS_DATE, CLOSE_SAVINGSACCOUNT, DELETE_ENTITYMAPPING, REPAYMENT_GLIMLOAN, READ_Client Listing, DELETE_CENTER, REJECT_GLIMLOAN, UNDO_REAGE_LOAN, READ_Client Loans Listing, DELETE_LOANNOTE, CREATE_COLLATERAL, WAIVEINTERESTPORTION_LOAN_CHECKER, ACTIVATE_CLIENT_CHECKER, CREATE_STAFFIMAGE_CHECKER, CREATE_CHARGE, DELETE_GUARANTOR, UPDATE_COLLATERAL, UPDATE_REPORT, DELETE_PRODUCTMIX, READ_General Ledger Report, UNDOTRANSACTION_SAVINGSACCOUNT, UPDATE_ADHOC, UPDATE_SAVINGSPRODUCT_CHECKER, UPDATE_GUARANTOR, CREATE_FIXEDDEPOSITPRODUCT_CHECKER, DELETE_CREDITREPORT, UNDOTRANSACTION_FIXEDDEPOSITACCOUNT_CHECKER, PROPOSETRANSFER_CLIENT, READ_ACCOUNTNUMBERFORMAT, UPDATE_CALENDAR, CREATE_COLLATERAL_PRODUCT, CHECKER_SUPER_USER, DELETE_ADDRESS, CREATE_COLLATERAL_CHECKER, CREATE_DATATABLE, REACTIVATE_SMSCAMPAIGN, READ_Funds Disbursed Between Dates Summary by Office, DISABLE_ROLE_CHECKER, READ_Loans Pending Approval(Pentaho), UNASSIGNGESTOR_CLIENT, READ_REPORTMAILINGJOB, REJECTADDITIONALSHARES_SHAREACCOUNT, READ_Funds Disbursed Between Dates Summary by Office(Pentaho), CREATE_PROVISIONENTRIES, CREATE_REPORT, UPDATE_CHARGE_CHECKER, CREATE_GROUP_CHECKER, UPDATE_STANDINGINSTRUCTION , READ_EXTERNAL_EVENT_CONFIGURATION, CREATE_PROVISIONCATEGORY, CREATE_INTERESTRATECHART_CHECKER, UPDATE_COLLATERAL_CHECKER, UPDATE_CLIENT, DELETE_GROUP_CHECKER, READ_HOOK, ACTIVATE_SMSCAMPAIGN, DELETE_STAFFIMAGE_CHECKER, RELEASE_INTERTRANSFER, CREATE_ACCOUNTNUMBERFORMAT, UPDATE_EXTERNAL_EVENT_CONFIGURATION, READ_SMSCAMPAIGN, READ_RECURRINGDEPOSITACCOUNT, CONTRACT_TERMINATION_UNDO_LOAN, REAMORTIZE_LOAN, UPDATE_FIXEDDEPOSITACCOUNT_CHECKER, UPDATE_FUND_CHECKER, READ_Loans disbursed to clients - Email, UPDATE_TWOFACTOR_CONFIGURATION, DELETE_COLLATERAL_PRODUCT, DEREGISTER_DATATABLE, DEPOSIT_FIXEDDEPOSITACCOUNT_CHECKER, PAY_CLIENTCHARGE, UPDATE_COLLECTIONSHEET, APPROVALUNDO_LOAN, BOUNCE_REPAYMENT_WITH_POSTDATEDCHECKS, APPLYANNUALFEE_SAVINGSACCOUNT, READ_Loan Account Schedule, ACTIVATE_RECURRINGDEPOSITACCOUNT_CHECKER, READ_LoanCyclePerProduct, DELETE_CLIENTCHARGE_CHECKER, DELETE_ENTITY_DATATABLE_CHECK, REMOVESAVINGSOFFICER_SAVINGSACCOUNT_CHECKER, CLOSE_CENTER_CHECKER, CREATE_CASHIER_SESSIONS, READ_Active Loans Passed Final Maturity, READ_Portfolio at Risk, READ_LoanTrendsByWeek, REPORTING_SUPER_USER, CREATE_CLIENTNOTE, UPDATE_REPORT_CHECKER, CREATE_GLCLOSURE, UPDATE_RATE, UPDATE_USER_CHECKER, DELETE_SMS_CHECKER, ADJUST_LOAN, REJECT_SAVINGSACCOUNT, CREATE_REPORTMAILINGJOB, READ_AUDIT, PAY_CLIENTCHARGE_CHECKER, DELETE_CHARGE, UPDATE_FIXEDDEPOSITACCOUNT, CREATE_INTERTRANSFER, UPDATE_CLIENTIDENTIFIER, READ_GROUP, READ_GroupSummaryCounts, ASSOCIATECLIENTS_GROUP, UNBLOCKDEBIT_SAVINGSACCOUNT, READ_Income Statement, FORECLOSURE_LOAN_CHECKER, POSTINTEREST_FIXEDDEPOSITACCOUNT, INACTIVATE_SAVINGSACCOUNTCHARGE_CHECKER, DELETE_DOCUMENT_CHECKER, READ_STANDINGINSTRUCTION , DELETE_SAVINGSACCOUNT_CHECKER, REJECT_RECURRINGDEPOSITACCOUNT, WITHDRAW_FIXEDDEPOSITACCOUNT_CHECKER, UNBLOCKCREDIT_SAVINGSACCOUNT_CHECKER, INTERESTPAYMENTWAIVER_LOAN, DISBURSALUNDO_LOAN, see_loan_comittee, READ_Client Loans Listing(Pentaho), UPDATE_REPAYMENT_WITH_POSTDATEDCHECKS, DISABLE_ROLE, UPDATE_CLIENTCHARGE_CHECKER, CREATE_ROLE, LINK_ACCOUNT_TO_POCKET, DELETE_REPORTMAILINGJOB, DELETE_SMSCAMPAIGN, READ_Expected Payments By Date - Basic, CREATE_FUND_CHECKER, READ_CODE, BLOCKCREDIT_SAVINGSACCOUNT_CHECKER, DELETE_CLIENTIDENTIFIER_CHECKER, UPDATE_FIXEDDEPOSITPRODUCT_CHECKER, CREATE_SAVINGSACCOUNT, DELETE_SAVINGSACCOUNTCHARGE, DELETE_PROVISIONCRITERIA, REACTIVATE_CLIENT, READ_CENTER, DELETE_OFFICETRANSACTION, ASSIGNSTAFF_CLIENT, UPDATE_SAVINGSPRODUCT, UPDATE_PROVISIONCATEGORY, DELETE_CLIENTIDENTIFIER, CREATE_JOURNALENTRY_CHECKER, UPDATE_CHARTSLAB, DELETE_SSBENEFICIARYTPT, DELETE_REPORT_CHECKER, CREATE_CENTER, CREATE_ACCOUNTTRANSFER_CHECKER, REVERSETRANSACTION_SAVINGSACCOUNT, REJECTTRANSFER_CLIENT_CHECKER, ALLOCATECASHIER_TELLER, REJECT_SHAREACCOUNT, CREATE_CODEVALUE, DELETE_PROVISIONCATEGORY, CREATE_CALENDAR_CHECKER, READ_FAMILYMEMBERS, WITHDRAWAL_SAVINGSACCOUNT_CHECKER, UPDATE_DELINQUENCY_RANGE, HOLDAMOUNT_SAVINGSACCOUNT, ACCEPTTRANSFER_CLIENT, UPDATE_SHAREACCOUNT, UPDATE_RECURRINGDEPOSITACCOUNT_CHECKER, READ_INTERQUOTE, INACTIVATE_CLIENTCHARGE_CHECKER, DELETE_LOAN, UPDATE_ACCOUNTNUMBERFORMAT, CREATE_STAFF, READ_Written-Off Loans(Pentaho), CREATE_SMS_CHECKER, CREATE_SAVINGNOTE, start_pending_flow, UNDOCHARGEOFF_LOAN, UNDOTRANSACTION_CLIENT_CHECKER, DELETE_CHARGE_CHECKER, UPDATE_TAXGROUP, CLOSE_LOAN, READ_CODEVALUE, POSTINTEREST_FIXEDDEPOSITACCOUNT_CHECKER, READ_IMPORT, POSTINTERESTASONDATE_SAVINGSACCOUNT, UPDATE_ENTITYMAPPING, CLOSE_GROUP, APPROVE_FIXEDDEPOSITACCOUNT, READ_STAFFIMAGE, UPDATE_OFFICE, READ_CACHE, DELETE_EMAIL_CAMPAIGN_CHECKER, CREATE_TELLER, DELETE_OFFICE_CHECKER, DELETE_LOANCHARGE, APPROVE_GLIMLOAN, CREDITBALANCEREFUND_LOAN, APPROVE_DIVIDEND_SHAREPRODUCT_CHECKER, READ_Aging Summary (Arrears in Weeks), PREPARE_INTERTRANSFER, UPDATE_GSIMACCOUNT, DELETE_COLLATERAL_CHECKER, READ_COLLATERAL, CREATE_HOLIDAY_CHECKER, UPDATE_CURRENCY_CHECKER, create_pending_flow_blueprint, READ_TxnRunningBalances, REJECT_CLIENT_CHECKER, UNASSIGNSTAFF_GROUP_CHECKER, UPDATE_DISBURSEMENTDETAIL, READ_BUSINESS_DATE, UPDATE_TELLER, DELETE_LOANPRODUCT, REACTIVATE_CLIENT_CHECKER, UPDATE_SMS, UPDATE_SMS_CHECKER, REGISTER_DATATABLE_CHECKER, CREATE_OFFICETRANSACTION_CHECKER, CREATE_JOURNALENTRY, READ_EMAIL_CAMPAIGN, CREATE_USER_CHECKER, CREATE_ADHOC_CHECKER, UPDATE_LOANCHARGE, CREATE_FIXEDDEPOSITACCOUNT_CHECKER, PROPOSETRANSFER_CLIENT_CHECKER, CREATE_INTEREST_PAUSE, ASSIGNROLE_GROUP, READ_Active Loans in last installment Summary(Pentaho), READ_Client Saving Transactions, UPDATE_MEETING, DISBURSETOSAVINGS_LOAN, DELETE_LOANCHARGE_CHECKER, READ_GUARANTOR, BLOCK_SAVINGSACCOUNT_CHECKER, CREATE_TAXGROUP_CHECKER, UPDATE_FAMILYMEMBERS, UPDATEWITHHOLDTAX_SAVINGSACCOUNT, DELETE_EMAIL, UNDOTRANSACTION_RECURRINGDEPOSITACCOUNT_CHECKER, READ_STAFF, CALCULATEINTEREST_FIXEDDEPOSITACCOUNT_CHECKER, CALCULATEINTEREST_RECURRINGDEPOSITACCOUNT_CHECKER, READ_RATE_CHECKER, UPDATE_EXTERNAL_ASSET_OWNER_LOAN_PRODUCT_ATTRIBUTE, APPROVALUNDO_RECURRINGDEPOSITACCOUNT, DELETE_GROUPNOTE, UPDATE_FIXEDDEPOSITPRODUCT, READ_RESCHEDULELOAN, CREATE_SMSCAMPAIGN_CHECKER, CREATE_EMAIL_CAMPAIGN_CHECKER, REVERSETRANSACTION_SAVINGSACCOUNT_CHECKER, CREATE_FLOATINGRATE_CHECKER, DELETE_ADDRESS_CHECKER, DELETE_OFFICETRANSACTION_CHECKER, CREATE_FIXEDDEPOSITACCOUNT, BLOCKDEBIT_SAVINGSACCOUNT, SAVE_COLLECTIONSHEET, DISBURSALLASTUNDO_LOAN_CHECKER, READ_Loan Payments Due (Overdue Loans) - Email, READ_LOANTRANSACTIONNOTE, READ_ChildrenStaffList, DISBURSE_GLIMLOAN, CREATE_RESCHEDULELOAN, DELETECASHIERALLOCATION_TELLER_CHECKER, DELETE_SAVINGNOTE, DELETE_CLIENT, ACTIVATE_SAVINGSACCOUNT_CHECKER, CALCULATEINTEREST_SAVINGSACCOUNT, READ_Aging Summary (Arrears in Months)(Pentaho), UPDATE_CODEVALUE_CHECKER, DELETE_TEMPLATE, READ_GroupSavingSummary, REFUNDBYCASH_LOAN_CHECKER, CLOSE_RECURRINGDEPOSITACCOUNT_CHECKER, UNDOTRANSACTION_CLIENT, UPDATE_BATCH_BUSINESS_STEP, READ_SMS, DELETE_HOLIDAY, CREATE_SMS, UPDATE_HOLIDAY_CHECKER, ACTIVATE_SHAREACCOUNT, UPDATESAVINGSACCOUNT_CLIENT, DELETE_LOAN_COLLATERAL_PRODUCT, CONTRACT_TERMINATION_LOAN, READ_Obligation Met Loans Details(Pentaho), CREATE_GROUPNOTE_CHECKER, APPROVALUNDO_SAVINGSACCOUNT, READ_FieldAgentStats, CREATE_SAVINGNOTE_CHECKER, UPDATE_INTERESTRATECHART_CHECKER, READ_Obligation Met Loans Summary, BUYBACK_LOAN, BUYDOWNFEEADJUSTMENT_LOAN, UPDATE_LIKELIHOOD, READ_FIXEDDEPOSITPRODUCT, RELEASEAMOUNT_SAVINGSACCOUNT, DELETE_USER_CHECKER, REPAYMENT_LOAN, READ_GroupSummaryAmounts, DELETE_FIXEDDEPOSITPRODUCT_CHECKER, READ_Balance Outstanding, GET_CREDITREPORT, ADJUSTTRANSACTION_SAVINGSACCOUNT, READ_TxnRunningBalances(Pentaho), READ_OFFICETRANSACTION, DELETE_ACCOUNTNUMBERFORMAT, CREATE_INTERID, CREATE_PRODUCTMIX, CREATE_CODEVALUE_CHECKER, CREATE_FLOATINGRATE, update_pending_step, CREATE_SAVINGSACCOUNTCHARGE_CHECKER, REJECT_CLIENT, WAIVE_CLIENTCHARGE_CHECKER, CLOSE_EMAIL_CAMPAIGN, CLOSE_CLIENT_CHECKER, ACTIVATE_HOLIDAY_CHECKER, APPROVALUNDO_RECURRINGDEPOSITACCOUNT_CHECKER, DELETE_DATATABLE, CLOSE_SHAREACCOUNT, UPDATE_TAXGROUP_CHECKER, CREATE_EMAIL, UPDATE_CALENDAR_CHECKER, UPDATE_CENTER, READ_Active Clients - Email, DELETE_FINANCIALACTIVITYACCOUNT, WAIVE_CLIENTCHARGE, SETTLECASHFROMCASHIER_TELLER_CHECKER, DELETE_REPORT, DELETE_CODE_CHECKER, READ_Happy Birthday - Email, SAVEORUPDATEATTENDANCE_MEETING, APPROVE_RESCHEDULELOAN, CREATE_SAVINGSACCOUNT_CHECKER, PROPOSEANDACCEPTTRANSFER_CLIENT, DELETE_TELLER_CHECKER, APPROVE_LOAN, DISASSOCIATEGROUPS_CENTER, CREATE_TAXGROUP, CREATE_GUARANTOR, APPROVE_RECURRINGDEPOSITACCOUNT, CREATE_CLIENT_COLLATERAL_PRODUCT, DELETE_STAFF, CLOSE_FIXEDDEPOSITACCOUNT_CHECKER, READ_Portfolio at Risk(Pentaho), UPDATEDEPOSITAMOUNT_RECURRINGDEPOSITACCOUNT, UPDATE_GLACCOUNT, UPDATE_CLIENTCHARGE, DELETE_DELINQUENCY_BUCKET, UPDATE_CHARTSLAB_CHECKER, REJECT_LOAN, WITHDRAW_CLIENT, DELETE_FIXEDDEPOSITACCOUNT, DISASSOCIATEGROUPS_CENTER_CHECKER, WRITEOFF_LOAN_CHECKER, CREATE_CREDITBUREAU_LOANPRODUCT_MAPPING, CHARGEBACK_LOAN, CREATE_EXTERNAL_ASSET_OWNER_LOAN_PRODUCT_ATTRIBUTE, UPDATE_GROUP_CHECKER, READ_Active Loans Passed Final Maturity(Pentaho), DELETE_CODE, READ_Trial Balance, WITHDRAWAL_RECURRINGDEPOSITACCOUNT_CHECKER, UPDATE_EMAIL_CAMPAIGN, PROPOSEANDACCEPTTRANSFER_CLIENT_CHECKER, APPROVALUNDO_LOAN_CHECKER, READ_ProgramStats, UNDO_REAMORTIZE_LOAN, READ_GLCLOSURE, CLOSEASRESCHEDULED_LOAN, READ_Loans in arrears - Email, READ_Aging Summary (Arrears in Months), VIEW_CASHIER_SESSIONS, WITHDRAWAL_FIXEDDEPOSITACCOUNT_CHECKER, DELETE_LOANNOTE_CHECKER, DISASSOCIATECLIENTS_GROUP, DELETECASHIERALLOCATION_TELLER, REMOVELOANOFFICER_LOAN_CHECKER, CREATE_CLIENT_CHECKER, UPDATE_LOANTRANSACTIONNOTE, READ_Funds Disbursed Between Dates Summary, DELETE_SMSCAMPAIGN_CHECKER, ACTIVATE_FIXEDDEPOSITACCOUNT_CHECKER, UPDATE_LOANPRODUCT_CHECKER, create_loan_comittee, UNASSIGNSTAFF_CLIENT, READ_RECURRINGDEPOSITPRODUCT, ASSIGNSTAFF_GROUP, READ_Funds Disbursed Between Dates Summary(Pentaho), CREATE_SSBENEFICIARYTPT, ADJUSTTRANSACTION_FIXEDDEPOSITACCOUNT, DELETE_USER, CREATE_DIVIDEND_SHAREPRODUCT_CHECKER, UPDATE_CONFIGURATION_CHECKER, DELETE_CLIENT_CHECKER, READ_Disbursal Report, DELETE_INTEREST_PAUSE, READ_FUND, UPDATE_TAXCOMPONENT, UPDATE_LOANPRODUCT, CREATE_RECURRINGDEPOSITPRODUCT_CHECKER, ASSIGNGESTOR_CLIENT, CREATE_FINANCIALACTIVITYACCOUNT, READ_Loan Payments Received (Overdue Loans) - Email, UPDATELOANOFFICER_LOAN, DELETE_INTERESTRATECHART, BLOCKCREDIT_SAVINGSACCOUNT, CREATE_USER, SAVECOLLECTIONSHEET_GROUP, INACTIVATE_CLIENTCHARGE, DOWNPAYMENT_LOAN, READ_SAVINGSACCOUNTCHARGE, READ_Loan Rejected - Email, DELETE_STAFF_CHECKER, DEFINEOPENINGBALANCE_JOURNALENTRY_CHECKER, UPDATE_PERMISSION_CHECKER, READ_Aging Detail(Pentaho), CREATE_ACCOUNTTRANSFER, READ_Branch Expected Cash Flow, READ_Loans Awaiting Disbursal(Pentaho), CREATE_ACCOUNTINGRULE, CALCULATEINTEREST_FIXEDDEPOSITACCOUNT, CREATE_MEETING, DELETE_SAVINGSACCOUNT, CREATE_GUARANTOR_CHECKER, READ_LoanTrendsByMonth, READTRANSACTION_CLIENT, CLOSE_LOAN_CHECKER, CREATE_STANDINGINSTRUCTION , POSTINTERESTASONDATE_SAVINGSACCOUNT_CHECKER, BYPASS_LOAN_WRITE_PROTECTION, UPDATE_INTERESTRATECHART, DELETESCHEDULEEXCEPTIONS_LOAN, READ_DIVIDEND_SHAREPRODUCT, UPDATE_ROLE_CHECKER, REFUNDBYCASH_LOAN, UPDATE_EMAIL, REMOVESAVINGSOFFICER_SAVINGSACCOUNT, CREATE_TAXCOMPONENT_CHECKER, ALL_FUNCTIONS_READ, BULKREASSIGN_LOAN_CHECKER, UPDATERUNNINGBALANCE_JOURNALENTRY, RECOVERGUARANTEES_LOAN, DELETE_CLIENT_COLLATERAL_PRODUCT, ACTIVATE_SAVINGSACCOUNT, CANCEL_ASSET_OWNER_TRANSACTION, WITHDRAW_SAVINGSACCOUNT_CHECKER, DELETE_ROLE, READ_Rescheduled Loans(Pentaho), CREATE_LOANNOTE, APPROVE_GSIMACCOUNT, CREATE_DELINQUENCY_ACTION, DELETE_INTERID, UPDATE_FUND, DELETE_CALENDAR, start_loan_comittee, UPDATEOPENINGBALANCE_JOURNALENTRY, DELETE_RECURRINGDEPOSITPRODUCT_CHECKER, GOODWILLCREDIT_LOAN, POSTINTEREST_SAVINGSACCOUNT_CHECKER, CREATE_EMAIL_CHECKER, DELETE_LOANTRANSACTIONNOTE_CHECKER, UPDATE_RECURRINGDEPOSITACCOUNT, READ_Active Loans in last installment Summary, APPLYADDITIONALSHARES_SHAREACCOUNT, UPDATE_EMAIL_CHECKER, UPDATE_GLCLOSURE, UPDATE_CLIENTNOTE_CHECKER, DELETE_FUND_CHECKER, CLOSE_RECURRINGDEPOSITACCOUNT, UPDATEDELINQUENCY_LOAN, DELETE_DIVIDEND_SHAREPRODUCT, CHARGEOFF_LOAN, READ_PASSWORD_PREFERENCES, CREATE_SHAREPRODUCT, UPDATE_TEMPLATE, READ_EMAIL_CONFIGURATION, CREATE_LOANTRANSACTIONNOTE, APPROVE_SAVINGSACCOUNT_CHECKER, APPROVEADDITIONALSHARES_SHAREACCOUNT, UPDATE_GUARANTOR_CHECKER, ACTIVATE_GSIMACCOUNT, ASSOCIATEGROUPS_CENTER, CREATE_LOANTRANSACTIONNOTE_CHECKER, READ_Aging Summary (Arrears in Weeks)(Pentaho), READ_Obligation Met Loans Summary(Pentaho), RELEASEAMOUNT_SAVINGSACCOUNT_CHECKER, DELETE_LOANTRANSACTIONNOTE, APPROVALUNDO_FIXEDDEPOSITACCOUNT_CHECKER, UPDATE_HOLIDAY, DELETE_HOOK, CREATE_LOANPRODUCT, UNDOTRANSACTION_RECURRINGDEPOSITACCOUNT, BYPASS_TWOFACTOR, CLOSE_FIXEDDEPOSITACCOUNT, ACTIVATE_GROUP, READ_ProgramDirectorStats, READ_CONFIGURATION, DELETE_CLIENTNOTE_CHECKER, CLOSEASRESCHEDULED_LOAN_CHECKER, DELETE_SAVINGSPRODUCT_CHECKER, ADJUSTTRANSACTION_RECURRINGDEPOSITACCOUNT, READ_Active Loans in last installment(Pentaho), REJECT_LOAN_CHECKER, REDEEMSHARES_SHAREACCOUNT, WAIVE_LOANCHARGE_CHECKER, UPDATE_ORGANISATIONCREDITBUREAU, UPDATE_WORKINGDAYS, reports_visibility, CREATE_PROVISIONCRITERIA, ADJUSTMENT_LOANCHARGE, READ_GroupNamesByStaff, READ_WORKINGDAYS, CREATE_STAFF_CHECKER, READ_PRODUCTMIX, UNDOWRITEOFF_LOAN, READ_CLIENTIMAGE, READ_DELINQUENCY_BUCKET, CHANGEPWD_USER, DELETE_LOANPRODUCT_CHECKER, POSTINTEREST_RECURRINGDEPOSITACCOUNT, READ_BranchManagerStats, READ_ClientTrendsByWeek, DISBURSEWITHOUTAUTODOWNPAYMENT_LOAN, READ_Disbursal_Vs_Awaitingdisbursal, READ_TAXCOMPONENT, READ_LOAN, CREATE_CODE_CHECKER, CREATE_TAXCOMPONENT, CREATE_CLIENTIMAGE_CHECKER, DELETE_GLCLOSURE, READ_LOANNOTE, CAPITALIZEDINCOMEADJUSTMENT_LOAN, PAY_SAVINGSACCOUNTCHARGE_CHECKER, READ_Loan Approved - Email, DELETE_MEETING, REVERSE_JOURNALENTRY, CREATE_GLACCOUNT, UPDATE_SMSCAMPAIGN_CHECKER, READ_Client Savings Summary, READ_TWOFACTOR_CONFIGURATION, CREATE_REPORT_CHECKER, ACTIVATE_CENTER_CHECKER, READ_Loan payments due - Email, UPDATE_STANDINGINSTRUCTION, CREATE_ADHOC, DELETE_SAVINGSACCOUNTCHARGE_CHECKER, READ_Active Loan Clients - Email, UPDATE_CLIENT_COLLATERAL_PRODUCT, CREATE_FUND, DELETE_GROUP, READ_SAVINGSACCOUNT, READ_Dormant Prospects - Email, CREATE_RECURRINGDEPOSITACCOUNT_CHECKER, UPDATE_RECURRINGDEPOSITPRODUCT_CHECKER, READ_Loans Outstanding after final instalment date - Email, READ_Active Loans Passed Final Maturity Summary(Pentaho), UPDATE_CODE_CHECKER, ACTIVATE_FIXEDDEPOSITACCOUNT, DELETE_RECURRINGDEPOSITACCOUNT_CHECKER, READ_FINANCIALACTIVITYACCOUNT, READ_CLIENTIDENTIFIER, WITHDRAWTRANSFER_CLIENT, WITHDRAW_FIXEDDEPOSITACCOUNT, SALE_LOAN, INTERMEDIARYSALE_LOAN, DELETE_PAYMENTTYPE, CREATE_SAVINGSPRODUCT_CHECKER, UPDATECASHIERALLOCATION_TELLER_CHECKER, READ_RATE, CALCULATEINTEREST_RECURRINGDEPOSITACCOUNT, CREATE_CLIENTIDENTIFIER_CHECKER, CHARGEREFUND_LOAN, DELETE_ADHOC, READ_Prospective Clients - Email, REGISTER_DATATABLE, UPDATE_SHAREPRODUCT, READ_Active Loans in last installment, READ_TEMPLATE, CREATE_OFFICE_CHECKER, UNDOTRANSACTION_SAVINGSACCOUNT_CHECKER, SETTLECASHFROMCASHIER_TELLER, CREATE_RATE, DELETE_FIXEDDEPOSITPRODUCT, REMOVELOANOFFICER_LOAN, REFUNDBYTRANSFER_ACCOUNTTRANSFER_CHECKER, UPDATE_DATATABLE_CHECKER, WITHDRAWAL_RECURRINGDEPOSITACCOUNT, ALL_FUNCTIONS, DELINK_ACCOUNT_FROM_POCKET, READ_Client Listing(Pentaho), UPDATE_CREDITBUREAU_CONFIGURATION, PREMATURECLOSE_FIXEDDEPOSITACCOUNT, DISBURSE_LOAN, APPROVE_FIXEDDEPOSITACCOUNT_CHECKER, UPDATE_USER, READ_Active Loans - Summary, CLOSE_GROUP_CHECKER, CREATE_EMAIL_CAMPAIGN, DELETE_STANDINGINSTRUCTION , UPDATE_XBRLMAPPING, READ_SAVINGNOTE, READ_Portfolio at Risk by Branch, READ_ProgramDetails, DELETE_EMAIL_CAMPAIGN, SAVE_CREDITREPORT, UPDATE_PASSWORD_PREFERENCES, ACTIVATE_EMAIL_CAMPAIGN, CALCULATEINTEREST_SAVINGSACCOUNT_CHECKER, WITHDRAW_CLIENT_CHECKER, CREATE_CLIENTCHARGE, UPDATEWITHHOLDTAX_SAVINGSACCOUNT_CHECKER, READ_Written-Off Loans, UPDATE_RATE_CHECKER, RECREATE_PROVISIONENTRIES, CREATE_TELLER_CHECKER, UPDATE_STAFF_CHECKER, CREATE_CHARGE_CHECKER, MERCHANTISSUEDREFUND_LOAN, DELETE_ROLE_CHECKER, UPDATE_CURRENCY, PERMISSIONS_ROLE, CREATE_GROUP, DELETE_GUARANTOR_CHECKER, UPDATE_CODEVALUE, READ_Demand_Vs_Collection, TRANSFERCLIENTS_GROUP_CHECKER, DEPOSIT_FIXEDDEPOSITACCOUNT, UPDATE_EXTERNALSERVICES, UPDATE_FLOATINGRATE, DELETE_ADHOC_CHECKER, UPDATE_SAVINGSACCOUNTCHARGE_CHECKER, DEPOSIT_SAVINGSACCOUNT, UPDATE_SAVINGSACCOUNT, CREATE_DOCUMENT, DELETE_DELINQUENCY_RANGE, admin_visibility, UPDATE_DOCUMENT_CHECKER, READ_Balance Sheet, ENABLE_ROLE_CHECKER, UPDATE_PERMISSION, READ_Active Loans - Summary(Pentaho), CREATE_RATE_CHECKER, UPDATE_SAVINGSACCOUNT_CHECKER, UPDATE_ADDRESS, CLOSE_SMSCAMPAIGN, UPDATE_DELINQUENCY_BUCKET, DELETE_FIXEDDEPOSITACCOUNT_CHECKER, UNDOAPPROVAL_GLIMLOAN, APPROVE_RECURRINGDEPOSITACCOUNT_CHECKER, ACTIVATE_CLIENT, CLOSE_SAVINGSACCOUNT_CHECKER, CREATE_CLIENTIMAGE, DELETE_CHARTSLAB_CHECKER, UPDATE_ADHOC_CHECKER, UPDATE_CLIENTNOTE, UNASSIGNROLE_GROUP, ASSOCIATEGROUPS_CENTER_CHECKER, UNDOWITHDRAWAL_CLIENT_CHECKER, DEPOSIT_GSIMACCOUNT, UPDATE_PRODUCTMIX, CLOSE_GSIMACCOUNT, CREATE_HOOK, WRITEOFF_LOAN, DELETE_SMS, READ_CLIENT, DELETE_STAFFIMAGE, REGISTER_SURVEY, DELETE_DIVIDEND_SHAREPRODUCT_CHECKER, CREATE_STANDINGINSTRUCTION, DELETE_CENTER_CHECKER, PREMATURECLOSE_RECURRINGDEPOSITACCOUNT, DELETE_CLIENTIMAGE, DEACTIVATEOVERDUE_LOANCHARGE, READ_Daily Journal Ledger Report, CREATE_LOAN_CHECKER, READ_EMAIL, CREATE_OFFICE, WITHDRAWAL_FIXEDDEPOSITACCOUNT, UPDATE_CONFIGURATION, DELETE_GLACCOUNT, CLOSE_CLIENT, READ_DATATABLE, CREATE_CALENDAR, CREATE_LOAN, CREATE_DELINQUENCY_RANGE, REACTIVATE_EMAIL_CAMPAIGN, READ_Loans Awaiting Disbursal Summary by Month(Pentaho), HOLDAMOUNT_SAVINGSACCOUNT_CHECKER, DELETE_STANDINGINSTRUCTION, UPDATE_RECURRINGDEPOSITPRODUCT, READ_CoordinatorStats, CREATE_CODE, UPDATE_SAVINGNOTE_CHECKER, CREATE_LOANPRODUCT_CHECKER, APPROVE_SHAREACCOUNT, READ_Expected Payments By Date - Formatted, WITHDRAW_RECURRINGDEPOSITACCOUNT, view_pendientes, CAPITALIZEDINCOME_LOAN, CREATE_SMSCAMPAIGN, READ_JOURNALENTRY, ACCEPTTRANSFER_CLIENT_CHECKER, DELETE_CLIENTCHARGE, READ_FLOATINGRATE, UPDATEROLE_GROUP, READ_INTERID, WAIVEINTERESTPORTION_LOAN, DELETE_RECURRINGDEPOSITACCOUNT, CREATE_CREDITBUREAU_CONFIGURATION, DELETE_SAVINGNOTE_CHECKER, CLOSE_CENTER, UNBLOCK_SAVINGSACCOUNT_CHECKER, UNBLOCK_SAVINGSACCOUNT, DEREGISTER_DATATABLE_CHECKER, CREATE_GROUPNOTE, BLOCK_SAVINGSACCOUNT, READ_SSBENEFICIARYTPT, TRANSFERCLIENTS_GROUP, READ_Active Loans Passed Final Maturity Summary, UPDATE_FLOATINGRATE_CHECKER, DELETE_EMAIL_CHECKER, BUYDOWNFEE_LOAN, UNDOREJECT_CLIENT, WAIVE_LOANCHARGE, DEPOSIT_RECURRINGDEPOSITACCOUNT, CREATESCHEDULEEXCEPTIONS_LOAN_CHECKER, CREATE_CLIENT, CREATE_DIVIDEND_SHAREPRODUCT, DELETE_SAVINGSPRODUCT, DELETE_DOCUMENT, DELETE_RECURRINGDEPOSITPRODUCT, ALLOCATECASHTOCASHIER_TELLER_CHECKER, UPDATE_LOAN, PAYOUTREFUND_LOAN, UPDATE_HOOK, FORECLOSURE_LOAN, CREATE_FIXEDDEPOSITPRODUCT, UPDATE_COLLATERAL_PRODUCT, UPDATESAVINGSOFFICER_SAVINGSACCOUNT, UPDATE_CREDITBUREAU_LOANPRODUCT_MAPPING, WAIVE_SAVINGSACCOUNTCHARGE_CHECKER, READ_Active Loan Summary per Branch, READ_TAXGROUP, UPDATE_LOANNOTE, POSTINTEREST_RECURRINGDEPOSITACCOUNT_CHECKER, REJECT_FIXEDDEPOSITACCOUNT, READ_ClientTrendsByDay, CREATE_ADDRESS, READ_ROLE, CREATE_RECURRINGDEPOSITACCOUNT, DELETE_HOLIDAY_CHECKER, UPDATEOPENINGBALANCE_JOURNALENTRY_CHECKER, DELETE_CODEVALUE, CREATE_ADDRESS_CHECKER, UPDATE_CHARGE, ACTIVATE_HOLIDAY, UPDATE_ACCOUNTINGRULE, RECOVERGUARANTEES_LOAN_CHECKER, READ_GROUPNOTE, READ_DELINQUENCY_TAGS, READ_Loans Awaiting Disbursal, CREATE_DELINQUENCY_BUCKET, UPDATE_SCHEDULER, CREATE_PAYMENTTYPE, UPDATE_STAFF, DELETE_DATATABLE_CHECKER, DELETESCHEDULEEXCEPTIONS_LOAN_CHECKER, READ_REPORT, READ_ACCOUNTTRANSFER, CREATE_SHAREACCOUNT, READ_Portfolio at Risk by Branch(Pentaho), DELETE_FAMILYMEMBERS, UPDATE_GROUPNOTE_CHECKER, DELETE_CLIENTIMAGE_CHECKER, DISBURSALUNDO_LOAN_CHECKER, DELETE_CHARTSLAB, READ_USER, CREATE_LOANNOTE_CHECKER, ENABLE_ROLE, READ_Loans Pending Approval, REPAYMENT_LOAN_CHECKER, READ_Loans Awaiting Disbursal Summary, READ_Collection Report, REJECT_SAVINGSACCOUNT_CHECKER, READ_CALENDAR, DELETE_TELLER, READ_Active Loans - Details, READ_Rescheduled Loans, EXECUTEFORSAVINGS, CREATE_PROVISIONJOURNALENTRIES, READ_INTERREQUEST, WITHDRAWAL_SAVINGSACCOUNT, SETFRAUD_LOAN, READ_Obligation Met Loans Details, UPDATE_APPROVED_AMOUNT_LOAN, CREATE_CLIENTNOTE_CHECKER, DISBURSE_LOAN_CHECKER, UNASSIGNSTAFF_GROUP, CREATE_FAMILYMEMBERS, READ_SCHEDULER, APPLYANNUALFEE_SAVINGSACCOUNT_CHECKER, READ_LOANPRODUCT, INACTIVATE_SAVINGSACCOUNTCHARGE, UPDATE_CACHE, READ_ClientSummary , READ_Expected Payments By Date - Basic(Pentaho), UPDATE_CODE, UPDATELOANOFFICER_LOAN_CHECKER, DELETE_CLIENTNOTE, READ_Loan Payments Received (Active Loans) - Email, CREATE_INTERESTRATECHART, WITHDRAW_LOAN_CHECKER, DEFINEOPENINGBALANCE_JOURNALENTRY, UNDODISBURSAL_GLIMLOAN, READ_PERMISSION, EXECUTE_INLINE_JOB, READ_FieldAgentPrograms, UPDATECASHIERALLOCATION_TELLER, READ_Savings Transactions, READ_HOLIDAY, DELETE_GROUPNOTE_CHECKER, CREATE_CLIENTIDENTIFIER, UPDATE_GROUP, PREMATURECLOSE_RECURRINGDEPOSITACCOUNT_CHECKER, EXECUTE_PERIODICACCRUALACCOUNTING, UPDATE_EMAIL_CONFIGURATION, CREATE_INTERQUOTE, UPDATE_WORKINGDAYS_CHECKER, APPROVE_DIVIDEND_SHAREPRODUCT, CREATE_ORGANISATIONCREDITBUREAU, PAY_SAVINGSACCOUNTCHARGE, CREATE_ROLE_CHECKER, CREATE_ENTITY_DATATABLE_CHECK, INVALIDATE_TWOFACTOR_ACCESSTOKEN, CREATE_RECURRINGDEPOSITPRODUCT, ADJUST_LOAN_CHECKER, CREATE_SAVINGSPRODUCT, DELETE_CALENDAR_CHECKER, CREATE_OFFICETRANSACTION, APPROVE_LOAN_CHECKER, CREATE_ENTITYMAPPING, UPDATE_CLIENTIDENTIFIER_CHECKER, DELETE_ACCOUNTINGRULE, CREATE_TEMPLATE, READ_PAYMENTTYPE, UPDATE_OFFICE_CHECKER, update_pending_flow_blueprint, CREATE_CENTER_CHECKER, APPROVALUNDO_FIXEDDEPOSITACCOUNT, READ_Loan Repayment - Email, READ_CLIENTNOTE, UPDATE_LOANCHARGE_CHECKER, UNDOWITHDRAWAL_CLIENT, REJECT_FIXEDDEPOSITACCOUNT_CHECKER, DELETE_FUND, UPDATE_TELLER_CHECKER, WITHDRAWTRANSFER_CLIENT_CHECKER, UPDATEDEPOSITAMOUNT_RECURRINGDEPOSITACCOUNT_CHECKER, UPDATE_CENTER_CHECKER, UNDOREJECT_CLIENT_CHECKER, DELETE_REPAYMENT_WITH_POSTDATEDCHECKS, REJECT_GSIMACCOUNT, ALLOCATECASHIER_TELLER_CHECKER, UNBLOCKCREDIT_SAVINGSACCOUNT, DEPOSIT_SAVINGSACCOUNT_CHECKER, READ_MEETING, UNDOAPPROVAL_SHAREACCOUNT, centers_visibility, UPDATE_ROLE, READ_ClientTrendsByMonth, MANUAL_INTEREST_REFUND_TRANSACTION_LOAN, UPDATE_FINANCIALACTIVITYACCOUNT, UNBLOCKDEBIT_SAVINGSACCOUNT_CHECKER, CREATE_HOLIDAY, WITHDRAW_RECURRINGDEPOSITACCOUNT_CHECKER, UNDOTRANSACTION_FIXEDDEPOSITACCOUNT, READ_COLLECTIONSHEET, UPDATESAVINGSOFFICER_SAVINGSACCOUNT_CHECKER, READ_DOCUMENT, ACTIVATE_GROUP_CHECKER, UPDATE_SAVINGSACCOUNTCHARGE, CREATE_GSIMACCOUNT, DELETE_COLLATERAL, UPDATE_LOANTRANSACTIONNOTE_CHECKER, UPDATE_GROUPNOTE, READ_SAVINGSPRODUCT, ALLOCATECASHTOCASHIER_TELLER, UPDATE_PAYMENTTYPE, UPDATE_DATATABLE, REFUNDBYTRANSFER_ACCOUNTTRANSFER, UPDATE_PROVISIONCRITERIA, READ_ENTITY_DATATABLE_CHECK, ACTIVATE_CENTER, DISBURSALLASTUNDO_LOAN, UPDATE_EMAIL_CAMPAIGN_CHECKER, CREATE_LOANCHARGE, CREATE_LOANCHARGE_CHECKER, CREATE_CHARTSLAB, READ_LoanTrendsByDay, UPDATE_LOANNOTE_CHECKER, DELETE_LOAN_CHECKER, READ_FIXEDDEPOSITACCOUNT, READ_ADDRESS, READ_Active Loans by Disbursal Period(Pentaho), UPDATE_LOAN_CHECKER, UPDATE_SAVINGNOTE, CREATE_INTERREQUEST, READ_Aging Detail, READ_Loans Awaiting Disbursal Summary by Month, APPROVALUNDO_GSIMACCOUNT, UPDATE_PASSWORD_PREFERENCES_CHECKER, UNDO_WAIVECHARGE, CREATE_DATATABLE_CHECKER, READ_ACCOUNTINGRULE, UPDATE_SMSCAMPAIGN, UPDATE_CLIENT_CHECKER, APPROVE_SAVINGSACCOUNT, CREATESCHEDULEEXCEPTIONS_LOAN, accounting_visibility, SAVECOLLECTIONSHEET_CENTER, READ_Loans Awaiting Disbursal Summary(Pentaho), BLOCKDEBIT_SAVINGSACCOUNT_CHECKER, CREATE_DOCUMENT_CHECKER, REJECT_RESCHEDULELOAN, DEPOSIT_RECURRINGDEPOSITACCOUNT_CHECKER, READ_CURRENCY, CREATE_STAFFIMAGE, WAIVE_SAVINGSACCOUNTCHARGE, EXECUTEJOB_SCHEDULER, READ_Client Loan Account Schedule, UPDATE_SSBENEFICIARYTPT, RECOVERYPAYMENT_LOAN]]
[2m2026-02-17 11:22:16.595[0;39m [32m-DEBUG[0;39m [35m88555[0;39m [32m[0;39m [        default] [2m---[0;39m [2m[nio-8443-exec-2][0;39m [36mo.a.f.i.c.filters.RequestResponseFilter [0;39m [2m:[0;39m Received request: [GET], [/fineract-provider/api/v1/notifications]
[2m2026-02-17 11:22:16.647[0;39m [32m-DEBUG[0;39m [35m88555[0;39m [32m[0;39m [        default] [2m---[0;39m [2m[nio-8443-exec-2][0;39m [36mo.a.f.i.c.filters.RequestResponseFilter [0;39m [2m:[0;39m Sent response: [200] for [GET], [/fineract-provider/api/v1/notifications]
[2m2026-02-17 11:22:16.652[0;39m [32m-DEBUG[0;39m [35m88555[0;39m [32m[0;39m [      no-tenant] [2m---[0;39m [2m[nio-8443-exec-2][0;39m [36ms.f.TenantAwareBasicAuthenticationFilter[0;39m [2m:[0;39m {"startTime":1771348936141,"totalTime":506,"method":"GET","url":"https://localhost:8443/fineract-provider/api/v1/notifications","parameters":{"isRead":["true"],"limit":["9"]}}
[2m2026-02-17 11:22:16.659[0;39m [32m-DEBUG[0;39m [35m88555[0;39m [32m[0;39m [        default] [2m---[0;39m [2m[nio-8443-exec-5][0;39m [36ms.f.TenantAwareBasicAuthenticationFilter[0;39m [2m:[0;39m Set SecurityContextHolder to UsernamePasswordAuthenticationToken [Principal=AppUser [username=rob.manager, getId()=9], Credentials=[PROTECTED], Authenticated=true, Details=WebAuthenticationDetails [RemoteIpAddress=0:0:0:0:0:0:0:1, SessionId=null], Granted Authorities=[ALL_FUNCTIONS, UPDATE_HOLIDAY, READ_Active Loans Passed Final Maturity Summary, start_loan_comittee, READ_Active Loans - Summary(Pentaho), READ_Demand_Vs_Collection, UPDATE_SAVINGSPRODUCT_CHECKER, DELETE_CHARGE, ALLOCATECASHIER_TELLER, CREATE_CODE, CREATE_CLIENT_CHECKER, DELETE_HOLIDAY_CHECKER, READ_INTERTRANSFER, POSTINTEREST_RECURRINGDEPOSITACCOUNT_CHECKER, centers_visibility, CREATE_USER_CHECKER, READ_PERMISSION, WAIVEINTERESTPORTION_LOAN, DELETE_PAYMENTTYPE, RECOVERGUARANTEES_LOAN_CHECKER, CREATE_SAVINGNOTE_CHECKER, CREATE_CLIENTIDENTIFIER_CHECKER, UPDATE_ADHOC, EXECUTE_INLINE_JOB, BULKREASSIGN_LOAN, UPDATEWITHHOLDTAX_SAVINGSACCOUNT_CHECKER, CREATE_FUND, UNDOTRANSACTION_CLIENT, CREATE_ACCOUNTTRANSFER_CHECKER, CREATESCHEDULEEXCEPTIONS_LOAN, READ_CENTER, CREATE_GROUPNOTE_CHECKER, CREATE_CODEVALUE_CHECKER, READ_SCHEDULER, REGISTER_DATATABLE, UPDATE_ADHOC_CHECKER, CLOSE_SMSCAMPAIGN, READ_Income Statement, READ_Loans Awaiting Disbursal Summary by Month(Pentaho), UPDATE_COLLATERAL_PRODUCT, UPDATE_ADDRESS_CHECKER, SETTLECASHFROMCASHIER_TELLER, READ_Portfolio at Risk, UPDATE_TWOFACTOR_CONFIGURATION, SAVEORUPDATEATTENDANCE_MEETING, READ_EMAIL, UPDATE_CENTER, REAGE_LOAN, READ_Written-Off Loans, POSTINTEREST_SAVINGSACCOUNT, DEPOSIT_GSIMACCOUNT, CREATE_SAVINGSACCOUNTCHARGE, UNBLOCKDEBIT_SAVINGSACCOUNT_CHECKER, WITHDRAW_LOAN_CHECKER, CALCULATEINTEREST_RECURRINGDEPOSITACCOUNT_CHECKER, UPDATE_LOANPRODUCT_CHECKER, CLOSE_SAVINGSACCOUNT, DISBURSALUNDO_LOAN, READ_Client Saving Transactions, UPDATE_CHARGE, UPDATE_CENTER_CHECKER, DELETE_EMAIL_CHECKER, DELETE_COLLATERAL_CHECKER, READ_TEMPLATE, RECOVERGUARANTEES_LOAN, READ_Active Loans in last installment Summary(Pentaho), CREATE_PROVISIONJOURNALENTRIES, DELETE_CODEVALUE, DELETE_GROUP, UPDATE_USER, CREATE_SAVINGSACCOUNT, REJECT_RECURRINGDEPOSITACCOUNT_CHECKER, UPDATE_COLLATERAL_CHECKER, CREATE_SMSCAMPAIGN, READ_Rescheduled Loans, UPDATE_CODE, DISABLE_ROLE_CHECKER, CALCULATEINTEREST_FIXEDDEPOSITACCOUNT, UNDODISBURSAL_GLIMLOAN, DISASSOCIATEGROUPS_CENTER, UPDATE_PASSWORD_PREFERENCES, UPDATE_SAVINGSPRODUCT, CLOSE_FIXEDDEPOSITACCOUNT_CHECKER, DELETE_REPORTMAILINGJOB, RECREATE_PROVISIONENTRIES, CREATE_RATE, APPROVE_RECURRINGDEPOSITACCOUNT, ENABLE_ROLE_CHECKER, READ_CoordinatorStats, DELETE_GLACCOUNT, UNBLOCK_SAVINGSACCOUNT_CHECKER, REACTIVATE_CLIENT_CHECKER, READ_SAVINGSPRODUCT, DELETE_PRODUCTMIX, UPDATE_RECURRINGDEPOSITPRODUCT, BLOCK_SAVINGSACCOUNT_CHECKER, DELETE_SAVINGSACCOUNT_CHECKER, READ_CHARGE, READ_LoanTrendsByDay, UPDATE_REPAYMENT_WITH_POSTDATEDCHECKS, UPDATE_STAFF_CHECKER, CREATE_FINANCIALACTIVITYACCOUNT, DELETESCHEDULEEXCEPTIONS_LOAN, READ_Active Loans in last installment(Pentaho), READ_Funds Disbursed Between Dates Summary(Pentaho), UPDATE_REPORT, APPROVE_GLIMLOAN, DELETE_CALENDAR_CHECKER, INTERMEDIARYSALE_LOAN, DISBURSETOSAVINGS_LOAN, UPDATE_EMAIL_CONFIGURATION, WRITEOFF_LOAN, CONTRACT_TERMINATION_UNDO_LOAN, CREATE_SMS, CREATE_CALENDAR_CHECKER, READTRANSACTION_CLIENT, PAYOUTREFUND_LOAN, INACTIVATE_CLIENTCHARGE_CHECKER, INVALIDATE_TWOFACTOR_ACCESSTOKEN, READ_GLACCOUNT, UPDATE_COLLECTIONSHEET, READ_STAFFIMAGE, UPDATE_TEMPLATE, complete_pending_step, CREATE_SAVINGSACCOUNT_CHECKER, INACTIVATE_SAVINGSACCOUNTCHARGE, UPDATE_CLIENTCHARGE, WITHDRAW_RECURRINGDEPOSITACCOUNT, REJECT_GLIMLOAN, CREATE_SAVINGSPRODUCT, UPDATE_INTEREST_PAUSE, READ_Obligation Met Loans Summary(Pentaho), TRANSFERCLIENTS_GROUP_CHECKER, UPDATE_USER_CHECKER, PAY_CLIENTCHARGE_CHECKER, CREATE_CLIENTCHARGE, DELETE_CLIENTNOTE, CREATE_SSBENEFICIARYTPT, PREMATURECLOSE_RECURRINGDEPOSITACCOUNT_CHECKER, READ_Aging Summary (Arrears in Months), UPDATECASHIERALLOCATION_TELLER, READ_Loan payments due - Email, DELETE_CLIENTIDENTIFIER, SETTLECASHFROMCASHIER_TELLER_CHECKER, ACTIVATE_FIXEDDEPOSITACCOUNT_CHECKER, UPDATE_TAXCOMPONENT_CHECKER, READ_IMPORT, APPROVE_LOAN, CREATE_PROVISIONENTRIES, CREATE_DIVIDEND_SHAREPRODUCT, UPDATE_SMS, CREATE_LOANPRODUCT, UPDATE_CHARTSLAB, SAVECOLLECTIONSHEET_CENTER, CREATE_FUND_CHECKER, POSTINTERESTASONDATE_SAVINGSACCOUNT_CHECKER, DELETE_INTERESTRATECHART_CHECKER, READ_BranchManagerStats, UPDATE_STANDINGINSTRUCTION, CREATE_GROUPNOTE, ACTIVATE_HOLIDAY_CHECKER, UPDATE_REPORTMAILINGJOB, READ_TxnRunningBalances(Pentaho), UPDATE_XBRLMAPPING, PREPARE_INTERTRANSFER, admin_visibility, ACTIVATE_HOLIDAY, UPDATE_FLOATINGRATE, CREATE_DOCUMENT, PAY_SAVINGSACCOUNTCHARGE_CHECKER, READ_GroupNamesByStaff, WAIVE_LOANCHARGE, CREATE_EMAIL_CAMPAIGN_CHECKER, REPAYMENT_GLIMLOAN, READ_Active Loan Summary per Branch, UPDATE_DATATABLE_CHECKER, CREATE_OFFICETRANSACTION, CREATE_LOANNOTE_CHECKER, READ_ProgramDetails, UNBLOCK_SAVINGSACCOUNT, CALCULATEINTEREST_FIXEDDEPOSITACCOUNT_CHECKER, CREATESCHEDULEEXCEPTIONS_LOAN_CHECKER, SAVE_COLLECTIONSHEET, CREATE_STAFF_CHECKER, REPAYMENT_LOAN, UPDATE_ORGANISATIONCREDITBUREAU, CREATE_COLLATERAL, DISASSOCIATECLIENTS_GROUP, UPDATE_HOOK, CREATE_CREDITBUREAU_LOANPRODUCT_MAPPING, ENABLE_ROLE, READ_MEETING, CREATE_DATATABLE, DELETE_STANDINGINSTRUCTION, READ_CODE, UNBLOCKCREDIT_SAVINGSACCOUNT_CHECKER, READ_Client Loan Account Schedule, UPDATE_CLIENTNOTE, READ_JOURNALENTRY, READ_Active Loans - Summary, CLOSE_SAVINGSACCOUNT_CHECKER, READ_Client Listing(Pentaho), APPROVALUNDO_GSIMACCOUNT, UPDATE_PROVISIONCRITERIA, CREATE_INTERREQUEST, UPDATEOPENINGBALANCE_JOURNALENTRY, BLOCKCREDIT_SAVINGSACCOUNT, DELETE_DELINQUENCY_RANGE, CREATE_TEMPLATE, DELETE_STAFFIMAGE, UPDATEOPENINGBALANCE_JOURNALENTRY_CHECKER, READ_Disbursal Report, CREATE_LOANNOTE, CREATE_COLLATERAL_CHECKER, ASSIGNROLE_GROUP, DELETE_EMAIL_CAMPAIGN, CREATE_INTEREST_PAUSE, PREMATURECLOSE_FIXEDDEPOSITACCOUNT_CHECKER, DELETE_DOCUMENT_CHECKER, CREATE_GUARANTOR_CHECKER, UPDATE_ACCOUNTINGRULE, REVERSETRANSACTION_SAVINGSACCOUNT_CHECKER, CREATE_CODEVALUE, CREATE_OFFICE_CHECKER, CREATE_HOLIDAY_CHECKER, CREATE_CLIENTIMAGE_CHECKER, DELETE_RECURRINGDEPOSITACCOUNT, CREATE_JOURNALENTRY, READ_USER, CHARGEBACK_LOAN, READ_LoanTrendsByWeek, CREATE_CENTER, READ_LoanCyclePerProduct, CREATE_CLIENTIMAGE, READ_Trial Balance, REJECT_SAVINGSACCOUNT, READ_OFFICE, DELETE_FIXEDDEPOSITPRODUCT_CHECKER, DELETE_GROUPNOTE, UPDATE_RECURRINGDEPOSITACCOUNT_CHECKER, UNDOREJECT_CLIENT, UPDATE_CREDITBUREAU_CONFIGURATION, ALLOCATECASHIER_TELLER_CHECKER, DELETE_SMSCAMPAIGN_CHECKER, READ_FINANCIALACTIVITYACCOUNT, create_loan_comittee, POSTINTEREST_SAVINGSACCOUNT_CHECKER, CREATE_INTERID, HOLDAMOUNT_SAVINGSACCOUNT_CHECKER, READ_Loan Fully Repaid - Email, UPDATE_PROVISIONCATEGORY, REVERSETRANSACTION_SAVINGSACCOUNT, CREATE_EXTERNAL_ASSET_OWNER_LOAN_PRODUCT_ATTRIBUTE, accounting_visibility, CLOSE_GSIMACCOUNT, READ_INTERID, POSTINTEREST_FIXEDDEPOSITACCOUNT_CHECKER, UNDOAPPROVAL_SHAREACCOUNT, UPDATE_HOLIDAY_CHECKER, DELETE_COLLATERAL, UPDATE_CLIENTNOTE_CHECKER, UPDATE_EMAIL_CHECKER, READ_Loan Repayment - Email, create_pending_flow_blueprint, CREATE_ROLE_CHECKER, REJECTTRANSFER_CLIENT_CHECKER, REGISTER_DATATABLE_CHECKER, DELETE_CLIENTIMAGE, READ_Loans Awaiting Disbursal, UPDATE_WORKINGDAYS, CLOSE_LOAN_CHECKER, ACCEPTTRANSFER_CLIENT, DELETE_EMAIL_CAMPAIGN_CHECKER, CREATE_ADHOC_CHECKER, UPDATE_OFFICE_CHECKER, DELETESCHEDULEEXCEPTIONS_LOAN_CHECKER, UPDATE_FINANCIALACTIVITYACCOUNT, CHARGEREFUND_LOAN, ASSIGNGESTOR_CLIENT, READ_FieldAgentPrograms, CHANGEPWD_USER, UPDATE_DISBURSEMENTDETAIL, READ_Balance Outstanding, UPDATE_TELLER_CHECKER, READ_Active Loans Passed Final Maturity, READ_LoanTrendsByMonth, SAVECOLLECTIONSHEET_GROUP, READ_Aging Summary (Arrears in Months)(Pentaho), READ_Client Loans Listing(Pentaho), CREATE_RECURRINGDEPOSITPRODUCT_CHECKER, DELETE_STAFF_CHECKER, PROPOSETRANSFER_CLIENT, UNDOTRANSACTION_RECURRINGDEPOSITACCOUNT_CHECKER, READ_STANDINGINSTRUCTION , DEFINEOPENINGBALANCE_JOURNALENTRY_CHECKER, UNASSIGNSTAFF_CLIENT, READ_TxnRunningBalances, BULKREASSIGN_LOAN_CHECKER, DELETE_LOAN, UPDATE_FLOATINGRATE_CHECKER, ADJUST_LOAN_CHECKER, DISABLE_ROLE, APPROVALUNDO_FIXEDDEPOSITACCOUNT_CHECKER, UNDO_REAMORTIZE_LOAN, UPDATE_DOCUMENT, WITHDRAWAL_RECURRINGDEPOSITACCOUNT_CHECKER, POSTINTEREST_RECURRINGDEPOSITACCOUNT, DELETE_RECURRINGDEPOSITACCOUNT_CHECKER, DELETE_ROLE_CHECKER, UPDATE_EMAIL, CREATE_CALENDAR, UPDATE_GLACCOUNT, CREATE_CASHIER_SESSIONS, UNDOWITHDRAWAL_CLIENT_CHECKER, READ_HOLIDAY, DELETE_FINANCIALACTIVITYACCOUNT, update_pending_flow_blueprint, WAIVE_LOANCHARGE_CHECKER, UPDATE_SSBENEFICIARYTPT, READ_PRODUCTMIX, UPDATE_SHAREPRODUCT, READ_Daily Journal Ledger Report, DELETE_CHARTSLAB_CHECKER, CREATE_OFFICE, ADJUSTTRANSACTION_SAVINGSACCOUNT, DELETE_PROVISIONCRITERIA, READ_REPORTMAILINGJOB, READ_Loans Pending Approval, DELETE_CLIENTIDENTIFIER_CHECKER, DELETE_LOAN_COLLATERAL_PRODUCT, SAVE_CREDITREPORT, READ_GLCLOSURE, UPDATE_RATE_CHECKER, READ_LOANTRANSACTIONNOTE, DELETE_LOANTRANSACTIONNOTE_CHECKER, DELETE_DATATABLE, READ_TAXGROUP, READ_Obligation Met Loans Summary, APPROVALUNDO_SAVINGSACCOUNT_CHECKER, REGISTER_SURVEY, APPROVALUNDO_RECURRINGDEPOSITACCOUNT, READ_Active Loans by Disbursal Period(Pentaho), UPDATE_RATE, UPDATE_ROLE_CHECKER, UPDATE_INTERESTRATECHART, UPDATE_LOANTRANSACTIONNOTE_CHECKER, CREATE_DOCUMENT_CHECKER, UPDATE_CODEVALUE_CHECKER, WAIVE_CLIENTCHARGE_CHECKER, READ_Active Loans Passed Final Maturity Summary(Pentaho), UPDATE_TELLER, UPDATELOANOFFICER_LOAN_CHECKER, UPDATE_DOCUMENT_CHECKER, DELETE_RECURRINGDEPOSITPRODUCT_CHECKER, CREATE_TAXCOMPONENT, READ_Written-Off Loans(Pentaho), REFUNDBYTRANSFER_ACCOUNTTRANSFER_CHECKER, UPDATE_COLLATERAL, DEPOSIT_FIXEDDEPOSITACCOUNT_CHECKER, UPDATE_CODE_CHECKER, READ_Prospective Clients - Email, CLOSEASRESCHEDULED_LOAN, DISBURSE_GLIMLOAN, DEFINEOPENINGBALANCE_JOURNALENTRY, READ_Portfolio at Risk by Branch, ACTIVATE_SMSCAMPAIGN, DISBURSE_LOAN, CREATE_HOLIDAY, DISBURSE_LOAN_CHECKER, READ_Aging Summary (Arrears in Weeks), CREATE_TAXGROUP, DELETE_TEMPLATE, UPDATE_TAXCOMPONENT, CLOSE_CLIENT, REJECT_GSIMACCOUNT, READ_ENTITY_DATATABLE_CHECK, CREATE_TELLER, PROPOSEANDACCEPTTRANSFER_CLIENT, APPROVE_FIXEDDEPOSITACCOUNT, SALE_LOAN, BUYBACK_LOAN, READ_GroupSavingSummary, DELETE_SAVINGSPRODUCT_CHECKER, CREATE_GROUP_CHECKER, UPDATE_EMAIL_CAMPAIGN, BLOCKDEBIT_SAVINGSACCOUNT_CHECKER, UPDATERUNNINGBALANCE_JOURNALENTRY, CREATE_GUARANTOR, CAPITALIZEDINCOMEADJUSTMENT_LOAN, DELETE_USER, CREATE_DELINQUENCY_RANGE, READ_Loan Approved - Email, CREATE_EMAIL_CAMPAIGN, UPDATE_FUND, ASSIGNSTAFF_CLIENT, READ_Expected Payments By Date - Basic, DELETE_REPAYMENT_WITH_POSTDATEDCHECKS, UPDATE_OFFICE, UPDATE_INTERESTRATECHART_CHECKER, DELETE_FIXEDDEPOSITACCOUNT_CHECKER, DELETE_CHARTSLAB, CREATE_INTERESTRATECHART, RELEASE_INTERTRANSFER, CREATE_CREDITBUREAU_CONFIGURATION, ACTIVATE_RECURRINGDEPOSITACCOUNT_CHECKER, UPDATE_EXTERNALSERVICES, REMOVESAVINGSOFFICER_SAVINGSACCOUNT_CHECKER, UPDATELOANOFFICER_LOAN, GOODWILLCREDIT_LOAN, READ_Active Loan Clients - Email, READ_INTERQUOTE, READ_Disbursal_Vs_Awaitingdisbursal, READ_Active Clients - Email, DEPOSIT_SAVINGSACCOUNT, DELETE_CLIENTCHARGE, CREATE_ENTITYMAPPING, start_pending_flow, BUYDOWNFEE_LOAN, READ_Loan Payments Received (Active Loans) - Email, READ_FLOATINGRATE, REJECTADDITIONALSHARES_SHAREACCOUNT, UPDATESAVINGSOFFICER_SAVINGSACCOUNT_CHECKER, DELETE_CLIENTNOTE_CHECKER, UPDATE_LOANTRANSACTIONNOTE, DELETE_MEETING, UPDATE_STANDINGINSTRUCTION , READ_PAYMENTTYPE, EXECUTE_PERIODICACCRUALACCOUNTING, DEPOSIT_FIXEDDEPOSITACCOUNT, DELETE_COLLATERAL_PRODUCT, ADJUSTMENT_LOANCHARGE, UPDATESAVINGSACCOUNT_CLIENT, RECOVERYPAYMENT_LOAN, CREATE_PROVISIONCATEGORY, UPDATE_STAFF, READ_COLLECTIONSHEET, DELETE_DOCUMENT, CREATE_DELINQUENCY_ACTION, REJECT_SAVINGSACCOUNT_CHECKER, READ_ADDRESS, ALL_FUNCTIONS, READ_RECURRINGDEPOSITACCOUNT, READ_Funds Disbursed Between Dates Summary, CREATE_INTERESTRATECHART_CHECKER, REJECT_CLIENT_CHECKER, DELETE_SSBENEFICIARYTPT, CREATE_CENTER_CHECKER, REACTIVATE_SMSCAMPAIGN, UPDATE_SAVINGSACCOUNT_CHECKER, READ_SMS, READ_GROUPNOTE, READ_ClientTrendsByMonth, UPDATE_EXTERNAL_ASSET_OWNER_LOAN_PRODUCT_ATTRIBUTE, READ_CLIENTNOTE, READ_DIVIDEND_SHAREPRODUCT, READ_DOCUMENT, READ_CLIENTIDENTIFIER, BLOCKCREDIT_SAVINGSACCOUNT_CHECKER, READ_AUDIT, READ_LOANPRODUCT, BLOCK_SAVINGSACCOUNT, READ_Obligation Met Loans Details, UNDO_REAGE_LOAN, CALCULATEINTEREST_SAVINGSACCOUNT_CHECKER, UNDOTRANSACTION_CLIENT_CHECKER, CREATE_RATE_CHECKER, WITHDRAWTRANSFER_CLIENT_CHECKER, DELETE_ADDRESS, DELETE_LOANNOTE_CHECKER, UPDATE_ENTITYMAPPING, DELETE_SAVINGSACCOUNTCHARGE, REACTIVATE_EMAIL_CAMPAIGN, READ_Active Group Leaders - Email, READ_Loans Awaiting Disbursal Summary by Month, CREATE_REPORT, DISASSOCIATEGROUPS_CENTER_CHECKER, UPDATE_SCHEDULER, DELETE_OFFICE_CHECKER, CLOSE_CENTER, CREATE_FIXEDDEPOSITPRODUCT, CREATE_GROUP, CREATE_RECURRINGDEPOSITPRODUCT, READ_Collection Report, DELETE_ADDRESS_CHECKER, CLOSE_GROUP_CHECKER, FORECLOSURE_LOAN, READ_DATATABLE, DELETE_CREDITREPORT, UPDATE_GROUP, APPROVE_RECURRINGDEPOSITACCOUNT_CHECKER, DELETE_CLIENT_CHECKER, UPDATE_FAMILYMEMBERS, UPDATE_EXTERNAL_EVENT_CONFIGURATION, UPDATE_REPORT_CHECKER, UPDATE_CALENDAR, DELETE_SAVINGNOTE_CHECKER, READ_ClientSummary , READ_Active Loans in last installment Summary, DELETE_ROLE, CLOSE_EMAIL_CAMPAIGN, UPDATE_DELINQUENCY_RANGE, UPDATE_CURRENCY_CHECKER, UPDATE_SAVINGSACCOUNTCHARGE_CHECKER, UPDATE_CLIENTCHARGE_CHECKER, CREATE_INTERTRANSFER, READ_Portfolio at Risk(Pentaho), DELETE_TELLER, READ_GROUP, READ_Staff Assignment History, DELETE_SAVINGSACCOUNT, see_loan_comittee, DELETE_LOANTRANSACTIONNOTE, EXECUTEJOB_SCHEDULER, UPDATEROLE_GROUP, DELETE_DATATABLE_CHECKER, READ_RESCHEDULELOAN, WITHDRAW_RECURRINGDEPOSITACCOUNT_CHECKER, CREATE_LOANTRANSACTIONNOTE_CHECKER, UNDOTRANSACTION_FIXEDDEPOSITACCOUNT, UPDATEWITHHOLDTAX_SAVINGSACCOUNT, UPDATE_SMS_CHECKER, UPDATE_SMSCAMPAIGN_CHECKER, READ_EMAIL_CAMPAIGN, CREATE_CHARTSLAB_CHECKER, DELETE_CENTER_CHECKER, CREATE_ACCOUNTTRANSFER, CREATE_TAXGROUP_CHECKER, PAY_SAVINGSACCOUNTCHARGE, UPDATE_MEETING, UPDATE_GROUPNOTE, EXECUTEFORSAVINGS, WITHDRAW_FIXEDDEPOSITACCOUNT, INACTIVATE_CLIENTCHARGE, DELETE_SMS_CHECKER, RELEASEAMOUNT_SAVINGSACCOUNT_CHECKER, CREATE_FIXEDDEPOSITPRODUCT_CHECKER, REVERSE_JOURNALENTRY, CREDITBALANCEREFUND_LOAN, REJECT_LOAN, APPROVALUNDO_LOAN_CHECKER, DELETE_ACCOUNTINGRULE, UPDATE_TAXGROUP_CHECKER, UPDATECASHIERALLOCATION_TELLER_CHECKER, DELETE_SAVINGNOTE, UPDATE_CLIENTIDENTIFIER, CLOSE_CLIENT_CHECKER, UPDATE_DELINQUENCY_TAGS, READ_Portfolio at Risk by Branch(Pentaho), UPDATE_GROUPNOTE_CHECKER, ASSOCIATEGROUPS_CENTER_CHECKER, UPDATE_LOANPRODUCT, DELETE_LOAN_CHECKER, DELINK_ACCOUNT_FROM_POCKET, CREATE_JOURNALENTRY_CHECKER, READ_CLIENTCHARGE, CREATE_STAFF, UNDOTRANSACTION_RECURRINGDEPOSITACCOUNT, APPROVALUNDO_SAVINGSACCOUNT, UNDOCHARGEOFF_LOAN, DELETE_STAFF, PAY_LOANCHARGE, ACTIVATE_FIXEDDEPOSITACCOUNT, WITHDRAW_CLIENT, UPDATE_CALENDAR_CHECKER, CLOSE_CENTER_CHECKER, CREATE_ORGANISATIONCREDITBUREAU, DELETE_ADHOC, READ_FIXEDDEPOSITACCOUNT, DELETE_SAVINGSPRODUCT, READ_ChildrenStaffList, READ_Loans Outstanding after final instalment date - Email, UPDATE_CURRENCY, READ_SAVINGSACCOUNTCHARGE, UPDATE_LOANNOTE_CHECKER, CREATE_ACCOUNTINGRULE, DELETE_DIVIDEND_SHAREPRODUCT, DELETECASHIERALLOCATION_TELLER, UPDATE_BUSINESS_DATE, APPROVALUNDO_LOAN, MANUAL_INTEREST_REFUND_TRANSACTION_LOAN, CREATE_SMSCAMPAIGN_CHECKER, DELETE_PROVISIONCATEGORY, UPDATE_PERMISSION_CHECKER, CREATE_PROVISIONCRITERIA, CLOSE_SHAREACCOUNT, ACTIVATE_EMAIL_CAMPAIGN, UPDATE_LOANCHARGE, READ_CACHE, READ_Client Listing, READ_DELINQUENCY_BUCKET, UNASSIGNGESTOR_CLIENT, WITHDRAW_FIXEDDEPOSITACCOUNT_CHECKER, UNASSIGNROLE_GROUP, READ_SAVINGNOTE, CREATE_FAMILYMEMBERS, APPROVE_FIXEDDEPOSITACCOUNT_CHECKER, READ_Obligation Met Loans Details(Pentaho), UPDATEDEPOSITAMOUNT_RECURRINGDEPOSITACCOUNT_CHECKER, APPROVE_GSIMACCOUNT, READ_ACCOUNTINGRULE, READ_Savings Transactions, BUYDOWNFEEADJUSTMENT_LOAN, READ_Aging Detail(Pentaho), WITHDRAWAL_FIXEDDEPOSITACCOUNT_CHECKER, INACTIVATE_SAVINGSACCOUNTCHARGE_CHECKER, UPDATE_FUND_CHECKER, UPDATE_FIXEDDEPOSITPRODUCT, UPDATE_FIXEDDEPOSITPRODUCT_CHECKER, READ_EXTERNAL_EVENT_CONFIGURATION, REPAYMENT_LOAN_CHECKER, POSTINTEREST_FIXEDDEPOSITACCOUNT, CREATE_SAVINGNOTE, CREATE_GLACCOUNT, CREATE_REPORT_CHECKER, PERMISSIONS_ROLE, READ_Expected Payments By Date - Basic(Pentaho), READ_GroupSummaryAmounts, CREATE_CLIENTNOTE, READ_LOANNOTE, READ_SSBENEFICIARYTPT, UPDATE_CACHE, READ_Loans Awaiting Disbursal(Pentaho), ALLOCATECASHTOCASHIER_TELLER_CHECKER, CREATE_LOAN_CHECKER, READ_TWOFACTOR_CONFIGURATION, UPDATE_LOANCHARGE_CHECKER, CLOSEASRESCHEDULED_LOAN_CHECKER, ADJUST_LOAN, UPDATE_SAVINGSACCOUNTCHARGE, DELETE_REPORT_CHECKER, APPROVEADDITIONALSHARES_SHAREACCOUNT, DEACTIVATEOVERDUE_LOANCHARGE, CREATE_LOANTRANSACTIONNOTE, REJECT_RECURRINGDEPOSITACCOUNT, CREATE_ENTITY_DATATABLE_CHECK, DELETE_GROUPNOTE_CHECKER, REJECT_LOAN_CHECKER, READ_BUSINESS_DATE, WITHDRAWAL_FIXEDDEPOSITACCOUNT, CREATE_OFFICETRANSACTION_CHECKER, DEPOSIT_RECURRINGDEPOSITACCOUNT, ACTIVATE_GROUP_CHECKER, CREATE_RECURRINGDEPOSITACCOUNT_CHECKER, DELETE_FUND, CREATE_PRODUCTMIX, APPLYANNUALFEE_SAVINGSACCOUNT_CHECKER, ASSOCIATEGROUPS_CENTER, DELETE_CALENDAR, UPDATE_SAVINGNOTE_CHECKER, UPDATE_ADDRESS, ACTIVATE_SAVINGSACCOUNT, CLOSE_GROUP, READ_Loans in arrears - Email, UPDATE_CLIENTIDENTIFIER_CHECKER, READ_ClientTrendsByWeek, DELETE_GUARANTOR, READ_Aging Detail, UPDATE_TAXGROUP, DELETE_CLIENT_COLLATERAL_PRODUCT, READ_CLIENT, DISBURSALLASTUNDO_LOAN, READ_ACCOUNTTRANSFER, DELETE_SMS, UPDATE_ACCOUNTNUMBERFORMAT, UPDATE_PERMISSION, READ_Active Loans Passed Final Maturity(Pentaho), ACTIVATE_SAVINGSACCOUNT_CHECKER, DELETE_LOANCHARGE, UPDATE_PASSWORD_PREFERENCES_CHECKER, APPROVE_SAVINGSACCOUNT, READ_HOOK, RELEASEAMOUNT_SAVINGSACCOUNT, DELETE_CHARGE_CHECKER, READ_Loan Payments Received (Overdue Loans) - Email, CREATE_FLOATINGRATE, READ_Branch Expected Cash Flow, UPDATE_SAVINGNOTE, WRITEOFF_LOAN_CHECKER, UPDATE_LOANNOTE, APPLYANNUALFEE_SAVINGSACCOUNT, DELETE_FIXEDDEPOSITACCOUNT, CREATE_HOOK, READ_GroupSummaryCounts, REAMORTIZE_LOAN, APPROVE_SHAREACCOUNT, DELETE_ADHOC_CHECKER, CREATE_DIVIDEND_SHAREPRODUCT_CHECKER, UPDATE_CLIENT_COLLATERAL_PRODUCT, UPDATE_GSIMACCOUNT, CREATE_RESCHEDULELOAN, WITHDRAW_CLIENT_CHECKER, ACTIVATE_GROUP, UNDOTRANSACTION_SAVINGSACCOUNT, CREATE_STANDINGINSTRUCTION , DISBURSEWITHOUTAUTODOWNPAYMENT_LOAN, DEREGISTER_DATATABLE_CHECKER, CREATE_EMAIL, CLOSE_FIXEDDEPOSITACCOUNT, CREATE_STAFFIMAGE_CHECKER, DELETE_ACCOUNTNUMBERFORMAT, DELETE_REPORT, CREATE_DATATABLE_CHECKER, UNDOWRITEOFF_LOAN, WAIVE_SAVINGSACCOUNTCHARGE_CHECKER, ACTIVATE_SHAREACCOUNT, CAPITALIZEDINCOME_LOAN, UPDATE_SAVINGSACCOUNT, DELETE_LOANPRODUCT, UPDATE_LOAN, DELETE_CENTER, CLOSE_RECURRINGDEPOSITACCOUNT, CREATE_FIXEDDEPOSITACCOUNT_CHECKER, APPROVE_LOAN_CHECKER, UPDATE_PRODUCTMIX, ASSIGNSTAFF_GROUP, DELETE_HOLIDAY, UPDATE_BATCH_BUSINESS_STEP, UNBLOCKCREDIT_SAVINGSACCOUNT, DEPOSIT_RECURRINGDEPOSITACCOUNT_CHECKER, CREATE_EMAIL_CHECKER, CREATE_CLIENTIDENTIFIER, FORECLOSURE_LOAN_CHECKER, READ_TAXCOMPONENT, DELETE_DIVIDEND_SHAREPRODUCT_CHECKER, CONTRACT_TERMINATION_LOAN, UPDATE_CONFIGURATION, CHARGEOFF_LOAN, READ_Loans disbursed to clients - Email, HOLDAMOUNT_SAVINGSACCOUNT, UNDOREJECT_CLIENT_CHECKER, UPDATE_WORKINGDAYS_CHECKER, DELETE_GLCLOSURE, UPDATE_CHARGE_CHECKER, DELETE_CODEVALUE_CHECKER, CHECKER_SUPER_USER, MERCHANTISSUEDREFUND_LOAN, CREATE_LOANCHARGE_CHECKER, WITHDRAWTRANSFER_CLIENT, CREATE_LOAN, DELETE_CLIENT, READ_RATE, WITHDRAW_SAVINGSACCOUNT, UPDATE_DATATABLE, READ_ProgramDirectorStats, UPDATE_ROLE, CREATE_FLOATINGRATE_CHECKER, update_pending_step, UPDATE_GUARANTOR, UNASSIGNSTAFF_GROUP, READ_PASSWORD_PREFERENCES, PAY_CLIENTCHARGE, BYPASS_LOAN_WRITE_PROTECTION, READ_COLLATERAL, CREATE_MEETING, UPDATESAVINGSOFFICER_SAVINGSACCOUNT, REJECT_FIXEDDEPOSITACCOUNT, READ_Loan Rejected - Email, READ_OFFICETRANSACTION, APPROVE_DIVIDEND_SHAREPRODUCT, UPDATE_GROUP_CHECKER, ACCEPTTRANSFER_CLIENT_CHECKER, DELETE_LOANNOTE, DELETE_OFFICETRANSACTION_CHECKER, READ_FIXEDDEPOSITPRODUCT, READ_GUARANTOR, DELETE_INTERESTRATECHART, UNASSIGNSTAFF_GROUP_CHECKER, UPDATE_CHARTSLAB_CHECKER, DELETE_DELINQUENCY_BUCKET, DELETE_CLIENTIMAGE_CHECKER, ADJUSTTRANSACTION_RECURRINGDEPOSITACCOUNT, APPROVE_SAVINGSACCOUNT_CHECKER, UPDATE_SHAREACCOUNT, READ_CONFIGURATION, DELETE_GROUP_CHECKER, READ_Expected Payments By Date - Formatted, CREATE_ACCOUNTNUMBERFORMAT, CLOSE_RECURRINGDEPOSITACCOUNT_CHECKER, WITHDRAWAL_RECURRINGDEPOSITACCOUNT, DELETE_LOANCHARGE_CHECKER, UPDATE_CREDITBUREAU_LOANPRODUCT_MAPPING, READ_Loans Awaiting Disbursal Summary(Pentaho), UPDATEDELINQUENCY_LOAN, DELETE_FUND_CHECKER, CREATE_GLCLOSURE, DELETE_INTEREST_PAUSE, ACTIVATE_CENTER, REFUNDBYTRANSFER_ACCOUNTTRANSFER, UPDATE_LOAN_CHECKER, CREATE_CLIENTCHARGE_CHECKER, ACTIVATE_GSIMACCOUNT, REJECT_FIXEDDEPOSITACCOUNT_CHECKER, APPROVE_RESCHEDULELOAN, UPDATEDEPOSITAMOUNT_RECURRINGDEPOSITACCOUNT, READ_CALENDAR, REJECTTRANSFER_CLIENT, READ_STAFF, READ_REPORT, UNDOTRANSACTION_FIXEDDEPOSITACCOUNT_CHECKER, CREATE_USER, READ_SMSCAMPAIGN, DISBURSALLASTUNDO_LOAN_CHECKER, DELETE_OFFICETRANSACTION, UPDATE_RECURRINGDEPOSITPRODUCT_CHECKER, DELETE_CODE_CHECKER, ADJUSTTRANSACTION_FIXEDDEPOSITACCOUNT, READ_RATE_CHECKER, WITHDRAW_LOAN, UPDATE_LIKELIHOOD, ACTIVATE_CENTER_CHECKER, CREATE_CLIENT, DELETE_HOOK, READ_Client Savings Summary, ACTIVATE_RECURRINGDEPOSITACCOUNT, DELETE_CLIENTCHARGE_CHECKER, PROPOSEANDACCEPTTRANSFER_CLIENT_CHECKER, ASSOCIATECLIENTS_GROUP, DELETE_LOANPRODUCT_CHECKER, INTERESTPAYMENTWAIVER_LOAN, READ_FAMILYMEMBERS, READ_Active Loans in last installment, DEPOSIT_SAVINGSACCOUNT_CHECKER, BLOCKDEBIT_SAVINGSACCOUNT, WAIVE_CLIENTCHARGE, REMOVESAVINGSOFFICER_SAVINGSACCOUNT, REACTIVATE_CLIENT, WITHDRAWAL_SAVINGSACCOUNT_CHECKER, READ_Funds Disbursed Between Dates Summary by Office(Pentaho), CREATE_CHARTSLAB, READ_Dormant Prospects - Email, UNDOWITHDRAWAL_CLIENT, CREATE_SMS_CHECKER, READ_Balance Sheet, UPDATE_PAYMENTTYPE, UNBLOCKDEBIT_SAVINGSACCOUNT, DELETE_TELLER_CHECKER, APPLYADDITIONALSHARES_SHAREACCOUNT, CREATE_TELLER_CHECKER, DELETE_ENTITYMAPPING, READ_Loan Payments Due (Overdue Loans) - Email, READ_Happy Birthday - Email, VIEW_CASHIER_SESSIONS, DELETE_USER_CHECKER, READ_ClientTrendsByDay, READ_Client Loans Listing, READ_CODEVALUE, READ_FieldAgentStats, UPDATE_FIXEDDEPOSITACCOUNT, UPDATE_CONFIGURATION_CHECKER, UPDATE_GUARANTOR_CHECKER, READ_ProgramStats, CREATE_REPORTMAILINGJOB, DEREGISTER_DATATABLE, UPDATE_FIXEDDEPOSITACCOUNT_CHECKER, READ_ROLE, READ_Aging Summary (Arrears in Weeks)(Pentaho), GET_CREDITREPORT, DELETE_FAMILYMEMBERS, CREATE_SAVINGSACCOUNTCHARGE_CHECKER, READ_DELINQUENCY_TAGS, CALCULATEINTEREST_RECURRINGDEPOSITACCOUNT, reports_visibility, READ_Active Loans - Details, UPDATE_CODEVALUE, UPDATE_GLCLOSURE, DELETE_CODE, CLOSE_LOAN, WITHDRAW_SAVINGSACCOUNT_CHECKER, CREATE_COLLATERAL_PRODUCT, BYPASS_TWOFACTOR, ACTIVATE_CLIENT_CHECKER, PREMATURECLOSE_RECURRINGDEPOSITACCOUNT, DELETE_FIXEDDEPOSITPRODUCT, DELETE_RECURRINGDEPOSITPRODUCT, CREATE_STANDINGINSTRUCTION, BOUNCE_REPAYMENT_WITH_POSTDATEDCHECKS, UNDOTRANSACTION_SAVINGSACCOUNT_CHECKER, APPROVALUNDO_RECURRINGDEPOSITACCOUNT_CHECKER, CANCEL_ASSET_OWNER_TRANSACTION, UPDATE_RECURRINGDEPOSITACCOUNT, DELETE_EMAIL, ALL_FUNCTIONS_READ, CREATE_GSIMACCOUNT, ACTIVATE_CLIENT, CREATE_CLIENT_COLLATERAL_PRODUCT, CREATE_PAYMENTTYPE, READ_SAVINGSACCOUNT, DISBURSALUNDO_LOAN_CHECKER, READ_Loans Pending Approval(Pentaho), CREATE_STAFFIMAGE, UPDATE_DELINQUENCY_BUCKET, CREATE_SAVINGSPRODUCT_CHECKER, READ_CURRENCY, WAIVE_SAVINGSACCOUNTCHARGE, UPDATE_APPROVED_AMOUNT_LOAN, CREATE_LOANPRODUCT_CHECKER, READ_RECURRINGDEPOSITPRODUCT, CREATE_SHAREACCOUNT, CREATE_RECURRINGDEPOSITACCOUNT, CREATE_CHARGE_CHECKER, REDEEMSHARES_SHAREACCOUNT, CREATE_ROLE, CREATE_SHAREPRODUCT, DELETE_SMSCAMPAIGN, UPDATE_SMSCAMPAIGN, REMOVELOANOFFICER_LOAN, DELETE_SAVINGSACCOUNTCHARGE_CHECKER, CREATE_ADDRESS, CREATE_DELINQUENCY_BUCKET, WITHDRAWAL_SAVINGSACCOUNT, SETFRAUD_LOAN, POSTINTERESTASONDATE_SAVINGSACCOUNT, UPDATE_EMAIL_CAMPAIGN_CHECKER, DOWNPAYMENT_LOAN, DELETE_STANDINGINSTRUCTION , DELETE_STAFFIMAGE_CHECKER, UPDATE_CLIENT, REMOVELOANOFFICER_LOAN_CHECKER, CREATE_ADDRESS_CHECKER, APPROVE_DIVIDEND_SHAREPRODUCT_CHECKER, CREATE_CODE_CHECKER, CREATE_LOANCHARGE, UNDO_WAIVECHARGE, REJECT_CLIENT, READ_Active Loans by Disbursal Period, READ_ACCOUNTNUMBERFORMAT, CREATE_CHARGE, READ_EMAIL_CONFIGURATION, UNDOAPPROVAL_GLIMLOAN, UPDATE_CLIENT_CHECKER, CREATE_FIXEDDEPOSITACCOUNT, READ_FUND, DELETE_INTERID, READ_Loan Account Schedule, LINK_ACCOUNT_TO_POCKET, CREATE_INTERQUOTE, READ_Funds Disbursed Between Dates Summary by Office, CALCULATEINTEREST_SAVINGSACCOUNT, CREATE_ADHOC, TRANSFERCLIENTS_GROUP, READ_Rescheduled Loans(Pentaho), READ_WORKINGDAYS, READ_CLIENTIMAGE, WAIVEINTERESTPORTION_LOAN_CHECKER, READ_Loans Awaiting Disbursal Summary, DELETECASHIERALLOCATION_TELLER_CHECKER, READ_General Ledger Report, REFUNDBYCASH_LOAN, CREATE_CLIENTNOTE_CHECKER, DELETE_GUARANTOR_CHECKER, READ_LOAN, PREMATURECLOSE_FIXEDDEPOSITACCOUNT, REJECT_RESCHEDULELOAN, DELETE_ENTITY_DATATABLE_CHECK, PROPOSETRANSFER_CLIENT_CHECKER, CREATE_TAXCOMPONENT_CHECKER, REFUNDBYCASH_LOAN_CHECKER, ALLOCATECASHTOCASHIER_TELLER, READ_INTERREQUEST, view_pendientes, APPROVALUNDO_FIXEDDEPOSITACCOUNT, REPORTING_SUPER_USER, REJECT_SHAREACCOUNT]]
[2m2026-02-17 11:22:16.660[0;39m [32m-DEBUG[0;39m [35m88555[0;39m [32m[0;39m [        default] [2m---[0;39m [2m[nio-8443-exec-5][0;39m [36mo.a.f.i.c.filters.RequestResponseFilter [0;39m [2m:[0;39m Received request: [GET], [/fineract-provider/api/v1/notifications]
[2m2026-02-17 11:22:16.669[0;39m [32m-DEBUG[0;39m [35m88555[0;39m [32m[0;39m [        default] [2m---[0;39m [2m[nio-8443-exec-5][0;39m [36mo.a.f.i.c.filters.RequestResponseFilter [0;39m [2m:[0;39m Sent response: [200] for [GET], [/fineract-provider/api/v1/notifications]
[2m2026-02-17 11:22:16.669[0;39m [32m-DEBUG[0;39m [35m88555[0;39m [32m[0;39m [      no-tenant] [2m---[0;39m [2m[nio-8443-exec-5][0;39m [36ms.f.TenantAwareBasicAuthenticationFilter[0;39m [2m:[0;39m {"startTime":1771348936143,"totalTime":525,"method":"GET","url":"https://localhost:8443/fineract-provider/api/v1/notifications","parameters":{"isRead":["false"],"limit":["9"]}}
[2m2026-02-17 11:22:16.676[0;39m [32m-DEBUG[0;39m [35m88555[0;39m [32m[0;39m [        default] [2m---[0;39m [2m[nio-8443-exec-8][0;39m [36ms.f.TenantAwareBasicAuthenticationFilter[0;39m [2m:[0;39m Set SecurityContextHolder to UsernamePasswordAuthenticationToken [Principal=AppUser [username=rob.manager, getId()=9], Credentials=[PROTECTED], Authenticated=true, Details=WebAuthenticationDetails [RemoteIpAddress=0:0:0:0:0:0:0:1, SessionId=null], Granted Authorities=[PREMATURECLOSE_RECURRINGDEPOSITACCOUNT_CHECKER, READ_CENTER, READ_AUDIT, READ_REPORT, READ_Happy Birthday - Email, APPROVALUNDO_LOAN_CHECKER, CLOSEASRESCHEDULED_LOAN_CHECKER, READ_USER, DELETE_CENTER_CHECKER, PREPARE_INTERTRANSFER, APPROVALUNDO_FIXEDDEPOSITACCOUNT_CHECKER, READ_DELINQUENCY_TAGS, CREATE_SHAREACCOUNT, CREATE_FUND, DELETE_DIVIDEND_SHAREPRODUCT, READ_HOOK, DELETE_SSBENEFICIARYTPT, CREATE_GROUP_CHECKER, CREATE_JOURNALENTRY_CHECKER, TRANSFERCLIENTS_GROUP_CHECKER, UPDATE_ADHOC, CAPITALIZEDINCOMEADJUSTMENT_LOAN, CREATE_CODE, READ_Balance Sheet, ACTIVATE_CLIENT, UPDATE_COLLATERAL, POSTINTEREST_FIXEDDEPOSITACCOUNT, CREATESCHEDULEEXCEPTIONS_LOAN_CHECKER, UPDATE_ACCOUNTINGRULE, CREATE_ACCOUNTTRANSFER, DELETE_ADHOC_CHECKER, READ_Active Group Leaders - Email, CREATE_CHARTSLAB, APPROVE_LOAN_CHECKER, APPLYANNUALFEE_SAVINGSACCOUNT, CREATE_FIXEDDEPOSITACCOUNT, UPDATE_STAFF, ACTIVATE_HOLIDAY_CHECKER, DELETE_GUARANTOR, READ_Funds Disbursed Between Dates Summary(Pentaho), READ_Active Loan Summary per Branch, DELETE_ROLE, READ_Aging Summary (Arrears in Weeks)(Pentaho), READ_GroupSummaryCounts, UPDATE_GUARANTOR_CHECKER, CREATE_USER, REJECTTRANSFER_CLIENT_CHECKER, UPDATE_FIXEDDEPOSITACCOUNT_CHECKER, ACCEPTTRANSFER_CLIENT, CREATE_ADDRESS_CHECKER, UPDATE_CHARGE_CHECKER, CLOSE_SHAREACCOUNT, CREATE_CASHIER_SESSIONS, DELETE_CLIENTIMAGE_CHECKER, UPDATE_RECURRINGDEPOSITPRODUCT, CLOSE_EMAIL_CAMPAIGN, DELETE_EMAIL_CAMPAIGN, DELETE_CLIENTNOTE, INTERESTPAYMENTWAIVER_LOAN, READ_ACCOUNTINGRULE, LINK_ACCOUNT_TO_POCKET, CREATE_INTEREST_PAUSE, CREATE_REPORT, UPDATERUNNINGBALANCE_JOURNALENTRY, APPROVE_FIXEDDEPOSITACCOUNT, DELETE_TEMPLATE, READ_Active Loans - Details, UPDATE_LOAN, ACTIVATE_GROUP_CHECKER, APPROVEADDITIONALSHARES_SHAREACCOUNT, CREATE_SMSCAMPAIGN_CHECKER, UPDATE_DATATABLE_CHECKER, WAIVE_CLIENTCHARGE, UPDATE_GUARANTOR, CREATE_CODEVALUE, DELETE_LOAN_COLLATERAL_PRODUCT, REJECTADDITIONALSHARES_SHAREACCOUNT, DELETE_USER_CHECKER, READ_ProgramDetails, CREATE_HOOK, READ_Expected Payments By Date - Basic(Pentaho), READ_Active Loans - Summary(Pentaho), ALLOCATECASHIER_TELLER_CHECKER, UPDATE_PAYMENTTYPE, UPDATE_WORKINGDAYS, READ_CLIENT, READ_Active Loans by Disbursal Period(Pentaho), ACTIVATE_GROUP, READ_Loans Pending Approval(Pentaho), DEACTIVATEOVERDUE_LOANCHARGE, UNDOTRANSACTION_CLIENT_CHECKER, READ_Active Loans by Disbursal Period, READ_RECURRINGDEPOSITACCOUNT, READ_Income Statement, CHECKER_SUPER_USER, DELETE_COLLATERAL, CONTRACT_TERMINATION_LOAN, CREATE_LOANTRANSACTIONNOTE, REAGE_LOAN, DELETE_HOLIDAY, complete_pending_step, CREATE_PAYMENTTYPE, DELETE_STAFFIMAGE_CHECKER, READ_Aging Detail(Pentaho), PAY_CLIENTCHARGE_CHECKER, REFUNDBYCASH_LOAN, DELETE_CLIENTNOTE_CHECKER, DELETE_CLIENTIMAGE, DELETE_LOANCHARGE_CHECKER, UPDATE_FAMILYMEMBERS, UPDATE_CREDITBUREAU_CONFIGURATION, READ_JOURNALENTRY, CREATE_ADDRESS, UPDATE_GROUPNOTE, start_pending_flow, DEREGISTER_DATATABLE_CHECKER, UNASSIGNSTAFF_CLIENT, CANCEL_ASSET_OWNER_TRANSACTION, CREATE_CHARGE, DELETE_TELLER, CREATE_SAVINGSACCOUNT, DELETE_OFFICETRANSACTION_CHECKER, UPDATE_SAVINGSPRODUCT_CHECKER, READ_Obligation Met Loans Details, UPDATE_RATE_CHECKER, READ_Dormant Prospects - Email, DELETE_CHARGE, REMOVESAVINGSOFFICER_SAVINGSACCOUNT, UPDATESAVINGSOFFICER_SAVINGSACCOUNT, UPDATE_CONFIGURATION, READ_OFFICE, ENABLE_ROLE, READ_GLACCOUNT, BLOCKDEBIT_SAVINGSACCOUNT, READ_CODE, CREATE_TAXCOMPONENT, DELETECASHIERALLOCATION_TELLER_CHECKER, DELETE_PROVISIONCATEGORY, UPDATE_GSIMACCOUNT, READ_Loans Awaiting Disbursal Summary by Month, RELEASEAMOUNT_SAVINGSACCOUNT_CHECKER, UNDOWRITEOFF_LOAN, CREATE_TAXGROUP_CHECKER, DEREGISTER_DATATABLE, UNDODISBURSAL_GLIMLOAN, UNASSIGNSTAFF_GROUP_CHECKER, create_loan_comittee, SAVEORUPDATEATTENDANCE_MEETING, CREATE_GROUPNOTE, PAY_LOANCHARGE, UPDATE_LOANTRANSACTIONNOTE, UPDATE_EMAIL_CAMPAIGN_CHECKER, UPDATE_PRODUCTMIX, DELETE_SAVINGSACCOUNT, REJECT_GLIMLOAN, READTRANSACTION_CLIENT, DELETE_CENTER, READ_FLOATINGRATE, READ_TAXCOMPONENT, READ_FUND, DELETE_INTERESTRATECHART, REDEEMSHARES_SHAREACCOUNT, UPDATE_COLLATERAL_CHECKER, DELETE_GROUP_CHECKER, READ_Portfolio at Risk(Pentaho), UPDATE_ROLE, UPDATE_CACHE, DELETE_ACCOUNTNUMBERFORMAT, CREATE_LOANPRODUCT, UPDATE_SAVINGSACCOUNTCHARGE_CHECKER, UPDATEDEPOSITAMOUNT_RECURRINGDEPOSITACCOUNT_CHECKER, DELETE_CODEVALUE_CHECKER, UNDOTRANSACTION_FIXEDDEPOSITACCOUNT_CHECKER, DEFINEOPENINGBALANCE_JOURNALENTRY, REJECT_FIXEDDEPOSITACCOUNT, WITHDRAW_SAVINGSACCOUNT, DELETE_CREDITREPORT, DISBURSALUNDO_LOAN_CHECKER, UPDATE_ORGANISATIONCREDITBUREAU, ACTIVATE_SMSCAMPAIGN, RECOVERYPAYMENT_LOAN, READ_PASSWORD_PREFERENCES, CREATE_SAVINGSACCOUNT_CHECKER, READ_HOLIDAY, READ_ChildrenStaffList, CREATE_FLOATINGRATE_CHECKER, CREATE_HOLIDAY_CHECKER, READ_Disbursal Report, UNBLOCK_SAVINGSACCOUNT, UPDATE_SHAREACCOUNT, UPDATE_ENTITYMAPPING, APPROVE_SHAREACCOUNT, CREATE_RESCHEDULELOAN, CLOSE_CENTER, DELETE_EMAIL_CAMPAIGN_CHECKER, CREATE_SAVINGSACCOUNTCHARGE_CHECKER, READ_Loans Awaiting Disbursal Summary(Pentaho), CREATE_LOANNOTE, ASSIGNROLE_GROUP, UPDATE_EMAIL_CONFIGURATION, ALL_FUNCTIONS_READ, SAVE_COLLECTIONSHEET, CLOSE_SAVINGSACCOUNT_CHECKER, READ_Loan Approved - Email, DISBURSE_GLIMLOAN, UPDATE_PERMISSION, EXECUTEJOB_SCHEDULER, DELETE_GLACCOUNT, UPDATE_FUND_CHECKER, centers_visibility, CREATE_SHAREPRODUCT, update_pending_flow_blueprint, GET_CREDITREPORT, MERCHANTISSUEDREFUND_LOAN, CREATE_GLCLOSURE, UPDATE_SMSCAMPAIGN_CHECKER, CREATE_FAMILYMEMBERS, BLOCK_SAVINGSACCOUNT_CHECKER, REJECT_SHAREACCOUNT, UPDATE_BUSINESS_DATE, READ_ClientTrendsByWeek, CREATE_PROVISIONJOURNALENTRIES, CREATE_STAFF_CHECKER, DELETE_COLLATERAL_PRODUCT, DELETE_ADHOC, READ_Funds Disbursed Between Dates Summary by Office, SAVE_CREDITREPORT, READ_Client Listing(Pentaho), DELETE_PRODUCTMIX, UPDATE_SMS_CHECKER, CREATE_ACCOUNTINGRULE, DELETE_FIXEDDEPOSITACCOUNT, REACTIVATE_CLIENT, HOLDAMOUNT_SAVINGSACCOUNT, UPDATE_SMS, UPDATE_FIXEDDEPOSITPRODUCT_CHECKER, UPDATE_PROVISIONCRITERIA, CHARGEOFF_LOAN, CLOSE_CENTER_CHECKER, ENABLE_ROLE_CHECKER, DELETE_CLIENTIDENTIFIER, READ_Aging Summary (Arrears in Months)(Pentaho), SALE_LOAN, UPDATE_RATE, UPDATE_LOANNOTE, READ_CLIENTIMAGE, READ_INTERTRANSFER, CREATE_STANDINGINSTRUCTION, DELETE_CODE, DELETE_EMAIL_CHECKER, READ_GroupNamesByStaff, UPDATE_ACCOUNTNUMBERFORMAT, READ_ProgramDirectorStats, APPROVE_FIXEDDEPOSITACCOUNT_CHECKER, PAY_CLIENTCHARGE, READ_Portfolio at Risk by Branch, READ_SAVINGSACCOUNTCHARGE, CLOSE_LOAN_CHECKER, READ_Active Loans in last installment, FORECLOSURE_LOAN, READ_INTERID, MANUAL_INTEREST_REFUND_TRANSACTION_LOAN, ACTIVATE_HOLIDAY, READ_LOANPRODUCT, UPDATE_RECURRINGDEPOSITACCOUNT_CHECKER, READ_Loans disbursed to clients - Email, UPDATE_CALENDAR_CHECKER, WITHDRAW_LOAN_CHECKER, view_pendientes, READ_Aging Summary (Arrears in Months), CALCULATEINTEREST_RECURRINGDEPOSITACCOUNT, READ_Active Loans in last installment(Pentaho), CREATE_STANDINGINSTRUCTION , UPDATE_INTERESTRATECHART_CHECKER, DELETE_FIXEDDEPOSITPRODUCT_CHECKER, APPROVE_LOAN, READ_SAVINGSACCOUNT, CREATE_COLLATERAL, DELETESCHEDULEEXCEPTIONS_LOAN, READ_TxnRunningBalances(Pentaho), UPDATEWITHHOLDTAX_SAVINGSACCOUNT, CREATE_INTERREQUEST, READ_IMPORT, DELETE_REPORT, CREATE_TEMPLATE, CREATE_CHARTSLAB_CHECKER, CREATE_ENTITYMAPPING, REJECT_LOAN, DELETE_SMS, ALLOCATECASHIER_TELLER, UPDATE_ADDRESS_CHECKER, DELETE_RECURRINGDEPOSITACCOUNT_CHECKER, INTERMEDIARYSALE_LOAN, UPDATE_CLIENT, UPDATE_GROUPNOTE_CHECKER, BUYBACK_LOAN, REJECTTRANSFER_CLIENT, RELEASEAMOUNT_SAVINGSACCOUNT, DELETE_CHARTSLAB_CHECKER, DISABLE_ROLE, CREATE_CREDITBUREAU_CONFIGURATION, READ_LOANNOTE, UPDATE_EMAIL_CHECKER, CREATE_EXTERNAL_ASSET_OWNER_LOAN_PRODUCT_ATTRIBUTE, REGISTER_SURVEY, WITHDRAW_LOAN, UNASSIGNGESTOR_CLIENT, DELETE_OFFICE_CHECKER, DEPOSIT_GSIMACCOUNT, REACTIVATE_CLIENT_CHECKER, APPLYANNUALFEE_SAVINGSACCOUNT_CHECKER, READ_Aging Detail, UPDATE_COLLATERAL_PRODUCT, CREATE_SAVINGSPRODUCT_CHECKER, UPDATE_XBRLMAPPING, READ_CACHE, WAIVE_CLIENTCHARGE_CHECKER, ALLOCATECASHTOCASHIER_TELLER, UNBLOCKDEBIT_SAVINGSACCOUNT_CHECKER, READ_Loans Awaiting Disbursal, READ_Loan Payments Received (Overdue Loans) - Email, REFUNDBYTRANSFER_ACCOUNTTRANSFER, CREATE_FIXEDDEPOSITPRODUCT, ASSOCIATECLIENTS_GROUP, UPDATE_TAXCOMPONENT, UPDATE_CLIENT_COLLATERAL_PRODUCT, READ_Daily Journal Ledger Report, CREATE_RECURRINGDEPOSITPRODUCT, DELETE_ENTITYMAPPING, CREATE_HOLIDAY, UPDATE_SAVINGNOTE_CHECKER, DEPOSIT_SAVINGSACCOUNT, DELETE_FAMILYMEMBERS, UPDATE_STANDINGINSTRUCTION , REVERSETRANSACTION_SAVINGSACCOUNT_CHECKER, READ_Loan Fully Repaid - Email, BOUNCE_REPAYMENT_WITH_POSTDATEDCHECKS, UNDOTRANSACTION_SAVINGSACCOUNT, PREMATURECLOSE_FIXEDDEPOSITACCOUNT_CHECKER, REPORTING_SUPER_USER, UPDATEOPENINGBALANCE_JOURNALENTRY, REGISTER_DATATABLE_CHECKER, PREMATURECLOSE_RECURRINGDEPOSITACCOUNT, WITHDRAW_CLIENT_CHECKER, CREATE_LOANCHARGE_CHECKER, CREATE_FIXEDDEPOSITACCOUNT_CHECKER, SETTLECASHFROMCASHIER_TELLER, ACTIVATE_EMAIL_CAMPAIGN, UPDATE_CURRENCY, CREATE_CLIENTNOTE_CHECKER, DELETE_INTEREST_PAUSE, UPDATE_TELLER, READ_Active Loans Passed Final Maturity Summary(Pentaho), DELETECASHIERALLOCATION_TELLER, APPROVALUNDO_SAVINGSACCOUNT, READ_DELINQUENCY_BUCKET, REJECT_CLIENT, CREATE_PROVISIONENTRIES, UPDATE_CODE, CREATE_GROUPNOTE_CHECKER, APPROVE_RECURRINGDEPOSITACCOUNT_CHECKER, APPLYADDITIONALSHARES_SHAREACCOUNT, CREATE_GUARANTOR, READ_Obligation Met Loans Summary(Pentaho), APPROVALUNDO_SAVINGSACCOUNT_CHECKER, READ_RATE, UPDATE_REPAYMENT_WITH_POSTDATEDCHECKS, READ_STANDINGINSTRUCTION , CREATE_REPORTMAILINGJOB, DELETE_ROLE_CHECKER, READ_Loan payments due - Email, CREATE_SAVINGNOTE, READ_Branch Expected Cash Flow, READ_SAVINGSPRODUCT, READ_INTERQUOTE, SAVECOLLECTIONSHEET_CENTER, CREATE_CLIENTCHARGE_CHECKER, CREATE_ACCOUNTNUMBERFORMAT, ACTIVATE_CENTER_CHECKER, READ_Active Loans - Summary, UPDATE_FIXEDDEPOSITACCOUNT, UPDATE_GLCLOSURE, CREATE_ACCOUNTTRANSFER_CHECKER, SETTLECASHFROMCASHIER_TELLER_CHECKER, READ_COLLATERAL, ASSIGNGESTOR_CLIENT, READ_Obligation Met Loans Details(Pentaho), REMOVELOANOFFICER_LOAN_CHECKER, DEPOSIT_SAVINGSACCOUNT_CHECKER, READ_ProgramStats, DELETE_DELINQUENCY_BUCKET, UPDATE_CLIENTCHARGE, ASSIGNSTAFF_CLIENT, UPDATECASHIERALLOCATION_TELLER, DELETE_PROVISIONCRITERIA, CREATE_CLIENTIDENTIFIER_CHECKER, READ_Expected Payments By Date - Formatted, DELETE_CLIENT, READ_PRODUCTMIX, READ_Funds Disbursed Between Dates Summary by Office(Pentaho), UPDATE_TAXGROUP, READ_ENTITY_DATATABLE_CHECK, REFUNDBYCASH_LOAN_CHECKER, DELETE_RECURRINGDEPOSITPRODUCT, CHARGEREFUND_LOAN, REJECT_SAVINGSACCOUNT_CHECKER, READ_CoordinatorStats, READ_LOANTRANSACTIONNOTE, CREATE_LOANCHARGE, DELETE_FINANCIALACTIVITYACCOUNT, REJECT_FIXEDDEPOSITACCOUNT_CHECKER, UPDATE_HOOK, ACCEPTTRANSFER_CLIENT_CHECKER, READ_Loan Account Schedule, DEPOSIT_FIXEDDEPOSITACCOUNT_CHECKER, SAVECOLLECTIONSHEET_GROUP, DELETE_EMAIL, ADJUST_LOAN, CLOSE_GROUP, UPDATE_FLOATINGRATE, CHANGEPWD_USER, CREATE_INTERESTRATECHART, READ_Loans Awaiting Disbursal(Pentaho), READ_CURRENCY, CALCULATEINTEREST_FIXEDDEPOSITACCOUNT, CREATE_RECURRINGDEPOSITPRODUCT_CHECKER, READ_Client Loans Listing(Pentaho), WITHDRAWAL_FIXEDDEPOSITACCOUNT, POSTINTEREST_FIXEDDEPOSITACCOUNT_CHECKER, UPDATE_PROVISIONCATEGORY, SETFRAUD_LOAN, CREATE_FLOATINGRATE, READ_EXTERNAL_EVENT_CONFIGURATION, CREATE_LOANPRODUCT_CHECKER, DELETE_INTERESTRATECHART_CHECKER, INACTIVATE_SAVINGSACCOUNTCHARGE, UNDOTRANSACTION_FIXEDDEPOSITACCOUNT, CREATE_FUND_CHECKER, POSTINTERESTASONDATE_SAVINGSACCOUNT, CREATE_FINANCIALACTIVITYACCOUNT, CREATE_SMS, CREATE_SMSCAMPAIGN, WAIVE_LOANCHARGE_CHECKER, UNDOAPPROVAL_SHAREACCOUNT, UPDATE_CHARTSLAB, UPDATEROLE_GROUP, start_loan_comittee, READ_Loans Awaiting Disbursal Summary by Month(Pentaho), CREATE_ORGANISATIONCREDITBUREAU, PROPOSETRANSFER_CLIENT_CHECKER, UPDATE_CLIENTIDENTIFIER, CREATE_TAXGROUP, APPROVE_SAVINGSACCOUNT, DELETE_USER, UPDATE_CURRENCY_CHECKER, READ_Obligation Met Loans Summary, REVERSETRANSACTION_SAVINGSACCOUNT, CREATE_GLACCOUNT, CONTRACT_TERMINATION_UNDO_LOAN, DELETE_CLIENTCHARGE_CHECKER, CREATE_GUARANTOR_CHECKER, READ_Active Loans in last installment Summary, CREATE_DIVIDEND_SHAREPRODUCT, WITHDRAWTRANSFER_CLIENT, UPDATE_DOCUMENT, ACTIVATE_FIXEDDEPOSITACCOUNT_CHECKER, DELETE_SAVINGSPRODUCT_CHECKER, UPDATE_FLOATINGRATE_CHECKER, UPDATE_CENTER_CHECKER, UPDATE_REPORT, READ_STAFF, PERMISSIONS_ROLE, UPDATE_LOANPRODUCT_CHECKER, READ_Written-Off Loans(Pentaho), PROPOSEANDACCEPTTRANSFER_CLIENT, CREATE_CLIENTIMAGE_CHECKER, DISBURSETOSAVINGS_LOAN, CREATE_CLIENTNOTE, UPDATE_SAVINGSPRODUCT, INACTIVATE_SAVINGSACCOUNTCHARGE_CHECKER, READ_GROUP, UNDOTRANSACTION_CLIENT, WAIVE_SAVINGSACCOUNTCHARGE, CAPITALIZEDINCOME_LOAN, BLOCKDEBIT_SAVINGSACCOUNT_CHECKER, READ_Loans Pending Approval, CREATE_MEETING, REJECT_RESCHEDULELOAN, READ_SMS, READ_Portfolio at Risk by Branch(Pentaho), WITHDRAW_CLIENT, READ_BUSINESS_DATE, UPDATE_CLIENTNOTE_CHECKER, READ_Loan Rejected - Email, UPDATESAVINGSOFFICER_SAVINGSACCOUNT_CHECKER, READ_CLIENTIDENTIFIER, UNDOREJECT_CLIENT_CHECKER, CREATE_REPORT_CHECKER, UNBLOCK_SAVINGSACCOUNT_CHECKER, UPDATE_DOCUMENT_CHECKER, UPDATE_SAVINGNOTE, CREATE_ENTITY_DATATABLE_CHECK, DELETE_DATATABLE, REFUNDBYTRANSFER_ACCOUNTTRANSFER_CHECKER, READ_MEETING, REJECT_RECURRINGDEPOSITACCOUNT_CHECKER, UPDATE_ROLE_CHECKER, CREATESCHEDULEEXCEPTIONS_LOAN, DELETE_SAVINGSACCOUNT_CHECKER, DELETE_GUARANTOR_CHECKER, UPDATE_EMAIL_CAMPAIGN, WITHDRAW_FIXEDDEPOSITACCOUNT, READ_LoanTrendsByWeek, READ_Loan Repayment - Email, PROPOSETRANSFER_CLIENT, CREATE_ROLE_CHECKER, EXECUTE_PERIODICACCRUALACCOUNTING, APPROVE_RESCHEDULELOAN, READ_STAFFIMAGE, UPDATE_ADHOC_CHECKER, READ_Client Loan Account Schedule, APPROVALUNDO_LOAN, DELETE_FIXEDDEPOSITPRODUCT, UPDATEOPENINGBALANCE_JOURNALENTRY_CHECKER, UPDATEWITHHOLDTAX_SAVINGSACCOUNT_CHECKER, UPDATE_COLLECTIONSHEET, DELETE_HOLIDAY_CHECKER, UPDATE_CONFIGURATION_CHECKER, READ_Trial Balance, READ_Client Listing, CREATE_EMAIL_CAMPAIGN_CHECKER, UPDATE_SAVINGSACCOUNTCHARGE, UPDATE_SAVINGSACCOUNT, UPDATE_BATCH_BUSINESS_STEP, POSTINTEREST_RECURRINGDEPOSITACCOUNT, update_pending_step, DELETE_OFFICETRANSACTION, DELETE_LOANTRANSACTIONNOTE, READ_RECURRINGDEPOSITPRODUCT, CREATE_DELINQUENCY_RANGE, DELETE_ADDRESS_CHECKER, POSTINTEREST_SAVINGSACCOUNT_CHECKER, READ_CODEVALUE, READ_Active Loan Clients - Email, READ_Rescheduled Loans, UPDATE_STANDINGINSTRUCTION, UPDATE_REPORT_CHECKER, DELETE_CLIENTCHARGE, READ_BranchManagerStats, CHARGEBACK_LOAN, REGISTER_DATATABLE, READ_CONFIGURATION, UPDATE_CLIENTCHARGE_CHECKER, CREATE_CALENDAR_CHECKER, UNASSIGNROLE_GROUP, CLOSE_CLIENT, UPDATE_HOLIDAY, UPDATE_USER_CHECKER, CREDITBALANCEREFUND_LOAN, DELETE_TELLER_CHECKER, WRITEOFF_LOAN_CHECKER, UPDATE_GROUP, WITHDRAWAL_SAVINGSACCOUNT_CHECKER, ASSOCIATEGROUPS_CENTER_CHECKER, READ_LoanTrendsByDay, UPDATE_CREDITBUREAU_LOANPRODUCT_MAPPING, READ_ACCOUNTTRANSFER, UNDOTRANSACTION_SAVINGSACCOUNT_CHECKER, DELETE_CHARGE_CHECKER, CREATE_CENTER, UPDATELOANOFFICER_LOAN, PAY_SAVINGSACCOUNTCHARGE_CHECKER, APPROVALUNDO_RECURRINGDEPOSITACCOUNT_CHECKER, CREATE_CENTER_CHECKER, READ_ADDRESS, UNDOWITHDRAWAL_CLIENT_CHECKER, READ_ClientTrendsByMonth, DELETE_DATATABLE_CHECKER, UPDATE_STAFF_CHECKER, WAIVE_SAVINGSACCOUNTCHARGE_CHECKER, ASSOCIATEGROUPS_CENTER, CREATE_DOCUMENT, READ_CLIENTCHARGE, UPDATE_LOANTRANSACTIONNOTE_CHECKER, UPDATE_DATATABLE, POSTINTEREST_RECURRINGDEPOSITACCOUNT_CHECKER, UPDATE_USER, READ_Disbursal_Vs_Awaitingdisbursal, BLOCK_SAVINGSACCOUNT, UPDATE_WORKINGDAYS_CHECKER, APPROVE_SAVINGSACCOUNT_CHECKER, CREATE_RATE_CHECKER, DELETE_CODEVALUE, BULKREASSIGN_LOAN_CHECKER, BYPASS_LOAN_WRITE_PROTECTION, UPDATE_CLIENT_CHECKER, CREATE_TAXCOMPONENT_CHECKER, DELETE_DIVIDEND_SHAREPRODUCT_CHECKER, UPDATE_EXTERNALSERVICES, UPDATE_LOAN_CHECKER, CREATE_RECURRINGDEPOSITACCOUNT_CHECKER, WAIVE_LOANCHARGE, WITHDRAWAL_RECURRINGDEPOSITACCOUNT, CREATE_COLLATERAL_PRODUCT, DELETE_ACCOUNTINGRULE, UPDATE_EXTERNAL_ASSET_OWNER_LOAN_PRODUCT_ATTRIBUTE, UPDATE_CHARTSLAB_CHECKER, UPDATE_MEETING, READ_FIXEDDEPOSITACCOUNT, ALLOCATECASHTOCASHIER_TELLER_CHECKER, REMOVELOANOFFICER_LOAN, DELETE_LOAN_CHECKER, UNDO_WAIVECHARGE, CREATE_INTERTRANSFER, DELETE_CODE_CHECKER, UPDATE_CHARGE, DELETE_SAVINGSACCOUNTCHARGE_CHECKER, DISBURSEWITHOUTAUTODOWNPAYMENT_LOAN, READ_CHARGE, UNDOCHARGEOFF_LOAN, DELETE_ADDRESS, READ_Client Saving Transactions, READ_REPORTMAILINGJOB, CLOSE_RECURRINGDEPOSITACCOUNT_CHECKER, CLOSE_LOAN, READ_ACCOUNTNUMBERFORMAT, DELETE_INTERID, UPDATE_GLACCOUNT, READ_Active Clients - Email, ACTIVATE_RECURRINGDEPOSITACCOUNT_CHECKER, ADJUSTTRANSACTION_RECURRINGDEPOSITACCOUNT, READ_SMSCAMPAIGN, DELETE_LOANPRODUCT_CHECKER, ALL_FUNCTIONS, CREATE_STAFFIMAGE, READ_GLCLOSURE, CREATE_OFFICETRANSACTION, DELETE_STANDINGINSTRUCTION , CALCULATEINTEREST_FIXEDDEPOSITACCOUNT_CHECKER, DELETE_SAVINGSACCOUNTCHARGE, DELETE_COLLATERAL_CHECKER, accounting_visibility, ADJUST_LOAN_CHECKER, DELETE_CALENDAR_CHECKER, DELETE_LOANNOTE_CHECKER, READ_TAXGROUP, CREATE_DELINQUENCY_ACTION, DISBURSALUNDO_LOAN, UNDOREJECT_CLIENT, DEFINEOPENINGBALANCE_JOURNALENTRY_CHECKER, UPDATE_CODEVALUE, READ_CALENDAR, BYPASS_TWOFACTOR, UNDOWITHDRAWAL_CLIENT, UPDATEDELINQUENCY_LOAN, READ_Client Savings Summary, create_pending_flow_blueprint, READ_RATE_CHECKER, UPDATE_APPROVED_AMOUNT_LOAN, DELETE_SAVINGSPRODUCT, UPDATE_INTEREST_PAUSE, READ_LoanCyclePerProduct, FORECLOSURE_LOAN_CHECKER, CREATE_SAVINGNOTE_CHECKER, GOODWILLCREDIT_LOAN, WAIVEINTERESTPORTION_LOAN, APPROVALUNDO_RECURRINGDEPOSITACCOUNT, UPDATE_DISBURSEMENTDETAIL, UPDATE_FUND, READ_Savings Transactions, DELETE_REPAYMENT_WITH_POSTDATEDCHECKS, UPDATE_OFFICE_CHECKER, DELETE_LOANNOTE, CREATE_DELINQUENCY_BUCKET, DISBURSALLASTUNDO_LOAN, READ_PERMISSION, UPDATE_PASSWORD_PREFERENCES_CHECKER, DISBURSE_LOAN, CREATE_RECURRINGDEPOSITACCOUNT, admin_visibility, DELETE_STAFFIMAGE, CREATE_EMAIL, ACTIVATE_SAVINGSACCOUNT, CREATE_JOURNALENTRY, WRITEOFF_LOAN, DELETE_CHARTSLAB, CREATE_EMAIL_CHECKER, DELETE_GROUP, READ_TEMPLATE, DELETE_DELINQUENCY_RANGE, DELETE_FUND_CHECKER, RECOVERGUARANTEES_LOAN, UPDATE_LOANNOTE_CHECKER, WITHDRAW_RECURRINGDEPOSITACCOUNT, READ_EMAIL_CAMPAIGN, CREATE_CLIENT_COLLATERAL_PRODUCT, READ_Demand_Vs_Collection, CREATE_CODE_CHECKER, DELETE_SMSCAMPAIGN, DELETE_SMS_CHECKER, DEPOSIT_RECURRINGDEPOSITACCOUNT, DELETE_RECURRINGDEPOSITPRODUCT_CHECKER, REVERSE_JOURNALENTRY, WAIVEINTERESTPORTION_LOAN_CHECKER, CREATE_DATATABLE, DELETE_LOANPRODUCT, READ_Collection Report, READ_DOCUMENT, DELETE_GLCLOSURE, CREATE_SAVINGSACCOUNTCHARGE, READ_INTERREQUEST, UPDATEDEPOSITAMOUNT_RECURRINGDEPOSITACCOUNT, UPDATE_SAVINGSACCOUNT_CHECKER, DISBURSE_LOAN_CHECKER, RECOVERGUARANTEES_LOAN_CHECKER, CREATE_GROUP, READ_Loans Awaiting Disbursal Summary, CREATE_STAFF, UPDATE_LOANCHARGE_CHECKER, DELETE_LOANTRANSACTIONNOTE_CHECKER, DELETE_FUND, APPROVALUNDO_FIXEDDEPOSITACCOUNT, VIEW_CASHIER_SESSIONS, DISASSOCIATECLIENTS_GROUP, UPDATE_TAXGROUP_CHECKER, APPROVE_DIVIDEND_SHAREPRODUCT_CHECKER, CREATE_DIVIDEND_SHAREPRODUCT_CHECKER, READ_SAVINGNOTE, READ_GUARANTOR, READ_Loan Payments Due (Overdue Loans) - Email, DELETE_ENTITY_DATATABLE_CHECK, UPDATE_DELINQUENCY_BUCKET, APPROVE_GLIMLOAN, READ_Funds Disbursed Between Dates Summary, TRANSFERCLIENTS_GROUP, UPDATE_CENTER, ACTIVATE_CLIENT_CHECKER, UPDATE_RECURRINGDEPOSITACCOUNT, UPDATE_TELLER_CHECKER, UNDO_REAMORTIZE_LOAN, BUYDOWNFEEADJUSTMENT_LOAN, UNDOAPPROVAL_GLIMLOAN, DELETE_REPORTMAILINGJOB, READ_Loans in arrears - Email, CALCULATEINTEREST_SAVINGSACCOUNT, RECREATE_PROVISIONENTRIES, CALCULATEINTEREST_SAVINGSACCOUNT_CHECKER, ACTIVATE_GSIMACCOUNT, READ_GROUPNOTE, UNASSIGNSTAFF_GROUP, ACTIVATE_CENTER, UPDATE_INTERESTRATECHART, CLOSEASRESCHEDULED_LOAN, POSTINTEREST_SAVINGSACCOUNT, DELETE_LOANCHARGE, APPROVE_RECURRINGDEPOSITACCOUNT, READ_FINANCIALACTIVITYACCOUNT, REJECT_LOAN_CHECKER, READ_Prospective Clients - Email, CREATE_DOCUMENT_CHECKER, BLOCKCREDIT_SAVINGSACCOUNT, REACTIVATE_SMSCAMPAIGN, RELEASE_INTERTRANSFER, CLOSE_FIXEDDEPOSITACCOUNT_CHECKER, CREATE_CODEVALUE_CHECKER, UPDATE_SCHEDULER, POSTINTERESTASONDATE_SAVINGSACCOUNT_CHECKER, READ_Active Loans Passed Final Maturity, READ_EMAIL, READ_PAYMENTTYPE, CREATE_RATE, CLOSE_CLIENT_CHECKER, WITHDRAWAL_FIXEDDEPOSITACCOUNT_CHECKER, ASSIGNSTAFF_GROUP, READ_RESCHEDULELOAN, CREATE_FIXEDDEPOSITPRODUCT_CHECKER, DELETE_STAFF, REJECT_GSIMACCOUNT, READ_Active Loans in last installment Summary(Pentaho), CREATE_ROLE, WITHDRAWAL_SAVINGSACCOUNT, READ_Expected Payments By Date - Basic, REJECT_SAVINGSACCOUNT, CREATE_SMS_CHECKER, CLOSE_SAVINGSACCOUNT, ACTIVATE_RECURRINGDEPOSITACCOUNT, READ_CLIENTNOTE, UPDATE_RECURRINGDEPOSITPRODUCT_CHECKER, READ_SCHEDULER, UNBLOCKCREDIT_SAVINGSACCOUNT_CHECKER, UPDATE_OFFICE, CREATE_CLIENTIMAGE, UPDATE_ADDRESS, CREATE_ADHOC_CHECKER, UPDATE_REPORTMAILINGJOB, BLOCKCREDIT_SAVINGSACCOUNT_CHECKER, DELETE_CLIENT_CHECKER, WITHDRAWAL_RECURRINGDEPOSITACCOUNT_CHECKER, UPDATE_FIXEDDEPOSITPRODUCT, CLOSE_RECURRINGDEPOSITACCOUNT, DISBURSALLASTUNDO_LOAN_CHECKER, EXECUTEFORSAVINGS, CREATE_STAFFIMAGE_CHECKER, UPDATE_DELINQUENCY_RANGE, READ_Rescheduled Loans(Pentaho), UNBLOCKCREDIT_SAVINGSACCOUNT, BUYDOWNFEE_LOAN, CREATE_CREDITBUREAU_LOANPRODUCT_MAPPING, CREATE_USER_CHECKER, CREATE_CLIENTCHARGE, REAMORTIZE_LOAN, READ_Loan Payments Received (Active Loans) - Email, PREMATURECLOSE_FIXEDDEPOSITACCOUNT, UPDATE_PASSWORD_PREFERENCES, DELETESCHEDULEEXCEPTIONS_LOAN_CHECKER, READ_LoanTrendsByMonth, ACTIVATE_SHAREACCOUNT, DELETE_SAVINGNOTE, UPDATE_GROUP_CHECKER, CREATE_INTERID, READ_DIVIDEND_SHAREPRODUCT, DISASSOCIATEGROUPS_CENTER, UPDATE_LOANCHARGE, REPAYMENT_GLIMLOAN, CREATE_INTERQUOTE, CREATE_CLIENT_CHECKER, DELETE_SMSCAMPAIGN_CHECKER, REPAYMENT_LOAN, UPDATE_TEMPLATE, UPDATELOANOFFICER_LOAN_CHECKER, DELINK_ACCOUNT_FROM_POCKET, DELETE_STANDINGINSTRUCTION, READ_DATATABLE, CREATE_OFFICETRANSACTION_CHECKER, INACTIVATE_CLIENTCHARGE_CHECKER, READ_ROLE, READ_GroupSummaryAmounts, WITHDRAWTRANSFER_CLIENT_CHECKER, UPDATE_PERMISSION_CHECKER, UPDATE_DELINQUENCY_TAGS, READ_FieldAgentPrograms, CREATE_DATATABLE_CHECKER, CREATE_CALENDAR, READ_Written-Off Loans, READ_Balance Outstanding, CREATE_EMAIL_CAMPAIGN, UPDATE_CALENDAR, UPDATE_LIKELIHOOD, CREATE_LOAN, ADJUSTTRANSACTION_FIXEDDEPOSITACCOUNT, UNDOTRANSACTION_RECURRINGDEPOSITACCOUNT_CHECKER, UPDATE_CODE_CHECKER, DELETE_GROUPNOTE_CHECKER, INVALIDATE_TWOFACTOR_ACCESSTOKEN, PAY_SAVINGSACCOUNTCHARGE, ACTIVATE_FIXEDDEPOSITACCOUNT, CLOSE_SMSCAMPAIGN, CREATE_OFFICE_CHECKER, READ_FieldAgentStats, READ_FAMILYMEMBERS, DELETE_CLIENTIDENTIFIER_CHECKER, DELETE_DOCUMENT_CHECKER, CREATE_OFFICE, DELETE_CALENDAR, DELETE_STAFF_CHECKER, CREATE_CLIENT, DELETE_PAYMENTTYPE, READ_General Ledger Report, CREATE_COLLATERAL_CHECKER, DEPOSIT_RECURRINGDEPOSITACCOUNT_CHECKER, DOWNPAYMENT_LOAN, UPDATE_TAXCOMPONENT_CHECKER, WITHDRAW_RECURRINGDEPOSITACCOUNT_CHECKER, READ_ClientSummary , APPROVE_GSIMACCOUNT, UNBLOCKDEBIT_SAVINGSACCOUNT, CREATE_TELLER, UPDATE_LOANPRODUCT, REPAYMENT_LOAN_CHECKER, READ_Portfolio at Risk, CLOSE_GROUP_CHECKER, CREATE_PROVISIONCRITERIA, UPDATECASHIERALLOCATION_TELLER_CHECKER, READ_EMAIL_CONFIGURATION, UPDATE_FINANCIALACTIVITYACCOUNT, UNDOTRANSACTION_RECURRINGDEPOSITACCOUNT, REJECT_RECURRINGDEPOSITACCOUNT, INACTIVATE_CLIENTCHARGE, READ_COLLECTIONSHEET, DELETE_LOAN, DELETE_REPORT_CHECKER, UPDATE_SHAREPRODUCT, UPDATE_TWOFACTOR_CONFIGURATION, DELETE_FIXEDDEPOSITACCOUNT_CHECKER, CREATE_SSBENEFICIARYTPT, READ_Aging Summary (Arrears in Weeks), ACTIVATE_SAVINGSACCOUNT_CHECKER, CREATE_LOANNOTE_CHECKER, READ_Active Loans Passed Final Maturity Summary, UPDATE_SSBENEFICIARYTPT, UNDO_REAGE_LOAN, DELETE_HOOK, REMOVESAVINGSOFFICER_SAVINGSACCOUNT_CHECKER, READ_SSBENEFICIARYTPT, DISASSOCIATEGROUPS_CENTER_CHECKER, see_loan_comittee, UPDATE_CLIENTNOTE, READ_TWOFACTOR_CONFIGURATION, APPROVALUNDO_GSIMACCOUNT, UPDATE_CLIENTIDENTIFIER_CHECKER, READ_LOAN, PROPOSEANDACCEPTTRANSFER_CLIENT_CHECKER, UPDATE_SMSCAMPAIGN, WITHDRAW_FIXEDDEPOSITACCOUNT_CHECKER, REJECT_CLIENT_CHECKER, READ_Client Loans Listing, UPDATESAVINGSACCOUNT_CLIENT, UPDATE_EXTERNAL_EVENT_CONFIGURATION, CREATE_CLIENTIDENTIFIER, CREATE_TELLER_CHECKER, CREATE_PRODUCTMIX, READ_GroupSavingSummary, CREATE_ADHOC, UPDATE_CODEVALUE_CHECKER, CREATE_GSIMACCOUNT, READ_WORKINGDAYS, EXECUTE_INLINE_JOB, UPDATE_EMAIL, DELETE_MEETING, UPDATE_HOLIDAY_CHECKER, READ_TxnRunningBalances, CALCULATEINTEREST_RECURRINGDEPOSITACCOUNT_CHECKER, CREATE_SAVINGSPRODUCT, ADJUSTMENT_LOANCHARGE, READ_FIXEDDEPOSITPRODUCT, CLOSE_FIXEDDEPOSITACCOUNT, reports_visibility, DELETE_SAVINGNOTE_CHECKER, CREATE_LOANTRANSACTIONNOTE_CHECKER, CREATE_INTERESTRATECHART_CHECKER, READ_OFFICETRANSACTION, DEPOSIT_FIXEDDEPOSITACCOUNT, ADJUSTTRANSACTION_SAVINGSACCOUNT, CLOSE_GSIMACCOUNT, DELETE_CLIENT_COLLATERAL_PRODUCT, WITHDRAW_SAVINGSACCOUNT_CHECKER, HOLDAMOUNT_SAVINGSACCOUNT_CHECKER, PAYOUTREFUND_LOAN, READ_Loans Outstanding after final instalment date - Email, DISABLE_ROLE_CHECKER, DELETE_RECURRINGDEPOSITACCOUNT, APPROVE_DIVIDEND_SHAREPRODUCT, READ_ClientTrendsByDay, DELETE_DOCUMENT, BULKREASSIGN_LOAN, DELETE_GROUPNOTE, CREATE_PROVISIONCATEGORY, READ_Staff Assignment History, CREATE_CHARGE_CHECKER, REACTIVATE_EMAIL_CAMPAIGN, CREATE_LOAN_CHECKER, READ_Active Loans Passed Final Maturity(Pentaho), ALL_FUNCTIONS]]
[2m2026-02-17 11:22:16.677[0;39m [32m-DEBUG[0;39m [35m88555[0;39m [32m[0;39m [        default] [2m---[0;39m [2m[nio-8443-exec-8][0;39m [36mo.a.f.i.c.filters.RequestResponseFilter [0;39m [2m:[0;39m Received request: [GET], [/fineract-provider/api/v1/configurations/name/enable-business-date]
[2m2026-02-17 11:22:16.680[0;39m [32m-DEBUG[0;39m [35m88555[0;39m [32m[0;39m [        default] [2m---[0;39m [2m[nio-8443-exec-8][0;39m [36mo.a.f.i.c.filters.RequestResponseFilter [0;39m [2m:[0;39m Sent response: [200] for [GET], [/fineract-provider/api/v1/configurations/name/enable-business-date]
[2m2026-02-17 11:22:16.680[0;39m [32m-DEBUG[0;39m [35m88555[0;39m [32m[0;39m [      no-tenant] [2m---[0;39m [2m[nio-8443-exec-8][0;39m [36ms.f.TenantAwareBasicAuthenticationFilter[0;39m [2m:[0;39m {"startTime":1771348936376,"totalTime":303,"method":"GET","url":"https://localhost:8443/fineract-provider/api/v1/configurations/name/enable-business-date","parameters":{}}
[2m2026-02-17 11:22:16.863[0;39m [32m-DEBUG[0;39m [35m88555[0;39m [32m[0;39m [        default] [2m---[0;39m [2m[nio-8443-exec-4][0;39m [36ms.f.TenantAwareBasicAuthenticationFilter[0;39m [2m:[0;39m Set SecurityContextHolder to UsernamePasswordAuthenticationToken [Principal=AppUser [username=rob.manager, getId()=9], Credentials=[PROTECTED], Authenticated=true, Details=WebAuthenticationDetails [RemoteIpAddress=0:0:0:0:0:0:0:1, SessionId=null], Granted Authorities=[UNASSIGNSTAFF_GROUP, DELETE_LOANCHARGE_CHECKER, UPDATE_TAXGROUP_CHECKER, UPDATE_EMAIL_CAMPAIGN_CHECKER, READ_Client Listing(Pentaho), CREATE_GUARANTOR_CHECKER, UPDATE_CENTER, REJECT_GSIMACCOUNT, CREATE_INTERREQUEST, READ_ClientTrendsByWeek, UPDATE_SAVINGNOTE, READ_STAFF, UPDATE_LOANNOTE, UPDATE_RECURRINGDEPOSITPRODUCT, CREATE_SAVINGNOTE, UNASSIGNROLE_GROUP, UPDATE_REPORT_CHECKER, DELETE_SAVINGNOTE, DELETE_LOANCHARGE, READ_Disbursal_Vs_Awaitingdisbursal, READ_Active Loans - Summary(Pentaho), CREATE_TELLER_CHECKER, UPDATE_OFFICE_CHECKER, WITHDRAWAL_RECURRINGDEPOSITACCOUNT, DELETE_FUND_CHECKER, DELETE_CLIENTIMAGE_CHECKER, DELETE_INTERESTRATECHART, CREATE_DOCUMENT_CHECKER, DELETE_CODEVALUE, APPROVALUNDO_FIXEDDEPOSITACCOUNT, ADJUST_LOAN_CHECKER, RECREATE_PROVISIONENTRIES, DELETE_FIXEDDEPOSITACCOUNT, REAGE_LOAN, FORECLOSURE_LOAN, DELETE_PROVISIONCRITERIA, READ_RECURRINGDEPOSITPRODUCT, UPDATE_CODE, MANUAL_INTEREST_REFUND_TRANSACTION_LOAN, READ_Loans Awaiting Disbursal, READ_SAVINGSPRODUCT, CREATE_GUARANTOR, READ_Aging Summary (Arrears in Weeks)(Pentaho), UPDATE_CONFIGURATION_CHECKER, DELETE_CLIENT_CHECKER, REDEEMSHARES_SHAREACCOUNT, DISBURSALUNDO_LOAN, BLOCKCREDIT_SAVINGSACCOUNT, DELETE_CLIENTNOTE_CHECKER, SAVECOLLECTIONSHEET_GROUP, UPDATE_REPORT, READ_Aging Summary (Arrears in Months)(Pentaho), UPDATE_BUSINESS_DATE, CREATE_RECURRINGDEPOSITPRODUCT_CHECKER, UNDODISBURSAL_GLIMLOAN, CREATE_EMAIL, UPDATE_CLIENTCHARGE_CHECKER, REAMORTIZE_LOAN, CLOSE_LOAN_CHECKER, READ_LoanCyclePerProduct, UPDATE_USER_CHECKER, UPDATE_PERMISSION, READ_Rescheduled Loans(Pentaho), CREATE_RECURRINGDEPOSITACCOUNT, CREATE_GROUP, DELETE_CLIENTIDENTIFIER, READ_TxnRunningBalances, CREATE_CASHIER_SESSIONS, UPDATESAVINGSOFFICER_SAVINGSACCOUNT_CHECKER, READ_Obligation Met Loans Details(Pentaho), CREATE_CREDITBUREAU_CONFIGURATION, CREATE_PROVISIONCRITERIA, DISASSOCIATEGROUPS_CENTER, POSTINTEREST_FIXEDDEPOSITACCOUNT_CHECKER, REGISTER_SURVEY, CREATE_RATE, CREATE_CLIENTNOTE, UPDATE_FUND_CHECKER, ALLOCATECASHTOCASHIER_TELLER_CHECKER, READ_DATATABLE, DELETE_GROUP_CHECKER, CLOSE_CENTER, UPDATE_OFFICE, READ_SCHEDULER, UPDATEOPENINGBALANCE_JOURNALENTRY_CHECKER, READ_Active Loans Passed Final Maturity(Pentaho), DELETE_CLIENT_COLLATERAL_PRODUCT, CREATE_FINANCIALACTIVITYACCOUNT, UPDATE_FAMILYMEMBERS, centers_visibility, CREATE_SAVINGSACCOUNT, REVERSETRANSACTION_SAVINGSACCOUNT_CHECKER, CALCULATEINTEREST_SAVINGSACCOUNT, UPDATE_LOANPRODUCT_CHECKER, DEPOSIT_GSIMACCOUNT, CREATE_USER_CHECKER, UPDATE_MEETING, ACTIVATE_GSIMACCOUNT, READ_GUARANTOR, UPDATE_WORKINGDAYS, WITHDRAWAL_FIXEDDEPOSITACCOUNT_CHECKER, INACTIVATE_SAVINGSACCOUNTCHARGE, READ_EMAIL, REVERSE_JOURNALENTRY, CREATE_PAYMENTTYPE, UNBLOCKDEBIT_SAVINGSACCOUNT_CHECKER, UPDATE_EXTERNAL_EVENT_CONFIGURATION, UPDATE_ADDRESS, READ_Active Group Leaders - Email, UPDATE_CODE_CHECKER, UNASSIGNGESTOR_CLIENT, UPDATE_SAVINGNOTE_CHECKER, UPDATE_SAVINGSPRODUCT_CHECKER, DELETE_GUARANTOR_CHECKER, DELETE_EMAIL, view_pendientes, CREATE_OFFICE_CHECKER, READ_Client Loans Listing(Pentaho), DELETE_EMAIL_CAMPAIGN_CHECKER, READ_RATE_CHECKER, READ_LOANTRANSACTIONNOTE, CREATE_CREDITBUREAU_LOANPRODUCT_MAPPING, CREATE_SMS_CHECKER, CREATE_CHARTSLAB_CHECKER, CREATE_LOANCHARGE_CHECKER, REJECT_FIXEDDEPOSITACCOUNT_CHECKER, APPROVE_GSIMACCOUNT, start_pending_flow, UPDATE_ROLE_CHECKER, ACTIVATE_SHAREACCOUNT, UPDATE_CENTER_CHECKER, READ_Active Loans in last installment Summary(Pentaho), READ_CENTER, HOLDAMOUNT_SAVINGSACCOUNT, DELETE_USER_CHECKER, REJECT_CLIENT, UPDATE_TELLER_CHECKER, READ_PAYMENTTYPE, READ_Portfolio at Risk by Branch(Pentaho), READ_SSBENEFICIARYTPT, accounting_visibility, BLOCKDEBIT_SAVINGSACCOUNT_CHECKER, SETTLECASHFROMCASHIER_TELLER_CHECKER, READ_CLIENTNOTE, CREATE_ACCOUNTTRANSFER_CHECKER, READ_FIXEDDEPOSITPRODUCT, UNASSIGNSTAFF_GROUP_CHECKER, WITHDRAW_CLIENT_CHECKER, APPROVE_LOAN, UPDATE_EMAIL_CHECKER, ADJUSTTRANSACTION_FIXEDDEPOSITACCOUNT, READ_SAVINGSACCOUNT, CREATE_FUND_CHECKER, CREATE_STAFF_CHECKER, DELETE_CLIENT, READ_Portfolio at Risk, DEPOSIT_SAVINGSACCOUNT_CHECKER, REVERSETRANSACTION_SAVINGSACCOUNT, UPDATECASHIERALLOCATION_TELLER, READ_Active Loans by Disbursal Period, UPDATE_HOLIDAY_CHECKER, UPDATE_CLIENT_COLLATERAL_PRODUCT, READ_Active Loan Clients - Email, CREATESCHEDULEEXCEPTIONS_LOAN_CHECKER, APPLYADDITIONALSHARES_SHAREACCOUNT, ACTIVATE_SAVINGSACCOUNT_CHECKER, UPDATE_SAVINGSACCOUNTCHARGE, REJECTTRANSFER_CLIENT_CHECKER, UPDATE_DELINQUENCY_BUCKET, DELETE_CODE_CHECKER, CREATE_SAVINGSPRODUCT, DELETE_ADHOC_CHECKER, UPDATE_LOANTRANSACTIONNOTE, BLOCKCREDIT_SAVINGSACCOUNT_CHECKER, READ_Active Loans by Disbursal Period(Pentaho), READ_Loan Payments Received (Active Loans) - Email, DELETE_SAVINGSACCOUNT_CHECKER, REMOVELOANOFFICER_LOAN_CHECKER, ACTIVATE_EMAIL_CAMPAIGN, UPDATE_DATATABLE_CHECKER, READ_COLLATERAL, READ_CURRENCY, ALLOCATECASHIER_TELLER, UPDATE_LOAN, DEPOSIT_RECURRINGDEPOSITACCOUNT_CHECKER, RECOVERGUARANTEES_LOAN, RECOVERYPAYMENT_LOAN, READ_ClientTrendsByMonth, REACTIVATE_CLIENT, READ_Active Loans - Details, PREMATURECLOSE_FIXEDDEPOSITACCOUNT_CHECKER, READ_Aging Summary (Arrears in Months), HOLDAMOUNT_SAVINGSACCOUNT_CHECKER, DEPOSIT_FIXEDDEPOSITACCOUNT_CHECKER, PROPOSEANDACCEPTTRANSFER_CLIENT, DELETE_RECURRINGDEPOSITPRODUCT_CHECKER, DELETE_SAVINGNOTE_CHECKER, CREATE_TAXGROUP, UPDATE_PERMISSION_CHECKER, WITHDRAWAL_FIXEDDEPOSITACCOUNT, PREMATURECLOSE_RECURRINGDEPOSITACCOUNT, DELETE_PROVISIONCATEGORY, UPDATE_PASSWORD_PREFERENCES, READ_Client Loans Listing, UPDATE_GUARANTOR, DISBURSE_LOAN_CHECKER, REFUNDBYCASH_LOAN, READ_ACCOUNTTRANSFER, UPDATE_CLIENT_CHECKER, DELETE_ADDRESS, ASSOCIATEGROUPS_CENTER, UPDATE_INTEREST_PAUSE, APPLYANNUALFEE_SAVINGSACCOUNT_CHECKER, CREATE_GSIMACCOUNT, UPDATE_GROUP_CHECKER, READ_Demand_Vs_Collection, CREATE_CENTER, CREATE_ACCOUNTNUMBERFORMAT, CHECKER_SUPER_USER, DELETE_OFFICETRANSACTION, CREATE_ADDRESS_CHECKER, UPDATE_SMSCAMPAIGN, WITHDRAW_LOAN_CHECKER, READ_Loan Fully Repaid - Email, UPDATE_CHARGE, READ_CLIENT, UPDATE_TAXCOMPONENT_CHECKER, UNDOREJECT_CLIENT_CHECKER, READ_Income Statement, READ_Portfolio at Risk by Branch, READ_Active Loans Passed Final Maturity Summary(Pentaho), READ_Loans Awaiting Disbursal Summary(Pentaho), ACTIVATE_FIXEDDEPOSITACCOUNT, SAVE_COLLECTIONSHEET, ADJUSTMENT_LOANCHARGE, READ_Expected Payments By Date - Formatted, RELEASE_INTERTRANSFER, DELETE_CALENDAR_CHECKER, SALE_LOAN, CREATE_CODE, ACTIVATE_GROUP_CHECKER, UPDATE_CREDITBUREAU_CONFIGURATION, TRANSFERCLIENTS_GROUP, READ_SAVINGNOTE, CREATE_RECURRINGDEPOSITPRODUCT, REFUNDBYTRANSFER_ACCOUNTTRANSFER, GET_CREDITREPORT, READ_Loans disbursed to clients - Email, READ_TAXGROUP, ACTIVATE_RECURRINGDEPOSITACCOUNT_CHECKER, CLOSE_RECURRINGDEPOSITACCOUNT, CLOSE_SHAREACCOUNT, UPDATE_STANDINGINSTRUCTION, UPDATE_TAXCOMPONENT, DELINK_ACCOUNT_FROM_POCKET, DELETE_LOANTRANSACTIONNOTE_CHECKER, READ_ProgramDirectorStats, READ_MEETING, DELETE_GLACCOUNT, READ_Prospective Clients - Email, READ_LoanTrendsByWeek, DELETE_ROLE, UPDATE_ORGANISATIONCREDITBUREAU, READ_Funds Disbursed Between Dates Summary(Pentaho), CREATE_GROUP_CHECKER, REJECT_SAVINGSACCOUNT_CHECKER, READ_CoordinatorStats, CREATE_CALENDAR, WITHDRAW_FIXEDDEPOSITACCOUNT, DELETE_SMS_CHECKER, CREATE_CLIENTIDENTIFIER_CHECKER, READ_Active Loans Passed Final Maturity, CREATE_ACCOUNTTRANSFER, DELETE_OFFICE_CHECKER, WAIVE_CLIENTCHARGE_CHECKER, READ_Loan Approved - Email, DELETE_ADDRESS_CHECKER, INVALIDATE_TWOFACTOR_ACCESSTOKEN, WITHDRAWAL_SAVINGSACCOUNT_CHECKER, DELETE_STAFFIMAGE_CHECKER, CREATE_CHARGE, READ_EMAIL_CONFIGURATION, UPDATE_FUND, READ_DIVIDEND_SHAREPRODUCT, CALCULATEINTEREST_FIXEDDEPOSITACCOUNT_CHECKER, CHARGEREFUND_LOAN, DELETE_LOAN, CLOSE_CLIENT_CHECKER, CREATE_CLIENT, REJECT_RESCHEDULELOAN, DELETE_CLIENTCHARGE, CAPITALIZEDINCOME_LOAN, UPDATE_GUARANTOR_CHECKER, ASSIGNSTAFF_CLIENT, CREATE_GLACCOUNT, DELETE_CENTER_CHECKER, UPDATE_REPORTMAILINGJOB, CREATE_FUND, READ_Written-Off Loans, PAY_SAVINGSACCOUNTCHARGE_CHECKER, READTRANSACTION_CLIENT, CREATE_INTERID, REJECT_RECURRINGDEPOSITACCOUNT, READ_LOAN, READ_Rescheduled Loans, UNBLOCKCREDIT_SAVINGSACCOUNT_CHECKER, UPDATE_SAVINGSACCOUNT, DELETE_PAYMENTTYPE, READ_GROUP, READ_GLACCOUNT, UNBLOCKCREDIT_SAVINGSACCOUNT, READ_FIXEDDEPOSITACCOUNT, REMOVESAVINGSOFFICER_SAVINGSACCOUNT_CHECKER, READ_EXTERNAL_EVENT_CONFIGURATION, READ_Active Loans in last installment Summary, DELETE_ROLE_CHECKER, READ_Loan payments due - Email, PREMATURECLOSE_FIXEDDEPOSITACCOUNT, WITHDRAWAL_SAVINGSACCOUNT, DELETE_CENTER, see_loan_comittee, DELETE_CREDITREPORT, DELETE_CLIENTIDENTIFIER_CHECKER, REJECTTRANSFER_CLIENT, CHARGEBACK_LOAN, CREATE_FAMILYMEMBERS, DELETE_LOAN_CHECKER, UPDATE_CALENDAR_CHECKER, APPROVE_RESCHEDULELOAN, ACTIVATE_HOLIDAY, DELETE_USER, CREATE_SMSCAMPAIGN_CHECKER, DELETE_OFFICETRANSACTION_CHECKER, CREATESCHEDULEEXCEPTIONS_LOAN, CREATE_RECURRINGDEPOSITACCOUNT_CHECKER, CREATE_ACCOUNTINGRULE, DELETE_RECURRINGDEPOSITPRODUCT, CREATE_PROVISIONENTRIES, UPDATECASHIERALLOCATION_TELLER_CHECKER, CLOSE_CLIENT, READ_INTERTRANSFER, READ_Client Loan Account Schedule, UNDOREJECT_CLIENT, WAIVE_SAVINGSACCOUNTCHARGE, UPDATE_EMAIL_CONFIGURATION, BULKREASSIGN_LOAN, BLOCK_SAVINGSACCOUNT, CLOSE_GROUP, DELETE_INTERESTRATECHART_CHECKER, DELETE_HOOK, READ_SMSCAMPAIGN, UPDATE_HOLIDAY, READ_EMAIL_CAMPAIGN, READ_GroupNamesByStaff, READ_GroupSummaryAmounts, CREATE_RESCHEDULELOAN, DELETE_TELLER_CHECKER, UPDATE_LOANTRANSACTIONNOTE_CHECKER, CREATE_FIXEDDEPOSITACCOUNT_CHECKER, WRITEOFF_LOAN, READ_ADDRESS, CREATE_GROUPNOTE_CHECKER, READ_TWOFACTOR_CONFIGURATION, reports_visibility, CANCEL_ASSET_OWNER_TRANSACTION, POSTINTEREST_RECURRINGDEPOSITACCOUNT, DISBURSE_LOAN, ACTIVATE_GROUP, REPAYMENT_GLIMLOAN, DELETE_INTEREST_PAUSE, UPDATE_GROUPNOTE_CHECKER, CREATE_CLIENTIMAGE, UPDATEDEPOSITAMOUNT_RECURRINGDEPOSITACCOUNT_CHECKER, CREATE_LOANPRODUCT, READ_LoanTrendsByMonth, CREATE_INTERTRANSFER, CREATE_LOAN, UPDATE_PAYMENTTYPE, UPDATE_EMAIL, ACTIVATE_CLIENT, DELETE_STAFFIMAGE, REPAYMENT_LOAN, READ_PERMISSION, READ_Funds Disbursed Between Dates Summary by Office(Pentaho), create_pending_flow_blueprint, DELETE_CLIENTIMAGE, PAY_CLIENTCHARGE_CHECKER, READ_ClientSummary , WAIVE_LOANCHARGE, REACTIVATE_EMAIL_CAMPAIGN, CREATE_SMS, CREATE_OFFICE, CREATE_INTEREST_PAUSE, UPDATE_SCHEDULER, CLOSE_SAVINGSACCOUNT, complete_pending_step, READ_Collection Report, READ_Balance Outstanding, CREATE_LOAN_CHECKER, READ_General Ledger Report, ASSIGNSTAFF_GROUP, CREATE_CLIENTCHARGE, CREATE_TAXGROUP_CHECKER, DELETE_SAVINGSPRODUCT, READ_BranchManagerStats, ACTIVATE_FIXEDDEPOSITACCOUNT_CHECKER, READ_STAFFIMAGE, UPDATE_FLOATINGRATE_CHECKER, READ_CODEVALUE, READ_FieldAgentStats, UPDATE_PRODUCTMIX, CREATE_LOANNOTE, CLOSE_GSIMACCOUNT, READ_Aging Detail, READ_REPORTMAILINGJOB, CALCULATEINTEREST_FIXEDDEPOSITACCOUNT, CLOSEASRESCHEDULED_LOAN, CREATE_SAVINGSPRODUCT_CHECKER, READ_CLIENTCHARGE, ENABLE_ROLE_CHECKER, UNBLOCK_SAVINGSACCOUNT_CHECKER, DELETE_STAFF, READ_CLIENTIMAGE, CREATE_LOANTRANSACTIONNOTE, UPDATE_LOAN_CHECKER, READ_HOLIDAY, REACTIVATE_CLIENT_CHECKER, CREATE_CLIENTCHARGE_CHECKER, READ_ROLE, DOWNPAYMENT_LOAN, UPDATE_ACCOUNTNUMBERFORMAT, CLOSE_CENTER_CHECKER, WITHDRAW_SAVINGSACCOUNT_CHECKER, CREATE_ENTITYMAPPING, CREATE_ROLE, REJECT_RECURRINGDEPOSITACCOUNT_CHECKER, UPDATE_CONFIGURATION, POSTINTEREST_SAVINGSACCOUNT_CHECKER, ACTIVATE_RECURRINGDEPOSITACCOUNT, CREATE_TELLER, RELEASEAMOUNT_SAVINGSACCOUNT, DELETE_HOLIDAY_CHECKER, CALCULATEINTEREST_RECURRINGDEPOSITACCOUNT_CHECKER, UNDOTRANSACTION_SAVINGSACCOUNT_CHECKER, READ_Expected Payments By Date - Basic(Pentaho), READ_TxnRunningBalances(Pentaho), UPDATE_ADHOC, DELETE_SMS, CREATE_CODE_CHECKER, CREATE_ADDRESS, UPDATE_USER, CREATE_DATATABLE, CREATE_CODEVALUE_CHECKER, UPDATE_LOANNOTE_CHECKER, REJECT_SAVINGSACCOUNT, CREATE_ADHOC, DELETE_DATATABLE, CLOSE_LOAN, READ_COLLECTIONSHEET, LINK_ACCOUNT_TO_POCKET, READ_Loans Awaiting Disbursal(Pentaho), ASSOCIATEGROUPS_CENTER_CHECKER, CREATE_CLIENTIMAGE_CHECKER, DELETE_EMAIL_CHECKER, DELETE_LOANPRODUCT_CHECKER, UPDATEROLE_GROUP, PAYOUTREFUND_LOAN, ACCEPTTRANSFER_CLIENT_CHECKER, UPDATE_LOANPRODUCT, UPDATEWITHHOLDTAX_SAVINGSACCOUNT, start_loan_comittee, READ_Obligation Met Loans Summary(Pentaho), DELETE_CLIENTNOTE, CREATE_CENTER_CHECKER, DELETE_LOANPRODUCT, UNDOWRITEOFF_LOAN, CLOSE_SMSCAMPAIGN, DELETE_FIXEDDEPOSITPRODUCT, UPDATE_CLIENTIDENTIFIER_CHECKER, UPDATEOPENINGBALANCE_JOURNALENTRY, CREATE_CODEVALUE, REJECT_LOAN_CHECKER, BUYDOWNFEE_LOAN, WITHDRAW_RECURRINGDEPOSITACCOUNT_CHECKER, CLOSE_RECURRINGDEPOSITACCOUNT_CHECKER, READ_Savings Transactions, CREATE_EMAIL_CAMPAIGN_CHECKER, CREATE_REPORTMAILINGJOB, BLOCK_SAVINGSACCOUNT_CHECKER, READ_Active Loans Passed Final Maturity Summary, UPDATE_STAFF, CLOSE_FIXEDDEPOSITACCOUNT_CHECKER, ACTIVATE_CENTER, BYPASS_TWOFACTOR, DISBURSETOSAVINGS_LOAN, CREATE_SAVINGSACCOUNTCHARGE, UPDATE_ADHOC_CHECKER, APPROVALUNDO_SAVINGSACCOUNT, READ_Happy Birthday - Email, UPDATE_INTERESTRATECHART_CHECKER, READ_Loan Payments Received (Overdue Loans) - Email, CREATE_USER, READ_Loan Account Schedule, INTERESTPAYMENTWAIVER_LOAN, UNDO_REAGE_LOAN, CREATE_HOOK, UPDATE_EXTERNALSERVICES, CREATE_INTERQUOTE, UPDATEDELINQUENCY_LOAN, READ_PASSWORD_PREFERENCES, READ_REPORT, CREATE_CHARGE_CHECKER, INTERMEDIARYSALE_LOAN, POSTINTEREST_FIXEDDEPOSITACCOUNT, READ_Branch Expected Cash Flow, UPDATE_DISBURSEMENTDETAIL, DELETE_COLLATERAL_PRODUCT, EXECUTE_INLINE_JOB, CREATE_COLLATERAL, CREATE_TEMPLATE, DELETE_STANDINGINSTRUCTION , READ_SMS, CREATE_JOURNALENTRY_CHECKER, READ_Active Loans in last installment(Pentaho), PROPOSETRANSFER_CLIENT_CHECKER, READ_ProgramStats, APPROVE_FIXEDDEPOSITACCOUNT_CHECKER, READ_FUND, DEACTIVATEOVERDUE_LOANCHARGE, BLOCKDEBIT_SAVINGSACCOUNT, READ_GLCLOSURE, CREATE_DELINQUENCY_BUCKET, READ_Client Savings Summary, CREATE_FLOATINGRATE, UPDATE_SMS_CHECKER, UPDATE_FIXEDDEPOSITACCOUNT_CHECKER, ACTIVATE_CENTER_CHECKER, READ_Loan Payments Due (Overdue Loans) - Email, READ_ENTITY_DATATABLE_CHECK, READ_PRODUCTMIX, READ_Staff Assignment History, READ_CACHE, READ_Funds Disbursed Between Dates Summary, ALL_FUNCTIONS, UPDATE_CLIENTNOTE_CHECKER, READ_Funds Disbursed Between Dates Summary by Office, READ_Obligation Met Loans Summary, CREATE_DELINQUENCY_ACTION, DELETE_SAVINGSACCOUNTCHARGE, CREATE_SHAREACCOUNT, update_pending_step, READ_Active Clients - Email, DELETE_FAMILYMEMBERS, UPDATE_RECURRINGDEPOSITPRODUCT_CHECKER, APPROVALUNDO_GSIMACCOUNT, CREATE_CLIENT_COLLATERAL_PRODUCT, DELETE_GROUPNOTE_CHECKER, READ_ChildrenStaffList, UPDATE_SMS, CREATE_EXTERNAL_ASSET_OWNER_LOAN_PRODUCT_ATTRIBUTE, DELETE_FUND, UPDATE_GLCLOSURE, REJECT_FIXEDDEPOSITACCOUNT, READ_FINANCIALACTIVITYACCOUNT, PREPARE_INTERTRANSFER, CREATE_STAFF, READ_DOCUMENT, READ_Client Listing, DELETE_MEETING, DISBURSE_GLIMLOAN, WAIVEINTERESTPORTION_LOAN_CHECKER, DELETE_DOCUMENT, UPDATE_FIXEDDEPOSITPRODUCT, REJECT_SHAREACCOUNT, DELETE_FIXEDDEPOSITPRODUCT_CHECKER, DELETE_CHARTSLAB, APPROVE_RECURRINGDEPOSITACCOUNT_CHECKER, ASSOCIATECLIENTS_GROUP, UPDATE_RECURRINGDEPOSITACCOUNT, READ_DELINQUENCY_BUCKET, PAY_LOANCHARGE, UNDOCHARGEOFF_LOAN, DELETE_COLLATERAL_CHECKER, DELETE_REPORTMAILINGJOB, UPDATE_SHAREPRODUCT, REMOVELOANOFFICER_LOAN, DELETE_LOAN_COLLATERAL_PRODUCT, UPDATE_SMSCAMPAIGN_CHECKER, SAVEORUPDATEATTENDANCE_MEETING, CHARGEOFF_LOAN, CREATE_SSBENEFICIARYTPT, UPDATE_SAVINGSACCOUNT_CHECKER, READ_ACCOUNTNUMBERFORMAT, READ_CALENDAR, READ_BUSINESS_DATE, READ_Trial Balance, DELETE_STAFF_CHECKER, DELETE_CODEVALUE_CHECKER, UPDATERUNNINGBALANCE_JOURNALENTRY, DELETE_DOCUMENT_CHECKER, CREATE_PRODUCTMIX, ADJUSTTRANSACTION_RECURRINGDEPOSITACCOUNT, update_pending_flow_blueprint, UNBLOCKDEBIT_SAVINGSACCOUNT, READ_JOURNALENTRY, UPDATE_GROUPNOTE, UPDATEDEPOSITAMOUNT_RECURRINGDEPOSITACCOUNT, CREATE_FIXEDDEPOSITACCOUNT, DELETE_CALENDAR, UPDATE_CHARTSLAB, UPDATE_GSIMACCOUNT, WITHDRAWAL_RECURRINGDEPOSITACCOUNT_CHECKER, UPDATEWITHHOLDTAX_SAVINGSACCOUNT_CHECKER, REFUNDBYTRANSFER_ACCOUNTTRANSFER_CHECKER, READ_FAMILYMEMBERS, PREMATURECLOSE_RECURRINGDEPOSITACCOUNT_CHECKER, ACTIVATE_HOLIDAY_CHECKER, DELETE_INTERID, READ_AUDIT, READ_TAXCOMPONENT, READ_STANDINGINSTRUCTION , DEPOSIT_FIXEDDEPOSITACCOUNT, DEFINEOPENINGBALANCE_JOURNALENTRY, APPROVE_SHAREACCOUNT, CREATE_EMAIL_CAMPAIGN, WITHDRAW_CLIENT, CREATE_CALENDAR_CHECKER, CALCULATEINTEREST_RECURRINGDEPOSITACCOUNT, DEREGISTER_DATATABLE_CHECKER, REJECT_LOAN, PROPOSEANDACCEPTTRANSFER_CLIENT_CHECKER, DISABLE_ROLE, TRANSFERCLIENTS_GROUP_CHECKER, WAIVEINTERESTPORTION_LOAN, SAVECOLLECTIONSHEET_CENTER, WITHDRAW_SAVINGSACCOUNT, READ_RECURRINGDEPOSITACCOUNT, UPDATE_CREDITBUREAU_LOANPRODUCT_MAPPING, UPDATE_ACCOUNTINGRULE, INACTIVATE_CLIENTCHARGE_CHECKER, CREATE_PROVISIONJOURNALENTRIES, DELETESCHEDULEEXCEPTIONS_LOAN, UNDOTRANSACTION_FIXEDDEPOSITACCOUNT, UPDATE_CLIENT, UPDATE_WORKINGDAYS_CHECKER, CREATE_EMAIL_CHECKER, APPROVALUNDO_LOAN_CHECKER, DELETE_DELINQUENCY_RANGE, REMOVESAVINGSOFFICER_SAVINGSACCOUNT, READ_Disbursal Report, REPORTING_SUPER_USER, READ_FieldAgentPrograms, DELETE_CHARTSLAB_CHECKER, READ_Active Loan Summary per Branch, APPLYANNUALFEE_SAVINGSACCOUNT, READ_IMPORT, PAY_CLIENTCHARGE, DEREGISTER_DATATABLE, WITHDRAW_FIXEDDEPOSITACCOUNT_CHECKER, READ_HOOK, SETFRAUD_LOAN, UPDATE_INTERESTRATECHART, DELETE_RECURRINGDEPOSITACCOUNT, SAVE_CREDITREPORT, DELETE_REPAYMENT_WITH_POSTDATEDCHECKS, CREATE_HOLIDAY, DELETE_TEMPLATE, UNDOAPPROVAL_GLIMLOAN, READ_GROUPNOTE, READ_GroupSavingSummary, READ_Loans Awaiting Disbursal Summary by Month(Pentaho), UNDOTRANSACTION_RECURRINGDEPOSITACCOUNT_CHECKER, UPDATE_COLLECTIONSHEET, REJECT_GLIMLOAN, APPROVE_SAVINGSACCOUNT_CHECKER, DELETE_REPORT_CHECKER, DELETE_HOLIDAY, CREATE_ORGANISATIONCREDITBUREAU, UNDOTRANSACTION_FIXEDDEPOSITACCOUNT_CHECKER, BYPASS_LOAN_WRITE_PROTECTION, CREATE_ROLE_CHECKER, CREATE_SAVINGNOTE_CHECKER, UPDATE_EXTERNAL_ASSET_OWNER_LOAN_PRODUCT_ATTRIBUTE, GOODWILLCREDIT_LOAN, CREATE_DIVIDEND_SHAREPRODUCT_CHECKER, READ_TEMPLATE, DISABLE_ROLE_CHECKER, READ_Loans in arrears - Email, CREATE_GROUPNOTE, READ_OFFICE, READ_SAVINGSACCOUNTCHARGE, DELETE_SAVINGSACCOUNTCHARGE_CHECKER, CREATE_COLLATERAL_CHECKER, UPDATE_GLACCOUNT, UPDATE_CACHE, DELETE_DIVIDEND_SHAREPRODUCT, admin_visibility, ACTIVATE_SMSCAMPAIGN, UNDO_REAMORTIZE_LOAN, UPDATE_DELINQUENCY_TAGS, UPDATE_COLLATERAL, APPROVE_GLIMLOAN, DELETE_LOANNOTE, READ_USER, UNDOTRANSACTION_CLIENT, READ_CONFIGURATION, UPDATE_DOCUMENT, DELETE_REPORT, REACTIVATE_SMSCAMPAIGN, UPDATE_LOANCHARGE, CREATE_MEETING, INACTIVATE_SAVINGSACCOUNTCHARGE_CHECKER, READ_ProgramDetails, UNASSIGNSTAFF_CLIENT, APPROVALUNDO_RECURRINGDEPOSITACCOUNT, READ_Dormant Prospects - Email, DELETE_GROUPNOTE, CREATE_LOANPRODUCT_CHECKER, UPDATE_ENTITYMAPPING, EXECUTEJOB_SCHEDULER, READ_LOANPRODUCT, DELETE_RECURRINGDEPOSITACCOUNT_CHECKER, UNDOTRANSACTION_SAVINGSACCOUNT, CREATE_SAVINGSACCOUNT_CHECKER, UPDATE_TELLER, CREATE_CLIENT_CHECKER, CREATE_TAXCOMPONENT_CHECKER, SETTLECASHFROMCASHIER_TELLER, APPROVEADDITIONALSHARES_SHAREACCOUNT, READ_LOANNOTE, READ_Active Loans - Summary, UPDATELOANOFFICER_LOAN, READ_ACCOUNTINGRULE, READ_Loans Pending Approval(Pentaho), POSTINTERESTASONDATE_SAVINGSACCOUNT_CHECKER, CREATE_LOANCHARGE, CREATE_LOANNOTE_CHECKER, CREATE_INTERESTRATECHART_CHECKER, PERMISSIONS_ROLE, BUYDOWNFEEADJUSTMENT_LOAN, DELETE_ACCOUNTNUMBERFORMAT, ASSIGNGESTOR_CLIENT, CALCULATEINTEREST_SAVINGSACCOUNT_CHECKER, APPROVE_RECURRINGDEPOSITACCOUNT, DELETE_GUARANTOR, DELETECASHIERALLOCATION_TELLER_CHECKER, UNBLOCK_SAVINGSACCOUNT, READ_CODE, DELETE_FINANCIALACTIVITYACCOUNT, DELETE_CODE, DISBURSALLASTUNDO_LOAN, UPDATE_STANDINGINSTRUCTION , CREATE_DIVIDEND_SHAREPRODUCT, CREATE_SHAREPRODUCT, UPDATE_CLIENTIDENTIFIER, create_loan_comittee, MERCHANTISSUEDREFUND_LOAN, UPDATE_FIXEDDEPOSITACCOUNT, UPDATE_COLLATERAL_PRODUCT, UPDATE_REPAYMENT_WITH_POSTDATEDCHECKS, UPDATE_SSBENEFICIARYTPT, ADJUST_LOAN, READ_INTERREQUEST, DEPOSIT_SAVINGSACCOUNT, UPDATE_STAFF_CHECKER, WAIVE_LOANCHARGE_CHECKER, READ_Aging Summary (Arrears in Weeks), DELETESCHEDULEEXCEPTIONS_LOAN_CHECKER, READ_GroupSummaryCounts, UPDATESAVINGSACCOUNT_CLIENT, WAIVE_SAVINGSACCOUNTCHARGE_CHECKER, DELETE_EMAIL_CAMPAIGN, UPDATE_RATE, UPDATE_PROVISIONCRITERIA, DEFINEOPENINGBALANCE_JOURNALENTRY_CHECKER, READ_FLOATINGRATE, FORECLOSURE_LOAN_CHECKER, READ_INTERQUOTE, REPAYMENT_LOAN_CHECKER, DELETE_CHARGE, APPROVE_FIXEDDEPOSITACCOUNT, READ_CLIENTIDENTIFIER, DELETE_COLLATERAL, DELETE_SMSCAMPAIGN_CHECKER, DELETE_ACCOUNTINGRULE, CREATE_FLOATINGRATE_CHECKER, POSTINTEREST_RECURRINGDEPOSITACCOUNT_CHECKER, APPROVE_SAVINGSACCOUNT, CREATE_FIXEDDEPOSITPRODUCT, CREATE_PROVISIONCATEGORY, UPDATE_RECURRINGDEPOSITACCOUNT_CHECKER, CREATE_GLCLOSURE, CREATE_HOLIDAY_CHECKER, CREATE_TAXCOMPONENT, UPDATE_DATATABLE, UNDOTRANSACTION_RECURRINGDEPOSITACCOUNT, DELETE_ENTITYMAPPING, REFUNDBYCASH_LOAN_CHECKER, APPROVALUNDO_FIXEDDEPOSITACCOUNT_CHECKER, READ_Loans Outstanding after final instalment date - Email, REGISTER_DATATABLE_CHECKER, UPDATE_TEMPLATE, UNDOTRANSACTION_CLIENT_CHECKER, APPROVE_DIVIDEND_SHAREPRODUCT, CLOSE_SAVINGSACCOUNT_CHECKER, UPDATE_SAVINGSPRODUCT, CREATE_ENTITY_DATATABLE_CHECK, CREATE_INTERESTRATECHART, UPDATE_LOANCHARGE_CHECKER, DELETE_ADHOC, CREATE_STAFFIMAGE_CHECKER, CREATE_STANDINGINSTRUCTION , DELETE_SSBENEFICIARYTPT, UPDATE_DELINQUENCY_RANGE, READ_Portfolio at Risk(Pentaho), READ_WORKINGDAYS, CREATE_ADHOC_CHECKER, ALLOCATECASHIER_TELLER_CHECKER, DISASSOCIATECLIENTS_GROUP, CREATE_LOANTRANSACTIONNOTE_CHECKER, DISBURSALUNDO_LOAN_CHECKER, UPDATE_RATE_CHECKER, CONTRACT_TERMINATION_LOAN, CREATE_REPORT_CHECKER, UPDATE_DOCUMENT_CHECKER, UPDATE_FIXEDDEPOSITPRODUCT_CHECKER, WAIVE_CLIENTCHARGE, READ_Balance Sheet, UPDATE_LIKELIHOOD, READ_Loan Repayment - Email, RECOVERGUARANTEES_LOAN_CHECKER, CREATE_STAFFIMAGE, RELEASEAMOUNT_SAVINGSACCOUNT_CHECKER, APPROVE_LOAN_CHECKER, UNDOWITHDRAWAL_CLIENT, UPDATE_CHARGE_CHECKER, READ_Daily Journal Ledger Report, DELETE_LOANTRANSACTIONNOTE, DELETE_LOANNOTE_CHECKER, DELETE_DATATABLE_CHECKER, WITHDRAW_RECURRINGDEPOSITACCOUNT, UPDATE_ADDRESS_CHECKER, UPDATE_XBRLMAPPING, UPDATESAVINGSOFFICER_SAVINGSACCOUNT, CLOSE_EMAIL_CAMPAIGN, READ_Aging Detail(Pentaho), EXECUTEFORSAVINGS, APPROVALUNDO_LOAN, DELETECASHIERALLOCATION_TELLER, CHANGEPWD_USER, UPDATE_CLIENTCHARGE, DELETE_SAVINGSACCOUNT, READ_DELINQUENCY_TAGS, ALL_FUNCTIONS_READ, CREATE_DOCUMENT, BULKREASSIGN_LOAN_CHECKER, DELETE_STANDINGINSTRUCTION, DELETE_FIXEDDEPOSITACCOUNT_CHECKER, READ_RESCHEDULELOAN, UNDOAPPROVAL_SHAREACCOUNT, UPDATE_EMAIL_CAMPAIGN, CREATE_SMSCAMPAIGN, READ_CHARGE, DELETE_DELINQUENCY_BUCKET, UPDATE_CURRENCY_CHECKER, READ_Obligation Met Loans Details, ENABLE_ROLE, VIEW_CASHIER_SESSIONS, UPDATE_CALENDAR, UPDATE_CLIENTNOTE, PAY_SAVINGSACCOUNTCHARGE, REJECT_CLIENT_CHECKER, DELETE_SAVINGSPRODUCT_CHECKER, UPDATE_PASSWORD_PREFERENCES_CHECKER, CREATE_OFFICETRANSACTION_CHECKER, ACTIVATE_SAVINGSACCOUNT, CREATE_STANDINGINSTRUCTION, CREATE_CHARTSLAB, DEPOSIT_RECURRINGDEPOSITACCOUNT, CREATE_RATE_CHECKER, UPDATE_CURRENCY, WITHDRAWTRANSFER_CLIENT, READ_Expected Payments By Date - Basic, PROPOSETRANSFER_CLIENT, WITHDRAW_LOAN, CREATE_COLLATERAL_PRODUCT, CREATE_CLIENTIDENTIFIER, CREATE_DATATABLE_CHECKER, UPDATE_SHAREACCOUNT, DELETE_GLCLOSURE, ACCEPTTRANSFER_CLIENT, DELETE_PRODUCTMIX, READ_OFFICETRANSACTION, UPDATE_GROUP, CLOSE_FIXEDDEPOSITACCOUNT, READ_ClientTrendsByDay, CLOSEASRESCHEDULED_LOAN_CHECKER, READ_Client Saving Transactions, CREDITBALANCEREFUND_LOAN, CREATE_FIXEDDEPOSITPRODUCT_CHECKER, POSTINTERESTASONDATE_SAVINGSACCOUNT, READ_Active Loans in last installment, READ_Loans Awaiting Disbursal Summary, ACTIVATE_CLIENT_CHECKER, CONTRACT_TERMINATION_UNDO_LOAN, WRITEOFF_LOAN_CHECKER, POSTINTEREST_SAVINGSACCOUNT, APPROVALUNDO_RECURRINGDEPOSITACCOUNT_CHECKER, UPDATE_TAXGROUP, DELETE_DIVIDEND_SHAREPRODUCT_CHECKER, UNDO_WAIVECHARGE, DISASSOCIATEGROUPS_CENTER_CHECKER, CREATE_REPORT, EXECUTE_PERIODICACCRUALACCOUNTING, UPDATE_HOOK, UPDATE_FINANCIALACTIVITYACCOUNT, UPDATE_CODEVALUE, READ_Loans Awaiting Disbursal Summary by Month, READ_Loan Rejected - Email, READ_INTERID, CREATE_CLIENTNOTE_CHECKER, REGISTER_DATATABLE, CREATE_SAVINGSACCOUNTCHARGE_CHECKER, UPDATE_TWOFACTOR_CONFIGURATION, UPDATE_ROLE, CREATE_JOURNALENTRY, DISBURSEWITHOUTAUTODOWNPAYMENT_LOAN, UPDATE_FLOATINGRATE, APPROVE_DIVIDEND_SHAREPRODUCT_CHECKER, ASSIGNROLE_GROUP, ADJUSTTRANSACTION_SAVINGSACCOUNT, DELETE_CHARGE_CHECKER, DELETE_GROUP, INACTIVATE_CLIENTCHARGE, WITHDRAWTRANSFER_CLIENT_CHECKER, DELETE_TELLER, UNDOWITHDRAWAL_CLIENT_CHECKER, DELETE_ENTITY_DATATABLE_CHECK, READ_RATE, APPROVALUNDO_SAVINGSACCOUNT_CHECKER, UPDATE_BATCH_BUSINESS_STEP, UPDATE_SAVINGSACCOUNTCHARGE_CHECKER, UPDATE_PROVISIONCATEGORY, READ_Written-Off Loans(Pentaho), UPDATE_CHARTSLAB_CHECKER, DELETE_SMSCAMPAIGN, DELETE_CLIENTCHARGE_CHECKER, DISBURSALLASTUNDO_LOAN_CHECKER, BUYBACK_LOAN, BOUNCE_REPAYMENT_WITH_POSTDATEDCHECKS, CREATE_DELINQUENCY_RANGE, UPDATE_CODEVALUE_CHECKER, CLOSE_GROUP_CHECKER, CAPITALIZEDINCOMEADJUSTMENT_LOAN, UPDATE_APPROVED_AMOUNT_LOAN, UPDATELOANOFFICER_LOAN_CHECKER, CREATE_OFFICETRANSACTION, READ_Loans Pending Approval, UPDATE_COLLATERAL_CHECKER, ALLOCATECASHTOCASHIER_TELLER, READ_LoanTrendsByDay, REJECTADDITIONALSHARES_SHAREACCOUNT, ALL_FUNCTIONS]]
[2m2026-02-17 11:22:16.863[0;39m [32m-DEBUG[0;39m [35m88555[0;39m [32m[0;39m [        default] [2m---[0;39m [2m[nio-8443-exec-4][0;39m [36mo.a.f.i.c.filters.RequestResponseFilter [0;39m [2m:[0;39m Received request: [GET], [/fineract-provider/api/v1/notifications]
[2m2026-02-17 11:22:16.870[0;39m [32m-DEBUG[0;39m [35m88555[0;39m [32m[0;39m [        default] [2m---[0;39m [2m[nio-8443-exec-4][0;39m [36mo.a.f.i.c.filters.RequestResponseFilter [0;39m [2m:[0;39m Sent response: [200] for [GET], [/fineract-provider/api/v1/notifications]
[2m2026-02-17 11:22:16.870[0;39m [32m-DEBUG[0;39m [35m88555[0;39m [32m[0;39m [      no-tenant] [2m---[0;39m [2m[nio-8443-exec-4][0;39m [36ms.f.TenantAwareBasicAuthenticationFilter[0;39m [2m:[0;39m {"startTime":1771348936673,"totalTime":197,"method":"GET","url":"https://localhost:8443/fineract-provider/api/v1/notifications","parameters":{"isRead":["false"],"limit":["9"]}}
[2m2026-02-17 11:22:19.361[0;39m [32m-DEBUG[0;39m [35m88555[0;39m [32m[0;39m [      no-tenant] [2m---[0;39m [2m[nio-8443-exec-6][0;39m [36ms.f.TenantAwareBasicAuthenticationFilter[0;39m [2m:[0;39m {"startTime":1771348939360,"totalTime":1,"method":"OPTIONS","url":"https://localhost:8443/fineract-provider/api/v1/notifications","parameters":{"isRead":["false"],"limit":["9"]}}
[2m2026-02-17 11:22:19.361[0;39m [32m-DEBUG[0;39m [35m88555[0;39m [32m[0;39m [      no-tenant] [2m---[0;39m [2m[nio-8443-exec-2][0;39m [36ms.f.TenantAwareBasicAuthenticationFilter[0;39m [2m:[0;39m {"startTime":1771348939360,"totalTime":0,"method":"OPTIONS","url":"https://localhost:8443/fineract-provider/api/v1/configurations/name/enable-business-date","parameters":{}}
[2m2026-02-17 11:22:19.361[0;39m [32m-DEBUG[0;39m [35m88555[0;39m [32m[0;39m [      no-tenant] [2m---[0;39m [2m[nio-8443-exec-8][0;39m [36ms.f.TenantAwareBasicAuthenticationFilter[0;39m [2m:[0;39m {"startTime":1771348939361,"totalTime":0,"method":"OPTIONS","url":"https://localhost:8443/fineract-provider/api/v1/notifications","parameters":{"isRead":["true"],"limit":["9"]}}
[2m2026-02-17 11:22:19.367[0;39m [32m-DEBUG[0;39m [35m88555[0;39m [32m[0;39m [      no-tenant] [2m---[0;39m [2m[nio-8443-exec-5][0;39m [36ms.f.TenantAwareBasicAuthenticationFilter[0;39m [2m:[0;39m {"startTime":1771348939367,"totalTime":0,"method":"OPTIONS","url":"https://localhost:8443/fineract-provider/api/v1/notifications","parameters":{"isRead":["false"],"limit":["9"]}}
[2m2026-02-17 11:22:19.374[0;39m [32m-DEBUG[0;39m [35m88555[0;39m [32m[0;39m [      no-tenant] [2m---[0;39m [2m[nio-8443-exec-7][0;39m [36ms.f.TenantAwareBasicAuthenticationFilter[0;39m [2m:[0;39m {"startTime":1771348939372,"totalTime":1,"method":"OPTIONS","url":"https://localhost:8443/fineract-provider/api/v1/pending-flows/1","parameters":{"includeSteps":["true"]}}
[2m2026-02-17 11:22:19.524[0;39m [32m-DEBUG[0;39m [35m88555[0;39m [32m[0;39m [        default] [2m---[0;39m [2m[nio-8443-exec-6][0;39m [36ms.f.TenantAwareBasicAuthenticationFilter[0;39m [2m:[0;39m Set SecurityContextHolder to UsernamePasswordAuthenticationToken [Principal=AppUser [username=robert.caja1, getId()=12], Credentials=[PROTECTED], Authenticated=true, Details=WebAuthenticationDetails [RemoteIpAddress=0:0:0:0:0:0:0:1, SessionId=null], Granted Authorities=[READ_Loan Repayment - Email, READ_Client Loan Account Schedule, READ_SSBENEFICIARYTPT, READ_CHARGE, READ_EMAIL_CAMPAIGN, READ_Aging Detail, CREATE_TELLER, READ_PERMISSION, SETTLECASHFROMCASHIER_TELLER, READ_FIXEDDEPOSITPRODUCT, READ_Client Loans Listing, ALLOCATECASHTOCASHIER_TELLER_CHECKER, READ_Disbursal Report, DELETE_EMAIL_CHECKER, DISBURSE_LOAN, READ_Loan Rejected - Email, READ_ENTITY_DATATABLE_CHECK, READ_Client Loans Listing(Pentaho), READ_SAVINGSPRODUCT, READ_Client Listing, READ_Written-Off Loans, READ_DATATABLE, ALLOCATECASHTOCASHIER_TELLER, READ_Active Loans Passed Final Maturity, UPDATE_REPORT, CREATE_RESCHEDULELOAN, READ_Active Loans in last installment(Pentaho), UPDATE_CLIENTNOTE, READ_Active Loan Clients - Email, PAY_CLIENTCHARGE, READ_CALENDAR, DELETECASHIERALLOCATION_TELLER, READ_STANDINGINSTRUCTION , READ_Client Listing(Pentaho), CREATE_INTERID, READ_ROLE, PAY_SAVINGSACCOUNTCHARGE_CHECKER, READ_SCHEDULER, update_pending_flow_blueprint, DEFINEOPENINGBALANCE_JOURNALENTRY_CHECKER, READ_Active Loans - Summary, READ_FAMILYMEMBERS, READ_GUARANTOR, PAY_SAVINGSACCOUNTCHARGE, SETTLECASHFROMCASHIER_TELLER_CHECKER, READ_Active Loans by Disbursal Period(Pentaho), READ_Active Clients - Email, READ_CLIENT, READ_Loans Awaiting Disbursal(Pentaho), READ_Loan Payments Received (Active Loans) - Email, READ_SAVINGSACCOUNT, READ_Loans Pending Approval, READ_ACCOUNTNUMBERFORMAT, DEFINEOPENINGBALANCE_JOURNALENTRY, READ_Active Loans in last installment Summary, READ_Loans disbursed to clients - Email, DISBURSALLASTUNDO_LOAN, READ_Savings Transactions, READ_JOURNALENTRY, READ_CONFIGURATION, READ_WORKINGDAYS, READ_Loan Fully Repaid - Email, UPDATE_GLACCOUNT, CREATE_CLIENTIMAGE, RECOVERYPAYMENT_LOAN, reports_visibility, READ_GLACCOUNT, UPDATE_DOCUMENT, READ_RATE, PAY_CLIENTCHARGE_CHECKER, complete_pending_step, READ_Active Group Leaders - Email, REPAYMENT_LOAN_CHECKER, READ_Active Loan Summary per Branch, create_pending_flow_blueprint, READ_OFFICETRANSACTION, READ_Loan Payments Received (Overdue Loans) - Email, PAY_LOANCHARGE, DISBURSETOSAVINGS_LOAN, READ_Loans Awaiting Disbursal Summary(Pentaho), READ_CLIENTIDENTIFIER, READ_Income Statement, READ_Active Loans - Details, READ_AUDIT, READ_SAVINGNOTE, READTRANSACTION_CLIENT, VIEW_CASHIER_SESSIONS, READ_FLOATINGRATE, READ_CLIENTNOTE, READ_CODE, READ_LOANPRODUCT, READ_Client Savings Summary, READ_ACCOUNTTRANSFER, READ_MEETING, READ_RECURRINGDEPOSITPRODUCT, READ_Disbursal_Vs_Awaitingdisbursal, READ_REPORTMAILINGJOB, READ_STAFF, UPDATE_GLCLOSURE, READ_INTERREQUEST, READ_GLCLOSURE, CREATE_CASHIER_SESSIONS, READ_Active Loans Passed Final Maturity Summary, REPAYMENT_LOAN, READ_Loans Outstanding after final instalment date - Email, DELETE_TELLER_CHECKER, update_pending_step, READ_Written-Off Loans(Pentaho), READ_Loan Account Schedule, READ_HOOK, READ_ClientSummary , READ_Active Loans in last installment Summary(Pentaho), READ_CURRENCY, READ_FINANCIALACTIVITYACCOUNT, READ_Loans Awaiting Disbursal Summary by Month, READ_Loans Awaiting Disbursal Summary, UPDATE_CALENDAR, READ_Loans Awaiting Disbursal Summary by Month(Pentaho), READ_CLIENTCHARGE, READ_Loan Approved - Email, READ_DOCUMENT, READ_Active Loans by Disbursal Period, READ_Active Loans - Summary(Pentaho), READ_SAVINGSACCOUNTCHARGE, READ_Active Loans Passed Final Maturity Summary(Pentaho), start_pending_flow, READ_Active Loans Passed Final Maturity(Pentaho), UPDATE_CLIENTCHARGE, PAYOUTREFUND_LOAN, READ_BUSINESS_DATE, READ_TAXCOMPONENT, UPDATE_ROLE, READ_REPORT, ALLOCATECASHIER_TELLER, READ_HOLIDAY, DELETECASHIERALLOCATION_TELLER_CHECKER, READ_INTERID, DISBURSALUNDO_LOAN, READ_DELINQUENCY_TAGS, WITHDRAW_CLIENT, READ_FIXEDDEPOSITACCOUNT, UPDATE_HOOK, UPDATECASHIERALLOCATION_TELLER, READ_OFFICE, READ_DIVIDEND_SHAREPRODUCT, READ_PASSWORD_PREFERENCES, READ_STAFFIMAGE, READ_Loans in arrears - Email, READ_IMPORT, READ_PRODUCTMIX, READ_Loan payments due - Email, READ_Rescheduled Loans, READ_LOANNOTE, READ_COLLATERAL, READ_EMAIL_CONFIGURATION, REFUNDBYCASH_LOAN, DELETE_TELLER, view_pendientes, UPDATE_CONFIGURATION, READ_CODEVALUE, READ_Loans Pending Approval(Pentaho), READ_TAXGROUP, READ_SMSCAMPAIGN, UPDATE_TELLER_CHECKER, READ_Happy Birthday - Email, UPDATEOPENINGBALANCE_JOURNALENTRY, READ_ADDRESS, UPDATE_TELLER, UPDATE_CLIENT, READ_Client Saving Transactions, READ_EMAIL, REVERSE_JOURNALENTRY, READ_RESCHEDULELOAN, READ_ChildrenStaffList, READ_INTERQUOTE, READ_Loans Awaiting Disbursal, READ_Loan Payments Due (Overdue Loans) - Email, ALLOCATECASHIER_TELLER_CHECKER, CREATE_TELLER_CHECKER, READ_CLIENTIMAGE, UPDATECASHIERALLOCATION_TELLER_CHECKER, READ_FUND, READ_SMS, READ_RECURRINGDEPOSITACCOUNT, READ_Active Loans in last installment, READ_USER, CREATE_JOURNALENTRY, READ_ACCOUNTINGRULE, READ_INTERTRANSFER, READ_CACHE, READ_TEMPLATE, READ_DELINQUENCY_BUCKET]]
[2m2026-02-17 11:22:19.525[0;39m [32m-DEBUG[0;39m [35m88555[0;39m [32m[0;39m [        default] [2m---[0;39m [2m[nio-8443-exec-6][0;39m [36mo.a.f.i.c.filters.RequestResponseFilter [0;39m [2m:[0;39m Received request: [GET], [/fineract-provider/api/v1/pending-flows/1]
[2m2026-02-17 11:22:19.525[0;39m [32m-DEBUG[0;39m [35m88555[0;39m [32m[0;39m [        default] [2m---[0;39m [2m[nio-8443-exec-9][0;39m [36ms.f.TenantAwareBasicAuthenticationFilter[0;39m [2m:[0;39m Set SecurityContextHolder to UsernamePasswordAuthenticationToken [Principal=AppUser [username=robert.caja1, getId()=12], Credentials=[PROTECTED], Authenticated=true, Details=WebAuthenticationDetails [RemoteIpAddress=0:0:0:0:0:0:0:1, SessionId=null], Granted Authorities=[READ_CHARGE, CREATE_CASHIER_SESSIONS, READ_ENTITY_DATATABLE_CHECK, READ_PRODUCTMIX, READ_Loan Payments Received (Overdue Loans) - Email, CREATE_TELLER, PAY_CLIENTCHARGE_CHECKER, UPDATE_GLACCOUNT, DISBURSALLASTUNDO_LOAN, READ_Loans in arrears - Email, READ_Loan Payments Received (Active Loans) - Email, READ_CALENDAR, PAY_SAVINGSACCOUNTCHARGE_CHECKER, READ_Active Loan Clients - Email, DELETECASHIERALLOCATION_TELLER, READ_ACCOUNTINGRULE, READ_SSBENEFICIARYTPT, READ_Savings Transactions, PAYOUTREFUND_LOAN, READ_DELINQUENCY_BUCKET, DELETECASHIERALLOCATION_TELLER_CHECKER, READ_RESCHEDULELOAN, READ_LOANNOTE, READ_Loans Awaiting Disbursal(Pentaho), DISBURSALUNDO_LOAN, READ_Active Loans - Details, complete_pending_step, READ_Loans Outstanding after final instalment date - Email, UPDATE_REPORT, READ_SAVINGSACCOUNTCHARGE, READ_Active Clients - Email, READ_BUSINESS_DATE, VIEW_CASHIER_SESSIONS, UPDATE_CALENDAR, READ_FIXEDDEPOSITACCOUNT, READ_STANDINGINSTRUCTION , ALLOCATECASHTOCASHIER_TELLER, READ_CURRENCY, READ_Happy Birthday - Email, READ_INTERREQUEST, READ_Active Loans Passed Final Maturity Summary(Pentaho), CREATE_CLIENTIMAGE, READ_Loans Pending Approval, READ_INTERID, CREATE_RESCHEDULELOAN, READ_TAXGROUP, READ_ACCOUNTNUMBERFORMAT, start_pending_flow, READ_GLACCOUNT, READ_SMSCAMPAIGN, READ_Client Loans Listing, READ_Written-Off Loans(Pentaho), READ_CODEVALUE, UPDATE_TELLER_CHECKER, READ_Active Loans - Summary, READ_Client Loan Account Schedule, READ_GLCLOSURE, DELETE_EMAIL_CHECKER, READ_LOANPRODUCT, UPDATE_HOOK, READ_Active Loans - Summary(Pentaho), READ_USER, DEFINEOPENINGBALANCE_JOURNALENTRY, READ_REPORT, UPDATECASHIERALLOCATION_TELLER, UPDATE_ROLE, DISBURSETOSAVINGS_LOAN, SETTLECASHFROMCASHIER_TELLER_CHECKER, READ_PASSWORD_PREFERENCES, PAY_CLIENTCHARGE, UPDATEOPENINGBALANCE_JOURNALENTRY, READ_CLIENT, READ_JOURNALENTRY, UPDATE_CONFIGURATION, CREATE_TELLER_CHECKER, READ_DATATABLE, UPDATE_TELLER, READ_Loans Awaiting Disbursal, SETTLECASHFROMCASHIER_TELLER, READ_RATE, DEFINEOPENINGBALANCE_JOURNALENTRY_CHECKER, READ_Active Loans Passed Final Maturity, READ_DOCUMENT, READ_FUND, READ_CACHE, UPDATE_CLIENT, UPDATE_DOCUMENT, READ_Active Loans in last installment, READ_CLIENTIMAGE, READ_EMAIL_CAMPAIGN, RECOVERYPAYMENT_LOAN, READ_CLIENTIDENTIFIER, READ_OFFICETRANSACTION, READ_TAXCOMPONENT, READ_COLLATERAL, READ_Loan Rejected - Email, READ_AUDIT, READ_Loans disbursed to clients - Email, DELETE_TELLER_CHECKER, reports_visibility, READ_TEMPLATE, READ_INTERTRANSFER, READ_Loan payments due - Email, READ_Loan Payments Due (Overdue Loans) - Email, create_pending_flow_blueprint, READ_ChildrenStaffList, READ_Loans Awaiting Disbursal Summary by Month(Pentaho), DELETE_TELLER, READ_Loan Account Schedule, ALLOCATECASHTOCASHIER_TELLER_CHECKER, READ_DIVIDEND_SHAREPRODUCT, ALLOCATECASHIER_TELLER, READ_Loan Approved - Email, REFUNDBYCASH_LOAN, CREATE_INTERID, READ_STAFF, REPAYMENT_LOAN, READ_Written-Off Loans, READ_Active Loans in last installment(Pentaho), WITHDRAW_CLIENT, DISBURSE_LOAN, READ_FAMILYMEMBERS, READ_Active Loans Passed Final Maturity Summary, READ_Client Listing, READ_Client Saving Transactions, READ_Aging Detail, READ_INTERQUOTE, ALLOCATECASHIER_TELLER_CHECKER, READ_Loans Awaiting Disbursal Summary(Pentaho), READ_Loans Pending Approval(Pentaho), UPDATE_GLCLOSURE, READ_Disbursal_Vs_Awaitingdisbursal, READ_PERMISSION, READ_HOOK, READ_Loan Fully Repaid - Email, READ_FINANCIALACTIVITYACCOUNT, REVERSE_JOURNALENTRY, READ_FIXEDDEPOSITPRODUCT, UPDATECASHIERALLOCATION_TELLER_CHECKER, READ_RECURRINGDEPOSITPRODUCT, READ_WORKINGDAYS, view_pendientes, READ_ADDRESS, READ_Disbursal Report, READ_ACCOUNTTRANSFER, READ_MEETING, READ_HOLIDAY, READ_Active Group Leaders - Email, update_pending_flow_blueprint, READ_CLIENTCHARGE, READ_OFFICE, update_pending_step, READ_Client Listing(Pentaho), READ_RECURRINGDEPOSITACCOUNT, READ_EMAIL, READ_IMPORT, READ_Income Statement, CREATE_JOURNALENTRY, READ_DELINQUENCY_TAGS, READ_Rescheduled Loans, READ_SMS, READ_Active Loan Summary per Branch, READ_Active Loans by Disbursal Period(Pentaho), READ_Loan Repayment - Email, READ_CLIENTNOTE, READ_CODE, READ_ClientSummary , READ_Loans Awaiting Disbursal Summary by Month, READ_FLOATINGRATE, READ_EMAIL_CONFIGURATION, READ_ROLE, READ_Active Loans by Disbursal Period, READ_SCHEDULER, READ_GUARANTOR, READ_Client Loans Listing(Pentaho), READ_SAVINGSACCOUNT, READ_Active Loans in last installment Summary, READ_Active Loans in last installment Summary(Pentaho), READ_SAVINGNOTE, REPAYMENT_LOAN_CHECKER, UPDATE_CLIENTNOTE, UPDATE_CLIENTCHARGE, PAY_SAVINGSACCOUNTCHARGE, READ_Client Savings Summary, READ_SAVINGSPRODUCT, READ_STAFFIMAGE, READ_Active Loans Passed Final Maturity(Pentaho), READ_REPORTMAILINGJOB, PAY_LOANCHARGE, READ_Loans Awaiting Disbursal Summary, READTRANSACTION_CLIENT, READ_CONFIGURATION]]
[2m2026-02-17 11:22:19.525[0;39m [32m-DEBUG[0;39m [35m88555[0;39m [32m[0;39m [        default] [2m---[0;39m [2m[nio-8443-exec-9][0;39m [36mo.a.f.i.c.filters.RequestResponseFilter [0;39m [2m:[0;39m Received request: [GET], [/fineract-provider/api/v1/notifications]
[2m2026-02-17 11:22:19.531[0;39m [32m-DEBUG[0;39m [35m88555[0;39m [32m[0;39m [        default] [2m---[0;39m [2m[nio-8443-exec-1][0;39m [36ms.f.TenantAwareBasicAuthenticationFilter[0;39m [2m:[0;39m Set SecurityContextHolder to UsernamePasswordAuthenticationToken [Principal=AppUser [username=robert.caja1, getId()=12], Credentials=[PROTECTED], Authenticated=true, Details=WebAuthenticationDetails [RemoteIpAddress=0:0:0:0:0:0:0:1, SessionId=null], Granted Authorities=[READ_OFFICE, READ_GLACCOUNT, READ_Loans Awaiting Disbursal Summary by Month(Pentaho), READ_LOANPRODUCT, READ_DOCUMENT, DISBURSALUNDO_LOAN, DELETE_EMAIL_CHECKER, READ_Client Listing(Pentaho), ALLOCATECASHTOCASHIER_TELLER_CHECKER, READ_TAXGROUP, READ_PASSWORD_PREFERENCES, READ_Written-Off Loans, READ_SSBENEFICIARYTPT, complete_pending_step, READ_SCHEDULER, PAY_CLIENTCHARGE_CHECKER, READTRANSACTION_CLIENT, READ_INTERTRANSFER, CREATE_RESCHEDULELOAN, READ_Active Loans by Disbursal Period(Pentaho), READ_Savings Transactions, READ_Disbursal_Vs_Awaitingdisbursal, READ_Client Listing, READ_Client Loans Listing, ALLOCATECASHIER_TELLER, READ_Loan Payments Due (Overdue Loans) - Email, create_pending_flow_blueprint, DELETECASHIERALLOCATION_TELLER_CHECKER, READ_GUARANTOR, READ_INTERREQUEST, READ_FAMILYMEMBERS, UPDATE_ROLE, READ_Loan Account Schedule, READ_Client Loan Account Schedule, READ_Income Statement, READ_CALENDAR, DELETE_TELLER_CHECKER, READ_DELINQUENCY_BUCKET, READ_Loan Payments Received (Overdue Loans) - Email, ALLOCATECASHIER_TELLER_CHECKER, READ_CODEVALUE, REPAYMENT_LOAN, READ_Active Loans by Disbursal Period, READ_BUSINESS_DATE, READ_DIVIDEND_SHAREPRODUCT, READ_SMS, READ_Active Loans Passed Final Maturity Summary, READ_HOLIDAY, CREATE_CASHIER_SESSIONS, UPDATE_CLIENTCHARGE, READ_Loan payments due - Email, WITHDRAW_CLIENT, READ_FUND, READ_CLIENTIDENTIFIER, READ_GLCLOSURE, REVERSE_JOURNALENTRY, REPAYMENT_LOAN_CHECKER, READ_Loans Pending Approval(Pentaho), READ_REPORTMAILINGJOB, READ_Loan Rejected - Email, READ_SAVINGNOTE, DEFINEOPENINGBALANCE_JOURNALENTRY_CHECKER, PAY_LOANCHARGE, READ_EMAIL, READ_RATE, CREATE_INTERID, READ_Loans Awaiting Disbursal Summary, READ_Loans Outstanding after final instalment date - Email, READ_Loans Pending Approval, start_pending_flow, UPDATE_DOCUMENT, READ_Active Loans in last installment Summary, PAYOUTREFUND_LOAN, READ_STANDINGINSTRUCTION , UPDATE_TELLER, READ_SAVINGSPRODUCT, UPDATE_REPORT, READ_Active Loan Summary per Branch, READ_RECURRINGDEPOSITACCOUNT, READ_FINANCIALACTIVITYACCOUNT, READ_DELINQUENCY_TAGS, READ_ROLE, READ_Active Loans Passed Final Maturity(Pentaho), READ_Active Loans - Summary, READ_Loans Awaiting Disbursal(Pentaho), READ_SMSCAMPAIGN, READ_COLLATERAL, READ_Active Loans - Details, CREATE_TELLER, UPDATE_CLIENT, READ_MEETING, READ_CURRENCY, UPDATE_CLIENTNOTE, DELETECASHIERALLOCATION_TELLER, update_pending_step, READ_Happy Birthday - Email, READ_Loan Approved - Email, UPDATE_HOOK, READ_WORKINGDAYS, READ_FLOATINGRATE, READ_Active Clients - Email, view_pendientes, READ_ACCOUNTNUMBERFORMAT, CREATE_JOURNALENTRY, READ_Active Loans in last installment(Pentaho), READ_EMAIL_CAMPAIGN, UPDATECASHIERALLOCATION_TELLER_CHECKER, CREATE_TELLER_CHECKER, SETTLECASHFROMCASHIER_TELLER, READ_Client Savings Summary, READ_Client Saving Transactions, CREATE_CLIENTIMAGE, READ_EMAIL_CONFIGURATION, READ_ENTITY_DATATABLE_CHECK, READ_STAFFIMAGE, READ_Active Loans in last installment Summary(Pentaho), READ_ChildrenStaffList, READ_Active Loans in last installment, READ_Loan Fully Repaid - Email, READ_CONFIGURATION, READ_Loans disbursed to clients - Email, READ_TEMPLATE, READ_Loans Awaiting Disbursal Summary(Pentaho), READ_PERMISSION, READ_STAFF, UPDATECASHIERALLOCATION_TELLER, READ_CLIENTCHARGE, READ_CODE, READ_PRODUCTMIX, PAY_SAVINGSACCOUNTCHARGE, READ_REPORT, READ_ACCOUNTTRANSFER, UPDATE_TELLER_CHECKER, READ_LOANNOTE, READ_CACHE, READ_ACCOUNTINGRULE, READ_RECURRINGDEPOSITPRODUCT, READ_CLIENTIMAGE, READ_Active Loans Passed Final Maturity Summary(Pentaho), UPDATE_GLACCOUNT, PAY_SAVINGSACCOUNTCHARGE_CHECKER, READ_INTERID, READ_IMPORT, READ_ClientSummary , READ_Loans Awaiting Disbursal, READ_USER, REFUNDBYCASH_LOAN, READ_CLIENT, READ_Written-Off Loans(Pentaho), READ_Active Group Leaders - Email, reports_visibility, READ_HOOK, READ_Rescheduled Loans, READ_Aging Detail, READ_FIXEDDEPOSITACCOUNT, RECOVERYPAYMENT_LOAN, READ_FIXEDDEPOSITPRODUCT, ALLOCATECASHTOCASHIER_TELLER, update_pending_flow_blueprint, READ_CHARGE, READ_Active Loans - Summary(Pentaho), READ_Loan Repayment - Email, READ_Active Loan Clients - Email, READ_SAVINGSACCOUNTCHARGE, READ_Loans in arrears - Email, READ_Disbursal Report, READ_SAVINGSACCOUNT, READ_Active Loans Passed Final Maturity, PAY_CLIENTCHARGE, READ_TAXCOMPONENT, UPDATE_CALENDAR, READ_DATATABLE, READ_RESCHEDULELOAN, UPDATE_CONFIGURATION, DISBURSETOSAVINGS_LOAN, READ_Loan Payments Received (Active Loans) - Email, READ_AUDIT, READ_OFFICETRANSACTION, UPDATEOPENINGBALANCE_JOURNALENTRY, DEFINEOPENINGBALANCE_JOURNALENTRY, READ_ADDRESS, READ_CLIENTNOTE, READ_INTERQUOTE, DISBURSE_LOAN, DISBURSALLASTUNDO_LOAN, READ_Loans Awaiting Disbursal Summary by Month, DELETE_TELLER, READ_Client Loans Listing(Pentaho), SETTLECASHFROMCASHIER_TELLER_CHECKER, UPDATE_GLCLOSURE, VIEW_CASHIER_SESSIONS, READ_JOURNALENTRY]]
[2m2026-02-17 11:22:19.532[0;39m [32m-DEBUG[0;39m [35m88555[0;39m [32m[0;39m [        default] [2m---[0;39m [2m[nio-8443-exec-1][0;39m [36mo.a.f.i.c.filters.RequestResponseFilter [0;39m [2m:[0;39m Received request: [GET], [/fineract-provider/api/v1/notifications]
[2m2026-02-17 11:22:19.534[0;39m [32m-DEBUG[0;39m [35m88555[0;39m [32m[0;39m [        default] [2m---[0;39m [2m[io-8443-exec-10][0;39m [36ms.f.TenantAwareBasicAuthenticationFilter[0;39m [2m:[0;39m Set SecurityContextHolder to UsernamePasswordAuthenticationToken [Principal=AppUser [username=robert.caja1, getId()=12], Credentials=[PROTECTED], Authenticated=true, Details=WebAuthenticationDetails [RemoteIpAddress=0:0:0:0:0:0:0:1, SessionId=null], Granted Authorities=[READ_GLACCOUNT, UPDATEOPENINGBALANCE_JOURNALENTRY, READ_ClientSummary , READ_Active Loans Passed Final Maturity, UPDATE_TELLER, CREATE_RESCHEDULELOAN, READ_DATATABLE, READ_RESCHEDULELOAN, READ_BUSINESS_DATE, PAY_SAVINGSACCOUNTCHARGE_CHECKER, PAY_SAVINGSACCOUNTCHARGE, READ_Loans Awaiting Disbursal Summary(Pentaho), READ_PRODUCTMIX, READ_Active Loans by Disbursal Period(Pentaho), READ_USER, READ_HOOK, READ_Loans Pending Approval(Pentaho), READ_Loans Awaiting Disbursal Summary by Month(Pentaho), READ_CONFIGURATION, READ_Active Loans in last installment Summary, DISBURSETOSAVINGS_LOAN, READ_CHARGE, READ_DELINQUENCY_BUCKET, READ_SAVINGSACCOUNTCHARGE, READ_Loans disbursed to clients - Email, READ_RECURRINGDEPOSITACCOUNT, READ_Active Loan Summary per Branch, READ_EMAIL_CAMPAIGN, READ_CODEVALUE, ALLOCATECASHIER_TELLER_CHECKER, UPDATECASHIERALLOCATION_TELLER_CHECKER, READ_CURRENCY, READ_Loan Fully Repaid - Email, READ_Happy Birthday - Email, READ_OFFICE, UPDATE_GLACCOUNT, READ_ADDRESS, READ_Loans Pending Approval, READ_SMS, READ_Loan Payments Received (Overdue Loans) - Email, READ_INTERREQUEST, READ_Client Loans Listing, UPDATE_HOOK, PAYOUTREFUND_LOAN, DELETECASHIERALLOCATION_TELLER_CHECKER, READ_Disbursal Report, READ_TEMPLATE, READ_IMPORT, DELETECASHIERALLOCATION_TELLER, DEFINEOPENINGBALANCE_JOURNALENTRY_CHECKER, READ_Loans Awaiting Disbursal Summary by Month, READ_Loan payments due - Email, CREATE_TELLER, UPDATE_CLIENTNOTE, READ_COLLATERAL, DELETE_EMAIL_CHECKER, READ_SSBENEFICIARYTPT, READ_STAFFIMAGE, READ_Active Loan Clients - Email, READ_CLIENTCHARGE, READ_Active Loans Passed Final Maturity Summary, READ_INTERTRANSFER, READ_Loan Payments Received (Active Loans) - Email, PAY_CLIENTCHARGE_CHECKER, READ_Loans Awaiting Disbursal, UPDATE_ROLE, update_pending_step, READ_DIVIDEND_SHAREPRODUCT, READ_REPORT, READ_CLIENT, READ_Active Loans - Summary(Pentaho), READ_Active Loans in last installment, READ_CALENDAR, READ_GLCLOSURE, CREATE_TELLER_CHECKER, READ_SAVINGSPRODUCT, READ_Client Saving Transactions, READ_Disbursal_Vs_Awaitingdisbursal, READ_SAVINGNOTE, READ_SCHEDULER, update_pending_flow_blueprint, DISBURSE_LOAN, PAY_LOANCHARGE, READ_RATE, READ_AUDIT, CREATE_CASHIER_SESSIONS, READ_Savings Transactions, READ_ACCOUNTNUMBERFORMAT, READ_Aging Detail, VIEW_CASHIER_SESSIONS, READ_SAVINGSACCOUNT, READ_LOANPRODUCT, READ_CLIENTIDENTIFIER, UPDATECASHIERALLOCATION_TELLER, complete_pending_step, READ_Active Loans Passed Final Maturity Summary(Pentaho), READ_CLIENTIMAGE, READ_DOCUMENT, CREATE_CLIENTIMAGE, REPAYMENT_LOAN, READ_RECURRINGDEPOSITPRODUCT, READ_Income Statement, WITHDRAW_CLIENT, UPDATE_DOCUMENT, UPDATE_GLCLOSURE, READ_Rescheduled Loans, READ_SMSCAMPAIGN, READ_FIXEDDEPOSITPRODUCT, READ_ACCOUNTINGRULE, READ_Active Loans Passed Final Maturity(Pentaho), READ_Active Clients - Email, READ_EMAIL, REVERSE_JOURNALENTRY, READ_Active Loans in last installment Summary(Pentaho), READ_Client Listing, READ_Client Listing(Pentaho), READ_FLOATINGRATE, READ_Client Loan Account Schedule, start_pending_flow, READ_INTERQUOTE, REPAYMENT_LOAN_CHECKER, READ_Loan Rejected - Email, SETTLECASHFROMCASHIER_TELLER_CHECKER, READ_WORKINGDAYS, READ_TAXCOMPONENT, READ_Loan Account Schedule, RECOVERYPAYMENT_LOAN, READ_Active Loans by Disbursal Period, READ_Loans Awaiting Disbursal Summary, READ_Loans in arrears - Email, UPDATE_CLIENT, READ_JOURNALENTRY, READ_Client Savings Summary, PAY_CLIENTCHARGE, UPDATE_CONFIGURATION, READ_PASSWORD_PREFERENCES, READ_FUND, ALLOCATECASHIER_TELLER, READ_FAMILYMEMBERS, READ_PERMISSION, READ_Active Loans in last installment(Pentaho), ALLOCATECASHTOCASHIER_TELLER_CHECKER, CREATE_JOURNALENTRY, READ_Written-Off Loans, READ_REPORTMAILINGJOB, view_pendientes, READ_Loan Repayment - Email, READ_ACCOUNTTRANSFER, READ_Loans Outstanding after final instalment date - Email, reports_visibility, UPDATE_REPORT, READ_MEETING, READ_ENTITY_DATATABLE_CHECK, READ_FINANCIALACTIVITYACCOUNT, READ_Loans Awaiting Disbursal(Pentaho), UPDATE_CLIENTCHARGE, READ_Active Loans - Details, REFUNDBYCASH_LOAN, READ_STAFF, READ_EMAIL_CONFIGURATION, READ_INTERID, READ_OFFICETRANSACTION, READ_DELINQUENCY_TAGS, SETTLECASHFROMCASHIER_TELLER, DISBURSALLASTUNDO_LOAN, READ_Client Loans Listing(Pentaho), READ_Loan Payments Due (Overdue Loans) - Email, READ_HOLIDAY, UPDATE_TELLER_CHECKER, READ_CACHE, DEFINEOPENINGBALANCE_JOURNALENTRY, READ_Active Loans - Summary, READ_LOANNOTE, create_pending_flow_blueprint, DELETE_TELLER, CREATE_INTERID, UPDATE_CALENDAR, READ_FIXEDDEPOSITACCOUNT, ALLOCATECASHTOCASHIER_TELLER, READ_CODE, READ_CLIENTNOTE, READ_GUARANTOR, READ_ChildrenStaffList, READTRANSACTION_CLIENT, READ_TAXGROUP, DELETE_TELLER_CHECKER, READ_Written-Off Loans(Pentaho), DISBURSALUNDO_LOAN, READ_ROLE, READ_Loan Approved - Email, READ_STANDINGINSTRUCTION , READ_Active Group Leaders - Email]]
[2m2026-02-17 11:22:19.535[0;39m [32m-DEBUG[0;39m [35m88555[0;39m [32m[0;39m [        default] [2m---[0;39m [2m[io-8443-exec-10][0;39m [36mo.a.f.i.c.filters.RequestResponseFilter [0;39m [2m:[0;39m Received request: [GET], [/fineract-provider/api/v1/configurations/name/enable-business-date]
[2m2026-02-17 11:22:19.540[0;39m [32m-DEBUG[0;39m [35m88555[0;39m [32m[0;39m [        default] [2m---[0;39m [2m[io-8443-exec-10][0;39m [36mo.a.f.i.c.filters.RequestResponseFilter [0;39m [2m:[0;39m Sent response: [200] for [GET], [/fineract-provider/api/v1/configurations/name/enable-business-date]
[2m2026-02-17 11:22:19.540[0;39m [32m-DEBUG[0;39m [35m88555[0;39m [32m[0;39m [      no-tenant] [2m---[0;39m [2m[io-8443-exec-10][0;39m [36ms.f.TenantAwareBasicAuthenticationFilter[0;39m [2m:[0;39m {"startTime":1771348939372,"totalTime":168,"method":"GET","url":"https://localhost:8443/fineract-provider/api/v1/configurations/name/enable-business-date","parameters":{}}
[2m2026-02-17 11:22:19.541[0;39m [32m-DEBUG[0;39m [35m88555[0;39m [32m[0;39m [        default] [2m---[0;39m [2m[nio-8443-exec-9][0;39m [36mo.a.f.i.c.filters.RequestResponseFilter [0;39m [2m:[0;39m Sent response: [200] for [GET], [/fineract-provider/api/v1/notifications]
[2m2026-02-17 11:22:19.541[0;39m [32m-DEBUG[0;39m [35m88555[0;39m [32m[0;39m [      no-tenant] [2m---[0;39m [2m[nio-8443-exec-9][0;39m [36ms.f.TenantAwareBasicAuthenticationFilter[0;39m [2m:[0;39m {"startTime":1771348939372,"totalTime":169,"method":"GET","url":"https://localhost:8443/fineract-provider/api/v1/notifications","parameters":{"isRead":["false"],"limit":["9"]}}
[2m2026-02-17 11:22:19.542[0;39m [32m-DEBUG[0;39m [35m88555[0;39m [32m[0;39m [        default] [2m---[0;39m [2m[nio-8443-exec-1][0;39m [36mo.a.f.i.c.filters.RequestResponseFilter [0;39m [2m:[0;39m Sent response: [200] for [GET], [/fineract-provider/api/v1/notifications]
[2m2026-02-17 11:22:19.542[0;39m [32m-DEBUG[0;39m [35m88555[0;39m [32m[0;39m [      no-tenant] [2m---[0;39m [2m[nio-8443-exec-1][0;39m [36ms.f.TenantAwareBasicAuthenticationFilter[0;39m [2m:[0;39m {"startTime":1771348939372,"totalTime":169,"method":"GET","url":"https://localhost:8443/fineract-provider/api/v1/notifications","parameters":{"isRead":["true"],"limit":["9"]}}
[2m2026-02-17 11:22:19.544[0;39m [32m-DEBUG[0;39m [35m88555[0;39m [32m[0;39m [        default] [2m---[0;39m [2m[nio-8443-exec-6][0;39m [36m.a.f.i.c.p.ExtendedJpaTransactionManager[0;39m [2m:[0;39m Creating new transaction with name [org.springframework.data.jpa.repository.support.SimpleJpaRepository.findById]: PROPAGATION_REQUIRED,ISOLATION_DEFAULT,readOnly
[2m2026-02-17 11:22:19.544[0;39m [32m-DEBUG[0;39m [35m88555[0;39m [32m[0;39m [        default] [2m---[0;39m [2m[nio-8443-exec-6][0;39m [36m.a.f.i.c.p.ExtendedJpaTransactionManager[0;39m [2m:[0;39m Opened new EntityManager [org.eclipse.persistence.internal.jpa.EntityManagerImpl@6cc34bc5] for JPA transaction
[2m2026-02-17 11:22:19.544[0;39m [32m-DEBUG[0;39m [35m88555[0;39m [32m[0;39m [        default] [2m---[0;39m [2m[nio-8443-exec-6][0;39m [36m.a.f.i.c.p.ExtendedJpaTransactionManager[0;39m [2m:[0;39m Exposing JPA transaction as JDBC [org.springframework.orm.jpa.vendor.EclipseLinkJpaDialect$EclipseLinkConnectionHandle@4c1dfed0]
[2m2026-02-17 11:22:19.566[0;39m [32m-DEBUG[0;39m [35m88555[0;39m [32m[0;39m [        default] [2m---[0;39m [2m[nio-8443-exec-6][0;39m [36m.a.f.i.c.p.ExtendedJpaTransactionManager[0;39m [2m:[0;39m Initiating transaction commit
[2m2026-02-17 11:22:19.566[0;39m [32m-DEBUG[0;39m [35m88555[0;39m [32m[0;39m [        default] [2m---[0;39m [2m[nio-8443-exec-6][0;39m [36m.a.f.i.c.p.ExtendedJpaTransactionManager[0;39m [2m:[0;39m Committing JPA transaction on EntityManager [org.eclipse.persistence.internal.jpa.EntityManagerImpl@6cc34bc5]
[2m2026-02-17 11:22:19.567[0;39m [32m-DEBUG[0;39m [35m88555[0;39m [32m[0;39m [        default] [2m---[0;39m [2m[nio-8443-exec-6][0;39m [36m.a.f.i.c.p.ExtendedJpaTransactionManager[0;39m [2m:[0;39m Closing JPA EntityManager [org.eclipse.persistence.internal.jpa.EntityManagerImpl@6cc34bc5] after transaction
[2m2026-02-17 11:22:19.596[0;39m [32m-DEBUG[0;39m [35m88555[0;39m [32m[0;39m [        default] [2m---[0;39m [2m[nio-8443-exec-6][0;39m [36mo.a.f.i.c.filters.RequestResponseFilter [0;39m [2m:[0;39m Sent response: [200] for [GET], [/fineract-provider/api/v1/pending-flows/1]
[2m2026-02-17 11:22:19.597[0;39m [32m-DEBUG[0;39m [35m88555[0;39m [32m[0;39m [      no-tenant] [2m---[0;39m [2m[nio-8443-exec-6][0;39m [36ms.f.TenantAwareBasicAuthenticationFilter[0;39m [2m:[0;39m {"startTime":1771348939380,"totalTime":216,"method":"GET","url":"https://localhost:8443/fineract-provider/api/v1/pending-flows/1","parameters":{"includeSteps":["true"]}}
[2m2026-02-17 11:22:19.654[0;39m [32m-DEBUG[0;39m [35m88555[0;39m [32m[0;39m [        default] [2m---[0;39m [2m[nio-8443-exec-2][0;39m [36ms.f.TenantAwareBasicAuthenticationFilter[0;39m [2m:[0;39m Set SecurityContextHolder to UsernamePasswordAuthenticationToken [Principal=AppUser [username=robert.caja1, getId()=12], Credentials=[PROTECTED], Authenticated=true, Details=WebAuthenticationDetails [RemoteIpAddress=0:0:0:0:0:0:0:1, SessionId=null], Granted Authorities=[READ_ChildrenStaffList, READ_GUARANTOR, DISBURSALLASTUNDO_LOAN, SETTLECASHFROMCASHIER_TELLER, READ_PERMISSION, READ_Loans in arrears - Email, UPDATE_CLIENT, READ_LOANNOTE, READ_Loans Pending Approval(Pentaho), READ_Active Loans - Summary, DEFINEOPENINGBALANCE_JOURNALENTRY, REPAYMENT_LOAN_CHECKER, PAY_LOANCHARGE, READ_Written-Off Loans(Pentaho), READ_STAFFIMAGE, READ_HOOK, PAY_CLIENTCHARGE, UPDATECASHIERALLOCATION_TELLER_CHECKER, READ_Loans disbursed to clients - Email, DISBURSALUNDO_LOAN, READ_JOURNALENTRY, READ_ClientSummary , READ_Loan Approved - Email, READ_INTERTRANSFER, READ_ACCOUNTNUMBERFORMAT, ALLOCATECASHTOCASHIER_TELLER, CREATE_JOURNALENTRY, READ_DIVIDEND_SHAREPRODUCT, READ_STANDINGINSTRUCTION , READ_SAVINGSACCOUNT, READ_TAXGROUP, READ_INTERQUOTE, READ_CODEVALUE, READ_Active Loans - Details, READ_SAVINGSPRODUCT, READ_Client Loans Listing, READ_REPORT, READ_FUND, READ_Active Loans Passed Final Maturity(Pentaho), READ_Disbursal Report, READ_DELINQUENCY_TAGS, UPDATE_TELLER_CHECKER, READ_COLLATERAL, UPDATE_TELLER, UPDATE_CALENDAR, READ_Loan payments due - Email, READ_CACHE, ALLOCATECASHTOCASHIER_TELLER_CHECKER, DEFINEOPENINGBALANCE_JOURNALENTRY_CHECKER, DELETE_TELLER_CHECKER, READ_Loans Awaiting Disbursal Summary, UPDATE_ROLE, READ_Active Loans by Disbursal Period(Pentaho), READ_FIXEDDEPOSITACCOUNT, READ_USER, READ_Aging Detail, READ_SMS, READTRANSACTION_CLIENT, UPDATE_GLCLOSURE, RECOVERYPAYMENT_LOAN, READ_Loan Fully Repaid - Email, READ_TAXCOMPONENT, READ_STAFF, UPDATE_GLACCOUNT, READ_Loans Awaiting Disbursal(Pentaho), WITHDRAW_CLIENT, READ_ROLE, READ_Client Savings Summary, READ_FLOATINGRATE, CREATE_TELLER, READ_FINANCIALACTIVITYACCOUNT, READ_Loan Rejected - Email, READ_Loans Pending Approval, READ_Loan Payments Received (Active Loans) - Email, VIEW_CASHIER_SESSIONS, CREATE_CLIENTIMAGE, REFUNDBYCASH_LOAN, READ_DATATABLE, READ_Active Loans - Summary(Pentaho), READ_PRODUCTMIX, READ_Written-Off Loans, READ_Active Loans Passed Final Maturity, READ_Active Loans in last installment(Pentaho), READ_IMPORT, READ_Active Clients - Email, UPDATE_HOOK, READ_LOANPRODUCT, READ_Active Loans in last installment Summary, READ_Client Listing(Pentaho), READ_CALENDAR, READ_SCHEDULER, READ_Active Loan Clients - Email, READ_GLCLOSURE, view_pendientes, READ_Loans Outstanding after final instalment date - Email, READ_EMAIL_CONFIGURATION, start_pending_flow, READ_Loans Awaiting Disbursal Summary by Month, READ_EMAIL, READ_RESCHEDULELOAN, UPDATE_CONFIGURATION, ALLOCATECASHIER_TELLER, READ_Loan Payments Received (Overdue Loans) - Email, READ_CLIENT, READ_CLIENTCHARGE, UPDATE_DOCUMENT, READ_ADDRESS, READ_CHARGE, REPAYMENT_LOAN, PAY_SAVINGSACCOUNTCHARGE, SETTLECASHFROMCASHIER_TELLER_CHECKER, READ_Active Loans in last installment Summary(Pentaho), READ_Loans Awaiting Disbursal Summary(Pentaho), DELETECASHIERALLOCATION_TELLER_CHECKER, READ_Income Statement, READ_MEETING, reports_visibility, DISBURSETOSAVINGS_LOAN, READ_SAVINGNOTE, READ_WORKINGDAYS, READ_Rescheduled Loans, READ_CLIENTIDENTIFIER, READ_INTERID, READ_BUSINESS_DATE, READ_Disbursal_Vs_Awaitingdisbursal, READ_FAMILYMEMBERS, READ_RECURRINGDEPOSITACCOUNT, READ_Active Group Leaders - Email, READ_Loans Awaiting Disbursal, READ_Loan Payments Due (Overdue Loans) - Email, READ_HOLIDAY, READ_Client Loan Account Schedule, CREATE_RESCHEDULELOAN, REVERSE_JOURNALENTRY, READ_DELINQUENCY_BUCKET, READ_Active Loans Passed Final Maturity Summary, READ_Savings Transactions, update_pending_flow_blueprint, PAY_CLIENTCHARGE_CHECKER, READ_TEMPLATE, complete_pending_step, CREATE_TELLER_CHECKER, DELETE_EMAIL_CHECKER, READ_Client Loans Listing(Pentaho), READ_Loan Account Schedule, READ_SAVINGSACCOUNTCHARGE, READ_Loans Awaiting Disbursal Summary by Month(Pentaho), READ_ACCOUNTINGRULE, READ_CONFIGURATION, CREATE_CASHIER_SESSIONS, update_pending_step, UPDATECASHIERALLOCATION_TELLER, READ_Happy Birthday - Email, create_pending_flow_blueprint, READ_CLIENTNOTE, READ_Loan Repayment - Email, READ_CLIENTIMAGE, READ_Active Loan Summary per Branch, READ_DOCUMENT, READ_EMAIL_CAMPAIGN, READ_RECURRINGDEPOSITPRODUCT, UPDATE_REPORT, READ_CURRENCY, READ_ACCOUNTTRANSFER, PAY_SAVINGSACCOUNTCHARGE_CHECKER, READ_Active Loans Passed Final Maturity Summary(Pentaho), READ_OFFICE, READ_Active Loans in last installment, UPDATE_CLIENTNOTE, READ_SSBENEFICIARYTPT, PAYOUTREFUND_LOAN, READ_SMSCAMPAIGN, DISBURSE_LOAN, DELETECASHIERALLOCATION_TELLER, READ_REPORTMAILINGJOB, READ_PASSWORD_PREFERENCES, READ_CODE, READ_ENTITY_DATATABLE_CHECK, READ_INTERREQUEST, UPDATEOPENINGBALANCE_JOURNALENTRY, READ_OFFICETRANSACTION, READ_Client Saving Transactions, DELETE_TELLER, READ_RATE, READ_FIXEDDEPOSITPRODUCT, ALLOCATECASHIER_TELLER_CHECKER, READ_Active Loans by Disbursal Period, UPDATE_CLIENTCHARGE, READ_AUDIT, READ_GLACCOUNT, CREATE_INTERID, READ_Client Listing]]
[2m2026-02-17 11:22:19.655[0;39m [32m-DEBUG[0;39m [35m88555[0;39m [32m[0;39m [        default] [2m---[0;39m [2m[nio-8443-exec-2][0;39m [36mo.a.f.i.c.filters.RequestResponseFilter [0;39m [2m:[0;39m Received request: [GET], [/fineract-provider/api/v1/notifications]
[2m2026-02-17 11:22:19.657[0;39m [32m-DEBUG[0;39m [35m88555[0;39m [32m[0;39m [        default] [2m---[0;39m [2m[nio-8443-exec-2][0;39m [36mo.a.f.i.c.filters.RequestResponseFilter [0;39m [2m:[0;39m Sent response: [200] for [GET], [/fineract-provider/api/v1/notifications]
[2m2026-02-17 11:22:19.657[0;39m [32m-DEBUG[0;39m [35m88555[0;39m [32m[0;39m [      no-tenant] [2m---[0;39m [2m[nio-8443-exec-2][0;39m [36ms.f.TenantAwareBasicAuthenticationFilter[0;39m [2m:[0;39m {"startTime":1771348939546,"totalTime":111,"method":"GET","url":"https://localhost:8443/fineract-provider/api/v1/notifications","parameters":{"isRead":["false"],"limit":["9"]}}
[2m2026-02-17 11:22:19.677[0;39m [32m-DEBUG[0;39m [35m88555[0;39m [32m[0;39m [      no-tenant] [2m---[0;39m [2m[nio-8443-exec-8][0;39m [36ms.f.TenantAwareBasicAuthenticationFilter[0;39m [2m:[0;39m {"startTime":1771348939677,"totalTime":0,"method":"OPTIONS","url":"https://localhost:8443/fineract-provider/api/v1/comite-otorgamiento/13/approved-loans-disbursement-sum","parameters":{"officeId":["1"]}}
[2m2026-02-17 11:22:19.787[0;39m [32m-DEBUG[0;39m [35m88555[0;39m [32m[0;39m [        default] [2m---[0;39m [2m[nio-8443-exec-3][0;39m [36ms.f.TenantAwareBasicAuthenticationFilter[0;39m [2m:[0;39m Set SecurityContextHolder to UsernamePasswordAuthenticationToken [Principal=AppUser [username=robert.caja1, getId()=12], Credentials=[PROTECTED], Authenticated=true, Details=WebAuthenticationDetails [RemoteIpAddress=0:0:0:0:0:0:0:1, SessionId=null], Granted Authorities=[READ_HOOK, READ_ChildrenStaffList, READ_Loan Fully Repaid - Email, READ_SMS, ALLOCATECASHTOCASHIER_TELLER, READ_CHARGE, READ_SAVINGSPRODUCT, READ_DATATABLE, READ_Loans Awaiting Disbursal Summary by Month, READ_Client Listing, READ_Active Loans Passed Final Maturity Summary(Pentaho), READ_Active Loans - Details, READ_Active Loans by Disbursal Period, READ_INTERID, update_pending_flow_blueprint, READ_CURRENCY, READ_CLIENTIDENTIFIER, UPDATECASHIERALLOCATION_TELLER, READ_Loans Awaiting Disbursal, READ_TEMPLATE, READ_SAVINGSACCOUNTCHARGE, READ_SMSCAMPAIGN, READ_GLCLOSURE, READ_Written-Off Loans(Pentaho), UPDATEOPENINGBALANCE_JOURNALENTRY, READ_ACCOUNTTRANSFER, PAY_LOANCHARGE, DISBURSETOSAVINGS_LOAN, READ_EMAIL_CAMPAIGN, READ_PERMISSION, CREATE_CLIENTIMAGE, READ_CLIENTIMAGE, READ_SSBENEFICIARYTPT, READ_AUDIT, READ_FINANCIALACTIVITYACCOUNT, READ_Disbursal_Vs_Awaitingdisbursal, UPDATE_TELLER, READ_Loans Pending Approval, DELETE_TELLER, READ_Loans Awaiting Disbursal Summary(Pentaho), READ_RECURRINGDEPOSITACCOUNT, READ_RECURRINGDEPOSITPRODUCT, UPDATE_ROLE, READ_USER, UPDATE_HOOK, DISBURSALLASTUNDO_LOAN, UPDATE_GLCLOSURE, UPDATE_CALENDAR, DEFINEOPENINGBALANCE_JOURNALENTRY_CHECKER, READ_HOLIDAY, reports_visibility, READ_LOANNOTE, READ_TAXGROUP, READ_CALENDAR, READ_Savings Transactions, READ_Active Loans in last installment Summary, READ_SAVINGNOTE, READ_GLACCOUNT, CREATE_CASHIER_SESSIONS, UPDATE_DOCUMENT, READ_ACCOUNTINGRULE, READ_Income Statement, CREATE_INTERID, READ_Rescheduled Loans, READ_EMAIL, READ_Loan Repayment - Email, CREATE_JOURNALENTRY, READ_Client Savings Summary, READ_GUARANTOR, UPDATE_REPORT, READ_DOCUMENT, READ_STANDINGINSTRUCTION , READ_ClientSummary , READ_Client Loans Listing(Pentaho), PAY_SAVINGSACCOUNTCHARGE_CHECKER, WITHDRAW_CLIENT, REPAYMENT_LOAN, SETTLECASHFROMCASHIER_TELLER, READ_FAMILYMEMBERS, DISBURSE_LOAN, READ_COLLATERAL, RECOVERYPAYMENT_LOAN, READ_Loans Awaiting Disbursal(Pentaho), CREATE_TELLER, READ_CLIENTNOTE, READ_STAFFIMAGE, READ_EMAIL_CONFIGURATION, complete_pending_step, REPAYMENT_LOAN_CHECKER, READ_INTERQUOTE, READ_Active Loans Passed Final Maturity Summary, READ_MEETING, READ_Loan payments due - Email, READ_SCHEDULER, READ_Loan Payments Received (Overdue Loans) - Email, READ_BUSINESS_DATE, READ_REPORTMAILINGJOB, SETTLECASHFROMCASHIER_TELLER_CHECKER, READ_OFFICE, READ_Active Group Leaders - Email, READ_JOURNALENTRY, READ_FUND, READ_Active Loans by Disbursal Period(Pentaho), READ_FIXEDDEPOSITACCOUNT, DELETE_EMAIL_CHECKER, PAY_CLIENTCHARGE, READ_Loans disbursed to clients - Email, READ_INTERTRANSFER, VIEW_CASHIER_SESSIONS, READ_Aging Detail, start_pending_flow, READ_Loans Awaiting Disbursal Summary, ALLOCATECASHTOCASHIER_TELLER_CHECKER, READ_INTERREQUEST, UPDATE_CLIENTNOTE, READ_Disbursal Report, READ_ENTITY_DATATABLE_CHECK, READ_STAFF, UPDATE_CLIENTCHARGE, READ_ACCOUNTNUMBERFORMAT, READ_Loan Payments Received (Active Loans) - Email, READ_Active Loan Clients - Email, PAYOUTREFUND_LOAN, READ_DIVIDEND_SHAREPRODUCT, READ_Happy Birthday - Email, READ_Client Listing(Pentaho), UPDATE_GLACCOUNT, READ_CLIENT, READ_IMPORT, READ_TAXCOMPONENT, READ_Client Saving Transactions, READ_Loans Awaiting Disbursal Summary by Month(Pentaho), UPDATE_CONFIGURATION, READ_Loan Rejected - Email, READ_PRODUCTMIX, READ_Active Loans in last installment Summary(Pentaho), READ_Loan Payments Due (Overdue Loans) - Email, READ_ROLE, READ_Loan Account Schedule, PAY_CLIENTCHARGE_CHECKER, READ_Active Loans in last installment, READTRANSACTION_CLIENT, DELETECASHIERALLOCATION_TELLER_CHECKER, READ_SAVINGSACCOUNT, CREATE_RESCHEDULELOAN, READ_Active Loans in last installment(Pentaho), READ_Loans Pending Approval(Pentaho), REVERSE_JOURNALENTRY, READ_Written-Off Loans, READ_DELINQUENCY_BUCKET, READ_Active Loans Passed Final Maturity(Pentaho), READ_LOANPRODUCT, REFUNDBYCASH_LOAN, DEFINEOPENINGBALANCE_JOURNALENTRY, update_pending_step, READ_Client Loan Account Schedule, READ_Loans in arrears - Email, READ_RESCHEDULELOAN, READ_DELINQUENCY_TAGS, READ_CACHE, PAY_SAVINGSACCOUNTCHARGE, DISBURSALUNDO_LOAN, READ_OFFICETRANSACTION, READ_PASSWORD_PREFERENCES, DELETE_TELLER_CHECKER, ALLOCATECASHIER_TELLER, create_pending_flow_blueprint, READ_FIXEDDEPOSITPRODUCT, ALLOCATECASHIER_TELLER_CHECKER, READ_WORKINGDAYS, READ_Active Clients - Email, READ_CODE, READ_Active Loan Summary per Branch, READ_RATE, CREATE_TELLER_CHECKER, READ_Loans Outstanding after final instalment date - Email, READ_Active Loans - Summary, READ_ADDRESS, READ_CONFIGURATION, UPDATE_CLIENT, READ_Client Loans Listing, READ_CODEVALUE, UPDATE_TELLER_CHECKER, READ_FLOATINGRATE, UPDATECASHIERALLOCATION_TELLER_CHECKER, DELETECASHIERALLOCATION_TELLER, READ_REPORT, READ_Loan Approved - Email, READ_Active Loans - Summary(Pentaho), READ_CLIENTCHARGE, view_pendientes, READ_Active Loans Passed Final Maturity]]
[2m2026-02-17 11:22:19.787[0;39m [32m-DEBUG[0;39m [35m88555[0;39m [32m[0;39m [        default] [2m---[0;39m [2m[nio-8443-exec-3][0;39m [36mo.a.f.i.c.filters.RequestResponseFilter [0;39m [2m:[0;39m Received request: [GET], [/fineract-provider/api/v1/comite-otorgamiento/13/approved-loans-disbursement-sum]
[2m2026-02-17 11:22:19.872[0;39m [32m-DEBUG[0;39m [35m88555[0;39m [32m[0;39m [        default] [2m---[0;39m [2m[nio-8443-exec-3][0;39m [36m.a.f.i.c.p.ExtendedJpaTransactionManager[0;39m [2m:[0;39m Creating new transaction with name [org.springframework.data.jpa.repository.support.SimpleJpaRepository.findById]: PROPAGATION_REQUIRED,ISOLATION_DEFAULT,readOnly
[2m2026-02-17 11:22:19.872[0;39m [32m-DEBUG[0;39m [35m88555[0;39m [32m[0;39m [        default] [2m---[0;39m [2m[nio-8443-exec-3][0;39m [36m.a.f.i.c.p.ExtendedJpaTransactionManager[0;39m [2m:[0;39m Opened new EntityManager [org.eclipse.persistence.internal.jpa.EntityManagerImpl@57791eea] for JPA transaction
[2m2026-02-17 11:22:19.872[0;39m [32m-DEBUG[0;39m [35m88555[0;39m [32m[0;39m [        default] [2m---[0;39m [2m[nio-8443-exec-3][0;39m [36m.a.f.i.c.p.ExtendedJpaTransactionManager[0;39m [2m:[0;39m Exposing JPA transaction as JDBC [org.springframework.orm.jpa.vendor.EclipseLinkJpaDialect$EclipseLinkConnectionHandle@2f97a01f]
[2m2026-02-17 11:22:19.908[0;39m [32m-DEBUG[0;39m [35m88555[0;39m [32m[0;39m [        default] [2m---[0;39m [2m[nio-8443-exec-3][0;39m [36m.a.f.i.c.p.ExtendedJpaTransactionManager[0;39m [2m:[0;39m Initiating transaction commit
[2m2026-02-17 11:22:19.908[0;39m [32m-DEBUG[0;39m [35m88555[0;39m [32m[0;39m [        default] [2m---[0;39m [2m[nio-8443-exec-3][0;39m [36m.a.f.i.c.p.ExtendedJpaTransactionManager[0;39m [2m:[0;39m Committing JPA transaction on EntityManager [org.eclipse.persistence.internal.jpa.EntityManagerImpl@57791eea]
[2m2026-02-17 11:22:19.908[0;39m [32m-DEBUG[0;39m [35m88555[0;39m [32m[0;39m [        default] [2m---[0;39m [2m[nio-8443-exec-3][0;39m [36m.a.f.i.c.p.ExtendedJpaTransactionManager[0;39m [2m:[0;39m Closing JPA EntityManager [org.eclipse.persistence.internal.jpa.EntityManagerImpl@57791eea] after transaction
[2m2026-02-17 11:22:19.910[0;39m [32m-DEBUG[0;39m [35m88555[0;39m [32m[0;39m [        default] [2m---[0;39m [2m[nio-8443-exec-3][0;39m [36mo.a.f.i.c.filters.RequestResponseFilter [0;39m [2m:[0;39m Sent response: [200] for [GET], [/fineract-provider/api/v1/comite-otorgamiento/13/approved-loans-disbursement-sum]
[2m2026-02-17 11:22:19.910[0;39m [32m-DEBUG[0;39m [35m88555[0;39m [32m[0;39m [      no-tenant] [2m---[0;39m [2m[nio-8443-exec-3][0;39m [36ms.f.TenantAwareBasicAuthenticationFilter[0;39m [2m:[0;39m {"startTime":1771348939679,"totalTime":230,"method":"GET","url":"https://localhost:8443/fineract-provider/api/v1/comite-otorgamiento/13/approved-loans-disbursement-sum","parameters":{"officeId":["1"]}}
[2m2026-02-17 11:22:26.564[0;39m [32m-DEBUG[0;39m [35m88555[0;39m [32m[0;39m [      no-tenant] [2m---[0;39m [2m[nio-8443-exec-5][0;39m [36ms.f.TenantAwareBasicAuthenticationFilter[0;39m [2m:[0;39m {"startTime":1771348946562,"totalTime":2,"method":"OPTIONS","url":"https://localhost:8443/fineract-provider/api/v1/pending-flow-blueprints/1","parameters":{}}
[2m2026-02-17 11:22:26.683[0;39m [32m-DEBUG[0;39m [35m88555[0;39m [32m[0;39m [        default] [2m---[0;39m [2m[nio-8443-exec-4][0;39m [36ms.f.TenantAwareBasicAuthenticationFilter[0;39m [2m:[0;39m Set SecurityContextHolder to UsernamePasswordAuthenticationToken [Principal=AppUser [username=robert.caja1, getId()=12], Credentials=[PROTECTED], Authenticated=true, Details=WebAuthenticationDetails [RemoteIpAddress=0:0:0:0:0:0:0:1, SessionId=null], Granted Authorities=[READ_Loans Awaiting Disbursal Summary by Month(Pentaho), create_pending_flow_blueprint, READ_CONFIGURATION, READ_SSBENEFICIARYTPT, READ_CODE, READ_CLIENTCHARGE, UPDATE_TELLER_CHECKER, READ_TAXCOMPONENT, READ_STAFF, READ_DIVIDEND_SHAREPRODUCT, DISBURSALUNDO_LOAN, READ_ACCOUNTNUMBERFORMAT, READ_ENTITY_DATATABLE_CHECK, PAY_SAVINGSACCOUNTCHARGE_CHECKER, READ_Written-Off Loans(Pentaho), READ_CACHE, UPDATE_CONFIGURATION, READ_Aging Detail, READ_FLOATINGRATE, READ_RECURRINGDEPOSITPRODUCT, READ_CLIENTIDENTIFIER, READ_FINANCIALACTIVITYACCOUNT, PAY_LOANCHARGE, DELETECASHIERALLOCATION_TELLER, READ_INTERREQUEST, UPDATE_TELLER, READ_Active Loans Passed Final Maturity, READ_EMAIL_CONFIGURATION, READ_FUND, READ_PRODUCTMIX, READ_Client Savings Summary, READ_ADDRESS, READ_CLIENTIMAGE, READ_Disbursal_Vs_Awaitingdisbursal, READTRANSACTION_CLIENT, READ_PERMISSION, READ_LOANNOTE, READ_SCHEDULER, CREATE_RESCHEDULELOAN, READ_Active Loans in last installment, READ_Disbursal Report, READ_Loan payments due - Email, complete_pending_step, READ_Loan Payments Due (Overdue Loans) - Email, READ_Active Clients - Email, READ_BUSINESS_DATE, READ_Client Loans Listing, READ_INTERID, READ_Active Loans in last installment Summary, READ_SAVINGNOTE, READ_OFFICE, CREATE_TELLER, READ_Loan Approved - Email, READ_Loans Awaiting Disbursal Summary, DISBURSE_LOAN, READ_TAXGROUP, READ_Loans Awaiting Disbursal Summary by Month, READ_FIXEDDEPOSITPRODUCT, DELETE_TELLER, READ_REPORTMAILINGJOB, REPAYMENT_LOAN_CHECKER, REVERSE_JOURNALENTRY, RECOVERYPAYMENT_LOAN, DELETECASHIERALLOCATION_TELLER_CHECKER, READ_Loans Awaiting Disbursal, SETTLECASHFROMCASHIER_TELLER, READ_Loans Outstanding after final instalment date - Email, READ_AUDIT, READ_Active Loans - Details, READ_Happy Birthday - Email, READ_Active Loan Summary per Branch, READ_STANDINGINSTRUCTION , UPDATE_HOOK, PAY_CLIENTCHARGE, ALLOCATECASHTOCASHIER_TELLER, READ_Active Group Leaders - Email, DISBURSALLASTUNDO_LOAN, READ_GUARANTOR, READ_RECURRINGDEPOSITACCOUNT, READ_GLCLOSURE, READ_PASSWORD_PREFERENCES, READ_SMS, start_pending_flow, READ_HOLIDAY, DELETE_TELLER_CHECKER, READ_TEMPLATE, WITHDRAW_CLIENT, UPDATE_CALENDAR, READ_GLACCOUNT, UPDATECASHIERALLOCATION_TELLER, READ_Client Listing, READ_Active Loans Passed Final Maturity Summary(Pentaho), READ_Rescheduled Loans, READ_Loan Payments Received (Overdue Loans) - Email, UPDATEOPENINGBALANCE_JOURNALENTRY, CREATE_CLIENTIMAGE, update_pending_flow_blueprint, READ_Loan Rejected - Email, DEFINEOPENINGBALANCE_JOURNALENTRY, UPDATE_CLIENT, READ_Client Saving Transactions, READ_STAFFIMAGE, READ_ACCOUNTINGRULE, READ_Loan Fully Repaid - Email, DEFINEOPENINGBALANCE_JOURNALENTRY_CHECKER, READ_HOOK, READ_DELINQUENCY_TAGS, READ_CLIENT, CREATE_TELLER_CHECKER, READ_ROLE, PAYOUTREFUND_LOAN, READ_ChildrenStaffList, READ_Loan Payments Received (Active Loans) - Email, UPDATECASHIERALLOCATION_TELLER_CHECKER, READ_ClientSummary , UPDATE_DOCUMENT, READ_Client Loans Listing(Pentaho), READ_LOANPRODUCT, READ_Loan Repayment - Email, READ_USER, READ_CODEVALUE, DISBURSETOSAVINGS_LOAN, READ_Active Loans in last installment(Pentaho), READ_Active Loans - Summary(Pentaho), CREATE_JOURNALENTRY, READ_CHARGE, READ_DATATABLE, READ_SAVINGSACCOUNT, PAY_CLIENTCHARGE_CHECKER, CREATE_CASHIER_SESSIONS, READ_DOCUMENT, READ_Active Loans by Disbursal Period(Pentaho), READ_Client Listing(Pentaho), VIEW_CASHIER_SESSIONS, ALLOCATECASHIER_TELLER_CHECKER, READ_OFFICETRANSACTION, READ_Loans Pending Approval, REFUNDBYCASH_LOAN, READ_Loans in arrears - Email, READ_INTERQUOTE, READ_EMAIL_CAMPAIGN, READ_Active Loans by Disbursal Period, READ_Active Loans Passed Final Maturity Summary, READ_Loan Account Schedule, PAY_SAVINGSACCOUNTCHARGE, UPDATE_GLACCOUNT, READ_Loans disbursed to clients - Email, view_pendientes, READ_SMSCAMPAIGN, READ_RESCHEDULELOAN, SETTLECASHFROMCASHIER_TELLER_CHECKER, READ_SAVINGSPRODUCT, READ_JOURNALENTRY, READ_SAVINGSACCOUNTCHARGE, READ_FIXEDDEPOSITACCOUNT, READ_IMPORT, READ_Loans Awaiting Disbursal(Pentaho), READ_Income Statement, UPDATE_ROLE, READ_Loans Pending Approval(Pentaho), READ_CURRENCY, READ_REPORT, READ_INTERTRANSFER, READ_RATE, READ_WORKINGDAYS, READ_CALENDAR, REPAYMENT_LOAN, READ_MEETING, READ_EMAIL, UPDATE_CLIENTNOTE, READ_FAMILYMEMBERS, UPDATE_GLCLOSURE, READ_Active Loans - Summary, ALLOCATECASHTOCASHIER_TELLER_CHECKER, READ_Client Loan Account Schedule, ALLOCATECASHIER_TELLER, READ_DELINQUENCY_BUCKET, READ_Savings Transactions, READ_Active Loans in last installment Summary(Pentaho), READ_Loans Awaiting Disbursal Summary(Pentaho), DELETE_EMAIL_CHECKER, reports_visibility, update_pending_step, READ_Active Loans Passed Final Maturity(Pentaho), READ_Active Loan Clients - Email, READ_ACCOUNTTRANSFER, READ_Written-Off Loans, UPDATE_CLIENTCHARGE, UPDATE_REPORT, READ_COLLATERAL, READ_CLIENTNOTE, CREATE_INTERID]]
[2m2026-02-17 11:22:26.684[0;39m [32m-DEBUG[0;39m [35m88555[0;39m [32m[0;39m [        default] [2m---[0;39m [2m[nio-8443-exec-4][0;39m [36mo.a.f.i.c.filters.RequestResponseFilter [0;39m [2m:[0;39m Received request: [GET], [/fineract-provider/api/v1/pending-flow-blueprints/1]
[2m2026-02-17 11:22:26.691[0;39m [32m-DEBUG[0;39m [35m88555[0;39m [32m[0;39m [        default] [2m---[0;39m [2m[nio-8443-exec-4][0;39m [36m.a.f.i.c.p.ExtendedJpaTransactionManager[0;39m [2m:[0;39m Creating new transaction with name [org.springframework.data.jpa.repository.support.SimpleJpaRepository.findById]: PROPAGATION_REQUIRED,ISOLATION_DEFAULT,readOnly
[2m2026-02-17 11:22:26.691[0;39m [32m-DEBUG[0;39m [35m88555[0;39m [32m[0;39m [        default] [2m---[0;39m [2m[nio-8443-exec-4][0;39m [36m.a.f.i.c.p.ExtendedJpaTransactionManager[0;39m [2m:[0;39m Opened new EntityManager [org.eclipse.persistence.internal.jpa.EntityManagerImpl@6670d5f] for JPA transaction
[2m2026-02-17 11:22:26.691[0;39m [32m-DEBUG[0;39m [35m88555[0;39m [32m[0;39m [        default] [2m---[0;39m [2m[nio-8443-exec-4][0;39m [36m.a.f.i.c.p.ExtendedJpaTransactionManager[0;39m [2m:[0;39m Exposing JPA transaction as JDBC [org.springframework.orm.jpa.vendor.EclipseLinkJpaDialect$EclipseLinkConnectionHandle@306499cf]
[2m2026-02-17 11:22:26.692[0;39m [32m-DEBUG[0;39m [35m88555[0;39m [32m[0;39m [        default] [2m---[0;39m [2m[nio-8443-exec-4][0;39m [36m.a.f.i.c.p.ExtendedJpaTransactionManager[0;39m [2m:[0;39m Initiating transaction commit
[2m2026-02-17 11:22:26.692[0;39m [32m-DEBUG[0;39m [35m88555[0;39m [32m[0;39m [        default] [2m---[0;39m [2m[nio-8443-exec-4][0;39m [36m.a.f.i.c.p.ExtendedJpaTransactionManager[0;39m [2m:[0;39m Committing JPA transaction on EntityManager [org.eclipse.persistence.internal.jpa.EntityManagerImpl@6670d5f]
[2m2026-02-17 11:22:26.693[0;39m [32m-DEBUG[0;39m [35m88555[0;39m [32m[0;39m [        default] [2m---[0;39m [2m[nio-8443-exec-4][0;39m [36m.a.f.i.c.p.ExtendedJpaTransactionManager[0;39m [2m:[0;39m Closing JPA EntityManager [org.eclipse.persistence.internal.jpa.EntityManagerImpl@6670d5f] after transaction
[2m2026-02-17 11:22:26.694[0;39m [32m-DEBUG[0;39m [35m88555[0;39m [32m[0;39m [        default] [2m---[0;39m [2m[nio-8443-exec-4][0;39m [36mo.a.f.i.c.filters.RequestResponseFilter [0;39m [2m:[0;39m Sent response: [200] for [GET], [/fineract-provider/api/v1/pending-flow-blueprints/1]
[2m2026-02-17 11:22:26.694[0;39m [32m-DEBUG[0;39m [35m88555[0;39m [32m[0;39m [      no-tenant] [2m---[0;39m [2m[nio-8443-exec-4][0;39m [36ms.f.TenantAwareBasicAuthenticationFilter[0;39m [2m:[0;39m {"startTime":1771348946568,"totalTime":126,"method":"GET","url":"https://localhost:8443/fineract-provider/api/v1/pending-flow-blueprints/1","parameters":{}}
[2m2026-02-17 11:22:26.700[0;39m [32m-DEBUG[0;39m [35m88555[0;39m [32m[0;39m [      no-tenant] [2m---[0;39m [2m[nio-8443-exec-7][0;39m [36ms.f.TenantAwareBasicAuthenticationFilter[0;39m [2m:[0;39m {"startTime":1771348946700,"totalTime":0,"method":"OPTIONS","url":"https://localhost:8443/fineract-provider/api/v1/pending-steps/7","parameters":{"command":["complete"]}}
[2m2026-02-17 11:22:26.801[0;39m [32m-DEBUG[0;39m [35m88555[0;39m [32m[0;39m [        default] [2m---[0;39m [2m[io-8443-exec-10][0;39m [36ms.f.TenantAwareBasicAuthenticationFilter[0;39m [2m:[0;39m Set SecurityContextHolder to UsernamePasswordAuthenticationToken [Principal=AppUser [username=robert.caja1, getId()=12], Credentials=[PROTECTED], Authenticated=true, Details=WebAuthenticationDetails [RemoteIpAddress=0:0:0:0:0:0:0:1, SessionId=null], Granted Authorities=[READ_GUARANTOR, READ_CLIENT, READ_INTERREQUEST, READ_Disbursal_Vs_Awaitingdisbursal, REPAYMENT_LOAN, READ_Aging Detail, READ_ACCOUNTTRANSFER, READ_Loans Awaiting Disbursal Summary(Pentaho), READ_Active Loans in last installment(Pentaho), ALLOCATECASHIER_TELLER_CHECKER, READ_INTERTRANSFER, DISBURSALUNDO_LOAN, PAY_SAVINGSACCOUNTCHARGE, create_pending_flow_blueprint, READ_RECURRINGDEPOSITPRODUCT, UPDATE_CLIENTCHARGE, CREATE_INTERID, READ_CHARGE, READ_Client Listing(Pentaho), READ_CACHE, READ_FIXEDDEPOSITPRODUCT, READ_Loan payments due - Email, READ_STANDINGINSTRUCTION , READ_DELINQUENCY_BUCKET, READ_REPORTMAILINGJOB, READ_ClientSummary , DISBURSE_LOAN, READ_EMAIL_CAMPAIGN, READ_RECURRINGDEPOSITACCOUNT, DISBURSALLASTUNDO_LOAN, READ_LOANPRODUCT, READ_Active Loans in last installment, UPDATE_CLIENT, UPDATE_GLCLOSURE, READ_Active Loans by Disbursal Period, READ_FUND, READ_DATATABLE, READ_Active Loans - Details, READ_ChildrenStaffList, READ_Savings Transactions, READ_FAMILYMEMBERS, READ_TEMPLATE, READ_Loan Payments Received (Active Loans) - Email, READ_Loans Pending Approval(Pentaho), CREATE_TELLER, PAY_CLIENTCHARGE_CHECKER, READ_USER, UPDATE_REPORT, READ_RESCHEDULELOAN, PAY_LOANCHARGE, REPAYMENT_LOAN_CHECKER, READ_WORKINGDAYS, READ_OFFICE, READ_TAXCOMPONENT, READ_Active Loans Passed Final Maturity Summary(Pentaho), READ_Active Loans in last installment Summary(Pentaho), READ_Client Loans Listing(Pentaho), CREATE_TELLER_CHECKER, READ_STAFF, READ_PASSWORD_PREFERENCES, ALLOCATECASHTOCASHIER_TELLER, UPDATE_CLIENTNOTE, READ_JOURNALENTRY, UPDATE_CALENDAR, CREATE_JOURNALENTRY, READ_Loans Awaiting Disbursal(Pentaho), READ_Loans Outstanding after final instalment date - Email, WITHDRAW_CLIENT, READ_MEETING, PAY_SAVINGSACCOUNTCHARGE_CHECKER, READ_Client Loans Listing, READ_Loan Account Schedule, SETTLECASHFROMCASHIER_TELLER_CHECKER, DEFINEOPENINGBALANCE_JOURNALENTRY, VIEW_CASHIER_SESSIONS, READ_Active Group Leaders - Email, READ_GLACCOUNT, update_pending_step, READ_Happy Birthday - Email, READ_Loans Pending Approval, DELETE_EMAIL_CHECKER, READ_ACCOUNTNUMBERFORMAT, READ_EMAIL_CONFIGURATION, READ_CLIENTNOTE, DELETE_TELLER, READ_Active Loans Passed Final Maturity, READ_Disbursal Report, READ_SAVINGNOTE, READ_Loans in arrears - Email, READ_CLIENTIDENTIFIER, READ_CURRENCY, READ_OFFICETRANSACTION, READ_STAFFIMAGE, DELETECASHIERALLOCATION_TELLER_CHECKER, READ_SAVINGSACCOUNTCHARGE, UPDATE_TELLER, READ_Loan Rejected - Email, CREATE_CLIENTIMAGE, CREATE_RESCHEDULELOAN, READ_CODEVALUE, READ_SAVINGSACCOUNT, DELETECASHIERALLOCATION_TELLER, UPDATECASHIERALLOCATION_TELLER, DELETE_TELLER_CHECKER, UPDATEOPENINGBALANCE_JOURNALENTRY, READ_Rescheduled Loans, READ_Income Statement, READ_ADDRESS, ALLOCATECASHTOCASHIER_TELLER_CHECKER, view_pendientes, READ_FLOATINGRATE, READ_EMAIL, REVERSE_JOURNALENTRY, READ_BUSINESS_DATE, READ_AUDIT, UPDATE_ROLE, READ_ACCOUNTINGRULE, READ_SSBENEFICIARYTPT, READTRANSACTION_CLIENT, READ_Client Listing, READ_Loan Repayment - Email, READ_SMSCAMPAIGN, READ_Loan Payments Received (Overdue Loans) - Email, READ_Active Loans in last installment Summary, READ_Written-Off Loans, READ_Loan Fully Repaid - Email, READ_INTERID, SETTLECASHFROMCASHIER_TELLER, READ_Active Clients - Email, READ_Active Loans Passed Final Maturity Summary, READ_Written-Off Loans(Pentaho), READ_Active Loan Summary per Branch, READ_ROLE, READ_COLLATERAL, READ_Loan Approved - Email, READ_CLIENTCHARGE, REFUNDBYCASH_LOAN, CREATE_CASHIER_SESSIONS, READ_TAXGROUP, update_pending_flow_blueprint, READ_SCHEDULER, READ_Loans disbursed to clients - Email, UPDATECASHIERALLOCATION_TELLER_CHECKER, UPDATE_HOOK, READ_SMS, READ_FINANCIALACTIVITYACCOUNT, READ_Active Loans - Summary(Pentaho), READ_DOCUMENT, UPDATE_GLACCOUNT, READ_HOOK, ALLOCATECASHIER_TELLER, READ_CODE, READ_DIVIDEND_SHAREPRODUCT, READ_Loans Awaiting Disbursal, READ_Client Saving Transactions, READ_PERMISSION, PAYOUTREFUND_LOAN, READ_FIXEDDEPOSITACCOUNT, DISBURSETOSAVINGS_LOAN, READ_Active Loan Clients - Email, READ_Active Loans - Summary, READ_Loans Awaiting Disbursal Summary, start_pending_flow, RECOVERYPAYMENT_LOAN, READ_Client Savings Summary, READ_CLIENTIMAGE, UPDATE_DOCUMENT, READ_GLCLOSURE, READ_Client Loan Account Schedule, READ_ENTITY_DATATABLE_CHECK, UPDATE_TELLER_CHECKER, READ_PRODUCTMIX, READ_REPORT, READ_Active Loans by Disbursal Period(Pentaho), READ_Loans Awaiting Disbursal Summary by Month(Pentaho), READ_DELINQUENCY_TAGS, READ_CALENDAR, READ_HOLIDAY, PAY_CLIENTCHARGE, READ_Loan Payments Due (Overdue Loans) - Email, complete_pending_step, DEFINEOPENINGBALANCE_JOURNALENTRY_CHECKER, READ_Loans Awaiting Disbursal Summary by Month, READ_IMPORT, READ_INTERQUOTE, READ_CONFIGURATION, UPDATE_CONFIGURATION, READ_Active Loans Passed Final Maturity(Pentaho), READ_RATE, READ_SAVINGSPRODUCT, READ_LOANNOTE, reports_visibility]]
[2m2026-02-17 11:22:26.801[0;39m [32m-DEBUG[0;39m [35m88555[0;39m [32m[0;39m [        default] [2m---[0;39m [2m[io-8443-exec-10][0;39m [36mo.a.f.i.c.filters.RequestResponseFilter [0;39m [2m:[0;39m Received request: [POST], [/fineract-provider/api/v1/pending-steps/7]
[2m2026-02-17 11:22:26.807[0;39m [32m-DEBUG[0;39m [35m88555[0;39m [32m[0;39m [        default] [2m---[0;39m [2m[io-8443-exec-10][0;39m [36m.a.f.i.c.p.ExtendedJpaTransactionManager[0;39m [2m:[0;39m Creating new transaction with name [org.apache.fineract.portfolio.pendiente.service.PendingStepWritePlatformServiceImpl.complete]: PROPAGATION_REQUIRED,ISOLATION_DEFAULT
[2m2026-02-17 11:22:26.808[0;39m [32m-DEBUG[0;39m [35m88555[0;39m [32m[0;39m [        default] [2m---[0;39m [2m[io-8443-exec-10][0;39m [36m.a.f.i.c.p.ExtendedJpaTransactionManager[0;39m [2m:[0;39m Opened new EntityManager [org.eclipse.persistence.internal.jpa.EntityManagerImpl@9209321] for JPA transaction
[2m2026-02-17 11:22:26.808[0;39m [32m-DEBUG[0;39m [35m88555[0;39m [32m[0;39m [        default] [2m---[0;39m [2m[io-8443-exec-10][0;39m [36m.a.f.i.c.p.ExtendedJpaTransactionManager[0;39m [2m:[0;39m Exposing JPA transaction as JDBC [org.springframework.orm.jpa.vendor.EclipseLinkJpaDialect$EclipseLinkConnectionHandle@9177405]
[2m2026-02-17 11:22:26.809[0;39m [32m-DEBUG[0;39m [35m88555[0;39m [32m[0;39m [        default] [2m---[0;39m [2m[io-8443-exec-10][0;39m [36m.a.f.i.c.p.ExtendedJpaTransactionManager[0;39m [2m:[0;39m Found thread-bound EntityManager [org.eclipse.persistence.internal.jpa.EntityManagerImpl@9209321] for JPA transaction
[2m2026-02-17 11:22:26.809[0;39m [32m-DEBUG[0;39m [35m88555[0;39m [32m[0;39m [        default] [2m---[0;39m [2m[io-8443-exec-10][0;39m [36m.a.f.i.c.p.ExtendedJpaTransactionManager[0;39m [2m:[0;39m Participating in existing transaction
[2m2026-02-17 11:22:26.827[0;39m [32m-DEBUG[0;39m [35m88555[0;39m [32m[0;39m [        default] [2m---[0;39m [2m[io-8443-exec-10][0;39m [36m.a.f.i.c.p.ExtendedJpaTransactionManager[0;39m [2m:[0;39m Found thread-bound EntityManager [org.eclipse.persistence.internal.jpa.EntityManagerImpl@9209321] for JPA transaction
[2m2026-02-17 11:22:26.827[0;39m [32m-DEBUG[0;39m [35m88555[0;39m [32m[0;39m [        default] [2m---[0;39m [2m[io-8443-exec-10][0;39m [36m.a.f.i.c.p.ExtendedJpaTransactionManager[0;39m [2m:[0;39m Participating in existing transaction
[2m2026-02-17 11:22:26.851[0;39m [32m-DEBUG[0;39m [35m88555[0;39m [32m[0;39m [        default] [2m---[0;39m [2m[io-8443-exec-10][0;39m [36m.a.f.i.c.p.ExtendedJpaTransactionManager[0;39m [2m:[0;39m Found thread-bound EntityManager [org.eclipse.persistence.internal.jpa.EntityManagerImpl@9209321] for JPA transaction
[2m2026-02-17 11:22:26.851[0;39m [32m-DEBUG[0;39m [35m88555[0;39m [32m[0;39m [        default] [2m---[0;39m [2m[io-8443-exec-10][0;39m [36m.a.f.i.c.p.ExtendedJpaTransactionManager[0;39m [2m:[0;39m Participating in existing transaction
[2m2026-02-17 11:22:26.855[0;39m [32m-DEBUG[0;39m [35m88555[0;39m [32m[0;39m [        default] [2m---[0;39m [2m[io-8443-exec-10][0;39m [36m.a.f.i.c.p.ExtendedJpaTransactionManager[0;39m [2m:[0;39m Found thread-bound EntityManager [org.eclipse.persistence.internal.jpa.EntityManagerImpl@9209321] for JPA transaction
[2m2026-02-17 11:22:26.855[0;39m [32m-DEBUG[0;39m [35m88555[0;39m [32m[0;39m [        default] [2m---[0;39m [2m[io-8443-exec-10][0;39m [36m.a.f.i.c.p.ExtendedJpaTransactionManager[0;39m [2m:[0;39m Participating in existing transaction
[2m2026-02-17 11:22:26.860[0;39m [32m-DEBUG[0;39m [35m88555[0;39m [32m[0;39m [        default] [2m---[0;39m [2m[io-8443-exec-10][0;39m [36m.a.f.i.c.p.ExtendedJpaTransactionManager[0;39m [2m:[0;39m Found thread-bound EntityManager [org.eclipse.persistence.internal.jpa.EntityManagerImpl@9209321] for JPA transaction
[2m2026-02-17 11:22:26.860[0;39m [32m-DEBUG[0;39m [35m88555[0;39m [32m[0;39m [        default] [2m---[0;39m [2m[io-8443-exec-10][0;39m [36m.a.f.i.c.p.ExtendedJpaTransactionManager[0;39m [2m:[0;39m Participating in existing transaction
[2m2026-02-17 11:22:26.860[0;39m [32m-DEBUG[0;39m [35m88555[0;39m [32m[0;39m [        default] [2m---[0;39m [2m[io-8443-exec-10][0;39m [36m.a.f.i.c.p.ExtendedJpaTransactionManager[0;39m [2m:[0;39m Found thread-bound EntityManager [org.eclipse.persistence.internal.jpa.EntityManagerImpl@9209321] for JPA transaction
[2m2026-02-17 11:22:26.860[0;39m [32m-DEBUG[0;39m [35m88555[0;39m [32m[0;39m [        default] [2m---[0;39m [2m[io-8443-exec-10][0;39m [36m.a.f.i.c.p.ExtendedJpaTransactionManager[0;39m [2m:[0;39m Participating in existing transaction
[2m2026-02-17 11:22:26.905[0;39m [32m-DEBUG[0;39m [35m88555[0;39m [32m[0;39m [        default] [2m---[0;39m [2m[io-8443-exec-10][0;39m [36m.a.f.i.c.p.ExtendedJpaTransactionManager[0;39m [2m:[0;39m Found thread-bound EntityManager [org.eclipse.persistence.internal.jpa.EntityManagerImpl@9209321] for JPA transaction
[2m2026-02-17 11:22:26.905[0;39m [32m-DEBUG[0;39m [35m88555[0;39m [32m[0;39m [        default] [2m---[0;39m [2m[io-8443-exec-10][0;39m [36m.a.f.i.c.p.ExtendedJpaTransactionManager[0;39m [2m:[0;39m Participating in existing transaction
[2m2026-02-17 11:22:26.940[0;39m [32m-DEBUG[0;39m [35m88555[0;39m [32m[0;39m [        default] [2m---[0;39m [2m[io-8443-exec-10][0;39m [36m.a.f.i.c.p.ExtendedJpaTransactionManager[0;39m [2m:[0;39m Found thread-bound EntityManager [org.eclipse.persistence.internal.jpa.EntityManagerImpl@9209321] for JPA transaction
[2m2026-02-17 11:22:26.940[0;39m [32m-DEBUG[0;39m [35m88555[0;39m [32m[0;39m [        default] [2m---[0;39m [2m[io-8443-exec-10][0;39m [36m.a.f.i.c.p.ExtendedJpaTransactionManager[0;39m [2m:[0;39m Participating in existing transaction
[2m2026-02-17 11:22:26.971[0;39m [32m-DEBUG[0;39m [35m88555[0;39m [32m[0;39m [        default] [2m---[0;39m [2m[io-8443-exec-10][0;39m [36m.f.i.c.p.c.JsonbStringAttributeConverter[0;39m [2m:[0;39m [JsonbStringAttributeConverter] convertToDatabaseColumn: sending as JSONB, value=null
[2m2026-02-17 11:22:26.983[0;39m [32m-DEBUG[0;39m [35m88555[0;39m [32m[0;39m [        default] [2m---[0;39m [2m[io-8443-exec-10][0;39m [36m.a.f.i.c.p.ExtendedJpaTransactionManager[0;39m [2m:[0;39m Found thread-bound EntityManager [org.eclipse.persistence.internal.jpa.EntityManagerImpl@9209321] for JPA transaction
[2m2026-02-17 11:22:26.983[0;39m [32m-DEBUG[0;39m [35m88555[0;39m [32m[0;39m [        default] [2m---[0;39m [2m[io-8443-exec-10][0;39m [36m.a.f.i.c.p.ExtendedJpaTransactionManager[0;39m [2m:[0;39m Participating in existing transaction
[2m2026-02-17 11:22:26.985[0;39m [32m-DEBUG[0;39m [35m88555[0;39m [32m[0;39m [        default] [2m---[0;39m [2m[io-8443-exec-10][0;39m [36m.f.i.c.p.c.JsonbStringAttributeConverter[0;39m [2m:[0;39m [JsonbStringAttributeConverter] convertToDatabaseColumn: sending as JSONB, value=null
[2m2026-02-17 11:22:26.986[0;39m [32m-DEBUG[0;39m [35m88555[0;39m [32m[0;39m [        default] [2m---[0;39m [2m[io-8443-exec-10][0;39m [36mf.a.a.AvailableAtCashierAccountingHelper[0;39m [2m:[0;39m AvailableAtCashier cashierCashReception: created entries for session 13 total=480.220000
[2m2026-02-17 11:22:26.986[0;39m [32m-DEBUG[0;39m [35m88555[0;39m [32m[0;39m [        default] [2m---[0;39m [2m[io-8443-exec-10][0;39m [36m.a.f.i.c.p.ExtendedJpaTransactionManager[0;39m [2m:[0;39m Found thread-bound EntityManager [org.eclipse.persistence.internal.jpa.EntityManagerImpl@9209321] for JPA transaction
[2m2026-02-17 11:22:26.986[0;39m [32m-DEBUG[0;39m [35m88555[0;39m [32m[0;39m [        default] [2m---[0;39m [2m[io-8443-exec-10][0;39m [36m.a.f.i.c.p.ExtendedJpaTransactionManager[0;39m [2m:[0;39m Participating in existing transaction
[2m2026-02-17 11:22:26.998[0;39m [32m-DEBUG[0;39m [35m88555[0;39m [32m[0;39m [        default] [2m---[0;39m [2m[io-8443-exec-10][0;39m [36m.a.f.i.c.p.ExtendedJpaTransactionManager[0;39m [2m:[0;39m Found thread-bound EntityManager [org.eclipse.persistence.internal.jpa.EntityManagerImpl@9209321] for JPA transaction
[2m2026-02-17 11:22:26.998[0;39m [32m-DEBUG[0;39m [35m88555[0;39m [32m[0;39m [        default] [2m---[0;39m [2m[io-8443-exec-10][0;39m [36m.a.f.i.c.p.ExtendedJpaTransactionManager[0;39m [2m:[0;39m Participating in existing transaction
[2m2026-02-17 11:22:27.000[0;39m [32m-DEBUG[0;39m [35m88555[0;39m [32m[0;39m [        default] [2m---[0;39m [2m[io-8443-exec-10][0;39m [36m.f.i.c.p.c.JsonbStringAttributeConverter[0;39m [2m:[0;39m [JsonbStringAttributeConverter] convertToDatabaseColumn: sending as JSONB, value=null
[2m2026-02-17 11:22:27.001[0;39m [32m-DEBUG[0;39m [35m88555[0;39m [32m[0;39m [        default] [2m---[0;39m [2m[io-8443-exec-10][0;39m [36m.a.f.i.c.p.ExtendedJpaTransactionManager[0;39m [2m:[0;39m Found thread-bound EntityManager [org.eclipse.persistence.internal.jpa.EntityManagerImpl@9209321] for JPA transaction
[2m2026-02-17 11:22:27.001[0;39m [32m-DEBUG[0;39m [35m88555[0;39m [32m[0;39m [        default] [2m---[0;39m [2m[io-8443-exec-10][0;39m [36m.a.f.i.c.p.ExtendedJpaTransactionManager[0;39m [2m:[0;39m Participating in existing transaction
[2m2026-02-17 11:22:27.003[0;39m [32m-DEBUG[0;39m [35m88555[0;39m [32m[0;39m [        default] [2m---[0;39m [2m[io-8443-exec-10][0;39m [36m.f.i.c.p.c.JsonbStringAttributeConverter[0;39m [2m:[0;39m [JsonbStringAttributeConverter] convertToDatabaseColumn: sending as JSONB, value=null
[2m2026-02-17 11:22:27.004[0;39m [32m-DEBUG[0;39m [35m88555[0;39m [32m[0;39m [        default] [2m---[0;39m [2m[io-8443-exec-10][0;39m [36mf.a.a.AvailableAtCashierAccountingHelper[0;39m [2m:[0;39m AvailableAtCashier disbursementPayableClearing: created entries for session 13 total=480.220000 loans=1
[2m2026-02-17 11:22:27.004[0;39m [32m-DEBUG[0;39m [35m88555[0;39m [32m[0;39m [        default] [2m---[0;39m [2m[io-8443-exec-10][0;39m [36m.a.f.i.c.p.ExtendedJpaTransactionManager[0;39m [2m:[0;39m Found thread-bound EntityManager [org.eclipse.persistence.internal.jpa.EntityManagerImpl@9209321] for JPA transaction
[2m2026-02-17 11:22:27.004[0;39m [32m-DEBUG[0;39m [35m88555[0;39m [32m[0;39m [        default] [2m---[0;39m [2m[io-8443-exec-10][0;39m [36m.a.f.i.c.p.ExtendedJpaTransactionManager[0;39m [2m:[0;39m Participating in existing transaction
[2m2026-02-17 11:22:27.005[0;39m [32m-DEBUG[0;39m [35m88555[0;39m [32m[0;39m [        default] [2m---[0;39m [2m[io-8443-exec-10][0;39m [36m.a.f.i.c.p.ExtendedJpaTransactionManager[0;39m [2m:[0;39m Initiating transaction commit
[2m2026-02-17 11:22:27.005[0;39m [32m-DEBUG[0;39m [35m88555[0;39m [32m[0;39m [        default] [2m---[0;39m [2m[io-8443-exec-10][0;39m [36m.a.f.i.c.p.ExtendedJpaTransactionManager[0;39m [2m:[0;39m Committing JPA transaction on EntityManager [org.eclipse.persistence.internal.jpa.EntityManagerImpl@9209321]
[2m2026-02-17 11:22:27.006[0;39m [32m-DEBUG[0;39m [35m88555[0;39m [32m[0;39m [        default] [2m---[0;39m [2m[io-8443-exec-10][0;39m [36m.a.f.i.c.p.ExtendedJpaTransactionManager[0;39m [2m:[0;39m Closing JPA EntityManager [org.eclipse.persistence.internal.jpa.EntityManagerImpl@9209321] after transaction
[2m2026-02-17 11:22:27.007[0;39m [32m-DEBUG[0;39m [35m88555[0;39m [32m[0;39m [        default] [2m---[0;39m [2m[io-8443-exec-10][0;39m [36mo.a.f.i.c.filters.RequestResponseFilter [0;39m [2m:[0;39m Sent response: [200] for [POST], [/fineract-provider/api/v1/pending-steps/7]
[2m2026-02-17 11:22:27.008[0;39m [32m-DEBUG[0;39m [35m88555[0;39m [32m[0;39m [      no-tenant] [2m---[0;39m [2m[io-8443-exec-10][0;39m [36ms.f.TenantAwareBasicAuthenticationFilter[0;39m [2m:[0;39m {"startTime":1771348946702,"totalTime":305,"method":"POST","url":"https://localhost:8443/fineract-provider/api/v1/pending-steps/7","parameters":{"command":["complete"]}}
[2m2026-02-17 11:22:32.336[0;39m [32m-DEBUG[0;39m [35m88555[0;39m [32m[0;39m [      no-tenant] [2m---[0;39m [2m[nio-8443-exec-9][0;39m [36ms.f.TenantAwareBasicAuthenticationFilter[0;39m [2m:[0;39m {"startTime":1771348952335,"totalTime":0,"method":"OPTIONS","url":"https://localhost:8443/fineract-provider/api/v1/notifications","parameters":{"isRead":["true"],"limit":["9"]}}
[2m2026-02-17 11:22:32.336[0;39m [32m-DEBUG[0;39m [35m88555[0;39m [32m[0;39m [      no-tenant] [2m---[0;39m [2m[nio-8443-exec-1][0;39m [36ms.f.TenantAwareBasicAuthenticationFilter[0;39m [2m:[0;39m {"startTime":1771348952335,"totalTime":0,"method":"OPTIONS","url":"https://localhost:8443/fineract-provider/api/v1/notifications","parameters":{"isRead":["false"],"limit":["9"]}}
[2m2026-02-17 11:22:32.348[0;39m [32m-DEBUG[0;39m [35m88555[0;39m [32m[0;39m [      no-tenant] [2m---[0;39m [2m[nio-8443-exec-6][0;39m [36ms.f.TenantAwareBasicAuthenticationFilter[0;39m [2m:[0;39m {"startTime":1771348952347,"totalTime":0,"method":"OPTIONS","url":"https://localhost:8443/fineract-provider/api/v1/configurations/name/enable-business-date","parameters":{}}
[2m2026-02-17 11:22:32.362[0;39m [32m-DEBUG[0;39m [35m88555[0;39m [32m[0;39m [      no-tenant] [2m---[0;39m [2m[nio-8443-exec-4][0;39m [36ms.f.TenantAwareBasicAuthenticationFilter[0;39m [2m:[0;39m {"startTime":1771348952361,"totalTime":0,"method":"OPTIONS","url":"https://localhost:8443/fineract-provider/api/v1/pending-flows/1","parameters":{"includeSteps":["true"]}}
[2m2026-02-17 11:22:32.550[0;39m [32m-DEBUG[0;39m [35m88555[0;39m [32m[0;39m [        default] [2m---[0;39m [2m[nio-8443-exec-3][0;39m [36ms.f.TenantAwareBasicAuthenticationFilter[0;39m [2m:[0;39m Set SecurityContextHolder to UsernamePasswordAuthenticationToken [Principal=AppUser [username=robert.caja1, getId()=12], Credentials=[PROTECTED], Authenticated=true, Details=WebAuthenticationDetails [RemoteIpAddress=0:0:0:0:0:0:0:1, SessionId=null], Granted Authorities=[READ_STAFFIMAGE, READ_REPORTMAILINGJOB, READ_Loans in arrears - Email, READ_TEMPLATE, READ_INTERQUOTE, DISBURSALLASTUNDO_LOAN, READ_Active Loans - Summary, WITHDRAW_CLIENT, READ_Active Group Leaders - Email, UPDATECASHIERALLOCATION_TELLER_CHECKER, REPAYMENT_LOAN, RECOVERYPAYMENT_LOAN, READ_SMS, CREATE_CLIENTIMAGE, UPDATE_DOCUMENT, READ_Client Loans Listing, DEFINEOPENINGBALANCE_JOURNALENTRY, READ_Loans Awaiting Disbursal Summary by Month(Pentaho), READ_Loans Pending Approval(Pentaho), READ_PASSWORD_PREFERENCES, READ_Active Loans in last installment, READ_Client Saving Transactions, READ_Loan Fully Repaid - Email, READ_DELINQUENCY_BUCKET, READ_Loans Pending Approval, UPDATE_CLIENTCHARGE, view_pendientes, READ_Loans Awaiting Disbursal Summary, READ_CACHE, READ_HOLIDAY, READ_ADDRESS, READ_GLACCOUNT, READ_FINANCIALACTIVITYACCOUNT, READ_OFFICE, READ_Active Loans by Disbursal Period(Pentaho), READ_JOURNALENTRY, READ_TAXCOMPONENT, READ_EMAIL_CONFIGURATION, READ_Rescheduled Loans, PAY_CLIENTCHARGE_CHECKER, READ_MEETING, READ_RECURRINGDEPOSITACCOUNT, READ_Active Loans - Summary(Pentaho), ALLOCATECASHIER_TELLER_CHECKER, READ_CLIENT, READ_Client Savings Summary, ALLOCATECASHTOCASHIER_TELLER_CHECKER, READ_ACCOUNTNUMBERFORMAT, READ_ClientSummary , UPDATE_GLACCOUNT, READ_ACCOUNTTRANSFER, DELETE_TELLER, READ_Active Loan Clients - Email, READ_BUSINESS_DATE, READ_Client Loan Account Schedule, READ_INTERTRANSFER, READ_SCHEDULER, READ_Disbursal Report, READ_COLLATERAL, READ_SAVINGSACCOUNTCHARGE, READ_GUARANTOR, DELETE_EMAIL_CHECKER, SETTLECASHFROMCASHIER_TELLER_CHECKER, PAYOUTREFUND_LOAN, READ_CONFIGURATION, READ_Loans Awaiting Disbursal Summary by Month, UPDATE_CONFIGURATION, READ_STANDINGINSTRUCTION , PAY_CLIENTCHARGE, READ_Active Loans in last installment Summary, READ_Loan Payments Due (Overdue Loans) - Email, READ_CLIENTIDENTIFIER, UPDATE_REPORT, reports_visibility, READ_Active Clients - Email, READ_FAMILYMEMBERS, READ_AUDIT, READ_RESCHEDULELOAN, start_pending_flow, READ_PERMISSION, READ_SAVINGSPRODUCT, READ_Loan Payments Received (Overdue Loans) - Email, READ_ENTITY_DATATABLE_CHECK, READTRANSACTION_CLIENT, PAY_SAVINGSACCOUNTCHARGE_CHECKER, READ_Loan Payments Received (Active Loans) - Email, READ_INTERREQUEST, READ_Active Loans Passed Final Maturity Summary, READ_Loan Repayment - Email, VIEW_CASHIER_SESSIONS, PAY_LOANCHARGE, REFUNDBYCASH_LOAN, READ_CLIENTNOTE, READ_CLIENTIMAGE, CREATE_JOURNALENTRY, update_pending_step, READ_FIXEDDEPOSITACCOUNT, READ_Loans Awaiting Disbursal, READ_CLIENTCHARGE, UPDATE_TELLER_CHECKER, READ_Savings Transactions, READ_Income Statement, DELETE_TELLER_CHECKER, READ_ChildrenStaffList, READ_Active Loans Passed Final Maturity(Pentaho), READ_SSBENEFICIARYTPT, READ_Loans Outstanding after final instalment date - Email, READ_EMAIL, UPDATE_CLIENTNOTE, REVERSE_JOURNALENTRY, UPDATE_TELLER, READ_Happy Birthday - Email, DELETECASHIERALLOCATION_TELLER_CHECKER, READ_RATE, READ_Disbursal_Vs_Awaitingdisbursal, UPDATECASHIERALLOCATION_TELLER, READ_CODEVALUE, READ_Client Listing(Pentaho), CREATE_RESCHEDULELOAN, UPDATE_HOOK, READ_Loan payments due - Email, READ_Written-Off Loans(Pentaho), READ_WORKINGDAYS, READ_Aging Detail, ALLOCATECASHIER_TELLER, SETTLECASHFROMCASHIER_TELLER, READ_REPORT, READ_Loan Approved - Email, READ_SMSCAMPAIGN, READ_Loans Awaiting Disbursal(Pentaho), DELETECASHIERALLOCATION_TELLER, READ_Active Loan Summary per Branch, READ_ROLE, DISBURSALUNDO_LOAN, DISBURSE_LOAN, READ_SAVINGNOTE, READ_Loans Awaiting Disbursal Summary(Pentaho), READ_DIVIDEND_SHAREPRODUCT, CREATE_INTERID, READ_Client Loans Listing(Pentaho), READ_EMAIL_CAMPAIGN, update_pending_flow_blueprint, READ_DATATABLE, READ_FUND, READ_Active Loans Passed Final Maturity, READ_INTERID, CREATE_TELLER_CHECKER, READ_Active Loans Passed Final Maturity Summary(Pentaho), READ_DOCUMENT, READ_RECURRINGDEPOSITPRODUCT, ALLOCATECASHTOCASHIER_TELLER, READ_OFFICETRANSACTION, REPAYMENT_LOAN_CHECKER, READ_LOANPRODUCT, READ_Loans disbursed to clients - Email, complete_pending_step, READ_SAVINGSACCOUNT, UPDATE_GLCLOSURE, READ_HOOK, READ_FLOATINGRATE, READ_IMPORT, READ_Written-Off Loans, READ_CHARGE, READ_Active Loans in last installment Summary(Pentaho), CREATE_TELLER, READ_Loan Rejected - Email, READ_TAXGROUP, UPDATE_ROLE, READ_FIXEDDEPOSITPRODUCT, UPDATE_CLIENT, CREATE_CASHIER_SESSIONS, READ_LOANNOTE, UPDATEOPENINGBALANCE_JOURNALENTRY, READ_CODE, READ_CALENDAR, READ_Active Loans in last installment(Pentaho), PAY_SAVINGSACCOUNTCHARGE, READ_Active Loans - Details, create_pending_flow_blueprint, READ_Active Loans by Disbursal Period, READ_PRODUCTMIX, UPDATE_CALENDAR, DEFINEOPENINGBALANCE_JOURNALENTRY_CHECKER, READ_Client Listing, READ_Loan Account Schedule, READ_USER, READ_ACCOUNTINGRULE, READ_CURRENCY, READ_DELINQUENCY_TAGS, DISBURSETOSAVINGS_LOAN, READ_GLCLOSURE, READ_STAFF]]
[2m2026-02-17 11:22:32.551[0;39m [32m-DEBUG[0;39m [35m88555[0;39m [32m[0;39m [        default] [2m---[0;39m [2m[nio-8443-exec-3][0;39m [36mo.a.f.i.c.filters.RequestResponseFilter [0;39m [2m:[0;39m Received request: [GET], [/fineract-provider/api/v1/notifications]
[2m2026-02-17 11:22:32.552[0;39m [32m-DEBUG[0;39m [35m88555[0;39m [32m[0;39m [        default] [2m---[0;39m [2m[nio-8443-exec-8][0;39m [36ms.f.TenantAwareBasicAuthenticationFilter[0;39m [2m:[0;39m Set SecurityContextHolder to UsernamePasswordAuthenticationToken [Principal=AppUser [username=robert.caja1, getId()=12], Credentials=[PROTECTED], Authenticated=true, Details=WebAuthenticationDetails [RemoteIpAddress=0:0:0:0:0:0:0:1, SessionId=null], Granted Authorities=[READ_INTERID, READ_Active Loans Passed Final Maturity Summary, READ_Loans Awaiting Disbursal Summary by Month(Pentaho), READ_Active Loan Clients - Email, READ_Loans Awaiting Disbursal Summary(Pentaho), READ_Aging Detail, READ_PERMISSION, REPAYMENT_LOAN, READ_Loan Payments Received (Overdue Loans) - Email, UPDATE_DOCUMENT, REVERSE_JOURNALENTRY, READ_Active Clients - Email, READ_Client Savings Summary, READ_SAVINGSACCOUNT, UPDATE_TELLER, CREATE_JOURNALENTRY, READ_Active Loans in last installment Summary(Pentaho), READ_DIVIDEND_SHAREPRODUCT, CREATE_CLIENTIMAGE, UPDATE_GLCLOSURE, READ_ENTITY_DATATABLE_CHECK, UPDATE_HOOK, DISBURSALLASTUNDO_LOAN, READ_DELINQUENCY_TAGS, READ_MEETING, READ_CODE, READ_BUSINESS_DATE, READ_Active Loans by Disbursal Period(Pentaho), ALLOCATECASHTOCASHIER_TELLER_CHECKER, UPDATE_ROLE, READ_CACHE, READ_WORKINGDAYS, READ_FIXEDDEPOSITPRODUCT, READ_Loans disbursed to clients - Email, DELETE_TELLER, ALLOCATECASHIER_TELLER_CHECKER, READ_Active Loans Passed Final Maturity Summary(Pentaho), READ_HOLIDAY, UPDATE_GLACCOUNT, READ_STANDINGINSTRUCTION , UPDATE_CLIENT, PAY_SAVINGSACCOUNTCHARGE_CHECKER, READ_Active Loan Summary per Branch, READ_RECURRINGDEPOSITACCOUNT, READ_Loan Approved - Email, PAY_SAVINGSACCOUNTCHARGE, READ_Loan Payments Due (Overdue Loans) - Email, READ_FUND, READ_ADDRESS, create_pending_flow_blueprint, complete_pending_step, READ_Active Loans in last installment Summary, DISBURSALUNDO_LOAN, READ_Client Listing(Pentaho), CREATE_INTERID, READ_SSBENEFICIARYTPT, READ_TAXCOMPONENT, update_pending_step, READ_OFFICE, SETTLECASHFROMCASHIER_TELLER_CHECKER, READ_FIXEDDEPOSITACCOUNT, READ_EMAIL_CAMPAIGN, ALLOCATECASHTOCASHIER_TELLER, READ_RATE, READ_FAMILYMEMBERS, view_pendientes, UPDATE_CALENDAR, DEFINEOPENINGBALANCE_JOURNALENTRY_CHECKER, CREATE_CASHIER_SESSIONS, DELETE_EMAIL_CHECKER, READ_SAVINGNOTE, READ_CALENDAR, READ_PRODUCTMIX, WITHDRAW_CLIENT, reports_visibility, SETTLECASHFROMCASHIER_TELLER, PAY_CLIENTCHARGE_CHECKER, READ_GLCLOSURE, READ_Active Loans - Summary, READ_Active Loans Passed Final Maturity, DISBURSETOSAVINGS_LOAN, READ_SAVINGSPRODUCT, CREATE_TELLER, READTRANSACTION_CLIENT, CREATE_TELLER_CHECKER, READ_OFFICETRANSACTION, READ_Loans Awaiting Disbursal, READ_Loans Pending Approval(Pentaho), READ_Active Loans in last installment, READ_Loan Repayment - Email, READ_DELINQUENCY_BUCKET, VIEW_CASHIER_SESSIONS, READ_CHARGE, UPDATE_CLIENTCHARGE, RECOVERYPAYMENT_LOAN, READ_Active Loans in last installment(Pentaho), READ_GLACCOUNT, READ_SCHEDULER, READ_SMSCAMPAIGN, DEFINEOPENINGBALANCE_JOURNALENTRY, READ_CONFIGURATION, READ_FINANCIALACTIVITYACCOUNT, READ_RESCHEDULELOAN, READ_ACCOUNTINGRULE, UPDATECASHIERALLOCATION_TELLER, READ_Client Saving Transactions, READ_LOANPRODUCT, start_pending_flow, READ_GUARANTOR, READ_SAVINGSACCOUNTCHARGE, READ_Active Loans by Disbursal Period, PAY_LOANCHARGE, READ_ClientSummary , READ_FLOATINGRATE, READ_IMPORT, READ_Active Loans Passed Final Maturity(Pentaho), READ_Loans Pending Approval, READ_PASSWORD_PREFERENCES, READ_COLLATERAL, READ_ChildrenStaffList, UPDATEOPENINGBALANCE_JOURNALENTRY, READ_Savings Transactions, READ_EMAIL, READ_Active Loans - Details, READ_CODEVALUE, READ_TEMPLATE, READ_CLIENTIMAGE, READ_Client Loan Account Schedule, READ_REPORTMAILINGJOB, ALLOCATECASHIER_TELLER, READ_USER, READ_CLIENTNOTE, READ_Loans Outstanding after final instalment date - Email, READ_TAXGROUP, READ_ROLE, READ_Loan Rejected - Email, READ_Loans in arrears - Email, READ_Written-Off Loans(Pentaho), READ_CURRENCY, READ_REPORT, READ_STAFFIMAGE, UPDATE_CLIENTNOTE, READ_Loan Fully Repaid - Email, READ_Happy Birthday - Email, REPAYMENT_LOAN_CHECKER, READ_Written-Off Loans, READ_Disbursal_Vs_Awaitingdisbursal, READ_DOCUMENT, READ_Loans Awaiting Disbursal Summary by Month, UPDATE_REPORT, DELETECASHIERALLOCATION_TELLER, READ_CLIENT, REFUNDBYCASH_LOAN, UPDATE_CONFIGURATION, READ_Income Statement, READ_SMS, READ_RECURRINGDEPOSITPRODUCT, READ_Rescheduled Loans, READ_AUDIT, READ_Disbursal Report, update_pending_flow_blueprint, UPDATECASHIERALLOCATION_TELLER_CHECKER, READ_STAFF, READ_CLIENTCHARGE, READ_ACCOUNTNUMBERFORMAT, DELETE_TELLER_CHECKER, DISBURSE_LOAN, READ_INTERQUOTE, READ_Active Group Leaders - Email, READ_Loans Awaiting Disbursal(Pentaho), CREATE_RESCHEDULELOAN, PAY_CLIENTCHARGE, READ_Loan payments due - Email, READ_Loan Payments Received (Active Loans) - Email, READ_ACCOUNTTRANSFER, READ_Client Listing, READ_INTERREQUEST, READ_Client Loans Listing, READ_Client Loans Listing(Pentaho), PAYOUTREFUND_LOAN, UPDATE_TELLER_CHECKER, READ_LOANNOTE, READ_DATATABLE, READ_JOURNALENTRY, READ_INTERTRANSFER, READ_CLIENTIDENTIFIER, READ_Active Loans - Summary(Pentaho), READ_EMAIL_CONFIGURATION, READ_HOOK, DELETECASHIERALLOCATION_TELLER_CHECKER, READ_Loan Account Schedule, READ_Loans Awaiting Disbursal Summary]]
[2m2026-02-17 11:22:32.552[0;39m [32m-DEBUG[0;39m [35m88555[0;39m [32m[0;39m [        default] [2m---[0;39m [2m[nio-8443-exec-8][0;39m [36mo.a.f.i.c.filters.RequestResponseFilter [0;39m [2m:[0;39m Received request: [GET], [/fineract-provider/api/v1/notifications]
[2m2026-02-17 11:22:32.559[0;39m [32m-DEBUG[0;39m [35m88555[0;39m [32m[0;39m [        default] [2m---[0;39m [2m[nio-8443-exec-8][0;39m [36mo.a.f.i.c.filters.RequestResponseFilter [0;39m [2m:[0;39m Sent response: [200] for [GET], [/fineract-provider/api/v1/notifications]
[2m2026-02-17 11:22:32.559[0;39m [32m-DEBUG[0;39m [35m88555[0;39m [32m[0;39m [        default] [2m---[0;39m [2m[nio-8443-exec-3][0;39m [36mo.a.f.i.c.filters.RequestResponseFilter [0;39m [2m:[0;39m Sent response: [200] for [GET], [/fineract-provider/api/v1/notifications]
[2m2026-02-17 11:22:32.559[0;39m [32m-DEBUG[0;39m [35m88555[0;39m [32m[0;39m [      no-tenant] [2m---[0;39m [2m[nio-8443-exec-8][0;39m [36ms.f.TenantAwareBasicAuthenticationFilter[0;39m [2m:[0;39m {"startTime":1771348952348,"totalTime":211,"method":"GET","url":"https://localhost:8443/fineract-provider/api/v1/notifications","parameters":{"isRead":["true"],"limit":["9"]}}
[2m2026-02-17 11:22:32.560[0;39m [32m-DEBUG[0;39m [35m88555[0;39m [32m[0;39m [      no-tenant] [2m---[0;39m [2m[nio-8443-exec-3][0;39m [36ms.f.TenantAwareBasicAuthenticationFilter[0;39m [2m:[0;39m {"startTime":1771348952348,"totalTime":211,"method":"GET","url":"https://localhost:8443/fineract-provider/api/v1/notifications","parameters":{"isRead":["false"],"limit":["9"]}}
[2m2026-02-17 11:22:32.567[0;39m [32m-DEBUG[0;39m [35m88555[0;39m [32m[0;39m [        default] [2m---[0;39m [2m[nio-8443-exec-5][0;39m [36ms.f.TenantAwareBasicAuthenticationFilter[0;39m [2m:[0;39m Set SecurityContextHolder to UsernamePasswordAuthenticationToken [Principal=AppUser [username=robert.caja1, getId()=12], Credentials=[PROTECTED], Authenticated=true, Details=WebAuthenticationDetails [RemoteIpAddress=0:0:0:0:0:0:0:1, SessionId=null], Granted Authorities=[CREATE_INTERID, READ_Loan Payments Due (Overdue Loans) - Email, DISBURSETOSAVINGS_LOAN, READTRANSACTION_CLIENT, READ_Loans disbursed to clients - Email, UPDATECASHIERALLOCATION_TELLER_CHECKER, READ_Active Loans - Summary, READ_INTERREQUEST, READ_Loans Awaiting Disbursal Summary, READ_Active Loans - Summary(Pentaho), ALLOCATECASHTOCASHIER_TELLER, READ_DIVIDEND_SHAREPRODUCT, READ_Active Loans Passed Final Maturity, READ_RECURRINGDEPOSITACCOUNT, READ_Loan Rejected - Email, UPDATE_GLACCOUNT, READ_Income Statement, start_pending_flow, READ_GLACCOUNT, READ_MEETING, CREATE_RESCHEDULELOAN, READ_Loan Payments Received (Active Loans) - Email, READ_COLLATERAL, DELETE_TELLER, READ_IMPORT, UPDATE_REPORT, READ_Active Loans Passed Final Maturity Summary(Pentaho), READ_Aging Detail, READ_Loans Outstanding after final instalment date - Email, create_pending_flow_blueprint, READ_EMAIL_CONFIGURATION, READ_CACHE, READ_CODEVALUE, READ_Loans Pending Approval, READ_DELINQUENCY_TAGS, READ_ChildrenStaffList, READ_Client Loan Account Schedule, READ_Active Loans in last installment, READ_Written-Off Loans, PAY_SAVINGSACCOUNTCHARGE_CHECKER, READ_ADDRESS, READ_SCHEDULER, READ_ENTITY_DATATABLE_CHECK, READ_STAFFIMAGE, READ_Loan Repayment - Email, READ_SAVINGSPRODUCT, READ_JOURNALENTRY, REFUNDBYCASH_LOAN, READ_STAFF, READ_CLIENT, READ_PASSWORD_PREFERENCES, READ_Disbursal_Vs_Awaitingdisbursal, READ_CHARGE, READ_Disbursal Report, READ_SSBENEFICIARYTPT, CREATE_TELLER, PAYOUTREFUND_LOAN, READ_AUDIT, REVERSE_JOURNALENTRY, READ_CLIENTNOTE, READ_Active Loans in last installment Summary(Pentaho), PAY_CLIENTCHARGE_CHECKER, READ_Loans in arrears - Email, READ_Active Group Leaders - Email, READ_GLCLOSURE, READ_Active Loans in last installment Summary, UPDATE_DOCUMENT, READ_HOLIDAY, READ_INTERID, READ_PRODUCTMIX, READ_Loan Fully Repaid - Email, DISBURSE_LOAN, READ_Active Loans Passed Final Maturity Summary, READ_Loan Payments Received (Overdue Loans) - Email, READ_ACCOUNTTRANSFER, READ_RESCHEDULELOAN, READ_ACCOUNTINGRULE, READ_FINANCIALACTIVITYACCOUNT, READ_Loans Awaiting Disbursal(Pentaho), READ_FIXEDDEPOSITPRODUCT, READ_PERMISSION, READ_SMSCAMPAIGN, READ_Written-Off Loans(Pentaho), DELETE_EMAIL_CHECKER, READ_STANDINGINSTRUCTION , READ_FIXEDDEPOSITACCOUNT, READ_CONFIGURATION, DELETECASHIERALLOCATION_TELLER, READ_REPORTMAILINGJOB, VIEW_CASHIER_SESSIONS, CREATE_CLIENTIMAGE, READ_Loans Awaiting Disbursal, update_pending_flow_blueprint, READ_WORKINGDAYS, ALLOCATECASHIER_TELLER_CHECKER, READ_SAVINGSACCOUNT, READ_CURRENCY, READ_OFFICE, CREATE_JOURNALENTRY, SETTLECASHFROMCASHIER_TELLER, SETTLECASHFROMCASHIER_TELLER_CHECKER, READ_Client Listing, UPDATE_CLIENTNOTE, ALLOCATECASHIER_TELLER, READ_OFFICETRANSACTION, reports_visibility, READ_BUSINESS_DATE, READ_LOANNOTE, READ_Rescheduled Loans, READ_CALENDAR, ALLOCATECASHTOCASHIER_TELLER_CHECKER, READ_Loan payments due - Email, READ_TEMPLATE, DELETE_TELLER_CHECKER, READ_Client Savings Summary, READ_DELINQUENCY_BUCKET, READ_Active Clients - Email, UPDATE_GLCLOSURE, DISBURSALLASTUNDO_LOAN, view_pendientes, READ_ROLE, DELETECASHIERALLOCATION_TELLER_CHECKER, update_pending_step, READ_INTERQUOTE, READ_Active Loans by Disbursal Period(Pentaho), READ_ClientSummary , UPDATE_CALENDAR, READ_Active Loans - Details, READ_Loans Awaiting Disbursal Summary(Pentaho), PAY_CLIENTCHARGE, READ_Loans Awaiting Disbursal Summary by Month, PAY_LOANCHARGE, UPDATEOPENINGBALANCE_JOURNALENTRY, UPDATE_TELLER, UPDATE_CONFIGURATION, READ_FLOATINGRATE, WITHDRAW_CLIENT, CREATE_TELLER_CHECKER, READ_REPORT, READ_SMS, READ_CODE, READ_CLIENTIDENTIFIER, READ_CLIENTIMAGE, RECOVERYPAYMENT_LOAN, REPAYMENT_LOAN_CHECKER, READ_CLIENTCHARGE, REPAYMENT_LOAN, READ_Active Loans Passed Final Maturity(Pentaho), READ_Active Loans by Disbursal Period, READ_TAXCOMPONENT, READ_LOANPRODUCT, UPDATE_CLIENT, READ_Active Loan Clients - Email, READ_DATATABLE, READ_USER, UPDATE_ROLE, DEFINEOPENINGBALANCE_JOURNALENTRY_CHECKER, READ_SAVINGNOTE, READ_SAVINGSACCOUNTCHARGE, READ_Client Saving Transactions, READ_Loan Approved - Email, READ_EMAIL, READ_DOCUMENT, complete_pending_step, READ_RATE, READ_FUND, READ_RECURRINGDEPOSITPRODUCT, READ_Client Loans Listing(Pentaho), UPDATECASHIERALLOCATION_TELLER, READ_Happy Birthday - Email, READ_EMAIL_CAMPAIGN, READ_Active Loan Summary per Branch, PAY_SAVINGSACCOUNTCHARGE, DEFINEOPENINGBALANCE_JOURNALENTRY, UPDATE_TELLER_CHECKER, READ_HOOK, READ_ACCOUNTNUMBERFORMAT, UPDATE_HOOK, READ_Savings Transactions, READ_GUARANTOR, READ_FAMILYMEMBERS, UPDATE_CLIENTCHARGE, READ_INTERTRANSFER, READ_Client Loans Listing, CREATE_CASHIER_SESSIONS, READ_Loans Awaiting Disbursal Summary by Month(Pentaho), READ_Active Loans in last installment(Pentaho), READ_TAXGROUP, DISBURSALUNDO_LOAN, READ_Client Listing(Pentaho), READ_Loan Account Schedule, READ_Loans Pending Approval(Pentaho)]]
[2m2026-02-17 11:22:32.567[0;39m [32m-DEBUG[0;39m [35m88555[0;39m [32m[0;39m [        default] [2m---[0;39m [2m[nio-8443-exec-5][0;39m [36mo.a.f.i.c.filters.RequestResponseFilter [0;39m [2m:[0;39m Received request: [GET], [/fineract-provider/api/v1/configurations/name/enable-business-date]
[2m2026-02-17 11:22:32.570[0;39m [32m-DEBUG[0;39m [35m88555[0;39m [32m[0;39m [        default] [2m---[0;39m [2m[nio-8443-exec-5][0;39m [36mo.a.f.i.c.filters.RequestResponseFilter [0;39m [2m:[0;39m Sent response: [200] for [GET], [/fineract-provider/api/v1/configurations/name/enable-business-date]
[2m2026-02-17 11:22:32.570[0;39m [32m-DEBUG[0;39m [35m88555[0;39m [32m[0;39m [      no-tenant] [2m---[0;39m [2m[nio-8443-exec-5][0;39m [36ms.f.TenantAwareBasicAuthenticationFilter[0;39m [2m:[0;39m {"startTime":1771348952357,"totalTime":212,"method":"GET","url":"https://localhost:8443/fineract-provider/api/v1/configurations/name/enable-business-date","parameters":{}}
[2m2026-02-17 11:22:32.571[0;39m [32m-DEBUG[0;39m [35m88555[0;39m [32m[0;39m [        default] [2m---[0;39m [2m[nio-8443-exec-7][0;39m [36ms.f.TenantAwareBasicAuthenticationFilter[0;39m [2m:[0;39m Set SecurityContextHolder to UsernamePasswordAuthenticationToken [Principal=AppUser [username=robert.caja1, getId()=12], Credentials=[PROTECTED], Authenticated=true, Details=WebAuthenticationDetails [RemoteIpAddress=0:0:0:0:0:0:0:1, SessionId=null], Granted Authorities=[READ_CACHE, READ_CLIENTIDENTIFIER, DEFINEOPENINGBALANCE_JOURNALENTRY, UPDATE_GLCLOSURE, UPDATE_CLIENTCHARGE, READ_USER, UPDATECASHIERALLOCATION_TELLER, READ_FIXEDDEPOSITACCOUNT, READ_Loans Awaiting Disbursal, READ_CALENDAR, READ_BUSINESS_DATE, UPDATE_TELLER, READ_Active Loan Clients - Email, READ_Active Loans Passed Final Maturity(Pentaho), READ_FIXEDDEPOSITPRODUCT, create_pending_flow_blueprint, READ_CHARGE, READ_Loans Outstanding after final instalment date - Email, READ_STAFF, READ_INTERREQUEST, READ_Loan Account Schedule, READ_Loans Pending Approval(Pentaho), READTRANSACTION_CLIENT, READ_Active Loans - Summary, READ_Loan Approved - Email, READ_Loan payments due - Email, READ_FUND, PAY_SAVINGSACCOUNTCHARGE_CHECKER, DELETE_TELLER, READ_Active Loan Summary per Branch, READ_PERMISSION, READ_RECURRINGDEPOSITPRODUCT, READ_Active Loans by Disbursal Period(Pentaho), READ_Active Loans - Details, CREATE_RESCHEDULELOAN, READ_Active Loans in last installment Summary, READ_Loans in arrears - Email, READ_Happy Birthday - Email, READ_DATATABLE, READ_Active Group Leaders - Email, CREATE_TELLER, READ_TAXCOMPONENT, UPDATEOPENINGBALANCE_JOURNALENTRY, READ_REPORT, READ_Aging Detail, READ_RECURRINGDEPOSITACCOUNT, READ_ClientSummary , READ_SSBENEFICIARYTPT, READ_ACCOUNTINGRULE, READ_Active Loans in last installment Summary(Pentaho), DEFINEOPENINGBALANCE_JOURNALENTRY_CHECKER, READ_Loans Awaiting Disbursal Summary by Month, READ_Savings Transactions, READ_OFFICE, READ_SMSCAMPAIGN, CREATE_JOURNALENTRY, READ_Loans Awaiting Disbursal Summary, READ_Loan Payments Received (Active Loans) - Email, READ_Client Loans Listing, CREATE_INTERID, READ_DOCUMENT, PAY_LOANCHARGE, DELETECASHIERALLOCATION_TELLER, READ_Loan Payments Received (Overdue Loans) - Email, READ_Income Statement, SETTLECASHFROMCASHIER_TELLER, READ_PRODUCTMIX, READ_CURRENCY, READ_Loans Pending Approval, READ_Loans Awaiting Disbursal Summary(Pentaho), READ_Active Clients - Email, READ_CLIENTNOTE, READ_Loan Repayment - Email, CREATE_CASHIER_SESSIONS, READ_Active Loans - Summary(Pentaho), UPDATE_CALENDAR, READ_CLIENTCHARGE, DISBURSALUNDO_LOAN, RECOVERYPAYMENT_LOAN, WITHDRAW_CLIENT, READ_ENTITY_DATATABLE_CHECK, READ_LOANPRODUCT, start_pending_flow, READ_MEETING, READ_STAFFIMAGE, READ_GUARANTOR, READ_INTERTRANSFER, REPAYMENT_LOAN_CHECKER, READ_Loan Fully Repaid - Email, UPDATE_CONFIGURATION, READ_FINANCIALACTIVITYACCOUNT, ALLOCATECASHTOCASHIER_TELLER_CHECKER, DELETE_TELLER_CHECKER, UPDATE_GLACCOUNT, CREATE_TELLER_CHECKER, READ_Active Loans Passed Final Maturity Summary(Pentaho), VIEW_CASHIER_SESSIONS, CREATE_CLIENTIMAGE, READ_CLIENTIMAGE, SETTLECASHFROMCASHIER_TELLER_CHECKER, UPDATE_CLIENTNOTE, DISBURSE_LOAN, update_pending_flow_blueprint, READ_Loans Awaiting Disbursal(Pentaho), READ_REPORTMAILINGJOB, READ_Active Loans in last installment(Pentaho), READ_TAXGROUP, DELETECASHIERALLOCATION_TELLER_CHECKER, READ_CONFIGURATION, READ_Written-Off Loans(Pentaho), REVERSE_JOURNALENTRY, READ_Active Loans in last installment, READ_PASSWORD_PREFERENCES, READ_IMPORT, reports_visibility, READ_Client Listing(Pentaho), READ_Loan Payments Due (Overdue Loans) - Email, READ_SAVINGNOTE, READ_Loans Awaiting Disbursal Summary by Month(Pentaho), READ_SAVINGSACCOUNTCHARGE, READ_EMAIL_CAMPAIGN, READ_Loans disbursed to clients - Email, ALLOCATECASHIER_TELLER_CHECKER, READ_SAVINGSACCOUNT, READ_Written-Off Loans, READ_SCHEDULER, READ_INTERID, READ_DELINQUENCY_BUCKET, READ_FAMILYMEMBERS, READ_Disbursal Report, READ_Client Loans Listing(Pentaho), READ_SMS, PAY_CLIENTCHARGE_CHECKER, READ_EMAIL_CONFIGURATION, UPDATE_CLIENT, READ_Active Loans Passed Final Maturity, READ_DIVIDEND_SHAREPRODUCT, DELETE_EMAIL_CHECKER, READ_ACCOUNTTRANSFER, PAY_CLIENTCHARGE, READ_WORKINGDAYS, READ_EMAIL, READ_CODEVALUE, READ_ADDRESS, READ_HOOK, DISBURSALLASTUNDO_LOAN, READ_TEMPLATE, READ_Client Listing, READ_DELINQUENCY_TAGS, READ_Active Loans Passed Final Maturity Summary, ALLOCATECASHIER_TELLER, READ_Loan Rejected - Email, READ_HOLIDAY, READ_Client Loan Account Schedule, READ_STANDINGINSTRUCTION , UPDATE_TELLER_CHECKER, PAYOUTREFUND_LOAN, READ_JOURNALENTRY, READ_GLACCOUNT, REPAYMENT_LOAN, READ_Rescheduled Loans, READ_ROLE, READ_AUDIT, READ_LOANNOTE, UPDATECASHIERALLOCATION_TELLER_CHECKER, view_pendientes, PAY_SAVINGSACCOUNTCHARGE, READ_OFFICETRANSACTION, READ_GLCLOSURE, UPDATE_DOCUMENT, READ_COLLATERAL, READ_RATE, READ_FLOATINGRATE, UPDATE_HOOK, REFUNDBYCASH_LOAN, DISBURSETOSAVINGS_LOAN, READ_CODE, READ_Client Savings Summary, ALLOCATECASHTOCASHIER_TELLER, UPDATE_REPORT, update_pending_step, READ_Client Saving Transactions, READ_SAVINGSPRODUCT, READ_ChildrenStaffList, READ_INTERQUOTE, READ_CLIENT, complete_pending_step, READ_RESCHEDULELOAN, READ_ACCOUNTNUMBERFORMAT, READ_Active Loans by Disbursal Period, UPDATE_ROLE, READ_Disbursal_Vs_Awaitingdisbursal]]
[2m2026-02-17 11:22:32.572[0;39m [32m-DEBUG[0;39m [35m88555[0;39m [32m[0;39m [        default] [2m---[0;39m [2m[nio-8443-exec-7][0;39m [36mo.a.f.i.c.filters.RequestResponseFilter [0;39m [2m:[0;39m Received request: [GET], [/fineract-provider/api/v1/pending-flows/1]
[2m2026-02-17 11:22:32.573[0;39m [32m-DEBUG[0;39m [35m88555[0;39m [32m[0;39m [        default] [2m---[0;39m [2m[nio-8443-exec-7][0;39m [36m.a.f.i.c.p.ExtendedJpaTransactionManager[0;39m [2m:[0;39m Creating new transaction with name [org.springframework.data.jpa.repository.support.SimpleJpaRepository.findById]: PROPAGATION_REQUIRED,ISOLATION_DEFAULT,readOnly
[2m2026-02-17 11:22:32.573[0;39m [32m-DEBUG[0;39m [35m88555[0;39m [32m[0;39m [        default] [2m---[0;39m [2m[nio-8443-exec-7][0;39m [36m.a.f.i.c.p.ExtendedJpaTransactionManager[0;39m [2m:[0;39m Opened new EntityManager [org.eclipse.persistence.internal.jpa.EntityManagerImpl@1d3114bd] for JPA transaction
[2m2026-02-17 11:22:32.573[0;39m [32m-DEBUG[0;39m [35m88555[0;39m [32m[0;39m [        default] [2m---[0;39m [2m[nio-8443-exec-7][0;39m [36m.a.f.i.c.p.ExtendedJpaTransactionManager[0;39m [2m:[0;39m Exposing JPA transaction as JDBC [org.springframework.orm.jpa.vendor.EclipseLinkJpaDialect$EclipseLinkConnectionHandle@7def234e]
[2m2026-02-17 11:22:32.588[0;39m [32m-DEBUG[0;39m [35m88555[0;39m [32m[0;39m [        default] [2m---[0;39m [2m[nio-8443-exec-7][0;39m [36m.a.f.i.c.p.ExtendedJpaTransactionManager[0;39m [2m:[0;39m Initiating transaction commit
[2m2026-02-17 11:22:32.588[0;39m [32m-DEBUG[0;39m [35m88555[0;39m [32m[0;39m [        default] [2m---[0;39m [2m[nio-8443-exec-7][0;39m [36m.a.f.i.c.p.ExtendedJpaTransactionManager[0;39m [2m:[0;39m Committing JPA transaction on EntityManager [org.eclipse.persistence.internal.jpa.EntityManagerImpl@1d3114bd]
[2m2026-02-17 11:22:32.588[0;39m [32m-DEBUG[0;39m [35m88555[0;39m [32m[0;39m [        default] [2m---[0;39m [2m[nio-8443-exec-7][0;39m [36m.a.f.i.c.p.ExtendedJpaTransactionManager[0;39m [2m:[0;39m Closing JPA EntityManager [org.eclipse.persistence.internal.jpa.EntityManagerImpl@1d3114bd] after transaction
[2m2026-02-17 11:22:32.603[0;39m [32m-DEBUG[0;39m [35m88555[0;39m [32m[0;39m [        default] [2m---[0;39m [2m[nio-8443-exec-7][0;39m [36mo.a.f.i.c.filters.RequestResponseFilter [0;39m [2m:[0;39m Sent response: [200] for [GET], [/fineract-provider/api/v1/pending-flows/1]
[2m2026-02-17 11:22:32.603[0;39m [32m-DEBUG[0;39m [35m88555[0;39m [32m[0;39m [      no-tenant] [2m---[0;39m [2m[nio-8443-exec-7][0;39m [36ms.f.TenantAwareBasicAuthenticationFilter[0;39m [2m:[0;39m {"startTime":1771348952377,"totalTime":226,"method":"GET","url":"https://localhost:8443/fineract-provider/api/v1/pending-flows/1","parameters":{"includeSteps":["true"]}}
[2m2026-02-17 11:22:32.607[0;39m [32m-DEBUG[0;39m [35m88555[0;39m [32m[0;39m [      no-tenant] [2m---[0;39m [2m[nio-8443-exec-1][0;39m [36ms.f.TenantAwareBasicAuthenticationFilter[0;39m [2m:[0;39m {"startTime":1771348952606,"totalTime":0,"method":"OPTIONS","url":"https://localhost:8443/fineract-provider/api/v1/comite-otorgamiento/13/approved-loans-disbursement-sum","parameters":{"officeId":["1"]}}
[2m2026-02-17 11:22:32.672[0;39m [32m-DEBUG[0;39m [35m88555[0;39m [32m[0;39m [        default] [2m---[0;39m [2m[io-8443-exec-10][0;39m [36ms.f.TenantAwareBasicAuthenticationFilter[0;39m [2m:[0;39m Set SecurityContextHolder to UsernamePasswordAuthenticationToken [Principal=AppUser [username=robert.caja1, getId()=12], Credentials=[PROTECTED], Authenticated=true, Details=WebAuthenticationDetails [RemoteIpAddress=0:0:0:0:0:0:0:1, SessionId=null], Granted Authorities=[update_pending_flow_blueprint, READ_Disbursal Report, UPDATE_TELLER_CHECKER, UPDATE_HOOK, READ_Active Loans in last installment Summary(Pentaho), CREATE_INTERID, UPDATE_TELLER, REFUNDBYCASH_LOAN, DISBURSETOSAVINGS_LOAN, REPAYMENT_LOAN_CHECKER, READ_CLIENT, PAY_CLIENTCHARGE_CHECKER, READ_Active Group Leaders - Email, READ_Active Loans Passed Final Maturity, READ_Loan Approved - Email, READ_IMPORT, READ_OFFICE, UPDATE_CLIENTNOTE, READ_CODE, update_pending_step, READ_Client Listing(Pentaho), REVERSE_JOURNALENTRY, READ_FIXEDDEPOSITACCOUNT, READ_GLCLOSURE, READ_Loan Payments Received (Active Loans) - Email, READ_Happy Birthday - Email, READ_TEMPLATE, READ_ADDRESS, READ_LOANNOTE, READ_TAXCOMPONENT, READ_CLIENTNOTE, READ_CACHE, ALLOCATECASHTOCASHIER_TELLER, READ_INTERQUOTE, ALLOCATECASHIER_TELLER, REPAYMENT_LOAN, READ_Active Loans in last installment, READ_REPORTMAILINGJOB, READ_COLLATERAL, READ_Disbursal_Vs_Awaitingdisbursal, READ_PERMISSION, READ_Active Loans Passed Final Maturity(Pentaho), READ_FIXEDDEPOSITPRODUCT, DEFINEOPENINGBALANCE_JOURNALENTRY, READ_Loans Awaiting Disbursal Summary by Month(Pentaho), READ_INTERID, UPDATECASHIERALLOCATION_TELLER, READ_SAVINGSACCOUNTCHARGE, CREATE_TELLER_CHECKER, view_pendientes, READ_Active Loan Summary per Branch, READ_CHARGE, READ_Loans Awaiting Disbursal(Pentaho), DELETE_TELLER_CHECKER, READ_ACCOUNTINGRULE, READ_Client Savings Summary, CREATE_RESCHEDULELOAN, READ_DIVIDEND_SHAREPRODUCT, READ_Loans Outstanding after final instalment date - Email, READ_Active Loans - Summary, READ_CLIENTCHARGE, PAY_SAVINGSACCOUNTCHARGE_CHECKER, CREATE_TELLER, READ_Active Loans Passed Final Maturity Summary, READ_Client Loans Listing(Pentaho), READ_Written-Off Loans(Pentaho), READ_ACCOUNTNUMBERFORMAT, READ_Active Loans by Disbursal Period(Pentaho), READ_Active Loans in last installment(Pentaho), DISBURSALLASTUNDO_LOAN, READ_Loan Repayment - Email, SETTLECASHFROMCASHIER_TELLER_CHECKER, READ_Loan Payments Due (Overdue Loans) - Email, READ_CLIENTIDENTIFIER, UPDATE_REPORT, READ_LOANPRODUCT, UPDATE_DOCUMENT, READ_PASSWORD_PREFERENCES, READ_SAVINGSACCOUNT, READ_Loan payments due - Email, READ_RECURRINGDEPOSITPRODUCT, READ_Loan Payments Received (Overdue Loans) - Email, READ_USER, UPDATE_CONFIGURATION, READ_DELINQUENCY_TAGS, UPDATE_GLACCOUNT, READ_Client Loan Account Schedule, VIEW_CASHIER_SESSIONS, READ_CURRENCY, READ_Active Loans Passed Final Maturity Summary(Pentaho), READ_FINANCIALACTIVITYACCOUNT, READ_DELINQUENCY_BUCKET, READ_Loan Account Schedule, CREATE_CASHIER_SESSIONS, reports_visibility, READ_Loans Awaiting Disbursal Summary by Month, READ_STANDINGINSTRUCTION , READ_EMAIL_CONFIGURATION, READ_Written-Off Loans, READ_FUND, READ_Loan Rejected - Email, DEFINEOPENINGBALANCE_JOURNALENTRY_CHECKER, UPDATE_ROLE, READ_Active Loans - Summary(Pentaho), READ_Client Saving Transactions, READ_RATE, READ_FAMILYMEMBERS, READ_EMAIL, READ_JOURNALENTRY, ALLOCATECASHTOCASHIER_TELLER_CHECKER, READ_Loans Awaiting Disbursal Summary(Pentaho), UPDATE_CLIENT, READ_BUSINESS_DATE, READ_Active Loan Clients - Email, READ_SCHEDULER, READ_Loans in arrears - Email, READ_ROLE, READ_Active Loans in last installment Summary, create_pending_flow_blueprint, DISBURSE_LOAN, PAY_LOANCHARGE, start_pending_flow, READ_RESCHEDULELOAN, READ_Loans disbursed to clients - Email, READ_Loans Pending Approval, CREATE_JOURNALENTRY, READ_DOCUMENT, READ_Active Clients - Email, READTRANSACTION_CLIENT, UPDATECASHIERALLOCATION_TELLER_CHECKER, READ_Savings Transactions, UPDATEOPENINGBALANCE_JOURNALENTRY, READ_OFFICETRANSACTION, READ_ClientSummary , DELETE_EMAIL_CHECKER, READ_INTERTRANSFER, READ_STAFF, READ_GLACCOUNT, READ_ACCOUNTTRANSFER, READ_WORKINGDAYS, READ_SSBENEFICIARYTPT, READ_CALENDAR, READ_RECURRINGDEPOSITACCOUNT, READ_Loans Awaiting Disbursal Summary, READ_SMSCAMPAIGN, READ_Active Loans by Disbursal Period, READ_PRODUCTMIX, READ_Aging Detail, READ_Active Loans - Details, READ_Income Statement, READ_CODEVALUE, READ_CLIENTIMAGE, READ_TAXGROUP, UPDATE_GLCLOSURE, DELETECASHIERALLOCATION_TELLER, PAY_CLIENTCHARGE, DISBURSALUNDO_LOAN, UPDATE_CALENDAR, READ_Client Loans Listing, READ_REPORT, READ_SMS, READ_EMAIL_CAMPAIGN, READ_Rescheduled Loans, READ_MEETING, CREATE_CLIENTIMAGE, READ_HOOK, READ_ChildrenStaffList, READ_SAVINGNOTE, READ_ENTITY_DATATABLE_CHECK, READ_Loan Fully Repaid - Email, DELETECASHIERALLOCATION_TELLER_CHECKER, READ_Loans Awaiting Disbursal, UPDATE_CLIENTCHARGE, RECOVERYPAYMENT_LOAN, READ_FLOATINGRATE, READ_GUARANTOR, READ_AUDIT, ALLOCATECASHIER_TELLER_CHECKER, PAY_SAVINGSACCOUNTCHARGE, DELETE_TELLER, READ_INTERREQUEST, READ_SAVINGSPRODUCT, complete_pending_step, PAYOUTREFUND_LOAN, WITHDRAW_CLIENT, READ_Loans Pending Approval(Pentaho), READ_STAFFIMAGE, READ_HOLIDAY, READ_DATATABLE, READ_CONFIGURATION, SETTLECASHFROMCASHIER_TELLER, READ_Client Listing]]
[2m2026-02-17 11:22:32.672[0;39m [32m-DEBUG[0;39m [35m88555[0;39m [32m[0;39m [        default] [2m---[0;39m [2m[io-8443-exec-10][0;39m [36mo.a.f.i.c.filters.RequestResponseFilter [0;39m [2m:[0;39m Received request: [GET], [/fineract-provider/api/v1/notifications]
[2m2026-02-17 11:22:32.675[0;39m [32m-DEBUG[0;39m [35m88555[0;39m [32m[0;39m [        default] [2m---[0;39m [2m[io-8443-exec-10][0;39m [36mo.a.f.i.c.filters.RequestResponseFilter [0;39m [2m:[0;39m Sent response: [200] for [GET], [/fineract-provider/api/v1/notifications]
[2m2026-02-17 11:22:32.675[0;39m [32m-DEBUG[0;39m [35m88555[0;39m [32m[0;39m [      no-tenant] [2m---[0;39m [2m[io-8443-exec-10][0;39m [36ms.f.TenantAwareBasicAuthenticationFilter[0;39m [2m:[0;39m {"startTime":1771348952564,"totalTime":111,"method":"GET","url":"https://localhost:8443/fineract-provider/api/v1/notifications","parameters":{"isRead":["false"],"limit":["9"]}}
[2m2026-02-17 11:22:32.710[0;39m [32m-DEBUG[0;39m [35m88555[0;39m [32m[0;39m [        default] [2m---[0;39m [2m[nio-8443-exec-9][0;39m [36ms.f.TenantAwareBasicAuthenticationFilter[0;39m [2m:[0;39m Set SecurityContextHolder to UsernamePasswordAuthenticationToken [Principal=AppUser [username=robert.caja1, getId()=12], Credentials=[PROTECTED], Authenticated=true, Details=WebAuthenticationDetails [RemoteIpAddress=0:0:0:0:0:0:0:1, SessionId=null], Granted Authorities=[UPDATE_HOOK, UPDATE_REPORT, READ_Client Savings Summary, DISBURSETOSAVINGS_LOAN, READ_ClientSummary , CREATE_RESCHEDULELOAN, READ_ADDRESS, READ_Active Loans in last installment Summary, CREATE_CASHIER_SESSIONS, READ_EMAIL_CONFIGURATION, READ_Loan Repayment - Email, UPDATEOPENINGBALANCE_JOURNALENTRY, READ_Active Loans Passed Final Maturity Summary(Pentaho), READ_Written-Off Loans(Pentaho), READ_Loan Fully Repaid - Email, READ_INTERREQUEST, READ_Client Loans Listing, READ_Active Loans - Summary(Pentaho), READ_Client Listing(Pentaho), READ_SAVINGSACCOUNT, READ_EMAIL_CAMPAIGN, READ_DOCUMENT, READ_Loan Account Schedule, READ_RECURRINGDEPOSITPRODUCT, READ_Active Loans - Details, READ_Loan payments due - Email, READ_ENTITY_DATATABLE_CHECK, READ_RESCHEDULELOAN, READ_SMSCAMPAIGN, PAYOUTREFUND_LOAN, READ_JOURNALENTRY, DELETE_EMAIL_CHECKER, READ_CURRENCY, READ_REPORT, READ_Loans Awaiting Disbursal Summary by Month, SETTLECASHFROMCASHIER_TELLER_CHECKER, REVERSE_JOURNALENTRY, READ_TEMPLATE, READ_DIVIDEND_SHAREPRODUCT, READ_FUND, READ_Active Loans - Summary, READ_DATATABLE, READ_Active Loans by Disbursal Period, READ_Loans disbursed to clients - Email, READ_SCHEDULER, READ_Loans in arrears - Email, READ_SAVINGSPRODUCT, READ_RATE, ALLOCATECASHTOCASHIER_TELLER_CHECKER, READ_ROLE, READ_TAXCOMPONENT, READ_RECURRINGDEPOSITACCOUNT, CREATE_CLIENTIMAGE, READ_SMS, READ_Loan Payments Due (Overdue Loans) - Email, READ_Loan Payments Received (Overdue Loans) - Email, READ_CACHE, READ_Income Statement, READ_HOLIDAY, READ_INTERTRANSFER, READ_CODEVALUE, READ_Active Loans in last installment(Pentaho), READ_Loans Awaiting Disbursal Summary(Pentaho), update_pending_flow_blueprint, READ_COLLATERAL, READ_SAVINGNOTE, READ_Active Group Leaders - Email, READ_Loans Pending Approval, READ_ACCOUNTTRANSFER, READ_Loans Awaiting Disbursal Summary by Month(Pentaho), READ_EMAIL, DISBURSALUNDO_LOAN, READ_OFFICETRANSACTION, READ_FAMILYMEMBERS, READ_DELINQUENCY_BUCKET, UPDATE_CALENDAR, REPAYMENT_LOAN_CHECKER, READ_Client Loan Account Schedule, READ_Active Clients - Email, UPDATE_CLIENTCHARGE, DELETE_TELLER, WITHDRAW_CLIENT, READ_Disbursal Report, UPDATE_CLIENTNOTE, READ_Active Loans in last installment Summary(Pentaho), READ_BUSINESS_DATE, UPDATE_ROLE, READ_Active Loans Passed Final Maturity Summary, READ_STAFF, READ_Savings Transactions, READ_Active Loans in last installment, READ_Client Listing, READ_LOANNOTE, READ_CLIENTIMAGE, READ_AUDIT, READ_TAXGROUP, REFUNDBYCASH_LOAN, UPDATECASHIERALLOCATION_TELLER_CHECKER, READ_STANDINGINSTRUCTION , UPDATE_TELLER, DELETECASHIERALLOCATION_TELLER_CHECKER, CREATE_TELLER, READ_Active Loan Summary per Branch, READ_Loans Awaiting Disbursal, PAY_CLIENTCHARGE, READ_Rescheduled Loans, READ_Active Loans by Disbursal Period(Pentaho), READ_Loans Awaiting Disbursal(Pentaho), start_pending_flow, CREATE_JOURNALENTRY, READ_CHARGE, READ_INTERID, UPDATE_DOCUMENT, READ_GUARANTOR, READ_PRODUCTMIX, update_pending_step, READ_CLIENTIDENTIFIER, READ_CONFIGURATION, READ_Client Saving Transactions, READ_Loans Awaiting Disbursal Summary, DISBURSALLASTUNDO_LOAN, view_pendientes, PAY_SAVINGSACCOUNTCHARGE_CHECKER, READ_HOOK, DELETE_TELLER_CHECKER, UPDATE_TELLER_CHECKER, READ_FINANCIALACTIVITYACCOUNT, ALLOCATECASHIER_TELLER, READ_PERMISSION, DEFINEOPENINGBALANCE_JOURNALENTRY, READ_PASSWORD_PREFERENCES, CREATE_TELLER_CHECKER, create_pending_flow_blueprint, READ_CLIENT, UPDATE_CLIENT, SETTLECASHFROMCASHIER_TELLER, READ_Active Loans Passed Final Maturity, READ_DELINQUENCY_TAGS, READ_MEETING, reports_visibility, READ_Aging Detail, UPDATE_CONFIGURATION, READ_Active Loan Clients - Email, ALLOCATECASHIER_TELLER_CHECKER, PAY_LOANCHARGE, READ_CALENDAR, READ_ACCOUNTNUMBERFORMAT, READ_STAFFIMAGE, READ_Written-Off Loans, READ_ChildrenStaffList, READ_WORKINGDAYS, READ_Active Loans Passed Final Maturity(Pentaho), READ_CLIENTCHARGE, READ_Loan Payments Received (Active Loans) - Email, READ_Loan Approved - Email, UPDATE_GLACCOUNT, READ_SAVINGSACCOUNTCHARGE, READ_FIXEDDEPOSITACCOUNT, READTRANSACTION_CLIENT, READ_ACCOUNTINGRULE, READ_REPORTMAILINGJOB, DELETECASHIERALLOCATION_TELLER, PAY_CLIENTCHARGE_CHECKER, READ_Loan Rejected - Email, READ_OFFICE, REPAYMENT_LOAN, READ_GLCLOSURE, ALLOCATECASHTOCASHIER_TELLER, VIEW_CASHIER_SESSIONS, READ_CLIENTNOTE, READ_GLACCOUNT, CREATE_INTERID, READ_Loans Pending Approval(Pentaho), READ_FLOATINGRATE, PAY_SAVINGSACCOUNTCHARGE, RECOVERYPAYMENT_LOAN, READ_LOANPRODUCT, READ_CODE, READ_Happy Birthday - Email, DISBURSE_LOAN, READ_USER, READ_INTERQUOTE, READ_Client Loans Listing(Pentaho), READ_SSBENEFICIARYTPT, UPDATE_GLCLOSURE, READ_Disbursal_Vs_Awaitingdisbursal, READ_IMPORT, UPDATECASHIERALLOCATION_TELLER, READ_FIXEDDEPOSITPRODUCT, READ_Loans Outstanding after final instalment date - Email, complete_pending_step, DEFINEOPENINGBALANCE_JOURNALENTRY_CHECKER]]
[2m2026-02-17 11:22:32.711[0;39m [32m-DEBUG[0;39m [35m88555[0;39m [32m[0;39m [        default] [2m---[0;39m [2m[nio-8443-exec-9][0;39m [36mo.a.f.i.c.filters.RequestResponseFilter [0;39m [2m:[0;39m Received request: [GET], [/fineract-provider/api/v1/comite-otorgamiento/13/approved-loans-disbursement-sum]
[2m2026-02-17 11:22:32.732[0;39m [32m-DEBUG[0;39m [35m88555[0;39m [32m[0;39m [        default] [2m---[0;39m [2m[nio-8443-exec-9][0;39m [36m.a.f.i.c.p.ExtendedJpaTransactionManager[0;39m [2m:[0;39m Creating new transaction with name [org.springframework.data.jpa.repository.support.SimpleJpaRepository.findById]: PROPAGATION_REQUIRED,ISOLATION_DEFAULT,readOnly
[2m2026-02-17 11:22:32.732[0;39m [32m-DEBUG[0;39m [35m88555[0;39m [32m[0;39m [        default] [2m---[0;39m [2m[nio-8443-exec-9][0;39m [36m.a.f.i.c.p.ExtendedJpaTransactionManager[0;39m [2m:[0;39m Opened new EntityManager [org.eclipse.persistence.internal.jpa.EntityManagerImpl@22c415b3] for JPA transaction
[2m2026-02-17 11:22:32.732[0;39m [32m-DEBUG[0;39m [35m88555[0;39m [32m[0;39m [        default] [2m---[0;39m [2m[nio-8443-exec-9][0;39m [36m.a.f.i.c.p.ExtendedJpaTransactionManager[0;39m [2m:[0;39m Exposing JPA transaction as JDBC [org.springframework.orm.jpa.vendor.EclipseLinkJpaDialect$EclipseLinkConnectionHandle@17cd8c8d]
[2m2026-02-17 11:22:32.737[0;39m [32m-DEBUG[0;39m [35m88555[0;39m [32m[0;39m [        default] [2m---[0;39m [2m[nio-8443-exec-9][0;39m [36m.a.f.i.c.p.ExtendedJpaTransactionManager[0;39m [2m:[0;39m Initiating transaction commit
[2m2026-02-17 11:22:32.737[0;39m [32m-DEBUG[0;39m [35m88555[0;39m [32m[0;39m [        default] [2m---[0;39m [2m[nio-8443-exec-9][0;39m [36m.a.f.i.c.p.ExtendedJpaTransactionManager[0;39m [2m:[0;39m Committing JPA transaction on EntityManager [org.eclipse.persistence.internal.jpa.EntityManagerImpl@22c415b3]
[2m2026-02-17 11:22:32.737[0;39m [32m-DEBUG[0;39m [35m88555[0;39m [32m[0;39m [        default] [2m---[0;39m [2m[nio-8443-exec-9][0;39m [36m.a.f.i.c.p.ExtendedJpaTransactionManager[0;39m [2m:[0;39m Closing JPA EntityManager [org.eclipse.persistence.internal.jpa.EntityManagerImpl@22c415b3] after transaction
[2m2026-02-17 11:22:32.738[0;39m [32m-DEBUG[0;39m [35m88555[0;39m [32m[0;39m [        default] [2m---[0;39m [2m[nio-8443-exec-9][0;39m [36mo.a.f.i.c.filters.RequestResponseFilter [0;39m [2m:[0;39m Sent response: [200] for [GET], [/fineract-provider/api/v1/comite-otorgamiento/13/approved-loans-disbursement-sum]
[2m2026-02-17 11:22:32.738[0;39m [32m-DEBUG[0;39m [35m88555[0;39m [32m[0;39m [      no-tenant] [2m---[0;39m [2m[nio-8443-exec-9][0;39m [36ms.f.TenantAwareBasicAuthenticationFilter[0;39m [2m:[0;39m {"startTime":1771348952609,"totalTime":129,"method":"GET","url":"https://localhost:8443/fineract-provider/api/v1/comite-otorgamiento/13/approved-loans-disbursement-sum","parameters":{"officeId":["1"]}}
[2m2026-02-17 11:23:00.038[0;39m [32m-DEBUG[0;39m [35m88555[0;39m [32m[0;39m [      no-tenant] [2m---[0;39m [2m[duler1_Worker-1][0;39m [36mo.a.f.i.j.s.SchedulerTriggerListener    [0;39m [2m:[0;39m triggerFired() trigger=Trigger 'DEFAULT.Send Asynchronous EventsTrigger1':  triggerClass: 'org.quartz.impl.triggers.CronTriggerImpl calendar: 'null' misfireInstruction: 0 nextFireTime: Tue Feb 17 11:24:00 CST 2026, context=JobExecutionContext: trigger: 'DEFAULT.Send Asynchronous EventsTrigger1 job: DEFAULT.Send Asynchronous EventsJobDetail1 fireTime: 'Tue Feb 17 11:23:00 CST 2026 scheduledFireTime: Tue Feb 17 11:23:00 CST 2026 previousFireTime: 'null nextFireTime: Tue Feb 17 11:24:00 CST 2026 isRecovering: false refireCount: 0
[2m2026-02-17 11:23:00.064[0;39m [32m-DEBUG[0;39m [35m88555[0;39m [32m[0;39m [        default] [2m---[0;39m [2m[duler1_Worker-1][0;39m [36m.a.f.i.c.p.ExtendedJpaTransactionManager[0;39m [2m:[0;39m Creating new transaction with name [org.apache.fineract.infrastructure.jobs.service.SchedulerVetoer.veto]: PROPAGATION_REQUIRED,ISOLATION_READ_COMMITTED
[2m2026-02-17 11:23:00.065[0;39m [32m-DEBUG[0;39m [35m88555[0;39m [32m[0;39m [        default] [2m---[0;39m [2m[duler1_Worker-1][0;39m [36m.a.f.i.c.p.ExtendedJpaTransactionManager[0;39m [2m:[0;39m Opened new EntityManager [org.eclipse.persistence.internal.jpa.EntityManagerImpl@6c58c95a] for JPA transaction
[2m2026-02-17 11:23:00.070[0;39m [32m-DEBUG[0;39m [35m88555[0;39m [32m[0;39m [        default] [2m---[0;39m [2m[duler1_Worker-1][0;39m [36m.a.f.i.c.p.ExtendedJpaTransactionManager[0;39m [2m:[0;39m Exposing JPA transaction as JDBC [org.springframework.orm.jpa.vendor.EclipseLinkJpaDialect$EclipseLinkConnectionHandle@2534ee8f]
[2m2026-02-17 11:23:00.100[0;39m [32m-DEBUG[0;39m [35m88555[0;39m [32m[0;39m [        default] [2m---[0;39m [2m[duler1_Worker-1][0;39m [36m.a.f.i.c.p.ExtendedJpaTransactionManager[0;39m [2m:[0;39m Found thread-bound EntityManager [org.eclipse.persistence.internal.jpa.EntityManagerImpl@6c58c95a] for JPA transaction
[2m2026-02-17 11:23:00.100[0;39m [32m-DEBUG[0;39m [35m88555[0;39m [32m[0;39m [        default] [2m---[0;39m [2m[duler1_Worker-1][0;39m [36m.a.f.i.c.p.ExtendedJpaTransactionManager[0;39m [2m:[0;39m Participating in existing transaction
[2m2026-02-17 11:23:00.107[0;39m [32m-DEBUG[0;39m [35m88555[0;39m [32m[0;39m [        default] [2m---[0;39m [2m[duler1_Worker-1][0;39m [36m.a.f.i.c.p.ExtendedJpaTransactionManager[0;39m [2m:[0;39m Found thread-bound EntityManager [org.eclipse.persistence.internal.jpa.EntityManagerImpl@6c58c95a] for JPA transaction
[2m2026-02-17 11:23:00.108[0;39m [32m-DEBUG[0;39m [35m88555[0;39m [32m[0;39m [        default] [2m---[0;39m [2m[duler1_Worker-1][0;39m [36m.a.f.i.c.p.ExtendedJpaTransactionManager[0;39m [2m:[0;39m Participating in existing transaction
[2m2026-02-17 11:23:00.109[0;39m [32m-DEBUG[0;39m [35m88555[0;39m [32m[0;39m [        default] [2m---[0;39m [2m[duler1_Worker-1][0;39m [36m.a.f.i.c.p.ExtendedJpaTransactionManager[0;39m [2m:[0;39m Found thread-bound EntityManager [org.eclipse.persistence.internal.jpa.EntityManagerImpl@6c58c95a] for JPA transaction
[2m2026-02-17 11:23:00.109[0;39m [32m-DEBUG[0;39m [35m88555[0;39m [32m[0;39m [        default] [2m---[0;39m [2m[duler1_Worker-1][0;39m [36m.a.f.i.c.p.ExtendedJpaTransactionManager[0;39m [2m:[0;39m Participating in existing transaction
[2m2026-02-17 11:23:00.109[0;39m [32m-DEBUG[0;39m [35m88555[0;39m [32m[0;39m [        default] [2m---[0;39m [2m[duler1_Worker-1][0;39m [36m.a.f.i.c.p.ExtendedJpaTransactionManager[0;39m [2m:[0;39m Initiating transaction commit
[2m2026-02-17 11:23:00.109[0;39m [32m-DEBUG[0;39m [35m88555[0;39m [32m[0;39m [        default] [2m---[0;39m [2m[duler1_Worker-1][0;39m [36m.a.f.i.c.p.ExtendedJpaTransactionManager[0;39m [2m:[0;39m Committing JPA transaction on EntityManager [org.eclipse.persistence.internal.jpa.EntityManagerImpl@6c58c95a]
[2m2026-02-17 11:23:00.115[0;39m [32m-DEBUG[0;39m [35m88555[0;39m [32m[0;39m [        default] [2m---[0;39m [2m[duler1_Worker-1][0;39m [36m.a.f.i.c.p.ExtendedJpaTransactionManager[0;39m [2m:[0;39m Closing JPA EntityManager [org.eclipse.persistence.internal.jpa.EntityManagerImpl@6c58c95a] after transaction
[2m2026-02-17 11:23:00.152[0;39m [32m-DEBUG[0;39m [35m88555[0;39m [32m[0;39m [        default] [2m---[0;39m [2m[duler1_Worker-1][0;39m [36m.a.f.i.c.p.ExtendedJpaTransactionManager[0;39m [2m:[0;39m Creating new transaction with name [org.springframework.batch.core.repository.support.SimpleJobRepository.getLastJobExecution]: PROPAGATION_REQUIRES_NEW,ISOLATION_READ_COMMITTED
[2m2026-02-17 11:23:00.152[0;39m [32m-DEBUG[0;39m [35m88555[0;39m [32m[0;39m [        default] [2m---[0;39m [2m[duler1_Worker-1][0;39m [36m.a.f.i.c.p.ExtendedJpaTransactionManager[0;39m [2m:[0;39m Opened new EntityManager [org.eclipse.persistence.internal.jpa.EntityManagerImpl@49e15279] for JPA transaction
[2m2026-02-17 11:23:00.152[0;39m [32m-DEBUG[0;39m [35m88555[0;39m [32m[0;39m [        default] [2m---[0;39m [2m[duler1_Worker-1][0;39m [36m.a.f.i.c.p.ExtendedJpaTransactionManager[0;39m [2m:[0;39m Exposing JPA transaction as JDBC [org.springframework.orm.jpa.vendor.EclipseLinkJpaDialect$EclipseLinkConnectionHandle@222a187b]
[2m2026-02-17 11:23:00.154[0;39m [32m-DEBUG[0;39m [35m88555[0;39m [32m[0;39m [        default] [2m---[0;39m [2m[duler1_Worker-1][0;39m [36m.a.f.i.c.p.ExtendedJpaTransactionManager[0;39m [2m:[0;39m Initiating transaction commit
[2m2026-02-17 11:23:00.154[0;39m [32m-DEBUG[0;39m [35m88555[0;39m [32m[0;39m [        default] [2m---[0;39m [2m[duler1_Worker-1][0;39m [36m.a.f.i.c.p.ExtendedJpaTransactionManager[0;39m [2m:[0;39m Committing JPA transaction on EntityManager [org.eclipse.persistence.internal.jpa.EntityManagerImpl@49e15279]
[2m2026-02-17 11:23:00.155[0;39m [32m-DEBUG[0;39m [35m88555[0;39m [32m[0;39m [        default] [2m---[0;39m [2m[duler1_Worker-1][0;39m [36m.a.f.i.c.p.ExtendedJpaTransactionManager[0;39m [2m:[0;39m Closing JPA EntityManager [org.eclipse.persistence.internal.jpa.EntityManagerImpl@49e15279] after transaction
[2m2026-02-17 11:23:00.155[0;39m [32m-DEBUG[0;39m [35m88555[0;39m [32m[0;39m [        default] [2m---[0;39m [2m[duler1_Worker-1][0;39m [36m.a.f.i.c.p.ExtendedJpaTransactionManager[0;39m [2m:[0;39m Creating new transaction with name [org.springframework.batch.core.repository.support.SimpleJobRepository.createJobExecution]: PROPAGATION_REQUIRES_NEW,ISOLATION_READ_COMMITTED
[2m2026-02-17 11:23:00.155[0;39m [32m-DEBUG[0;39m [35m88555[0;39m [32m[0;39m [        default] [2m---[0;39m [2m[duler1_Worker-1][0;39m [36m.a.f.i.c.p.ExtendedJpaTransactionManager[0;39m [2m:[0;39m Opened new EntityManager [org.eclipse.persistence.internal.jpa.EntityManagerImpl@6a198911] for JPA transaction
[2m2026-02-17 11:23:00.155[0;39m [32m-DEBUG[0;39m [35m88555[0;39m [32m[0;39m [        default] [2m---[0;39m [2m[duler1_Worker-1][0;39m [36m.a.f.i.c.p.ExtendedJpaTransactionManager[0;39m [2m:[0;39m Exposing JPA transaction as JDBC [org.springframework.orm.jpa.vendor.EclipseLinkJpaDialect$EclipseLinkConnectionHandle@4e74f72d]
[2m2026-02-17 11:23:00.168[0;39m [32m-DEBUG[0;39m [35m88555[0;39m [32m[0;39m [        default] [2m---[0;39m [2m[duler1_Worker-1][0;39m [36m.a.f.i.c.p.ExtendedJpaTransactionManager[0;39m [2m:[0;39m Initiating transaction commit
[2m2026-02-17 11:23:00.168[0;39m [32m-DEBUG[0;39m [35m88555[0;39m [32m[0;39m [        default] [2m---[0;39m [2m[duler1_Worker-1][0;39m [36m.a.f.i.c.p.ExtendedJpaTransactionManager[0;39m [2m:[0;39m Committing JPA transaction on EntityManager [org.eclipse.persistence.internal.jpa.EntityManagerImpl@6a198911]
[2m2026-02-17 11:23:00.169[0;39m [32m-DEBUG[0;39m [35m88555[0;39m [32m[0;39m [        default] [2m---[0;39m [2m[duler1_Worker-1][0;39m [36m.a.f.i.c.p.ExtendedJpaTransactionManager[0;39m [2m:[0;39m Closing JPA EntityManager [org.eclipse.persistence.internal.jpa.EntityManagerImpl@6a198911] after transaction
[2m2026-02-17 11:23:00.170[0;39m [32m- INFO[0;39m [35m88555[0;39m [32m[0;39m [        default] [2m---[0;39m [2m[duler1_Worker-1][0;39m [36mo.s.b.c.l.s.TaskExecutorJobLauncher     [0;39m [2m:[0;39m Job: [SimpleJob: [name=SEND_ASYNCHRONOUS_EVENTS]] launched with the following parameters: [{'run.id':'{value=33700, type=class java.lang.Long, identifying=true}'}]
[2m2026-02-17 11:23:00.179[0;39m [32m-DEBUG[0;39m [35m88555[0;39m [32m[0;39m [        default] [2m---[0;39m [2m[duler1_Worker-1][0;39m [36m.a.f.i.c.p.ExtendedJpaTransactionManager[0;39m [2m:[0;39m Creating new transaction with name [org.springframework.batch.core.repository.support.SimpleJobRepository.update]: PROPAGATION_REQUIRED,ISOLATION_DEFAULT
[2m2026-02-17 11:23:00.179[0;39m [32m-DEBUG[0;39m [35m88555[0;39m [32m[0;39m [        default] [2m---[0;39m [2m[duler1_Worker-1][0;39m [36m.a.f.i.c.p.ExtendedJpaTransactionManager[0;39m [2m:[0;39m Opened new EntityManager [org.eclipse.persistence.internal.jpa.EntityManagerImpl@51c873df] for JPA transaction
[2m2026-02-17 11:23:00.179[0;39m [32m-DEBUG[0;39m [35m88555[0;39m [32m[0;39m [        default] [2m---[0;39m [2m[duler1_Worker-1][0;39m [36m.a.f.i.c.p.ExtendedJpaTransactionManager[0;39m [2m:[0;39m Exposing JPA transaction as JDBC [org.springframework.orm.jpa.vendor.EclipseLinkJpaDialect$EclipseLinkConnectionHandle@744b56e3]
[2m2026-02-17 11:23:00.181[0;39m [32m-DEBUG[0;39m [35m88555[0;39m [32m[0;39m [        default] [2m---[0;39m [2m[duler1_Worker-1][0;39m [36m.a.f.i.c.p.ExtendedJpaTransactionManager[0;39m [2m:[0;39m Initiating transaction commit
[2m2026-02-17 11:23:00.181[0;39m [32m-DEBUG[0;39m [35m88555[0;39m [32m[0;39m [        default] [2m---[0;39m [2m[duler1_Worker-1][0;39m [36m.a.f.i.c.p.ExtendedJpaTransactionManager[0;39m [2m:[0;39m Committing JPA transaction on EntityManager [org.eclipse.persistence.internal.jpa.EntityManagerImpl@51c873df]
[2m2026-02-17 11:23:00.182[0;39m [32m-DEBUG[0;39m [35m88555[0;39m [32m[0;39m [        default] [2m---[0;39m [2m[duler1_Worker-1][0;39m [36m.a.f.i.c.p.ExtendedJpaTransactionManager[0;39m [2m:[0;39m Closing JPA EntityManager [org.eclipse.persistence.internal.jpa.EntityManagerImpl@51c873df] after transaction
[2m2026-02-17 11:23:00.182[0;39m [32m-DEBUG[0;39m [35m88555[0;39m [32m[0;39m [        default] [2m---[0;39m [2m[duler1_Worker-1][0;39m [36m.a.f.i.c.p.ExtendedJpaTransactionManager[0;39m [2m:[0;39m Creating new transaction with name [org.springframework.batch.core.repository.support.SimpleJobRepository.getLastStepExecution]: PROPAGATION_REQUIRED,ISOLATION_DEFAULT
[2m2026-02-17 11:23:00.182[0;39m [32m-DEBUG[0;39m [35m88555[0;39m [32m[0;39m [        default] [2m---[0;39m [2m[duler1_Worker-1][0;39m [36m.a.f.i.c.p.ExtendedJpaTransactionManager[0;39m [2m:[0;39m Opened new EntityManager [org.eclipse.persistence.internal.jpa.EntityManagerImpl@7d6448af] for JPA transaction
[2m2026-02-17 11:23:00.182[0;39m [32m-DEBUG[0;39m [35m88555[0;39m [32m[0;39m [        default] [2m---[0;39m [2m[duler1_Worker-1][0;39m [36m.a.f.i.c.p.ExtendedJpaTransactionManager[0;39m [2m:[0;39m Exposing JPA transaction as JDBC [org.springframework.orm.jpa.vendor.EclipseLinkJpaDialect$EclipseLinkConnectionHandle@1295618a]
[2m2026-02-17 11:23:00.184[0;39m [32m-DEBUG[0;39m [35m88555[0;39m [32m[0;39m [        default] [2m---[0;39m [2m[duler1_Worker-1][0;39m [36m.a.f.i.c.p.ExtendedJpaTransactionManager[0;39m [2m:[0;39m Initiating transaction commit
[2m2026-02-17 11:23:00.184[0;39m [32m-DEBUG[0;39m [35m88555[0;39m [32m[0;39m [        default] [2m---[0;39m [2m[duler1_Worker-1][0;39m [36m.a.f.i.c.p.ExtendedJpaTransactionManager[0;39m [2m:[0;39m Committing JPA transaction on EntityManager [org.eclipse.persistence.internal.jpa.EntityManagerImpl@7d6448af]
[2m2026-02-17 11:23:00.184[0;39m [32m-DEBUG[0;39m [35m88555[0;39m [32m[0;39m [        default] [2m---[0;39m [2m[duler1_Worker-1][0;39m [36m.a.f.i.c.p.ExtendedJpaTransactionManager[0;39m [2m:[0;39m Closing JPA EntityManager [org.eclipse.persistence.internal.jpa.EntityManagerImpl@7d6448af] after transaction
[2m2026-02-17 11:23:00.184[0;39m [32m-DEBUG[0;39m [35m88555[0;39m [32m[0;39m [        default] [2m---[0;39m [2m[duler1_Worker-1][0;39m [36m.a.f.i.c.p.ExtendedJpaTransactionManager[0;39m [2m:[0;39m Creating new transaction with name [org.springframework.batch.core.repository.support.SimpleJobRepository.getStepExecutionCount]: PROPAGATION_REQUIRED,ISOLATION_DEFAULT
[2m2026-02-17 11:23:00.184[0;39m [32m-DEBUG[0;39m [35m88555[0;39m [32m[0;39m [        default] [2m---[0;39m [2m[duler1_Worker-1][0;39m [36m.a.f.i.c.p.ExtendedJpaTransactionManager[0;39m [2m:[0;39m Opened new EntityManager [org.eclipse.persistence.internal.jpa.EntityManagerImpl@2e030c3b] for JPA transaction
[2m2026-02-17 11:23:00.184[0;39m [32m-DEBUG[0;39m [35m88555[0;39m [32m[0;39m [        default] [2m---[0;39m [2m[duler1_Worker-1][0;39m [36m.a.f.i.c.p.ExtendedJpaTransactionManager[0;39m [2m:[0;39m Exposing JPA transaction as JDBC [org.springframework.orm.jpa.vendor.EclipseLinkJpaDialect$EclipseLinkConnectionHandle@71fd1864]
[2m2026-02-17 11:23:00.185[0;39m [32m-DEBUG[0;39m [35m88555[0;39m [32m[0;39m [        default] [2m---[0;39m [2m[duler1_Worker-1][0;39m [36m.a.f.i.c.p.ExtendedJpaTransactionManager[0;39m [2m:[0;39m Initiating transaction commit
[2m2026-02-17 11:23:00.185[0;39m [32m-DEBUG[0;39m [35m88555[0;39m [32m[0;39m [        default] [2m---[0;39m [2m[duler1_Worker-1][0;39m [36m.a.f.i.c.p.ExtendedJpaTransactionManager[0;39m [2m:[0;39m Committing JPA transaction on EntityManager [org.eclipse.persistence.internal.jpa.EntityManagerImpl@2e030c3b]
[2m2026-02-17 11:23:00.186[0;39m [32m-DEBUG[0;39m [35m88555[0;39m [32m[0;39m [        default] [2m---[0;39m [2m[duler1_Worker-1][0;39m [36m.a.f.i.c.p.ExtendedJpaTransactionManager[0;39m [2m:[0;39m Closing JPA EntityManager [org.eclipse.persistence.internal.jpa.EntityManagerImpl@2e030c3b] after transaction
[2m2026-02-17 11:23:00.186[0;39m [32m-DEBUG[0;39m [35m88555[0;39m [32m[0;39m [        default] [2m---[0;39m [2m[duler1_Worker-1][0;39m [36m.a.f.i.c.p.ExtendedJpaTransactionManager[0;39m [2m:[0;39m Creating new transaction with name [org.springframework.batch.core.repository.support.SimpleJobRepository.add]: PROPAGATION_REQUIRED,ISOLATION_DEFAULT
[2m2026-02-17 11:23:00.186[0;39m [32m-DEBUG[0;39m [35m88555[0;39m [32m[0;39m [        default] [2m---[0;39m [2m[duler1_Worker-1][0;39m [36m.a.f.i.c.p.ExtendedJpaTransactionManager[0;39m [2m:[0;39m Opened new EntityManager [org.eclipse.persistence.internal.jpa.EntityManagerImpl@5cbc7ec6] for JPA transaction
[2m2026-02-17 11:23:00.186[0;39m [32m-DEBUG[0;39m [35m88555[0;39m [32m[0;39m [        default] [2m---[0;39m [2m[duler1_Worker-1][0;39m [36m.a.f.i.c.p.ExtendedJpaTransactionManager[0;39m [2m:[0;39m Exposing JPA transaction as JDBC [org.springframework.orm.jpa.vendor.EclipseLinkJpaDialect$EclipseLinkConnectionHandle@1315feb]
[2m2026-02-17 11:23:00.189[0;39m [32m-DEBUG[0;39m [35m88555[0;39m [32m[0;39m [        default] [2m---[0;39m [2m[duler1_Worker-1][0;39m [36m.a.f.i.c.p.ExtendedJpaTransactionManager[0;39m [2m:[0;39m Initiating transaction commit
[2m2026-02-17 11:23:00.189[0;39m [32m-DEBUG[0;39m [35m88555[0;39m [32m[0;39m [        default] [2m---[0;39m [2m[duler1_Worker-1][0;39m [36m.a.f.i.c.p.ExtendedJpaTransactionManager[0;39m [2m:[0;39m Committing JPA transaction on EntityManager [org.eclipse.persistence.internal.jpa.EntityManagerImpl@5cbc7ec6]
[2m2026-02-17 11:23:00.190[0;39m [32m-DEBUG[0;39m [35m88555[0;39m [32m[0;39m [        default] [2m---[0;39m [2m[duler1_Worker-1][0;39m [36m.a.f.i.c.p.ExtendedJpaTransactionManager[0;39m [2m:[0;39m Closing JPA EntityManager [org.eclipse.persistence.internal.jpa.EntityManagerImpl@5cbc7ec6] after transaction
[2m2026-02-17 11:23:00.190[0;39m [32m- INFO[0;39m [35m88555[0;39m [32m[0;39m [        default] [2m---[0;39m [2m[duler1_Worker-1][0;39m [36mo.s.batch.core.job.SimpleStepHandler    [0;39m [2m:[0;39m Executing step: [SEND_ASYNCHRONOUS_EVENTS_STEP]
[2m2026-02-17 11:23:00.191[0;39m [32m-DEBUG[0;39m [35m88555[0;39m [32m[0;39m [        default] [2m---[0;39m [2m[duler1_Worker-1][0;39m [36m.a.f.i.c.p.ExtendedJpaTransactionManager[0;39m [2m:[0;39m Creating new transaction with name [org.springframework.batch.core.repository.support.SimpleJobRepository.update]: PROPAGATION_REQUIRED,ISOLATION_DEFAULT
[2m2026-02-17 11:23:00.191[0;39m [32m-DEBUG[0;39m [35m88555[0;39m [32m[0;39m [        default] [2m---[0;39m [2m[duler1_Worker-1][0;39m [36m.a.f.i.c.p.ExtendedJpaTransactionManager[0;39m [2m:[0;39m Opened new EntityManager [org.eclipse.persistence.internal.jpa.EntityManagerImpl@327b841f] for JPA transaction
[2m2026-02-17 11:23:00.191[0;39m [32m-DEBUG[0;39m [35m88555[0;39m [32m[0;39m [        default] [2m---[0;39m [2m[duler1_Worker-1][0;39m [36m.a.f.i.c.p.ExtendedJpaTransactionManager[0;39m [2m:[0;39m Exposing JPA transaction as JDBC [org.springframework.orm.jpa.vendor.EclipseLinkJpaDialect$EclipseLinkConnectionHandle@55e5e6f5]
[2m2026-02-17 11:23:00.192[0;39m [32m-DEBUG[0;39m [35m88555[0;39m [32m[0;39m [        default] [2m---[0;39m [2m[duler1_Worker-1][0;39m [36m.a.f.i.c.p.ExtendedJpaTransactionManager[0;39m [2m:[0;39m Initiating transaction commit
[2m2026-02-17 11:23:00.192[0;39m [32m-DEBUG[0;39m [35m88555[0;39m [32m[0;39m [        default] [2m---[0;39m [2m[duler1_Worker-1][0;39m [36m.a.f.i.c.p.ExtendedJpaTransactionManager[0;39m [2m:[0;39m Committing JPA transaction on EntityManager [org.eclipse.persistence.internal.jpa.EntityManagerImpl@327b841f]
[2m2026-02-17 11:23:00.192[0;39m [32m-DEBUG[0;39m [35m88555[0;39m [32m[0;39m [        default] [2m---[0;39m [2m[duler1_Worker-1][0;39m [36m.a.f.i.c.p.ExtendedJpaTransactionManager[0;39m [2m:[0;39m Closing JPA EntityManager [org.eclipse.persistence.internal.jpa.EntityManagerImpl@327b841f] after transaction
[2m2026-02-17 11:23:00.196[0;39m [32m-DEBUG[0;39m [35m88555[0;39m [32m[0;39m [        default] [2m---[0;39m [2m[duler1_Worker-1][0;39m [36m.a.f.i.c.p.ExtendedJpaTransactionManager[0;39m [2m:[0;39m Creating new transaction with name [org.springframework.batch.core.repository.support.SimpleJobRepository.updateExecutionContext]: PROPAGATION_REQUIRED,ISOLATION_DEFAULT
[2m2026-02-17 11:23:00.196[0;39m [32m-DEBUG[0;39m [35m88555[0;39m [32m[0;39m [        default] [2m---[0;39m [2m[duler1_Worker-1][0;39m [36m.a.f.i.c.p.ExtendedJpaTransactionManager[0;39m [2m:[0;39m Opened new EntityManager [org.eclipse.persistence.internal.jpa.EntityManagerImpl@3f60a472] for JPA transaction
[2m2026-02-17 11:23:00.197[0;39m [32m-DEBUG[0;39m [35m88555[0;39m [32m[0;39m [        default] [2m---[0;39m [2m[duler1_Worker-1][0;39m [36m.a.f.i.c.p.ExtendedJpaTransactionManager[0;39m [2m:[0;39m Exposing JPA transaction as JDBC [org.springframework.orm.jpa.vendor.EclipseLinkJpaDialect$EclipseLinkConnectionHandle@1ffbdab1]
[2m2026-02-17 11:23:00.197[0;39m [32m-DEBUG[0;39m [35m88555[0;39m [32m[0;39m [        default] [2m---[0;39m [2m[duler1_Worker-1][0;39m [36m.a.f.i.c.p.ExtendedJpaTransactionManager[0;39m [2m:[0;39m Initiating transaction commit
[2m2026-02-17 11:23:00.197[0;39m [32m-DEBUG[0;39m [35m88555[0;39m [32m[0;39m [        default] [2m---[0;39m [2m[duler1_Worker-1][0;39m [36m.a.f.i.c.p.ExtendedJpaTransactionManager[0;39m [2m:[0;39m Committing JPA transaction on EntityManager [org.eclipse.persistence.internal.jpa.EntityManagerImpl@3f60a472]
[2m2026-02-17 11:23:00.198[0;39m [32m-DEBUG[0;39m [35m88555[0;39m [32m[0;39m [        default] [2m---[0;39m [2m[duler1_Worker-1][0;39m [36m.a.f.i.c.p.ExtendedJpaTransactionManager[0;39m [2m:[0;39m Closing JPA EntityManager [org.eclipse.persistence.internal.jpa.EntityManagerImpl@3f60a472] after transaction
[2m2026-02-17 11:23:00.202[0;39m [32m-DEBUG[0;39m [35m88555[0;39m [32m[0;39m [        default] [2m---[0;39m [2m[duler1_Worker-1][0;39m [36m.a.f.i.c.p.ExtendedJpaTransactionManager[0;39m [2m:[0;39m Creating new transaction with name [null]: PROPAGATION_REQUIRED,ISOLATION_DEFAULT
[2m2026-02-17 11:23:00.202[0;39m [32m-DEBUG[0;39m [35m88555[0;39m [32m[0;39m [        default] [2m---[0;39m [2m[duler1_Worker-1][0;39m [36m.a.f.i.c.p.ExtendedJpaTransactionManager[0;39m [2m:[0;39m Opened new EntityManager [org.eclipse.persistence.internal.jpa.EntityManagerImpl@739c56e] for JPA transaction
[2m2026-02-17 11:23:00.202[0;39m [32m-DEBUG[0;39m [35m88555[0;39m [32m[0;39m [        default] [2m---[0;39m [2m[duler1_Worker-1][0;39m [36m.a.f.i.c.p.ExtendedJpaTransactionManager[0;39m [2m:[0;39m Exposing JPA transaction as JDBC [org.springframework.orm.jpa.vendor.EclipseLinkJpaDialect$EclipseLinkConnectionHandle@4e685511]
[2m2026-02-17 11:23:00.203[0;39m [32m-DEBUG[0;39m [35m88555[0;39m [32m[0;39m [        default] [2m---[0;39m [2m[duler1_Worker-1][0;39m [36m.a.f.i.c.p.ExtendedJpaTransactionManager[0;39m [2m:[0;39m Found thread-bound EntityManager [org.eclipse.persistence.internal.jpa.EntityManagerImpl@739c56e] for JPA transaction
[2m2026-02-17 11:23:00.203[0;39m [32m-DEBUG[0;39m [35m88555[0;39m [32m[0;39m [        default] [2m---[0;39m [2m[duler1_Worker-1][0;39m [36m.a.f.i.c.p.ExtendedJpaTransactionManager[0;39m [2m:[0;39m Participating in existing transaction
[2m2026-02-17 11:23:00.204[0;39m [32m-DEBUG[0;39m [35m88555[0;39m [32m[0;39m [        default] [2m---[0;39m [2m[duler1_Worker-1][0;39m [36m.a.f.i.c.p.ExtendedJpaTransactionManager[0;39m [2m:[0;39m Found thread-bound EntityManager [org.eclipse.persistence.internal.jpa.EntityManagerImpl@739c56e] for JPA transaction
[2m2026-02-17 11:23:00.204[0;39m [32m-DEBUG[0;39m [35m88555[0;39m [32m[0;39m [        default] [2m---[0;39m [2m[duler1_Worker-1][0;39m [36m.a.f.i.c.p.ExtendedJpaTransactionManager[0;39m [2m:[0;39m Participating in existing transaction
[2m2026-02-17 11:23:00.205[0;39m [32m-DEBUG[0;39m [35m88555[0;39m [32m[0;39m [        default] [2m---[0;39m [2m[duler1_Worker-1][0;39m [36m.a.f.i.c.p.ExtendedJpaTransactionManager[0;39m [2m:[0;39m Initiating transaction commit
[2m2026-02-17 11:23:00.205[0;39m [32m-DEBUG[0;39m [35m88555[0;39m [32m[0;39m [        default] [2m---[0;39m [2m[duler1_Worker-1][0;39m [36m.a.f.i.c.p.ExtendedJpaTransactionManager[0;39m [2m:[0;39m Committing JPA transaction on EntityManager [org.eclipse.persistence.internal.jpa.EntityManagerImpl@739c56e]
[2m2026-02-17 11:23:00.205[0;39m [32m-DEBUG[0;39m [35m88555[0;39m [32m[0;39m [        default] [2m---[0;39m [2m[duler1_Worker-1][0;39m [36m.a.f.i.c.p.ExtendedJpaTransactionManager[0;39m [2m:[0;39m Closing JPA EntityManager [org.eclipse.persistence.internal.jpa.EntityManagerImpl@739c56e] after transaction
[2m2026-02-17 11:23:00.205[0;39m [32m- INFO[0;39m [35m88555[0;39m [32m[0;39m [        default] [2m---[0;39m [2m[duler1_Worker-1][0;39m [36mo.s.batch.core.step.AbstractStep        [0;39m [2m:[0;39m Step: [SEND_ASYNCHRONOUS_EVENTS_STEP] executed in 15ms
[2m2026-02-17 11:23:00.205[0;39m [32m-DEBUG[0;39m [35m88555[0;39m [32m[0;39m [        default] [2m---[0;39m [2m[duler1_Worker-1][0;39m [36m.a.f.i.c.p.ExtendedJpaTransactionManager[0;39m [2m:[0;39m Creating new transaction with name [org.springframework.batch.core.repository.support.SimpleJobRepository.updateExecutionContext]: PROPAGATION_REQUIRED,ISOLATION_DEFAULT
[2m2026-02-17 11:23:00.205[0;39m [32m-DEBUG[0;39m [35m88555[0;39m [32m[0;39m [        default] [2m---[0;39m [2m[duler1_Worker-1][0;39m [36m.a.f.i.c.p.ExtendedJpaTransactionManager[0;39m [2m:[0;39m Opened new EntityManager [org.eclipse.persistence.internal.jpa.EntityManagerImpl@682f27c4] for JPA transaction
[2m2026-02-17 11:23:00.205[0;39m [32m-DEBUG[0;39m [35m88555[0;39m [32m[0;39m [        default] [2m---[0;39m [2m[duler1_Worker-1][0;39m [36m.a.f.i.c.p.ExtendedJpaTransactionManager[0;39m [2m:[0;39m Exposing JPA transaction as JDBC [org.springframework.orm.jpa.vendor.EclipseLinkJpaDialect$EclipseLinkConnectionHandle@64e3270d]
[2m2026-02-17 11:23:00.206[0;39m [32m-DEBUG[0;39m [35m88555[0;39m [32m[0;39m [        default] [2m---[0;39m [2m[duler1_Worker-1][0;39m [36m.a.f.i.c.p.ExtendedJpaTransactionManager[0;39m [2m:[0;39m Initiating transaction commit
[2m2026-02-17 11:23:00.206[0;39m [32m-DEBUG[0;39m [35m88555[0;39m [32m[0;39m [        default] [2m---[0;39m [2m[duler1_Worker-1][0;39m [36m.a.f.i.c.p.ExtendedJpaTransactionManager[0;39m [2m:[0;39m Committing JPA transaction on EntityManager [org.eclipse.persistence.internal.jpa.EntityManagerImpl@682f27c4]
[2m2026-02-17 11:23:00.206[0;39m [32m-DEBUG[0;39m [35m88555[0;39m [32m[0;39m [        default] [2m---[0;39m [2m[duler1_Worker-1][0;39m [36m.a.f.i.c.p.ExtendedJpaTransactionManager[0;39m [2m:[0;39m Closing JPA EntityManager [org.eclipse.persistence.internal.jpa.EntityManagerImpl@682f27c4] after transaction
[2m2026-02-17 11:23:00.206[0;39m [32m-DEBUG[0;39m [35m88555[0;39m [32m[0;39m [        default] [2m---[0;39m [2m[duler1_Worker-1][0;39m [36m.a.f.i.c.p.ExtendedJpaTransactionManager[0;39m [2m:[0;39m Creating new transaction with name [org.springframework.batch.core.repository.support.SimpleJobRepository.update]: PROPAGATION_REQUIRED,ISOLATION_DEFAULT
[2m2026-02-17 11:23:00.206[0;39m [32m-DEBUG[0;39m [35m88555[0;39m [32m[0;39m [        default] [2m---[0;39m [2m[duler1_Worker-1][0;39m [36m.a.f.i.c.p.ExtendedJpaTransactionManager[0;39m [2m:[0;39m Opened new EntityManager [org.eclipse.persistence.internal.jpa.EntityManagerImpl@1c00e4df] for JPA transaction
[2m2026-02-17 11:23:00.206[0;39m [32m-DEBUG[0;39m [35m88555[0;39m [32m[0;39m [        default] [2m---[0;39m [2m[duler1_Worker-1][0;39m [36m.a.f.i.c.p.ExtendedJpaTransactionManager[0;39m [2m:[0;39m Exposing JPA transaction as JDBC [org.springframework.orm.jpa.vendor.EclipseLinkJpaDialect$EclipseLinkConnectionHandle@1950aef2]
[2m2026-02-17 11:23:00.207[0;39m [32m-DEBUG[0;39m [35m88555[0;39m [32m[0;39m [        default] [2m---[0;39m [2m[duler1_Worker-1][0;39m [36m.a.f.i.c.p.ExtendedJpaTransactionManager[0;39m [2m:[0;39m Initiating transaction commit
[2m2026-02-17 11:23:00.207[0;39m [32m-DEBUG[0;39m [35m88555[0;39m [32m[0;39m [        default] [2m---[0;39m [2m[duler1_Worker-1][0;39m [36m.a.f.i.c.p.ExtendedJpaTransactionManager[0;39m [2m:[0;39m Committing JPA transaction on EntityManager [org.eclipse.persistence.internal.jpa.EntityManagerImpl@1c00e4df]
[2m2026-02-17 11:23:00.207[0;39m [32m-DEBUG[0;39m [35m88555[0;39m [32m[0;39m [        default] [2m---[0;39m [2m[duler1_Worker-1][0;39m [36m.a.f.i.c.p.ExtendedJpaTransactionManager[0;39m [2m:[0;39m Closing JPA EntityManager [org.eclipse.persistence.internal.jpa.EntityManagerImpl@1c00e4df] after transaction
[2m2026-02-17 11:23:00.207[0;39m [32m-DEBUG[0;39m [35m88555[0;39m [32m[0;39m [        default] [2m---[0;39m [2m[duler1_Worker-1][0;39m [36m.a.f.i.c.p.ExtendedJpaTransactionManager[0;39m [2m:[0;39m Creating new transaction with name [org.springframework.batch.core.repository.support.SimpleJobRepository.updateExecutionContext]: PROPAGATION_REQUIRED,ISOLATION_DEFAULT
[2m2026-02-17 11:23:00.207[0;39m [32m-DEBUG[0;39m [35m88555[0;39m [32m[0;39m [        default] [2m---[0;39m [2m[duler1_Worker-1][0;39m [36m.a.f.i.c.p.ExtendedJpaTransactionManager[0;39m [2m:[0;39m Opened new EntityManager [org.eclipse.persistence.internal.jpa.EntityManagerImpl@8d0bb1b] for JPA transaction
[2m2026-02-17 11:23:00.207[0;39m [32m-DEBUG[0;39m [35m88555[0;39m [32m[0;39m [        default] [2m---[0;39m [2m[duler1_Worker-1][0;39m [36m.a.f.i.c.p.ExtendedJpaTransactionManager[0;39m [2m:[0;39m Exposing JPA transaction as JDBC [org.springframework.orm.jpa.vendor.EclipseLinkJpaDialect$EclipseLinkConnectionHandle@75f63e43]
[2m2026-02-17 11:23:00.208[0;39m [32m-DEBUG[0;39m [35m88555[0;39m [32m[0;39m [        default] [2m---[0;39m [2m[duler1_Worker-1][0;39m [36m.a.f.i.c.p.ExtendedJpaTransactionManager[0;39m [2m:[0;39m Initiating transaction commit
[2m2026-02-17 11:23:00.209[0;39m [32m-DEBUG[0;39m [35m88555[0;39m [32m[0;39m [        default] [2m---[0;39m [2m[duler1_Worker-1][0;39m [36m.a.f.i.c.p.ExtendedJpaTransactionManager[0;39m [2m:[0;39m Committing JPA transaction on EntityManager [org.eclipse.persistence.internal.jpa.EntityManagerImpl@8d0bb1b]
[2m2026-02-17 11:23:00.209[0;39m [32m-DEBUG[0;39m [35m88555[0;39m [32m[0;39m [        default] [2m---[0;39m [2m[duler1_Worker-1][0;39m [36m.a.f.i.c.p.ExtendedJpaTransactionManager[0;39m [2m:[0;39m Closing JPA EntityManager [org.eclipse.persistence.internal.jpa.EntityManagerImpl@8d0bb1b] after transaction
[2m2026-02-17 11:23:00.209[0;39m [32m-DEBUG[0;39m [35m88555[0;39m [32m[0;39m [        default] [2m---[0;39m [2m[duler1_Worker-1][0;39m [36m.a.f.i.c.p.ExtendedJpaTransactionManager[0;39m [2m:[0;39m Creating new transaction with name [org.springframework.batch.core.repository.support.SimpleJobRepository.update]: PROPAGATION_REQUIRED,ISOLATION_DEFAULT
[2m2026-02-17 11:23:00.209[0;39m [32m-DEBUG[0;39m [35m88555[0;39m [32m[0;39m [        default] [2m---[0;39m [2m[duler1_Worker-1][0;39m [36m.a.f.i.c.p.ExtendedJpaTransactionManager[0;39m [2m:[0;39m Opened new EntityManager [org.eclipse.persistence.internal.jpa.EntityManagerImpl@7ff56b1d] for JPA transaction
[2m2026-02-17 11:23:00.209[0;39m [32m-DEBUG[0;39m [35m88555[0;39m [32m[0;39m [        default] [2m---[0;39m [2m[duler1_Worker-1][0;39m [36m.a.f.i.c.p.ExtendedJpaTransactionManager[0;39m [2m:[0;39m Exposing JPA transaction as JDBC [org.springframework.orm.jpa.vendor.EclipseLinkJpaDialect$EclipseLinkConnectionHandle@3b354686]
[2m2026-02-17 11:23:00.210[0;39m [32m-DEBUG[0;39m [35m88555[0;39m [32m[0;39m [        default] [2m---[0;39m [2m[duler1_Worker-1][0;39m [36m.a.f.i.c.p.ExtendedJpaTransactionManager[0;39m [2m:[0;39m Initiating transaction commit
[2m2026-02-17 11:23:00.210[0;39m [32m-DEBUG[0;39m [35m88555[0;39m [32m[0;39m [        default] [2m---[0;39m [2m[duler1_Worker-1][0;39m [36m.a.f.i.c.p.ExtendedJpaTransactionManager[0;39m [2m:[0;39m Committing JPA transaction on EntityManager [org.eclipse.persistence.internal.jpa.EntityManagerImpl@7ff56b1d]
[2m2026-02-17 11:23:00.211[0;39m [32m-DEBUG[0;39m [35m88555[0;39m [32m[0;39m [        default] [2m---[0;39m [2m[duler1_Worker-1][0;39m [36m.a.f.i.c.p.ExtendedJpaTransactionManager[0;39m [2m:[0;39m Closing JPA EntityManager [org.eclipse.persistence.internal.jpa.EntityManagerImpl@7ff56b1d] after transaction
[2m2026-02-17 11:23:00.211[0;39m [32m- INFO[0;39m [35m88555[0;39m [32m[0;39m [        default] [2m---[0;39m [2m[duler1_Worker-1][0;39m [36mo.s.b.c.l.s.TaskExecutorJobLauncher     [0;39m [2m:[0;39m Job: [SimpleJob: [name=SEND_ASYNCHRONOUS_EVENTS]] completed with the following parameters: [{'run.id':'{value=33700, type=class java.lang.Long, identifying=true}'}] and the following status: [COMPLETED] in 29ms
[2m2026-02-17 11:23:00.240[0;39m [32m-DEBUG[0;39m [35m88555[0;39m [32m[0;39m [        default] [2m---[0;39m [2m[duler1_Worker-1][0;39m [36m.a.f.i.c.p.ExtendedJpaTransactionManager[0;39m [2m:[0;39m Creating new transaction with name [org.apache.fineract.infrastructure.jobs.service.SchedularWritePlatformServiceJpaRepositoryImpl.saveOrUpdate]: PROPAGATION_REQUIRED,ISOLATION_DEFAULT
[2m2026-02-17 11:23:00.240[0;39m [32m-DEBUG[0;39m [35m88555[0;39m [32m[0;39m [        default] [2m---[0;39m [2m[duler1_Worker-1][0;39m [36m.a.f.i.c.p.ExtendedJpaTransactionManager[0;39m [2m:[0;39m Opened new EntityManager [org.eclipse.persistence.internal.jpa.EntityManagerImpl@583e0a2a] for JPA transaction
[2m2026-02-17 11:23:00.240[0;39m [32m-DEBUG[0;39m [35m88555[0;39m [32m[0;39m [        default] [2m---[0;39m [2m[duler1_Worker-1][0;39m [36m.a.f.i.c.p.ExtendedJpaTransactionManager[0;39m [2m:[0;39m Exposing JPA transaction as JDBC [org.springframework.orm.jpa.vendor.EclipseLinkJpaDialect$EclipseLinkConnectionHandle@2d9d58bb]
[2m2026-02-17 11:23:00.241[0;39m [32m-DEBUG[0;39m [35m88555[0;39m [32m[0;39m [        default] [2m---[0;39m [2m[duler1_Worker-1][0;39m [36m.a.f.i.c.p.ExtendedJpaTransactionManager[0;39m [2m:[0;39m Found thread-bound EntityManager [org.eclipse.persistence.internal.jpa.EntityManagerImpl@583e0a2a] for JPA transaction
[2m2026-02-17 11:23:00.241[0;39m [32m-DEBUG[0;39m [35m88555[0;39m [32m[0;39m [        default] [2m---[0;39m [2m[duler1_Worker-1][0;39m [36m.a.f.i.c.p.ExtendedJpaTransactionManager[0;39m [2m:[0;39m Participating in existing transaction
[2m2026-02-17 11:23:00.242[0;39m [32m-DEBUG[0;39m [35m88555[0;39m [32m[0;39m [        default] [2m---[0;39m [2m[duler1_Worker-1][0;39m [36m.a.f.i.c.p.ExtendedJpaTransactionManager[0;39m [2m:[0;39m Found thread-bound EntityManager [org.eclipse.persistence.internal.jpa.EntityManagerImpl@583e0a2a] for JPA transaction
[2m2026-02-17 11:23:00.242[0;39m [32m-DEBUG[0;39m [35m88555[0;39m [32m[0;39m [        default] [2m---[0;39m [2m[duler1_Worker-1][0;39m [36m.a.f.i.c.p.ExtendedJpaTransactionManager[0;39m [2m:[0;39m Participating in existing transaction
[2m2026-02-17 11:23:00.246[0;39m [32m-DEBUG[0;39m [35m88555[0;39m [32m[0;39m [        default] [2m---[0;39m [2m[duler1_Worker-1][0;39m [36m.a.f.i.c.p.ExtendedJpaTransactionManager[0;39m [2m:[0;39m Initiating transaction commit
[2m2026-02-17 11:23:00.246[0;39m [32m-DEBUG[0;39m [35m88555[0;39m [32m[0;39m [        default] [2m---[0;39m [2m[duler1_Worker-1][0;39m [36m.a.f.i.c.p.ExtendedJpaTransactionManager[0;39m [2m:[0;39m Committing JPA transaction on EntityManager [org.eclipse.persistence.internal.jpa.EntityManagerImpl@583e0a2a]
[2m2026-02-17 11:23:00.250[0;39m [32m-DEBUG[0;39m [35m88555[0;39m [32m[0;39m [        default] [2m---[0;39m [2m[duler1_Worker-1][0;39m [36m.a.f.i.c.p.ExtendedJpaTransactionManager[0;39m [2m:[0;39m Closing JPA EntityManager [org.eclipse.persistence.internal.jpa.EntityManagerImpl@583e0a2a] after transaction
[2m2026-02-17 11:23:00.251[0;39m [32m-DEBUG[0;39m [35m88555[0;39m [32m[0;39m [      no-tenant] [2m---[0;39m [2m[duler1_Worker-1][0;39m [36mo.a.f.i.j.s.SchedulerTriggerListener    [0;39m [2m:[0;39m triggerComplete() trigger=Trigger 'DEFAULT.Send Asynchronous EventsTrigger1':  triggerClass: 'org.quartz.impl.triggers.CronTriggerImpl calendar: 'null' misfireInstruction: 0 nextFireTime: Tue Feb 17 11:24:00 CST 2026, context=JobExecutionContext: trigger: 'DEFAULT.Send Asynchronous EventsTrigger1 job: DEFAULT.Send Asynchronous EventsJobDetail1 fireTime: 'Tue Feb 17 11:23:00 CST 2026 scheduledFireTime: Tue Feb 17 11:23:00 CST 2026 previousFireTime: 'null nextFireTime: Tue Feb 17 11:24:00 CST 2026 isRecovering: false refireCount: 0, completedExecutionInstruction=NOOP
[2m2026-02-17 11:24:00.006[0;39m [32m-DEBUG[0;39m [35m88555[0;39m [32m[0;39m [      no-tenant] [2m---[0;39m [2m[duler1_Worker-2][0;39m [36mo.a.f.i.j.s.SchedulerTriggerListener    [0;39m [2m:[0;39m triggerFired() trigger=Trigger 'DEFAULT.Send Asynchronous EventsTrigger1':  triggerClass: 'org.quartz.impl.triggers.CronTriggerImpl calendar: 'null' misfireInstruction: 0 nextFireTime: Tue Feb 17 11:25:00 CST 2026, context=JobExecutionContext: trigger: 'DEFAULT.Send Asynchronous EventsTrigger1 job: DEFAULT.Send Asynchronous EventsJobDetail1 fireTime: 'Tue Feb 17 11:24:00 CST 2026 scheduledFireTime: Tue Feb 17 11:24:00 CST 2026 previousFireTime: 'Tue Feb 17 11:23:00 CST 2026 nextFireTime: Tue Feb 17 11:25:00 CST 2026 isRecovering: false refireCount: 0
[2m2026-02-17 11:24:00.028[0;39m [32m-DEBUG[0;39m [35m88555[0;39m [32m[0;39m [        default] [2m---[0;39m [2m[duler1_Worker-2][0;39m [36m.a.f.i.c.p.ExtendedJpaTransactionManager[0;39m [2m:[0;39m Creating new transaction with name [org.apache.fineract.infrastructure.jobs.service.SchedulerVetoer.veto]: PROPAGATION_REQUIRED,ISOLATION_READ_COMMITTED
[2m2026-02-17 11:24:00.029[0;39m [32m-DEBUG[0;39m [35m88555[0;39m [32m[0;39m [        default] [2m---[0;39m [2m[duler1_Worker-2][0;39m [36m.a.f.i.c.p.ExtendedJpaTransactionManager[0;39m [2m:[0;39m Opened new EntityManager [org.eclipse.persistence.internal.jpa.EntityManagerImpl@600488be] for JPA transaction
[2m2026-02-17 11:24:00.033[0;39m [32m-DEBUG[0;39m [35m88555[0;39m [32m[0;39m [        default] [2m---[0;39m [2m[duler1_Worker-2][0;39m [36m.a.f.i.c.p.ExtendedJpaTransactionManager[0;39m [2m:[0;39m Exposing JPA transaction as JDBC [org.springframework.orm.jpa.vendor.EclipseLinkJpaDialect$EclipseLinkConnectionHandle@6afce3ce]
[2m2026-02-17 11:24:00.047[0;39m [32m-DEBUG[0;39m [35m88555[0;39m [32m[0;39m [        default] [2m---[0;39m [2m[duler1_Worker-2][0;39m [36m.a.f.i.c.p.ExtendedJpaTransactionManager[0;39m [2m:[0;39m Found thread-bound EntityManager [org.eclipse.persistence.internal.jpa.EntityManagerImpl@600488be] for JPA transaction
[2m2026-02-17 11:24:00.047[0;39m [32m-DEBUG[0;39m [35m88555[0;39m [32m[0;39m [        default] [2m---[0;39m [2m[duler1_Worker-2][0;39m [36m.a.f.i.c.p.ExtendedJpaTransactionManager[0;39m [2m:[0;39m Participating in existing transaction
[2m2026-02-17 11:24:00.050[0;39m [32m-DEBUG[0;39m [35m88555[0;39m [32m[0;39m [        default] [2m---[0;39m [2m[duler1_Worker-2][0;39m [36m.a.f.i.c.p.ExtendedJpaTransactionManager[0;39m [2m:[0;39m Found thread-bound EntityManager [org.eclipse.persistence.internal.jpa.EntityManagerImpl@600488be] for JPA transaction
[2m2026-02-17 11:24:00.050[0;39m [32m-DEBUG[0;39m [35m88555[0;39m [32m[0;39m [        default] [2m---[0;39m [2m[duler1_Worker-2][0;39m [36m.a.f.i.c.p.ExtendedJpaTransactionManager[0;39m [2m:[0;39m Participating in existing transaction
[2m2026-02-17 11:24:00.054[0;39m [32m-DEBUG[0;39m [35m88555[0;39m [32m[0;39m [        default] [2m---[0;39m [2m[duler1_Worker-2][0;39m [36m.a.f.i.c.p.ExtendedJpaTransactionManager[0;39m [2m:[0;39m Found thread-bound EntityManager [org.eclipse.persistence.internal.jpa.EntityManagerImpl@600488be] for JPA transaction
[2m2026-02-17 11:24:00.054[0;39m [32m-DEBUG[0;39m [35m88555[0;39m [32m[0;39m [        default] [2m---[0;39m [2m[duler1_Worker-2][0;39m [36m.a.f.i.c.p.ExtendedJpaTransactionManager[0;39m [2m:[0;39m Participating in existing transaction
[2m2026-02-17 11:24:00.054[0;39m [32m-DEBUG[0;39m [35m88555[0;39m [32m[0;39m [        default] [2m---[0;39m [2m[duler1_Worker-2][0;39m [36m.a.f.i.c.p.ExtendedJpaTransactionManager[0;39m [2m:[0;39m Initiating transaction commit
[2m2026-02-17 11:24:00.054[0;39m [32m-DEBUG[0;39m [35m88555[0;39m [32m[0;39m [        default] [2m---[0;39m [2m[duler1_Worker-2][0;39m [36m.a.f.i.c.p.ExtendedJpaTransactionManager[0;39m [2m:[0;39m Committing JPA transaction on EntityManager [org.eclipse.persistence.internal.jpa.EntityManagerImpl@600488be]
[2m2026-02-17 11:24:00.070[0;39m [32m-DEBUG[0;39m [35m88555[0;39m [32m[0;39m [        default] [2m---[0;39m [2m[duler1_Worker-2][0;39m [36m.a.f.i.c.p.ExtendedJpaTransactionManager[0;39m [2m:[0;39m Closing JPA EntityManager [org.eclipse.persistence.internal.jpa.EntityManagerImpl@600488be] after transaction
[2m2026-02-17 11:24:00.083[0;39m [32m-DEBUG[0;39m [35m88555[0;39m [32m[0;39m [        default] [2m---[0;39m [2m[duler1_Worker-2][0;39m [36m.a.f.i.c.p.ExtendedJpaTransactionManager[0;39m [2m:[0;39m Creating new transaction with name [org.springframework.batch.core.repository.support.SimpleJobRepository.getLastJobExecution]: PROPAGATION_REQUIRES_NEW,ISOLATION_READ_COMMITTED
[2m2026-02-17 11:24:00.083[0;39m [32m-DEBUG[0;39m [35m88555[0;39m [32m[0;39m [        default] [2m---[0;39m [2m[duler1_Worker-2][0;39m [36m.a.f.i.c.p.ExtendedJpaTransactionManager[0;39m [2m:[0;39m Opened new EntityManager [org.eclipse.persistence.internal.jpa.EntityManagerImpl@716588e5] for JPA transaction
[2m2026-02-17 11:24:00.084[0;39m [32m-DEBUG[0;39m [35m88555[0;39m [32m[0;39m [        default] [2m---[0;39m [2m[duler1_Worker-2][0;39m [36m.a.f.i.c.p.ExtendedJpaTransactionManager[0;39m [2m:[0;39m Exposing JPA transaction as JDBC [org.springframework.orm.jpa.vendor.EclipseLinkJpaDialect$EclipseLinkConnectionHandle@70506631]
[2m2026-02-17 11:24:00.084[0;39m [32m-DEBUG[0;39m [35m88555[0;39m [32m[0;39m [        default] [2m---[0;39m [2m[duler1_Worker-2][0;39m [36m.a.f.i.c.p.ExtendedJpaTransactionManager[0;39m [2m:[0;39m Initiating transaction commit
[2m2026-02-17 11:24:00.084[0;39m [32m-DEBUG[0;39m [35m88555[0;39m [32m[0;39m [        default] [2m---[0;39m [2m[duler1_Worker-2][0;39m [36m.a.f.i.c.p.ExtendedJpaTransactionManager[0;39m [2m:[0;39m Committing JPA transaction on EntityManager [org.eclipse.persistence.internal.jpa.EntityManagerImpl@716588e5]
[2m2026-02-17 11:24:00.085[0;39m [32m-DEBUG[0;39m [35m88555[0;39m [32m[0;39m [        default] [2m---[0;39m [2m[duler1_Worker-2][0;39m [36m.a.f.i.c.p.ExtendedJpaTransactionManager[0;39m [2m:[0;39m Closing JPA EntityManager [org.eclipse.persistence.internal.jpa.EntityManagerImpl@716588e5] after transaction
[2m2026-02-17 11:24:00.085[0;39m [32m-DEBUG[0;39m [35m88555[0;39m [32m[0;39m [        default] [2m---[0;39m [2m[duler1_Worker-2][0;39m [36m.a.f.i.c.p.ExtendedJpaTransactionManager[0;39m [2m:[0;39m Creating new transaction with name [org.springframework.batch.core.repository.support.SimpleJobRepository.createJobExecution]: PROPAGATION_REQUIRES_NEW,ISOLATION_READ_COMMITTED
[2m2026-02-17 11:24:00.085[0;39m [32m-DEBUG[0;39m [35m88555[0;39m [32m[0;39m [        default] [2m---[0;39m [2m[duler1_Worker-2][0;39m [36m.a.f.i.c.p.ExtendedJpaTransactionManager[0;39m [2m:[0;39m Opened new EntityManager [org.eclipse.persistence.internal.jpa.EntityManagerImpl@540c736e] for JPA transaction
[2m2026-02-17 11:24:00.085[0;39m [32m-DEBUG[0;39m [35m88555[0;39m [32m[0;39m [        default] [2m---[0;39m [2m[duler1_Worker-2][0;39m [36m.a.f.i.c.p.ExtendedJpaTransactionManager[0;39m [2m:[0;39m Exposing JPA transaction as JDBC [org.springframework.orm.jpa.vendor.EclipseLinkJpaDialect$EclipseLinkConnectionHandle@6e36dd0a]
[2m2026-02-17 11:24:00.089[0;39m [32m-DEBUG[0;39m [35m88555[0;39m [32m[0;39m [        default] [2m---[0;39m [2m[duler1_Worker-2][0;39m [36m.a.f.i.c.p.ExtendedJpaTransactionManager[0;39m [2m:[0;39m Initiating transaction commit
[2m2026-02-17 11:24:00.089[0;39m [32m-DEBUG[0;39m [35m88555[0;39m [32m[0;39m [        default] [2m---[0;39m [2m[duler1_Worker-2][0;39m [36m.a.f.i.c.p.ExtendedJpaTransactionManager[0;39m [2m:[0;39m Committing JPA transaction on EntityManager [org.eclipse.persistence.internal.jpa.EntityManagerImpl@540c736e]
[2m2026-02-17 11:24:00.089[0;39m [32m-DEBUG[0;39m [35m88555[0;39m [32m[0;39m [        default] [2m---[0;39m [2m[duler1_Worker-2][0;39m [36m.a.f.i.c.p.ExtendedJpaTransactionManager[0;39m [2m:[0;39m Closing JPA EntityManager [org.eclipse.persistence.internal.jpa.EntityManagerImpl@540c736e] after transaction
[2m2026-02-17 11:24:00.089[0;39m [32m- INFO[0;39m [35m88555[0;39m [32m[0;39m [        default] [2m---[0;39m [2m[duler1_Worker-2][0;39m [36mo.s.b.c.l.s.TaskExecutorJobLauncher     [0;39m [2m:[0;39m Job: [SimpleJob: [name=SEND_ASYNCHRONOUS_EVENTS]] launched with the following parameters: [{'run.id':'{value=33701, type=class java.lang.Long, identifying=true}'}]
[2m2026-02-17 11:24:00.090[0;39m [32m-DEBUG[0;39m [35m88555[0;39m [32m[0;39m [        default] [2m---[0;39m [2m[duler1_Worker-2][0;39m [36m.a.f.i.c.p.ExtendedJpaTransactionManager[0;39m [2m:[0;39m Creating new transaction with name [org.springframework.batch.core.repository.support.SimpleJobRepository.update]: PROPAGATION_REQUIRED,ISOLATION_DEFAULT
[2m2026-02-17 11:24:00.090[0;39m [32m-DEBUG[0;39m [35m88555[0;39m [32m[0;39m [        default] [2m---[0;39m [2m[duler1_Worker-2][0;39m [36m.a.f.i.c.p.ExtendedJpaTransactionManager[0;39m [2m:[0;39m Opened new EntityManager [org.eclipse.persistence.internal.jpa.EntityManagerImpl@405bdb3f] for JPA transaction
[2m2026-02-17 11:24:00.090[0;39m [32m-DEBUG[0;39m [35m88555[0;39m [32m[0;39m [        default] [2m---[0;39m [2m[duler1_Worker-2][0;39m [36m.a.f.i.c.p.ExtendedJpaTransactionManager[0;39m [2m:[0;39m Exposing JPA transaction as JDBC [org.springframework.orm.jpa.vendor.EclipseLinkJpaDialect$EclipseLinkConnectionHandle@777b5759]
[2m2026-02-17 11:24:00.091[0;39m [32m-DEBUG[0;39m [35m88555[0;39m [32m[0;39m [        default] [2m---[0;39m [2m[duler1_Worker-2][0;39m [36m.a.f.i.c.p.ExtendedJpaTransactionManager[0;39m [2m:[0;39m Initiating transaction commit
[2m2026-02-17 11:24:00.091[0;39m [32m-DEBUG[0;39m [35m88555[0;39m [32m[0;39m [        default] [2m---[0;39m [2m[duler1_Worker-2][0;39m [36m.a.f.i.c.p.ExtendedJpaTransactionManager[0;39m [2m:[0;39m Committing JPA transaction on EntityManager [org.eclipse.persistence.internal.jpa.EntityManagerImpl@405bdb3f]
[2m2026-02-17 11:24:00.092[0;39m [32m-DEBUG[0;39m [35m88555[0;39m [32m[0;39m [        default] [2m---[0;39m [2m[duler1_Worker-2][0;39m [36m.a.f.i.c.p.ExtendedJpaTransactionManager[0;39m [2m:[0;39m Closing JPA EntityManager [org.eclipse.persistence.internal.jpa.EntityManagerImpl@405bdb3f] after transaction
[2m2026-02-17 11:24:00.092[0;39m [32m-DEBUG[0;39m [35m88555[0;39m [32m[0;39m [        default] [2m---[0;39m [2m[duler1_Worker-2][0;39m [36m.a.f.i.c.p.ExtendedJpaTransactionManager[0;39m [2m:[0;39m Creating new transaction with name [org.springframework.batch.core.repository.support.SimpleJobRepository.getLastStepExecution]: PROPAGATION_REQUIRED,ISOLATION_DEFAULT
[2m2026-02-17 11:24:00.092[0;39m [32m-DEBUG[0;39m [35m88555[0;39m [32m[0;39m [        default] [2m---[0;39m [2m[duler1_Worker-2][0;39m [36m.a.f.i.c.p.ExtendedJpaTransactionManager[0;39m [2m:[0;39m Opened new EntityManager [org.eclipse.persistence.internal.jpa.EntityManagerImpl@2ffd0a31] for JPA transaction
[2m2026-02-17 11:24:00.092[0;39m [32m-DEBUG[0;39m [35m88555[0;39m [32m[0;39m [        default] [2m---[0;39m [2m[duler1_Worker-2][0;39m [36m.a.f.i.c.p.ExtendedJpaTransactionManager[0;39m [2m:[0;39m Exposing JPA transaction as JDBC [org.springframework.orm.jpa.vendor.EclipseLinkJpaDialect$EclipseLinkConnectionHandle@5659584d]
[2m2026-02-17 11:24:00.093[0;39m [32m-DEBUG[0;39m [35m88555[0;39m [32m[0;39m [        default] [2m---[0;39m [2m[duler1_Worker-2][0;39m [36m.a.f.i.c.p.ExtendedJpaTransactionManager[0;39m [2m:[0;39m Initiating transaction commit
[2m2026-02-17 11:24:00.093[0;39m [32m-DEBUG[0;39m [35m88555[0;39m [32m[0;39m [        default] [2m---[0;39m [2m[duler1_Worker-2][0;39m [36m.a.f.i.c.p.ExtendedJpaTransactionManager[0;39m [2m:[0;39m Committing JPA transaction on EntityManager [org.eclipse.persistence.internal.jpa.EntityManagerImpl@2ffd0a31]
[2m2026-02-17 11:24:00.093[0;39m [32m-DEBUG[0;39m [35m88555[0;39m [32m[0;39m [        default] [2m---[0;39m [2m[duler1_Worker-2][0;39m [36m.a.f.i.c.p.ExtendedJpaTransactionManager[0;39m [2m:[0;39m Closing JPA EntityManager [org.eclipse.persistence.internal.jpa.EntityManagerImpl@2ffd0a31] after transaction
[2m2026-02-17 11:24:00.093[0;39m [32m-DEBUG[0;39m [35m88555[0;39m [32m[0;39m [        default] [2m---[0;39m [2m[duler1_Worker-2][0;39m [36m.a.f.i.c.p.ExtendedJpaTransactionManager[0;39m [2m:[0;39m Creating new transaction with name [org.springframework.batch.core.repository.support.SimpleJobRepository.getStepExecutionCount]: PROPAGATION_REQUIRED,ISOLATION_DEFAULT
[2m2026-02-17 11:24:00.094[0;39m [32m-DEBUG[0;39m [35m88555[0;39m [32m[0;39m [        default] [2m---[0;39m [2m[duler1_Worker-2][0;39m [36m.a.f.i.c.p.ExtendedJpaTransactionManager[0;39m [2m:[0;39m Opened new EntityManager [org.eclipse.persistence.internal.jpa.EntityManagerImpl@48c5e39a] for JPA transaction
[2m2026-02-17 11:24:00.094[0;39m [32m-DEBUG[0;39m [35m88555[0;39m [32m[0;39m [        default] [2m---[0;39m [2m[duler1_Worker-2][0;39m [36m.a.f.i.c.p.ExtendedJpaTransactionManager[0;39m [2m:[0;39m Exposing JPA transaction as JDBC [org.springframework.orm.jpa.vendor.EclipseLinkJpaDialect$EclipseLinkConnectionHandle@65a9a444]
[2m2026-02-17 11:24:00.095[0;39m [32m-DEBUG[0;39m [35m88555[0;39m [32m[0;39m [        default] [2m---[0;39m [2m[duler1_Worker-2][0;39m [36m.a.f.i.c.p.ExtendedJpaTransactionManager[0;39m [2m:[0;39m Initiating transaction commit
[2m2026-02-17 11:24:00.095[0;39m [32m-DEBUG[0;39m [35m88555[0;39m [32m[0;39m [        default] [2m---[0;39m [2m[duler1_Worker-2][0;39m [36m.a.f.i.c.p.ExtendedJpaTransactionManager[0;39m [2m:[0;39m Committing JPA transaction on EntityManager [org.eclipse.persistence.internal.jpa.EntityManagerImpl@48c5e39a]
[2m2026-02-17 11:24:00.095[0;39m [32m-DEBUG[0;39m [35m88555[0;39m [32m[0;39m [        default] [2m---[0;39m [2m[duler1_Worker-2][0;39m [36m.a.f.i.c.p.ExtendedJpaTransactionManager[0;39m [2m:[0;39m Closing JPA EntityManager [org.eclipse.persistence.internal.jpa.EntityManagerImpl@48c5e39a] after transaction
[2m2026-02-17 11:24:00.095[0;39m [32m-DEBUG[0;39m [35m88555[0;39m [32m[0;39m [        default] [2m---[0;39m [2m[duler1_Worker-2][0;39m [36m.a.f.i.c.p.ExtendedJpaTransactionManager[0;39m [2m:[0;39m Creating new transaction with name [org.springframework.batch.core.repository.support.SimpleJobRepository.add]: PROPAGATION_REQUIRED,ISOLATION_DEFAULT
[2m2026-02-17 11:24:00.095[0;39m [32m-DEBUG[0;39m [35m88555[0;39m [32m[0;39m [        default] [2m---[0;39m [2m[duler1_Worker-2][0;39m [36m.a.f.i.c.p.ExtendedJpaTransactionManager[0;39m [2m:[0;39m Opened new EntityManager [org.eclipse.persistence.internal.jpa.EntityManagerImpl@3e453967] for JPA transaction
[2m2026-02-17 11:24:00.096[0;39m [32m-DEBUG[0;39m [35m88555[0;39m [32m[0;39m [        default] [2m---[0;39m [2m[duler1_Worker-2][0;39m [36m.a.f.i.c.p.ExtendedJpaTransactionManager[0;39m [2m:[0;39m Exposing JPA transaction as JDBC [org.springframework.orm.jpa.vendor.EclipseLinkJpaDialect$EclipseLinkConnectionHandle@597bc406]
[2m2026-02-17 11:24:00.099[0;39m [32m-DEBUG[0;39m [35m88555[0;39m [32m[0;39m [        default] [2m---[0;39m [2m[duler1_Worker-2][0;39m [36m.a.f.i.c.p.ExtendedJpaTransactionManager[0;39m [2m:[0;39m Initiating transaction commit
[2m2026-02-17 11:24:00.099[0;39m [32m-DEBUG[0;39m [35m88555[0;39m [32m[0;39m [        default] [2m---[0;39m [2m[duler1_Worker-2][0;39m [36m.a.f.i.c.p.ExtendedJpaTransactionManager[0;39m [2m:[0;39m Committing JPA transaction on EntityManager [org.eclipse.persistence.internal.jpa.EntityManagerImpl@3e453967]
[2m2026-02-17 11:24:00.100[0;39m [32m-DEBUG[0;39m [35m88555[0;39m [32m[0;39m [        default] [2m---[0;39m [2m[duler1_Worker-2][0;39m [36m.a.f.i.c.p.ExtendedJpaTransactionManager[0;39m [2m:[0;39m Closing JPA EntityManager [org.eclipse.persistence.internal.jpa.EntityManagerImpl@3e453967] after transaction
[2m2026-02-17 11:24:00.100[0;39m [32m- INFO[0;39m [35m88555[0;39m [32m[0;39m [        default] [2m---[0;39m [2m[duler1_Worker-2][0;39m [36mo.s.batch.core.job.SimpleStepHandler    [0;39m [2m:[0;39m Executing step: [SEND_ASYNCHRONOUS_EVENTS_STEP]
[2m2026-02-17 11:24:00.100[0;39m [32m-DEBUG[0;39m [35m88555[0;39m [32m[0;39m [        default] [2m---[0;39m [2m[duler1_Worker-2][0;39m [36m.a.f.i.c.p.ExtendedJpaTransactionManager[0;39m [2m:[0;39m Creating new transaction with name [org.springframework.batch.core.repository.support.SimpleJobRepository.update]: PROPAGATION_REQUIRED,ISOLATION_DEFAULT
[2m2026-02-17 11:24:00.100[0;39m [32m-DEBUG[0;39m [35m88555[0;39m [32m[0;39m [        default] [2m---[0;39m [2m[duler1_Worker-2][0;39m [36m.a.f.i.c.p.ExtendedJpaTransactionManager[0;39m [2m:[0;39m Opened new EntityManager [org.eclipse.persistence.internal.jpa.EntityManagerImpl@71d8c0e9] for JPA transaction
[2m2026-02-17 11:24:00.100[0;39m [32m-DEBUG[0;39m [35m88555[0;39m [32m[0;39m [        default] [2m---[0;39m [2m[duler1_Worker-2][0;39m [36m.a.f.i.c.p.ExtendedJpaTransactionManager[0;39m [2m:[0;39m Exposing JPA transaction as JDBC [org.springframework.orm.jpa.vendor.EclipseLinkJpaDialect$EclipseLinkConnectionHandle@479ea806]
[2m2026-02-17 11:24:00.101[0;39m [32m-DEBUG[0;39m [35m88555[0;39m [32m[0;39m [        default] [2m---[0;39m [2m[duler1_Worker-2][0;39m [36m.a.f.i.c.p.ExtendedJpaTransactionManager[0;39m [2m:[0;39m Initiating transaction commit
[2m2026-02-17 11:24:00.101[0;39m [32m-DEBUG[0;39m [35m88555[0;39m [32m[0;39m [        default] [2m---[0;39m [2m[duler1_Worker-2][0;39m [36m.a.f.i.c.p.ExtendedJpaTransactionManager[0;39m [2m:[0;39m Committing JPA transaction on EntityManager [org.eclipse.persistence.internal.jpa.EntityManagerImpl@71d8c0e9]
[2m2026-02-17 11:24:00.101[0;39m [32m-DEBUG[0;39m [35m88555[0;39m [32m[0;39m [        default] [2m---[0;39m [2m[duler1_Worker-2][0;39m [36m.a.f.i.c.p.ExtendedJpaTransactionManager[0;39m [2m:[0;39m Closing JPA EntityManager [org.eclipse.persistence.internal.jpa.EntityManagerImpl@71d8c0e9] after transaction
[2m2026-02-17 11:24:00.102[0;39m [32m-DEBUG[0;39m [35m88555[0;39m [32m[0;39m [        default] [2m---[0;39m [2m[duler1_Worker-2][0;39m [36m.a.f.i.c.p.ExtendedJpaTransactionManager[0;39m [2m:[0;39m Creating new transaction with name [org.springframework.batch.core.repository.support.SimpleJobRepository.updateExecutionContext]: PROPAGATION_REQUIRED,ISOLATION_DEFAULT
[2m2026-02-17 11:24:00.102[0;39m [32m-DEBUG[0;39m [35m88555[0;39m [32m[0;39m [        default] [2m---[0;39m [2m[duler1_Worker-2][0;39m [36m.a.f.i.c.p.ExtendedJpaTransactionManager[0;39m [2m:[0;39m Opened new EntityManager [org.eclipse.persistence.internal.jpa.EntityManagerImpl@50873f93] for JPA transaction
[2m2026-02-17 11:24:00.102[0;39m [32m-DEBUG[0;39m [35m88555[0;39m [32m[0;39m [        default] [2m---[0;39m [2m[duler1_Worker-2][0;39m [36m.a.f.i.c.p.ExtendedJpaTransactionManager[0;39m [2m:[0;39m Exposing JPA transaction as JDBC [org.springframework.orm.jpa.vendor.EclipseLinkJpaDialect$EclipseLinkConnectionHandle@575b9a71]
[2m2026-02-17 11:24:00.102[0;39m [32m-DEBUG[0;39m [35m88555[0;39m [32m[0;39m [        default] [2m---[0;39m [2m[duler1_Worker-2][0;39m [36m.a.f.i.c.p.ExtendedJpaTransactionManager[0;39m [2m:[0;39m Initiating transaction commit
[2m2026-02-17 11:24:00.102[0;39m [32m-DEBUG[0;39m [35m88555[0;39m [32m[0;39m [        default] [2m---[0;39m [2m[duler1_Worker-2][0;39m [36m.a.f.i.c.p.ExtendedJpaTransactionManager[0;39m [2m:[0;39m Committing JPA transaction on EntityManager [org.eclipse.persistence.internal.jpa.EntityManagerImpl@50873f93]
[2m2026-02-17 11:24:00.102[0;39m [32m-DEBUG[0;39m [35m88555[0;39m [32m[0;39m [        default] [2m---[0;39m [2m[duler1_Worker-2][0;39m [36m.a.f.i.c.p.ExtendedJpaTransactionManager[0;39m [2m:[0;39m Closing JPA EntityManager [org.eclipse.persistence.internal.jpa.EntityManagerImpl@50873f93] after transaction
[2m2026-02-17 11:24:00.103[0;39m [32m-DEBUG[0;39m [35m88555[0;39m [32m[0;39m [        default] [2m---[0;39m [2m[duler1_Worker-2][0;39m [36m.a.f.i.c.p.ExtendedJpaTransactionManager[0;39m [2m:[0;39m Creating new transaction with name [null]: PROPAGATION_REQUIRED,ISOLATION_DEFAULT
[2m2026-02-17 11:24:00.103[0;39m [32m-DEBUG[0;39m [35m88555[0;39m [32m[0;39m [        default] [2m---[0;39m [2m[duler1_Worker-2][0;39m [36m.a.f.i.c.p.ExtendedJpaTransactionManager[0;39m [2m:[0;39m Opened new EntityManager [org.eclipse.persistence.internal.jpa.EntityManagerImpl@6033d7fb] for JPA transaction
[2m2026-02-17 11:24:00.103[0;39m [32m-DEBUG[0;39m [35m88555[0;39m [32m[0;39m [        default] [2m---[0;39m [2m[duler1_Worker-2][0;39m [36m.a.f.i.c.p.ExtendedJpaTransactionManager[0;39m [2m:[0;39m Exposing JPA transaction as JDBC [org.springframework.orm.jpa.vendor.EclipseLinkJpaDialect$EclipseLinkConnectionHandle@52df9d63]
[2m2026-02-17 11:24:00.103[0;39m [32m-DEBUG[0;39m [35m88555[0;39m [32m[0;39m [        default] [2m---[0;39m [2m[duler1_Worker-2][0;39m [36m.a.f.i.c.p.ExtendedJpaTransactionManager[0;39m [2m:[0;39m Found thread-bound EntityManager [org.eclipse.persistence.internal.jpa.EntityManagerImpl@6033d7fb] for JPA transaction
[2m2026-02-17 11:24:00.103[0;39m [32m-DEBUG[0;39m [35m88555[0;39m [32m[0;39m [        default] [2m---[0;39m [2m[duler1_Worker-2][0;39m [36m.a.f.i.c.p.ExtendedJpaTransactionManager[0;39m [2m:[0;39m Participating in existing transaction
[2m2026-02-17 11:24:00.103[0;39m [32m-DEBUG[0;39m [35m88555[0;39m [32m[0;39m [        default] [2m---[0;39m [2m[duler1_Worker-2][0;39m [36m.a.f.i.c.p.ExtendedJpaTransactionManager[0;39m [2m:[0;39m Found thread-bound EntityManager [org.eclipse.persistence.internal.jpa.EntityManagerImpl@6033d7fb] for JPA transaction
[2m2026-02-17 11:24:00.103[0;39m [32m-DEBUG[0;39m [35m88555[0;39m [32m[0;39m [        default] [2m---[0;39m [2m[duler1_Worker-2][0;39m [36m.a.f.i.c.p.ExtendedJpaTransactionManager[0;39m [2m:[0;39m Participating in existing transaction
[2m2026-02-17 11:24:00.105[0;39m [32m-DEBUG[0;39m [35m88555[0;39m [32m[0;39m [        default] [2m---[0;39m [2m[duler1_Worker-2][0;39m [36m.a.f.i.c.p.ExtendedJpaTransactionManager[0;39m [2m:[0;39m Initiating transaction commit
[2m2026-02-17 11:24:00.105[0;39m [32m-DEBUG[0;39m [35m88555[0;39m [32m[0;39m [        default] [2m---[0;39m [2m[duler1_Worker-2][0;39m [36m.a.f.i.c.p.ExtendedJpaTransactionManager[0;39m [2m:[0;39m Committing JPA transaction on EntityManager [org.eclipse.persistence.internal.jpa.EntityManagerImpl@6033d7fb]
[2m2026-02-17 11:24:00.106[0;39m [32m-DEBUG[0;39m [35m88555[0;39m [32m[0;39m [        default] [2m---[0;39m [2m[duler1_Worker-2][0;39m [36m.a.f.i.c.p.ExtendedJpaTransactionManager[0;39m [2m:[0;39m Closing JPA EntityManager [org.eclipse.persistence.internal.jpa.EntityManagerImpl@6033d7fb] after transaction
[2m2026-02-17 11:24:00.106[0;39m [32m- INFO[0;39m [35m88555[0;39m [32m[0;39m [        default] [2m---[0;39m [2m[duler1_Worker-2][0;39m [36mo.s.batch.core.step.AbstractStep        [0;39m [2m:[0;39m Step: [SEND_ASYNCHRONOUS_EVENTS_STEP] executed in 6ms
[2m2026-02-17 11:24:00.106[0;39m [32m-DEBUG[0;39m [35m88555[0;39m [32m[0;39m [        default] [2m---[0;39m [2m[duler1_Worker-2][0;39m [36m.a.f.i.c.p.ExtendedJpaTransactionManager[0;39m [2m:[0;39m Creating new transaction with name [org.springframework.batch.core.repository.support.SimpleJobRepository.updateExecutionContext]: PROPAGATION_REQUIRED,ISOLATION_DEFAULT
[2m2026-02-17 11:24:00.106[0;39m [32m-DEBUG[0;39m [35m88555[0;39m [32m[0;39m [        default] [2m---[0;39m [2m[duler1_Worker-2][0;39m [36m.a.f.i.c.p.ExtendedJpaTransactionManager[0;39m [2m:[0;39m Opened new EntityManager [org.eclipse.persistence.internal.jpa.EntityManagerImpl@5b5571be] for JPA transaction
[2m2026-02-17 11:24:00.106[0;39m [32m-DEBUG[0;39m [35m88555[0;39m [32m[0;39m [        default] [2m---[0;39m [2m[duler1_Worker-2][0;39m [36m.a.f.i.c.p.ExtendedJpaTransactionManager[0;39m [2m:[0;39m Exposing JPA transaction as JDBC [org.springframework.orm.jpa.vendor.EclipseLinkJpaDialect$EclipseLinkConnectionHandle@c7aa9b5]
[2m2026-02-17 11:24:00.106[0;39m [32m-DEBUG[0;39m [35m88555[0;39m [32m[0;39m [        default] [2m---[0;39m [2m[duler1_Worker-2][0;39m [36m.a.f.i.c.p.ExtendedJpaTransactionManager[0;39m [2m:[0;39m Initiating transaction commit
[2m2026-02-17 11:24:00.106[0;39m [32m-DEBUG[0;39m [35m88555[0;39m [32m[0;39m [        default] [2m---[0;39m [2m[duler1_Worker-2][0;39m [36m.a.f.i.c.p.ExtendedJpaTransactionManager[0;39m [2m:[0;39m Committing JPA transaction on EntityManager [org.eclipse.persistence.internal.jpa.EntityManagerImpl@5b5571be]
[2m2026-02-17 11:24:00.107[0;39m [32m-DEBUG[0;39m [35m88555[0;39m [32m[0;39m [        default] [2m---[0;39m [2m[duler1_Worker-2][0;39m [36m.a.f.i.c.p.ExtendedJpaTransactionManager[0;39m [2m:[0;39m Closing JPA EntityManager [org.eclipse.persistence.internal.jpa.EntityManagerImpl@5b5571be] after transaction
[2m2026-02-17 11:24:00.107[0;39m [32m-DEBUG[0;39m [35m88555[0;39m [32m[0;39m [        default] [2m---[0;39m [2m[duler1_Worker-2][0;39m [36m.a.f.i.c.p.ExtendedJpaTransactionManager[0;39m [2m:[0;39m Creating new transaction with name [org.springframework.batch.core.repository.support.SimpleJobRepository.update]: PROPAGATION_REQUIRED,ISOLATION_DEFAULT
[2m2026-02-17 11:24:00.107[0;39m [32m-DEBUG[0;39m [35m88555[0;39m [32m[0;39m [        default] [2m---[0;39m [2m[duler1_Worker-2][0;39m [36m.a.f.i.c.p.ExtendedJpaTransactionManager[0;39m [2m:[0;39m Opened new EntityManager [org.eclipse.persistence.internal.jpa.EntityManagerImpl@2f740442] for JPA transaction
[2m2026-02-17 11:24:00.107[0;39m [32m-DEBUG[0;39m [35m88555[0;39m [32m[0;39m [        default] [2m---[0;39m [2m[duler1_Worker-2][0;39m [36m.a.f.i.c.p.ExtendedJpaTransactionManager[0;39m [2m:[0;39m Exposing JPA transaction as JDBC [org.springframework.orm.jpa.vendor.EclipseLinkJpaDialect$EclipseLinkConnectionHandle@eb299f6]
[2m2026-02-17 11:24:00.107[0;39m [32m-DEBUG[0;39m [35m88555[0;39m [32m[0;39m [        default] [2m---[0;39m [2m[duler1_Worker-2][0;39m [36m.a.f.i.c.p.ExtendedJpaTransactionManager[0;39m [2m:[0;39m Initiating transaction commit
[2m2026-02-17 11:24:00.107[0;39m [32m-DEBUG[0;39m [35m88555[0;39m [32m[0;39m [        default] [2m---[0;39m [2m[duler1_Worker-2][0;39m [36m.a.f.i.c.p.ExtendedJpaTransactionManager[0;39m [2m:[0;39m Committing JPA transaction on EntityManager [org.eclipse.persistence.internal.jpa.EntityManagerImpl@2f740442]
[2m2026-02-17 11:24:00.108[0;39m [32m-DEBUG[0;39m [35m88555[0;39m [32m[0;39m [        default] [2m---[0;39m [2m[duler1_Worker-2][0;39m [36m.a.f.i.c.p.ExtendedJpaTransactionManager[0;39m [2m:[0;39m Closing JPA EntityManager [org.eclipse.persistence.internal.jpa.EntityManagerImpl@2f740442] after transaction
[2m2026-02-17 11:24:00.108[0;39m [32m-DEBUG[0;39m [35m88555[0;39m [32m[0;39m [        default] [2m---[0;39m [2m[duler1_Worker-2][0;39m [36m.a.f.i.c.p.ExtendedJpaTransactionManager[0;39m [2m:[0;39m Creating new transaction with name [org.springframework.batch.core.repository.support.SimpleJobRepository.updateExecutionContext]: PROPAGATION_REQUIRED,ISOLATION_DEFAULT
[2m2026-02-17 11:24:00.108[0;39m [32m-DEBUG[0;39m [35m88555[0;39m [32m[0;39m [        default] [2m---[0;39m [2m[duler1_Worker-2][0;39m [36m.a.f.i.c.p.ExtendedJpaTransactionManager[0;39m [2m:[0;39m Opened new EntityManager [org.eclipse.persistence.internal.jpa.EntityManagerImpl@7e9ad11f] for JPA transaction
[2m2026-02-17 11:24:00.108[0;39m [32m-DEBUG[0;39m [35m88555[0;39m [32m[0;39m [        default] [2m---[0;39m [2m[duler1_Worker-2][0;39m [36m.a.f.i.c.p.ExtendedJpaTransactionManager[0;39m [2m:[0;39m Exposing JPA transaction as JDBC [org.springframework.orm.jpa.vendor.EclipseLinkJpaDialect$EclipseLinkConnectionHandle@2774e878]
[2m2026-02-17 11:24:00.108[0;39m [32m-DEBUG[0;39m [35m88555[0;39m [32m[0;39m [        default] [2m---[0;39m [2m[duler1_Worker-2][0;39m [36m.a.f.i.c.p.ExtendedJpaTransactionManager[0;39m [2m:[0;39m Initiating transaction commit
[2m2026-02-17 11:24:00.108[0;39m [32m-DEBUG[0;39m [35m88555[0;39m [32m[0;39m [        default] [2m---[0;39m [2m[duler1_Worker-2][0;39m [36m.a.f.i.c.p.ExtendedJpaTransactionManager[0;39m [2m:[0;39m Committing JPA transaction on EntityManager [org.eclipse.persistence.internal.jpa.EntityManagerImpl@7e9ad11f]
[2m2026-02-17 11:24:00.109[0;39m [32m-DEBUG[0;39m [35m88555[0;39m [32m[0;39m [        default] [2m---[0;39m [2m[duler1_Worker-2][0;39m [36m.a.f.i.c.p.ExtendedJpaTransactionManager[0;39m [2m:[0;39m Closing JPA EntityManager [org.eclipse.persistence.internal.jpa.EntityManagerImpl@7e9ad11f] after transaction
[2m2026-02-17 11:24:00.109[0;39m [32m-DEBUG[0;39m [35m88555[0;39m [32m[0;39m [        default] [2m---[0;39m [2m[duler1_Worker-2][0;39m [36m.a.f.i.c.p.ExtendedJpaTransactionManager[0;39m [2m:[0;39m Creating new transaction with name [org.springframework.batch.core.repository.support.SimpleJobRepository.update]: PROPAGATION_REQUIRED,ISOLATION_DEFAULT
[2m2026-02-17 11:24:00.109[0;39m [32m-DEBUG[0;39m [35m88555[0;39m [32m[0;39m [        default] [2m---[0;39m [2m[duler1_Worker-2][0;39m [36m.a.f.i.c.p.ExtendedJpaTransactionManager[0;39m [2m:[0;39m Opened new EntityManager [org.eclipse.persistence.internal.jpa.EntityManagerImpl@28adbec0] for JPA transaction
[2m2026-02-17 11:24:00.109[0;39m [32m-DEBUG[0;39m [35m88555[0;39m [32m[0;39m [        default] [2m---[0;39m [2m[duler1_Worker-2][0;39m [36m.a.f.i.c.p.ExtendedJpaTransactionManager[0;39m [2m:[0;39m Exposing JPA transaction as JDBC [org.springframework.orm.jpa.vendor.EclipseLinkJpaDialect$EclipseLinkConnectionHandle@32caef0a]
[2m2026-02-17 11:24:00.109[0;39m [32m-DEBUG[0;39m [35m88555[0;39m [32m[0;39m [        default] [2m---[0;39m [2m[duler1_Worker-2][0;39m [36m.a.f.i.c.p.ExtendedJpaTransactionManager[0;39m [2m:[0;39m Initiating transaction commit
[2m2026-02-17 11:24:00.109[0;39m [32m-DEBUG[0;39m [35m88555[0;39m [32m[0;39m [        default] [2m---[0;39m [2m[duler1_Worker-2][0;39m [36m.a.f.i.c.p.ExtendedJpaTransactionManager[0;39m [2m:[0;39m Committing JPA transaction on EntityManager [org.eclipse.persistence.internal.jpa.EntityManagerImpl@28adbec0]
[2m2026-02-17 11:24:00.110[0;39m [32m-DEBUG[0;39m [35m88555[0;39m [32m[0;39m [        default] [2m---[0;39m [2m[duler1_Worker-2][0;39m [36m.a.f.i.c.p.ExtendedJpaTransactionManager[0;39m [2m:[0;39m Closing JPA EntityManager [org.eclipse.persistence.internal.jpa.EntityManagerImpl@28adbec0] after transaction
[2m2026-02-17 11:24:00.110[0;39m [32m- INFO[0;39m [35m88555[0;39m [32m[0;39m [        default] [2m---[0;39m [2m[duler1_Worker-2][0;39m [36mo.s.b.c.l.s.TaskExecutorJobLauncher     [0;39m [2m:[0;39m Job: [SimpleJob: [name=SEND_ASYNCHRONOUS_EVENTS]] completed with the following parameters: [{'run.id':'{value=33701, type=class java.lang.Long, identifying=true}'}] and the following status: [COMPLETED] in 18ms
[2m2026-02-17 11:24:00.123[0;39m [32m-DEBUG[0;39m [35m88555[0;39m [32m[0;39m [        default] [2m---[0;39m [2m[duler1_Worker-2][0;39m [36m.a.f.i.c.p.ExtendedJpaTransactionManager[0;39m [2m:[0;39m Creating new transaction with name [org.apache.fineract.infrastructure.jobs.service.SchedularWritePlatformServiceJpaRepositoryImpl.saveOrUpdate]: PROPAGATION_REQUIRED,ISOLATION_DEFAULT
[2m2026-02-17 11:24:00.123[0;39m [32m-DEBUG[0;39m [35m88555[0;39m [32m[0;39m [        default] [2m---[0;39m [2m[duler1_Worker-2][0;39m [36m.a.f.i.c.p.ExtendedJpaTransactionManager[0;39m [2m:[0;39m Opened new EntityManager [org.eclipse.persistence.internal.jpa.EntityManagerImpl@1a47de7b] for JPA transaction
[2m2026-02-17 11:24:00.123[0;39m [32m-DEBUG[0;39m [35m88555[0;39m [32m[0;39m [        default] [2m---[0;39m [2m[duler1_Worker-2][0;39m [36m.a.f.i.c.p.ExtendedJpaTransactionManager[0;39m [2m:[0;39m Exposing JPA transaction as JDBC [org.springframework.orm.jpa.vendor.EclipseLinkJpaDialect$EclipseLinkConnectionHandle@5f59284d]
[2m2026-02-17 11:24:00.123[0;39m [32m-DEBUG[0;39m [35m88555[0;39m [32m[0;39m [        default] [2m---[0;39m [2m[duler1_Worker-2][0;39m [36m.a.f.i.c.p.ExtendedJpaTransactionManager[0;39m [2m:[0;39m Found thread-bound EntityManager [org.eclipse.persistence.internal.jpa.EntityManagerImpl@1a47de7b] for JPA transaction
[2m2026-02-17 11:24:00.123[0;39m [32m-DEBUG[0;39m [35m88555[0;39m [32m[0;39m [        default] [2m---[0;39m [2m[duler1_Worker-2][0;39m [36m.a.f.i.c.p.ExtendedJpaTransactionManager[0;39m [2m:[0;39m Participating in existing transaction
[2m2026-02-17 11:24:00.124[0;39m [32m-DEBUG[0;39m [35m88555[0;39m [32m[0;39m [        default] [2m---[0;39m [2m[duler1_Worker-2][0;39m [36m.a.f.i.c.p.ExtendedJpaTransactionManager[0;39m [2m:[0;39m Found thread-bound EntityManager [org.eclipse.persistence.internal.jpa.EntityManagerImpl@1a47de7b] for JPA transaction
[2m2026-02-17 11:24:00.124[0;39m [32m-DEBUG[0;39m [35m88555[0;39m [32m[0;39m [        default] [2m---[0;39m [2m[duler1_Worker-2][0;39m [36m.a.f.i.c.p.ExtendedJpaTransactionManager[0;39m [2m:[0;39m Participating in existing transaction
[2m2026-02-17 11:24:00.126[0;39m [32m-DEBUG[0;39m [35m88555[0;39m [32m[0;39m [        default] [2m---[0;39m [2m[duler1_Worker-2][0;39m [36m.a.f.i.c.p.ExtendedJpaTransactionManager[0;39m [2m:[0;39m Initiating transaction commit
[2m2026-02-17 11:24:00.126[0;39m [32m-DEBUG[0;39m [35m88555[0;39m [32m[0;39m [        default] [2m---[0;39m [2m[duler1_Worker-2][0;39m [36m.a.f.i.c.p.ExtendedJpaTransactionManager[0;39m [2m:[0;39m Committing JPA transaction on EntityManager [org.eclipse.persistence.internal.jpa.EntityManagerImpl@1a47de7b]
[2m2026-02-17 11:24:00.132[0;39m [32m-DEBUG[0;39m [35m88555[0;39m [32m[0;39m [        default] [2m---[0;39m [2m[duler1_Worker-2][0;39m [36m.a.f.i.c.p.ExtendedJpaTransactionManager[0;39m [2m:[0;39m Closing JPA EntityManager [org.eclipse.persistence.internal.jpa.EntityManagerImpl@1a47de7b] after transaction
[2m2026-02-17 11:24:00.132[0;39m [32m-DEBUG[0;39m [35m88555[0;39m [32m[0;39m [      no-tenant] [2m---[0;39m [2m[duler1_Worker-2][0;39m [36mo.a.f.i.j.s.SchedulerTriggerListener    [0;39m [2m:[0;39m triggerComplete() trigger=Trigger 'DEFAULT.Send Asynchronous EventsTrigger1':  triggerClass: 'org.quartz.impl.triggers.CronTriggerImpl calendar: 'null' misfireInstruction: 0 nextFireTime: Tue Feb 17 11:25:00 CST 2026, context=JobExecutionContext: trigger: 'DEFAULT.Send Asynchronous EventsTrigger1 job: DEFAULT.Send Asynchronous EventsJobDetail1 fireTime: 'Tue Feb 17 11:24:00 CST 2026 scheduledFireTime: Tue Feb 17 11:24:00 CST 2026 previousFireTime: 'Tue Feb 17 11:23:00 CST 2026 nextFireTime: Tue Feb 17 11:25:00 CST 2026 isRecovering: false refireCount: 0, completedExecutionInstruction=NOOP
[2m2026-02-17 11:25:00.009[0;39m [32m-DEBUG[0;39m [35m88555[0;39m [32m[0;39m [      no-tenant] [2m---[0;39m [2m[duler1_Worker-3][0;39m [36mo.a.f.i.j.s.SchedulerTriggerListener    [0;39m [2m:[0;39m triggerFired() trigger=Trigger 'DEFAULT.Send Asynchronous EventsTrigger1':  triggerClass: 'org.quartz.impl.triggers.CronTriggerImpl calendar: 'null' misfireInstruction: 0 nextFireTime: Tue Feb 17 11:26:00 CST 2026, context=JobExecutionContext: trigger: 'DEFAULT.Send Asynchronous EventsTrigger1 job: DEFAULT.Send Asynchronous EventsJobDetail1 fireTime: 'Tue Feb 17 11:25:00 CST 2026 scheduledFireTime: Tue Feb 17 11:25:00 CST 2026 previousFireTime: 'Tue Feb 17 11:24:00 CST 2026 nextFireTime: Tue Feb 17 11:26:00 CST 2026 isRecovering: false refireCount: 0
[2m2026-02-17 11:25:00.026[0;39m [32m-DEBUG[0;39m [35m88555[0;39m [32m[0;39m [        default] [2m---[0;39m [2m[duler1_Worker-3][0;39m [36m.a.f.i.c.p.ExtendedJpaTransactionManager[0;39m [2m:[0;39m Creating new transaction with name [org.apache.fineract.infrastructure.jobs.service.SchedulerVetoer.veto]: PROPAGATION_REQUIRED,ISOLATION_READ_COMMITTED
[2m2026-02-17 11:25:00.027[0;39m [32m-DEBUG[0;39m [35m88555[0;39m [32m[0;39m [        default] [2m---[0;39m [2m[duler1_Worker-3][0;39m [36m.a.f.i.c.p.ExtendedJpaTransactionManager[0;39m [2m:[0;39m Opened new EntityManager [org.eclipse.persistence.internal.jpa.EntityManagerImpl@b5f9919] for JPA transaction
[2m2026-02-17 11:25:00.032[0;39m [32m-DEBUG[0;39m [35m88555[0;39m [32m[0;39m [        default] [2m---[0;39m [2m[duler1_Worker-3][0;39m [36m.a.f.i.c.p.ExtendedJpaTransactionManager[0;39m [2m:[0;39m Exposing JPA transaction as JDBC [org.springframework.orm.jpa.vendor.EclipseLinkJpaDialect$EclipseLinkConnectionHandle@1a7f269]
[2m2026-02-17 11:25:00.044[0;39m [32m-DEBUG[0;39m [35m88555[0;39m [32m[0;39m [        default] [2m---[0;39m [2m[duler1_Worker-3][0;39m [36m.a.f.i.c.p.ExtendedJpaTransactionManager[0;39m [2m:[0;39m Found thread-bound EntityManager [org.eclipse.persistence.internal.jpa.EntityManagerImpl@b5f9919] for JPA transaction
[2m2026-02-17 11:25:00.045[0;39m [32m-DEBUG[0;39m [35m88555[0;39m [32m[0;39m [        default] [2m---[0;39m [2m[duler1_Worker-3][0;39m [36m.a.f.i.c.p.ExtendedJpaTransactionManager[0;39m [2m:[0;39m Participating in existing transaction
[2m2026-02-17 11:25:00.048[0;39m [32m-DEBUG[0;39m [35m88555[0;39m [32m[0;39m [        default] [2m---[0;39m [2m[duler1_Worker-3][0;39m [36m.a.f.i.c.p.ExtendedJpaTransactionManager[0;39m [2m:[0;39m Found thread-bound EntityManager [org.eclipse.persistence.internal.jpa.EntityManagerImpl@b5f9919] for JPA transaction
[2m2026-02-17 11:25:00.048[0;39m [32m-DEBUG[0;39m [35m88555[0;39m [32m[0;39m [        default] [2m---[0;39m [2m[duler1_Worker-3][0;39m [36m.a.f.i.c.p.ExtendedJpaTransactionManager[0;39m [2m:[0;39m Participating in existing transaction
[2m2026-02-17 11:25:00.050[0;39m [32m-DEBUG[0;39m [35m88555[0;39m [32m[0;39m [        default] [2m---[0;39m [2m[duler1_Worker-3][0;39m [36m.a.f.i.c.p.ExtendedJpaTransactionManager[0;39m [2m:[0;39m Found thread-bound EntityManager [org.eclipse.persistence.internal.jpa.EntityManagerImpl@b5f9919] for JPA transaction
[2m2026-02-17 11:25:00.050[0;39m [32m-DEBUG[0;39m [35m88555[0;39m [32m[0;39m [        default] [2m---[0;39m [2m[duler1_Worker-3][0;39m [36m.a.f.i.c.p.ExtendedJpaTransactionManager[0;39m [2m:[0;39m Participating in existing transaction
[2m2026-02-17 11:25:00.050[0;39m [32m-DEBUG[0;39m [35m88555[0;39m [32m[0;39m [        default] [2m---[0;39m [2m[duler1_Worker-3][0;39m [36m.a.f.i.c.p.ExtendedJpaTransactionManager[0;39m [2m:[0;39m Initiating transaction commit
[2m2026-02-17 11:25:00.050[0;39m [32m-DEBUG[0;39m [35m88555[0;39m [32m[0;39m [        default] [2m---[0;39m [2m[duler1_Worker-3][0;39m [36m.a.f.i.c.p.ExtendedJpaTransactionManager[0;39m [2m:[0;39m Committing JPA transaction on EntityManager [org.eclipse.persistence.internal.jpa.EntityManagerImpl@b5f9919]
[2m2026-02-17 11:25:00.062[0;39m [32m-DEBUG[0;39m [35m88555[0;39m [32m[0;39m [        default] [2m---[0;39m [2m[duler1_Worker-3][0;39m [36m.a.f.i.c.p.ExtendedJpaTransactionManager[0;39m [2m:[0;39m Closing JPA EntityManager [org.eclipse.persistence.internal.jpa.EntityManagerImpl@b5f9919] after transaction
[2m2026-02-17 11:25:00.078[0;39m [32m-DEBUG[0;39m [35m88555[0;39m [32m[0;39m [        default] [2m---[0;39m [2m[duler1_Worker-3][0;39m [36m.a.f.i.c.p.ExtendedJpaTransactionManager[0;39m [2m:[0;39m Creating new transaction with name [org.springframework.batch.core.repository.support.SimpleJobRepository.getLastJobExecution]: PROPAGATION_REQUIRES_NEW,ISOLATION_READ_COMMITTED
[2m2026-02-17 11:25:00.078[0;39m [32m-DEBUG[0;39m [35m88555[0;39m [32m[0;39m [        default] [2m---[0;39m [2m[duler1_Worker-3][0;39m [36m.a.f.i.c.p.ExtendedJpaTransactionManager[0;39m [2m:[0;39m Opened new EntityManager [org.eclipse.persistence.internal.jpa.EntityManagerImpl@17b6aca4] for JPA transaction
[2m2026-02-17 11:25:00.079[0;39m [32m-DEBUG[0;39m [35m88555[0;39m [32m[0;39m [        default] [2m---[0;39m [2m[duler1_Worker-3][0;39m [36m.a.f.i.c.p.ExtendedJpaTransactionManager[0;39m [2m:[0;39m Exposing JPA transaction as JDBC [org.springframework.orm.jpa.vendor.EclipseLinkJpaDialect$EclipseLinkConnectionHandle@750d047e]
[2m2026-02-17 11:25:00.082[0;39m [32m-DEBUG[0;39m [35m88555[0;39m [32m[0;39m [        default] [2m---[0;39m [2m[duler1_Worker-3][0;39m [36m.a.f.i.c.p.ExtendedJpaTransactionManager[0;39m [2m:[0;39m Initiating transaction commit
[2m2026-02-17 11:25:00.083[0;39m [32m-DEBUG[0;39m [35m88555[0;39m [32m[0;39m [        default] [2m---[0;39m [2m[duler1_Worker-3][0;39m [36m.a.f.i.c.p.ExtendedJpaTransactionManager[0;39m [2m:[0;39m Committing JPA transaction on EntityManager [org.eclipse.persistence.internal.jpa.EntityManagerImpl@17b6aca4]
[2m2026-02-17 11:25:00.083[0;39m [32m-DEBUG[0;39m [35m88555[0;39m [32m[0;39m [        default] [2m---[0;39m [2m[duler1_Worker-3][0;39m [36m.a.f.i.c.p.ExtendedJpaTransactionManager[0;39m [2m:[0;39m Closing JPA EntityManager [org.eclipse.persistence.internal.jpa.EntityManagerImpl@17b6aca4] after transaction
[2m2026-02-17 11:25:00.083[0;39m [32m-DEBUG[0;39m [35m88555[0;39m [32m[0;39m [        default] [2m---[0;39m [2m[duler1_Worker-3][0;39m [36m.a.f.i.c.p.ExtendedJpaTransactionManager[0;39m [2m:[0;39m Creating new transaction with name [org.springframework.batch.core.repository.support.SimpleJobRepository.createJobExecution]: PROPAGATION_REQUIRES_NEW,ISOLATION_READ_COMMITTED
[2m2026-02-17 11:25:00.083[0;39m [32m-DEBUG[0;39m [35m88555[0;39m [32m[0;39m [        default] [2m---[0;39m [2m[duler1_Worker-3][0;39m [36m.a.f.i.c.p.ExtendedJpaTransactionManager[0;39m [2m:[0;39m Opened new EntityManager [org.eclipse.persistence.internal.jpa.EntityManagerImpl@92c9803] for JPA transaction
[2m2026-02-17 11:25:00.084[0;39m [32m-DEBUG[0;39m [35m88555[0;39m [32m[0;39m [        default] [2m---[0;39m [2m[duler1_Worker-3][0;39m [36m.a.f.i.c.p.ExtendedJpaTransactionManager[0;39m [2m:[0;39m Exposing JPA transaction as JDBC [org.springframework.orm.jpa.vendor.EclipseLinkJpaDialect$EclipseLinkConnectionHandle@23780874]
[2m2026-02-17 11:25:00.086[0;39m [32m-DEBUG[0;39m [35m88555[0;39m [32m[0;39m [        default] [2m---[0;39m [2m[duler1_Worker-3][0;39m [36m.a.f.i.c.p.ExtendedJpaTransactionManager[0;39m [2m:[0;39m Initiating transaction commit
[2m2026-02-17 11:25:00.086[0;39m [32m-DEBUG[0;39m [35m88555[0;39m [32m[0;39m [        default] [2m---[0;39m [2m[duler1_Worker-3][0;39m [36m.a.f.i.c.p.ExtendedJpaTransactionManager[0;39m [2m:[0;39m Committing JPA transaction on EntityManager [org.eclipse.persistence.internal.jpa.EntityManagerImpl@92c9803]
[2m2026-02-17 11:25:00.087[0;39m [32m-DEBUG[0;39m [35m88555[0;39m [32m[0;39m [        default] [2m---[0;39m [2m[duler1_Worker-3][0;39m [36m.a.f.i.c.p.ExtendedJpaTransactionManager[0;39m [2m:[0;39m Closing JPA EntityManager [org.eclipse.persistence.internal.jpa.EntityManagerImpl@92c9803] after transaction
[2m2026-02-17 11:25:00.087[0;39m [32m- INFO[0;39m [35m88555[0;39m [32m[0;39m [        default] [2m---[0;39m [2m[duler1_Worker-3][0;39m [36mo.s.b.c.l.s.TaskExecutorJobLauncher     [0;39m [2m:[0;39m Job: [SimpleJob: [name=SEND_ASYNCHRONOUS_EVENTS]] launched with the following parameters: [{'run.id':'{value=33702, type=class java.lang.Long, identifying=true}'}]
[2m2026-02-17 11:25:00.088[0;39m [32m-DEBUG[0;39m [35m88555[0;39m [32m[0;39m [        default] [2m---[0;39m [2m[duler1_Worker-3][0;39m [36m.a.f.i.c.p.ExtendedJpaTransactionManager[0;39m [2m:[0;39m Creating new transaction with name [org.springframework.batch.core.repository.support.SimpleJobRepository.update]: PROPAGATION_REQUIRED,ISOLATION_DEFAULT
[2m2026-02-17 11:25:00.088[0;39m [32m-DEBUG[0;39m [35m88555[0;39m [32m[0;39m [        default] [2m---[0;39m [2m[duler1_Worker-3][0;39m [36m.a.f.i.c.p.ExtendedJpaTransactionManager[0;39m [2m:[0;39m Opened new EntityManager [org.eclipse.persistence.internal.jpa.EntityManagerImpl@1094333] for JPA transaction
[2m2026-02-17 11:25:00.088[0;39m [32m-DEBUG[0;39m [35m88555[0;39m [32m[0;39m [        default] [2m---[0;39m [2m[duler1_Worker-3][0;39m [36m.a.f.i.c.p.ExtendedJpaTransactionManager[0;39m [2m:[0;39m Exposing JPA transaction as JDBC [org.springframework.orm.jpa.vendor.EclipseLinkJpaDialect$EclipseLinkConnectionHandle@1c3a9998]
[2m2026-02-17 11:25:00.089[0;39m [32m-DEBUG[0;39m [35m88555[0;39m [32m[0;39m [        default] [2m---[0;39m [2m[duler1_Worker-3][0;39m [36m.a.f.i.c.p.ExtendedJpaTransactionManager[0;39m [2m:[0;39m Initiating transaction commit
[2m2026-02-17 11:25:00.089[0;39m [32m-DEBUG[0;39m [35m88555[0;39m [32m[0;39m [        default] [2m---[0;39m [2m[duler1_Worker-3][0;39m [36m.a.f.i.c.p.ExtendedJpaTransactionManager[0;39m [2m:[0;39m Committing JPA transaction on EntityManager [org.eclipse.persistence.internal.jpa.EntityManagerImpl@1094333]
[2m2026-02-17 11:25:00.089[0;39m [32m-DEBUG[0;39m [35m88555[0;39m [32m[0;39m [        default] [2m---[0;39m [2m[duler1_Worker-3][0;39m [36m.a.f.i.c.p.ExtendedJpaTransactionManager[0;39m [2m:[0;39m Closing JPA EntityManager [org.eclipse.persistence.internal.jpa.EntityManagerImpl@1094333] after transaction
[2m2026-02-17 11:25:00.090[0;39m [32m-DEBUG[0;39m [35m88555[0;39m [32m[0;39m [        default] [2m---[0;39m [2m[duler1_Worker-3][0;39m [36m.a.f.i.c.p.ExtendedJpaTransactionManager[0;39m [2m:[0;39m Creating new transaction with name [org.springframework.batch.core.repository.support.SimpleJobRepository.getLastStepExecution]: PROPAGATION_REQUIRED,ISOLATION_DEFAULT
[2m2026-02-17 11:25:00.090[0;39m [32m-DEBUG[0;39m [35m88555[0;39m [32m[0;39m [        default] [2m---[0;39m [2m[duler1_Worker-3][0;39m [36m.a.f.i.c.p.ExtendedJpaTransactionManager[0;39m [2m:[0;39m Opened new EntityManager [org.eclipse.persistence.internal.jpa.EntityManagerImpl@59b8a2c3] for JPA transaction
[2m2026-02-17 11:25:00.090[0;39m [32m-DEBUG[0;39m [35m88555[0;39m [32m[0;39m [        default] [2m---[0;39m [2m[duler1_Worker-3][0;39m [36m.a.f.i.c.p.ExtendedJpaTransactionManager[0;39m [2m:[0;39m Exposing JPA transaction as JDBC [org.springframework.orm.jpa.vendor.EclipseLinkJpaDialect$EclipseLinkConnectionHandle@11860635]
[2m2026-02-17 11:25:00.090[0;39m [32m-DEBUG[0;39m [35m88555[0;39m [32m[0;39m [        default] [2m---[0;39m [2m[duler1_Worker-3][0;39m [36m.a.f.i.c.p.ExtendedJpaTransactionManager[0;39m [2m:[0;39m Initiating transaction commit
[2m2026-02-17 11:25:00.090[0;39m [32m-DEBUG[0;39m [35m88555[0;39m [32m[0;39m [        default] [2m---[0;39m [2m[duler1_Worker-3][0;39m [36m.a.f.i.c.p.ExtendedJpaTransactionManager[0;39m [2m:[0;39m Committing JPA transaction on EntityManager [org.eclipse.persistence.internal.jpa.EntityManagerImpl@59b8a2c3]
[2m2026-02-17 11:25:00.090[0;39m [32m-DEBUG[0;39m [35m88555[0;39m [32m[0;39m [        default] [2m---[0;39m [2m[duler1_Worker-3][0;39m [36m.a.f.i.c.p.ExtendedJpaTransactionManager[0;39m [2m:[0;39m Closing JPA EntityManager [org.eclipse.persistence.internal.jpa.EntityManagerImpl@59b8a2c3] after transaction
[2m2026-02-17 11:25:00.091[0;39m [32m-DEBUG[0;39m [35m88555[0;39m [32m[0;39m [        default] [2m---[0;39m [2m[duler1_Worker-3][0;39m [36m.a.f.i.c.p.ExtendedJpaTransactionManager[0;39m [2m:[0;39m Creating new transaction with name [org.springframework.batch.core.repository.support.SimpleJobRepository.getStepExecutionCount]: PROPAGATION_REQUIRED,ISOLATION_DEFAULT
[2m2026-02-17 11:25:00.091[0;39m [32m-DEBUG[0;39m [35m88555[0;39m [32m[0;39m [        default] [2m---[0;39m [2m[duler1_Worker-3][0;39m [36m.a.f.i.c.p.ExtendedJpaTransactionManager[0;39m [2m:[0;39m Opened new EntityManager [org.eclipse.persistence.internal.jpa.EntityManagerImpl@3f270d8f] for JPA transaction
[2m2026-02-17 11:25:00.091[0;39m [32m-DEBUG[0;39m [35m88555[0;39m [32m[0;39m [        default] [2m---[0;39m [2m[duler1_Worker-3][0;39m [36m.a.f.i.c.p.ExtendedJpaTransactionManager[0;39m [2m:[0;39m Exposing JPA transaction as JDBC [org.springframework.orm.jpa.vendor.EclipseLinkJpaDialect$EclipseLinkConnectionHandle@369661cf]
[2m2026-02-17 11:25:00.091[0;39m [32m-DEBUG[0;39m [35m88555[0;39m [32m[0;39m [        default] [2m---[0;39m [2m[duler1_Worker-3][0;39m [36m.a.f.i.c.p.ExtendedJpaTransactionManager[0;39m [2m:[0;39m Initiating transaction commit
[2m2026-02-17 11:25:00.091[0;39m [32m-DEBUG[0;39m [35m88555[0;39m [32m[0;39m [        default] [2m---[0;39m [2m[duler1_Worker-3][0;39m [36m.a.f.i.c.p.ExtendedJpaTransactionManager[0;39m [2m:[0;39m Committing JPA transaction on EntityManager [org.eclipse.persistence.internal.jpa.EntityManagerImpl@3f270d8f]
[2m2026-02-17 11:25:00.091[0;39m [32m-DEBUG[0;39m [35m88555[0;39m [32m[0;39m [        default] [2m---[0;39m [2m[duler1_Worker-3][0;39m [36m.a.f.i.c.p.ExtendedJpaTransactionManager[0;39m [2m:[0;39m Closing JPA EntityManager [org.eclipse.persistence.internal.jpa.EntityManagerImpl@3f270d8f] after transaction
[2m2026-02-17 11:25:00.091[0;39m [32m-DEBUG[0;39m [35m88555[0;39m [32m[0;39m [        default] [2m---[0;39m [2m[duler1_Worker-3][0;39m [36m.a.f.i.c.p.ExtendedJpaTransactionManager[0;39m [2m:[0;39m Creating new transaction with name [org.springframework.batch.core.repository.support.SimpleJobRepository.add]: PROPAGATION_REQUIRED,ISOLATION_DEFAULT
[2m2026-02-17 11:25:00.091[0;39m [32m-DEBUG[0;39m [35m88555[0;39m [32m[0;39m [        default] [2m---[0;39m [2m[duler1_Worker-3][0;39m [36m.a.f.i.c.p.ExtendedJpaTransactionManager[0;39m [2m:[0;39m Opened new EntityManager [org.eclipse.persistence.internal.jpa.EntityManagerImpl@bb27fab] for JPA transaction
[2m2026-02-17 11:25:00.092[0;39m [32m-DEBUG[0;39m [35m88555[0;39m [32m[0;39m [        default] [2m---[0;39m [2m[duler1_Worker-3][0;39m [36m.a.f.i.c.p.ExtendedJpaTransactionManager[0;39m [2m:[0;39m Exposing JPA transaction as JDBC [org.springframework.orm.jpa.vendor.EclipseLinkJpaDialect$EclipseLinkConnectionHandle@cfe4027]
[2m2026-02-17 11:25:00.092[0;39m [32m-DEBUG[0;39m [35m88555[0;39m [32m[0;39m [        default] [2m---[0;39m [2m[duler1_Worker-3][0;39m [36m.a.f.i.c.p.ExtendedJpaTransactionManager[0;39m [2m:[0;39m Initiating transaction commit
[2m2026-02-17 11:25:00.092[0;39m [32m-DEBUG[0;39m [35m88555[0;39m [32m[0;39m [        default] [2m---[0;39m [2m[duler1_Worker-3][0;39m [36m.a.f.i.c.p.ExtendedJpaTransactionManager[0;39m [2m:[0;39m Committing JPA transaction on EntityManager [org.eclipse.persistence.internal.jpa.EntityManagerImpl@bb27fab]
[2m2026-02-17 11:25:00.093[0;39m [32m-DEBUG[0;39m [35m88555[0;39m [32m[0;39m [        default] [2m---[0;39m [2m[duler1_Worker-3][0;39m [36m.a.f.i.c.p.ExtendedJpaTransactionManager[0;39m [2m:[0;39m Closing JPA EntityManager [org.eclipse.persistence.internal.jpa.EntityManagerImpl@bb27fab] after transaction
[2m2026-02-17 11:25:00.093[0;39m [32m- INFO[0;39m [35m88555[0;39m [32m[0;39m [        default] [2m---[0;39m [2m[duler1_Worker-3][0;39m [36mo.s.batch.core.job.SimpleStepHandler    [0;39m [2m:[0;39m Executing step: [SEND_ASYNCHRONOUS_EVENTS_STEP]
[2m2026-02-17 11:25:00.093[0;39m [32m-DEBUG[0;39m [35m88555[0;39m [32m[0;39m [        default] [2m---[0;39m [2m[duler1_Worker-3][0;39m [36m.a.f.i.c.p.ExtendedJpaTransactionManager[0;39m [2m:[0;39m Creating new transaction with name [org.springframework.batch.core.repository.support.SimpleJobRepository.update]: PROPAGATION_REQUIRED,ISOLATION_DEFAULT
[2m2026-02-17 11:25:00.093[0;39m [32m-DEBUG[0;39m [35m88555[0;39m [32m[0;39m [        default] [2m---[0;39m [2m[duler1_Worker-3][0;39m [36m.a.f.i.c.p.ExtendedJpaTransactionManager[0;39m [2m:[0;39m Opened new EntityManager [org.eclipse.persistence.internal.jpa.EntityManagerImpl@9e3c06e] for JPA transaction
[2m2026-02-17 11:25:00.093[0;39m [32m-DEBUG[0;39m [35m88555[0;39m [32m[0;39m [        default] [2m---[0;39m [2m[duler1_Worker-3][0;39m [36m.a.f.i.c.p.ExtendedJpaTransactionManager[0;39m [2m:[0;39m Exposing JPA transaction as JDBC [org.springframework.orm.jpa.vendor.EclipseLinkJpaDialect$EclipseLinkConnectionHandle@55bd65]
[2m2026-02-17 11:25:00.094[0;39m [32m-DEBUG[0;39m [35m88555[0;39m [32m[0;39m [        default] [2m---[0;39m [2m[duler1_Worker-3][0;39m [36m.a.f.i.c.p.ExtendedJpaTransactionManager[0;39m [2m:[0;39m Initiating transaction commit
[2m2026-02-17 11:25:00.094[0;39m [32m-DEBUG[0;39m [35m88555[0;39m [32m[0;39m [        default] [2m---[0;39m [2m[duler1_Worker-3][0;39m [36m.a.f.i.c.p.ExtendedJpaTransactionManager[0;39m [2m:[0;39m Committing JPA transaction on EntityManager [org.eclipse.persistence.internal.jpa.EntityManagerImpl@9e3c06e]
[2m2026-02-17 11:25:00.094[0;39m [32m-DEBUG[0;39m [35m88555[0;39m [32m[0;39m [        default] [2m---[0;39m [2m[duler1_Worker-3][0;39m [36m.a.f.i.c.p.ExtendedJpaTransactionManager[0;39m [2m:[0;39m Closing JPA EntityManager [org.eclipse.persistence.internal.jpa.EntityManagerImpl@9e3c06e] after transaction
[2m2026-02-17 11:25:00.094[0;39m [32m-DEBUG[0;39m [35m88555[0;39m [32m[0;39m [        default] [2m---[0;39m [2m[duler1_Worker-3][0;39m [36m.a.f.i.c.p.ExtendedJpaTransactionManager[0;39m [2m:[0;39m Creating new transaction with name [org.springframework.batch.core.repository.support.SimpleJobRepository.updateExecutionContext]: PROPAGATION_REQUIRED,ISOLATION_DEFAULT
[2m2026-02-17 11:25:00.094[0;39m [32m-DEBUG[0;39m [35m88555[0;39m [32m[0;39m [        default] [2m---[0;39m [2m[duler1_Worker-3][0;39m [36m.a.f.i.c.p.ExtendedJpaTransactionManager[0;39m [2m:[0;39m Opened new EntityManager [org.eclipse.persistence.internal.jpa.EntityManagerImpl@1882d5e3] for JPA transaction
[2m2026-02-17 11:25:00.095[0;39m [32m-DEBUG[0;39m [35m88555[0;39m [32m[0;39m [        default] [2m---[0;39m [2m[duler1_Worker-3][0;39m [36m.a.f.i.c.p.ExtendedJpaTransactionManager[0;39m [2m:[0;39m Exposing JPA transaction as JDBC [org.springframework.orm.jpa.vendor.EclipseLinkJpaDialect$EclipseLinkConnectionHandle@668341ac]
[2m2026-02-17 11:25:00.095[0;39m [32m-DEBUG[0;39m [35m88555[0;39m [32m[0;39m [        default] [2m---[0;39m [2m[duler1_Worker-3][0;39m [36m.a.f.i.c.p.ExtendedJpaTransactionManager[0;39m [2m:[0;39m Initiating transaction commit
[2m2026-02-17 11:25:00.095[0;39m [32m-DEBUG[0;39m [35m88555[0;39m [32m[0;39m [        default] [2m---[0;39m [2m[duler1_Worker-3][0;39m [36m.a.f.i.c.p.ExtendedJpaTransactionManager[0;39m [2m:[0;39m Committing JPA transaction on EntityManager [org.eclipse.persistence.internal.jpa.EntityManagerImpl@1882d5e3]
[2m2026-02-17 11:25:00.095[0;39m [32m-DEBUG[0;39m [35m88555[0;39m [32m[0;39m [        default] [2m---[0;39m [2m[duler1_Worker-3][0;39m [36m.a.f.i.c.p.ExtendedJpaTransactionManager[0;39m [2m:[0;39m Closing JPA EntityManager [org.eclipse.persistence.internal.jpa.EntityManagerImpl@1882d5e3] after transaction
[2m2026-02-17 11:25:00.095[0;39m [32m-DEBUG[0;39m [35m88555[0;39m [32m[0;39m [        default] [2m---[0;39m [2m[duler1_Worker-3][0;39m [36m.a.f.i.c.p.ExtendedJpaTransactionManager[0;39m [2m:[0;39m Creating new transaction with name [null]: PROPAGATION_REQUIRED,ISOLATION_DEFAULT
[2m2026-02-17 11:25:00.095[0;39m [32m-DEBUG[0;39m [35m88555[0;39m [32m[0;39m [        default] [2m---[0;39m [2m[duler1_Worker-3][0;39m [36m.a.f.i.c.p.ExtendedJpaTransactionManager[0;39m [2m:[0;39m Opened new EntityManager [org.eclipse.persistence.internal.jpa.EntityManagerImpl@71f41da2] for JPA transaction
[2m2026-02-17 11:25:00.095[0;39m [32m-DEBUG[0;39m [35m88555[0;39m [32m[0;39m [        default] [2m---[0;39m [2m[duler1_Worker-3][0;39m [36m.a.f.i.c.p.ExtendedJpaTransactionManager[0;39m [2m:[0;39m Exposing JPA transaction as JDBC [org.springframework.orm.jpa.vendor.EclipseLinkJpaDialect$EclipseLinkConnectionHandle@5ce7286c]
[2m2026-02-17 11:25:00.096[0;39m [32m-DEBUG[0;39m [35m88555[0;39m [32m[0;39m [        default] [2m---[0;39m [2m[duler1_Worker-3][0;39m [36m.a.f.i.c.p.ExtendedJpaTransactionManager[0;39m [2m:[0;39m Found thread-bound EntityManager [org.eclipse.persistence.internal.jpa.EntityManagerImpl@71f41da2] for JPA transaction
[2m2026-02-17 11:25:00.096[0;39m [32m-DEBUG[0;39m [35m88555[0;39m [32m[0;39m [        default] [2m---[0;39m [2m[duler1_Worker-3][0;39m [36m.a.f.i.c.p.ExtendedJpaTransactionManager[0;39m [2m:[0;39m Participating in existing transaction
[2m2026-02-17 11:25:00.096[0;39m [32m-DEBUG[0;39m [35m88555[0;39m [32m[0;39m [        default] [2m---[0;39m [2m[duler1_Worker-3][0;39m [36m.a.f.i.c.p.ExtendedJpaTransactionManager[0;39m [2m:[0;39m Found thread-bound EntityManager [org.eclipse.persistence.internal.jpa.EntityManagerImpl@71f41da2] for JPA transaction
[2m2026-02-17 11:25:00.096[0;39m [32m-DEBUG[0;39m [35m88555[0;39m [32m[0;39m [        default] [2m---[0;39m [2m[duler1_Worker-3][0;39m [36m.a.f.i.c.p.ExtendedJpaTransactionManager[0;39m [2m:[0;39m Participating in existing transaction
[2m2026-02-17 11:25:00.096[0;39m [32m-DEBUG[0;39m [35m88555[0;39m [32m[0;39m [        default] [2m---[0;39m [2m[duler1_Worker-3][0;39m [36m.a.f.i.c.p.ExtendedJpaTransactionManager[0;39m [2m:[0;39m Initiating transaction commit
[2m2026-02-17 11:25:00.096[0;39m [32m-DEBUG[0;39m [35m88555[0;39m [32m[0;39m [        default] [2m---[0;39m [2m[duler1_Worker-3][0;39m [36m.a.f.i.c.p.ExtendedJpaTransactionManager[0;39m [2m:[0;39m Committing JPA transaction on EntityManager [org.eclipse.persistence.internal.jpa.EntityManagerImpl@71f41da2]
[2m2026-02-17 11:25:00.097[0;39m [32m-DEBUG[0;39m [35m88555[0;39m [32m[0;39m [        default] [2m---[0;39m [2m[duler1_Worker-3][0;39m [36m.a.f.i.c.p.ExtendedJpaTransactionManager[0;39m [2m:[0;39m Closing JPA EntityManager [org.eclipse.persistence.internal.jpa.EntityManagerImpl@71f41da2] after transaction
[2m2026-02-17 11:25:00.097[0;39m [32m- INFO[0;39m [35m88555[0;39m [32m[0;39m [        default] [2m---[0;39m [2m[duler1_Worker-3][0;39m [36mo.s.batch.core.step.AbstractStep        [0;39m [2m:[0;39m Step: [SEND_ASYNCHRONOUS_EVENTS_STEP] executed in 3ms
[2m2026-02-17 11:25:00.097[0;39m [32m-DEBUG[0;39m [35m88555[0;39m [32m[0;39m [        default] [2m---[0;39m [2m[duler1_Worker-3][0;39m [36m.a.f.i.c.p.ExtendedJpaTransactionManager[0;39m [2m:[0;39m Creating new transaction with name [org.springframework.batch.core.repository.support.SimpleJobRepository.updateExecutionContext]: PROPAGATION_REQUIRED,ISOLATION_DEFAULT
[2m2026-02-17 11:25:00.097[0;39m [32m-DEBUG[0;39m [35m88555[0;39m [32m[0;39m [        default] [2m---[0;39m [2m[duler1_Worker-3][0;39m [36m.a.f.i.c.p.ExtendedJpaTransactionManager[0;39m [2m:[0;39m Opened new EntityManager [org.eclipse.persistence.internal.jpa.EntityManagerImpl@2eb6761b] for JPA transaction
[2m2026-02-17 11:25:00.097[0;39m [32m-DEBUG[0;39m [35m88555[0;39m [32m[0;39m [        default] [2m---[0;39m [2m[duler1_Worker-3][0;39m [36m.a.f.i.c.p.ExtendedJpaTransactionManager[0;39m [2m:[0;39m Exposing JPA transaction as JDBC [org.springframework.orm.jpa.vendor.EclipseLinkJpaDialect$EclipseLinkConnectionHandle@7ffe7762]
[2m2026-02-17 11:25:00.097[0;39m [32m-DEBUG[0;39m [35m88555[0;39m [32m[0;39m [        default] [2m---[0;39m [2m[duler1_Worker-3][0;39m [36m.a.f.i.c.p.ExtendedJpaTransactionManager[0;39m [2m:[0;39m Initiating transaction commit
[2m2026-02-17 11:25:00.097[0;39m [32m-DEBUG[0;39m [35m88555[0;39m [32m[0;39m [        default] [2m---[0;39m [2m[duler1_Worker-3][0;39m [36m.a.f.i.c.p.ExtendedJpaTransactionManager[0;39m [2m:[0;39m Committing JPA transaction on EntityManager [org.eclipse.persistence.internal.jpa.EntityManagerImpl@2eb6761b]
[2m2026-02-17 11:25:00.097[0;39m [32m-DEBUG[0;39m [35m88555[0;39m [32m[0;39m [        default] [2m---[0;39m [2m[duler1_Worker-3][0;39m [36m.a.f.i.c.p.ExtendedJpaTransactionManager[0;39m [2m:[0;39m Closing JPA EntityManager [org.eclipse.persistence.internal.jpa.EntityManagerImpl@2eb6761b] after transaction
[2m2026-02-17 11:25:00.097[0;39m [32m-DEBUG[0;39m [35m88555[0;39m [32m[0;39m [        default] [2m---[0;39m [2m[duler1_Worker-3][0;39m [36m.a.f.i.c.p.ExtendedJpaTransactionManager[0;39m [2m:[0;39m Creating new transaction with name [org.springframework.batch.core.repository.support.SimpleJobRepository.update]: PROPAGATION_REQUIRED,ISOLATION_DEFAULT
[2m2026-02-17 11:25:00.097[0;39m [32m-DEBUG[0;39m [35m88555[0;39m [32m[0;39m [        default] [2m---[0;39m [2m[duler1_Worker-3][0;39m [36m.a.f.i.c.p.ExtendedJpaTransactionManager[0;39m [2m:[0;39m Opened new EntityManager [org.eclipse.persistence.internal.jpa.EntityManagerImpl@1a3f84b9] for JPA transaction
[2m2026-02-17 11:25:00.097[0;39m [32m-DEBUG[0;39m [35m88555[0;39m [32m[0;39m [        default] [2m---[0;39m [2m[duler1_Worker-3][0;39m [36m.a.f.i.c.p.ExtendedJpaTransactionManager[0;39m [2m:[0;39m Exposing JPA transaction as JDBC [org.springframework.orm.jpa.vendor.EclipseLinkJpaDialect$EclipseLinkConnectionHandle@6e91fe13]
[2m2026-02-17 11:25:00.098[0;39m [32m-DEBUG[0;39m [35m88555[0;39m [32m[0;39m [        default] [2m---[0;39m [2m[duler1_Worker-3][0;39m [36m.a.f.i.c.p.ExtendedJpaTransactionManager[0;39m [2m:[0;39m Initiating transaction commit
[2m2026-02-17 11:25:00.098[0;39m [32m-DEBUG[0;39m [35m88555[0;39m [32m[0;39m [        default] [2m---[0;39m [2m[duler1_Worker-3][0;39m [36m.a.f.i.c.p.ExtendedJpaTransactionManager[0;39m [2m:[0;39m Committing JPA transaction on EntityManager [org.eclipse.persistence.internal.jpa.EntityManagerImpl@1a3f84b9]
[2m2026-02-17 11:25:00.098[0;39m [32m-DEBUG[0;39m [35m88555[0;39m [32m[0;39m [        default] [2m---[0;39m [2m[duler1_Worker-3][0;39m [36m.a.f.i.c.p.ExtendedJpaTransactionManager[0;39m [2m:[0;39m Closing JPA EntityManager [org.eclipse.persistence.internal.jpa.EntityManagerImpl@1a3f84b9] after transaction
[2m2026-02-17 11:25:00.098[0;39m [32m-DEBUG[0;39m [35m88555[0;39m [32m[0;39m [        default] [2m---[0;39m [2m[duler1_Worker-3][0;39m [36m.a.f.i.c.p.ExtendedJpaTransactionManager[0;39m [2m:[0;39m Creating new transaction with name [org.springframework.batch.core.repository.support.SimpleJobRepository.updateExecutionContext]: PROPAGATION_REQUIRED,ISOLATION_DEFAULT
[2m2026-02-17 11:25:00.098[0;39m [32m-DEBUG[0;39m [35m88555[0;39m [32m[0;39m [        default] [2m---[0;39m [2m[duler1_Worker-3][0;39m [36m.a.f.i.c.p.ExtendedJpaTransactionManager[0;39m [2m:[0;39m Opened new EntityManager [org.eclipse.persistence.internal.jpa.EntityManagerImpl@738a5b74] for JPA transaction
[2m2026-02-17 11:25:00.098[0;39m [32m-DEBUG[0;39m [35m88555[0;39m [32m[0;39m [        default] [2m---[0;39m [2m[duler1_Worker-3][0;39m [36m.a.f.i.c.p.ExtendedJpaTransactionManager[0;39m [2m:[0;39m Exposing JPA transaction as JDBC [org.springframework.orm.jpa.vendor.EclipseLinkJpaDialect$EclipseLinkConnectionHandle@7fc37700]
[2m2026-02-17 11:25:00.098[0;39m [32m-DEBUG[0;39m [35m88555[0;39m [32m[0;39m [        default] [2m---[0;39m [2m[duler1_Worker-3][0;39m [36m.a.f.i.c.p.ExtendedJpaTransactionManager[0;39m [2m:[0;39m Initiating transaction commit
[2m2026-02-17 11:25:00.098[0;39m [32m-DEBUG[0;39m [35m88555[0;39m [32m[0;39m [        default] [2m---[0;39m [2m[duler1_Worker-3][0;39m [36m.a.f.i.c.p.ExtendedJpaTransactionManager[0;39m [2m:[0;39m Committing JPA transaction on EntityManager [org.eclipse.persistence.internal.jpa.EntityManagerImpl@738a5b74]
[2m2026-02-17 11:25:00.099[0;39m [32m-DEBUG[0;39m [35m88555[0;39m [32m[0;39m [        default] [2m---[0;39m [2m[duler1_Worker-3][0;39m [36m.a.f.i.c.p.ExtendedJpaTransactionManager[0;39m [2m:[0;39m Closing JPA EntityManager [org.eclipse.persistence.internal.jpa.EntityManagerImpl@738a5b74] after transaction
[2m2026-02-17 11:25:00.099[0;39m [32m-DEBUG[0;39m [35m88555[0;39m [32m[0;39m [        default] [2m---[0;39m [2m[duler1_Worker-3][0;39m [36m.a.f.i.c.p.ExtendedJpaTransactionManager[0;39m [2m:[0;39m Creating new transaction with name [org.springframework.batch.core.repository.support.SimpleJobRepository.update]: PROPAGATION_REQUIRED,ISOLATION_DEFAULT
[2m2026-02-17 11:25:00.099[0;39m [32m-DEBUG[0;39m [35m88555[0;39m [32m[0;39m [        default] [2m---[0;39m [2m[duler1_Worker-3][0;39m [36m.a.f.i.c.p.ExtendedJpaTransactionManager[0;39m [2m:[0;39m Opened new EntityManager [org.eclipse.persistence.internal.jpa.EntityManagerImpl@19bf2e0d] for JPA transaction
[2m2026-02-17 11:25:00.099[0;39m [32m-DEBUG[0;39m [35m88555[0;39m [32m[0;39m [        default] [2m---[0;39m [2m[duler1_Worker-3][0;39m [36m.a.f.i.c.p.ExtendedJpaTransactionManager[0;39m [2m:[0;39m Exposing JPA transaction as JDBC [org.springframework.orm.jpa.vendor.EclipseLinkJpaDialect$EclipseLinkConnectionHandle@783f2a4f]
[2m2026-02-17 11:25:00.099[0;39m [32m-DEBUG[0;39m [35m88555[0;39m [32m[0;39m [        default] [2m---[0;39m [2m[duler1_Worker-3][0;39m [36m.a.f.i.c.p.ExtendedJpaTransactionManager[0;39m [2m:[0;39m Initiating transaction commit
[2m2026-02-17 11:25:00.099[0;39m [32m-DEBUG[0;39m [35m88555[0;39m [32m[0;39m [        default] [2m---[0;39m [2m[duler1_Worker-3][0;39m [36m.a.f.i.c.p.ExtendedJpaTransactionManager[0;39m [2m:[0;39m Committing JPA transaction on EntityManager [org.eclipse.persistence.internal.jpa.EntityManagerImpl@19bf2e0d]
[2m2026-02-17 11:25:00.100[0;39m [32m-DEBUG[0;39m [35m88555[0;39m [32m[0;39m [        default] [2m---[0;39m [2m[duler1_Worker-3][0;39m [36m.a.f.i.c.p.ExtendedJpaTransactionManager[0;39m [2m:[0;39m Closing JPA EntityManager [org.eclipse.persistence.internal.jpa.EntityManagerImpl@19bf2e0d] after transaction
[2m2026-02-17 11:25:00.100[0;39m [32m- INFO[0;39m [35m88555[0;39m [32m[0;39m [        default] [2m---[0;39m [2m[duler1_Worker-3][0;39m [36mo.s.b.c.l.s.TaskExecutorJobLauncher     [0;39m [2m:[0;39m Job: [SimpleJob: [name=SEND_ASYNCHRONOUS_EVENTS]] completed with the following parameters: [{'run.id':'{value=33702, type=class java.lang.Long, identifying=true}'}] and the following status: [COMPLETED] in 10ms
[2m2026-02-17 11:25:00.111[0;39m [32m-DEBUG[0;39m [35m88555[0;39m [32m[0;39m [        default] [2m---[0;39m [2m[duler1_Worker-3][0;39m [36m.a.f.i.c.p.ExtendedJpaTransactionManager[0;39m [2m:[0;39m Creating new transaction with name [org.apache.fineract.infrastructure.jobs.service.SchedularWritePlatformServiceJpaRepositoryImpl.saveOrUpdate]: PROPAGATION_REQUIRED,ISOLATION_DEFAULT
[2m2026-02-17 11:25:00.111[0;39m [32m-DEBUG[0;39m [35m88555[0;39m [32m[0;39m [        default] [2m---[0;39m [2m[duler1_Worker-3][0;39m [36m.a.f.i.c.p.ExtendedJpaTransactionManager[0;39m [2m:[0;39m Opened new EntityManager [org.eclipse.persistence.internal.jpa.EntityManagerImpl@3d508899] for JPA transaction
[2m2026-02-17 11:25:00.111[0;39m [32m-DEBUG[0;39m [35m88555[0;39m [32m[0;39m [        default] [2m---[0;39m [2m[duler1_Worker-3][0;39m [36m.a.f.i.c.p.ExtendedJpaTransactionManager[0;39m [2m:[0;39m Exposing JPA transaction as JDBC [org.springframework.orm.jpa.vendor.EclipseLinkJpaDialect$EclipseLinkConnectionHandle@5d7f1678]
[2m2026-02-17 11:25:00.111[0;39m [32m-DEBUG[0;39m [35m88555[0;39m [32m[0;39m [        default] [2m---[0;39m [2m[duler1_Worker-3][0;39m [36m.a.f.i.c.p.ExtendedJpaTransactionManager[0;39m [2m:[0;39m Found thread-bound EntityManager [org.eclipse.persistence.internal.jpa.EntityManagerImpl@3d508899] for JPA transaction
[2m2026-02-17 11:25:00.111[0;39m [32m-DEBUG[0;39m [35m88555[0;39m [32m[0;39m [        default] [2m---[0;39m [2m[duler1_Worker-3][0;39m [36m.a.f.i.c.p.ExtendedJpaTransactionManager[0;39m [2m:[0;39m Participating in existing transaction
[2m2026-02-17 11:25:00.112[0;39m [32m-DEBUG[0;39m [35m88555[0;39m [32m[0;39m [        default] [2m---[0;39m [2m[duler1_Worker-3][0;39m [36m.a.f.i.c.p.ExtendedJpaTransactionManager[0;39m [2m:[0;39m Found thread-bound EntityManager [org.eclipse.persistence.internal.jpa.EntityManagerImpl@3d508899] for JPA transaction
[2m2026-02-17 11:25:00.112[0;39m [32m-DEBUG[0;39m [35m88555[0;39m [32m[0;39m [        default] [2m---[0;39m [2m[duler1_Worker-3][0;39m [36m.a.f.i.c.p.ExtendedJpaTransactionManager[0;39m [2m:[0;39m Participating in existing transaction
[2m2026-02-17 11:25:00.113[0;39m [32m-DEBUG[0;39m [35m88555[0;39m [32m[0;39m [        default] [2m---[0;39m [2m[duler1_Worker-3][0;39m [36m.a.f.i.c.p.ExtendedJpaTransactionManager[0;39m [2m:[0;39m Initiating transaction commit
[2m2026-02-17 11:25:00.113[0;39m [32m-DEBUG[0;39m [35m88555[0;39m [32m[0;39m [        default] [2m---[0;39m [2m[duler1_Worker-3][0;39m [36m.a.f.i.c.p.ExtendedJpaTransactionManager[0;39m [2m:[0;39m Committing JPA transaction on EntityManager [org.eclipse.persistence.internal.jpa.EntityManagerImpl@3d508899]
[2m2026-02-17 11:25:00.116[0;39m [32m-DEBUG[0;39m [35m88555[0;39m [32m[0;39m [        default] [2m---[0;39m [2m[duler1_Worker-3][0;39m [36m.a.f.i.c.p.ExtendedJpaTransactionManager[0;39m [2m:[0;39m Closing JPA EntityManager [org.eclipse.persistence.internal.jpa.EntityManagerImpl@3d508899] after transaction
[2m2026-02-17 11:25:00.116[0;39m [32m-DEBUG[0;39m [35m88555[0;39m [32m[0;39m [      no-tenant] [2m---[0;39m [2m[duler1_Worker-3][0;39m [36mo.a.f.i.j.s.SchedulerTriggerListener    [0;39m [2m:[0;39m triggerComplete() trigger=Trigger 'DEFAULT.Send Asynchronous EventsTrigger1':  triggerClass: 'org.quartz.impl.triggers.CronTriggerImpl calendar: 'null' misfireInstruction: 0 nextFireTime: Tue Feb 17 11:26:00 CST 2026, context=JobExecutionContext: trigger: 'DEFAULT.Send Asynchronous EventsTrigger1 job: DEFAULT.Send Asynchronous EventsJobDetail1 fireTime: 'Tue Feb 17 11:25:00 CST 2026 scheduledFireTime: Tue Feb 17 11:25:00 CST 2026 previousFireTime: 'Tue Feb 17 11:24:00 CST 2026 nextFireTime: Tue Feb 17 11:26:00 CST 2026 isRecovering: false refireCount: 0, completedExecutionInstruction=NOOP
[2m2026-02-17 11:26:00.014[0;39m [32m-DEBUG[0;39m [35m88555[0;39m [32m[0;39m [      no-tenant] [2m---[0;39m [2m[duler1_Worker-4][0;39m [36mo.a.f.i.j.s.SchedulerTriggerListener    [0;39m [2m:[0;39m triggerFired() trigger=Trigger 'DEFAULT.Send Asynchronous EventsTrigger1':  triggerClass: 'org.quartz.impl.triggers.CronTriggerImpl calendar: 'null' misfireInstruction: 0 nextFireTime: Tue Feb 17 11:27:00 CST 2026, context=JobExecutionContext: trigger: 'DEFAULT.Send Asynchronous EventsTrigger1 job: DEFAULT.Send Asynchronous EventsJobDetail1 fireTime: 'Tue Feb 17 11:26:00 CST 2026 scheduledFireTime: Tue Feb 17 11:26:00 CST 2026 previousFireTime: 'Tue Feb 17 11:25:00 CST 2026 nextFireTime: Tue Feb 17 11:27:00 CST 2026 isRecovering: false refireCount: 0
[2m2026-02-17 11:26:00.027[0;39m [32m-DEBUG[0;39m [35m88555[0;39m [32m[0;39m [        default] [2m---[0;39m [2m[duler1_Worker-4][0;39m [36m.a.f.i.c.p.ExtendedJpaTransactionManager[0;39m [2m:[0;39m Creating new transaction with name [org.apache.fineract.infrastructure.jobs.service.SchedulerVetoer.veto]: PROPAGATION_REQUIRED,ISOLATION_READ_COMMITTED
[2m2026-02-17 11:26:00.028[0;39m [32m-DEBUG[0;39m [35m88555[0;39m [32m[0;39m [        default] [2m---[0;39m [2m[duler1_Worker-4][0;39m [36m.a.f.i.c.p.ExtendedJpaTransactionManager[0;39m [2m:[0;39m Opened new EntityManager [org.eclipse.persistence.internal.jpa.EntityManagerImpl@3b296862] for JPA transaction
[2m2026-02-17 11:26:00.032[0;39m [32m-DEBUG[0;39m [35m88555[0;39m [32m[0;39m [        default] [2m---[0;39m [2m[duler1_Worker-4][0;39m [36m.a.f.i.c.p.ExtendedJpaTransactionManager[0;39m [2m:[0;39m Exposing JPA transaction as JDBC [org.springframework.orm.jpa.vendor.EclipseLinkJpaDialect$EclipseLinkConnectionHandle@31d10312]
[2m2026-02-17 11:26:00.043[0;39m [32m-DEBUG[0;39m [35m88555[0;39m [32m[0;39m [        default] [2m---[0;39m [2m[duler1_Worker-4][0;39m [36m.a.f.i.c.p.ExtendedJpaTransactionManager[0;39m [2m:[0;39m Found thread-bound EntityManager [org.eclipse.persistence.internal.jpa.EntityManagerImpl@3b296862] for JPA transaction
[2m2026-02-17 11:26:00.043[0;39m [32m-DEBUG[0;39m [35m88555[0;39m [32m[0;39m [        default] [2m---[0;39m [2m[duler1_Worker-4][0;39m [36m.a.f.i.c.p.ExtendedJpaTransactionManager[0;39m [2m:[0;39m Participating in existing transaction
[2m2026-02-17 11:26:00.049[0;39m [32m-DEBUG[0;39m [35m88555[0;39m [32m[0;39m [        default] [2m---[0;39m [2m[duler1_Worker-4][0;39m [36m.a.f.i.c.p.ExtendedJpaTransactionManager[0;39m [2m:[0;39m Found thread-bound EntityManager [org.eclipse.persistence.internal.jpa.EntityManagerImpl@3b296862] for JPA transaction
[2m2026-02-17 11:26:00.049[0;39m [32m-DEBUG[0;39m [35m88555[0;39m [32m[0;39m [        default] [2m---[0;39m [2m[duler1_Worker-4][0;39m [36m.a.f.i.c.p.ExtendedJpaTransactionManager[0;39m [2m:[0;39m Participating in existing transaction
[2m2026-02-17 11:26:00.050[0;39m [32m-DEBUG[0;39m [35m88555[0;39m [32m[0;39m [        default] [2m---[0;39m [2m[duler1_Worker-4][0;39m [36m.a.f.i.c.p.ExtendedJpaTransactionManager[0;39m [2m:[0;39m Found thread-bound EntityManager [org.eclipse.persistence.internal.jpa.EntityManagerImpl@3b296862] for JPA transaction
[2m2026-02-17 11:26:00.050[0;39m [32m-DEBUG[0;39m [35m88555[0;39m [32m[0;39m [        default] [2m---[0;39m [2m[duler1_Worker-4][0;39m [36m.a.f.i.c.p.ExtendedJpaTransactionManager[0;39m [2m:[0;39m Participating in existing transaction
[2m2026-02-17 11:26:00.051[0;39m [32m-DEBUG[0;39m [35m88555[0;39m [32m[0;39m [        default] [2m---[0;39m [2m[duler1_Worker-4][0;39m [36m.a.f.i.c.p.ExtendedJpaTransactionManager[0;39m [2m:[0;39m Initiating transaction commit
[2m2026-02-17 11:26:00.051[0;39m [32m-DEBUG[0;39m [35m88555[0;39m [32m[0;39m [        default] [2m---[0;39m [2m[duler1_Worker-4][0;39m [36m.a.f.i.c.p.ExtendedJpaTransactionManager[0;39m [2m:[0;39m Committing JPA transaction on EntityManager [org.eclipse.persistence.internal.jpa.EntityManagerImpl@3b296862]
[2m2026-02-17 11:26:00.056[0;39m [32m-DEBUG[0;39m [35m88555[0;39m [32m[0;39m [        default] [2m---[0;39m [2m[duler1_Worker-4][0;39m [36m.a.f.i.c.p.ExtendedJpaTransactionManager[0;39m [2m:[0;39m Closing JPA EntityManager [org.eclipse.persistence.internal.jpa.EntityManagerImpl@3b296862] after transaction
[2m2026-02-17 11:26:00.072[0;39m [32m-DEBUG[0;39m [35m88555[0;39m [32m[0;39m [        default] [2m---[0;39m [2m[duler1_Worker-4][0;39m [36m.a.f.i.c.p.ExtendedJpaTransactionManager[0;39m [2m:[0;39m Creating new transaction with name [org.springframework.batch.core.repository.support.SimpleJobRepository.getLastJobExecution]: PROPAGATION_REQUIRES_NEW,ISOLATION_READ_COMMITTED
[2m2026-02-17 11:26:00.072[0;39m [32m-DEBUG[0;39m [35m88555[0;39m [32m[0;39m [        default] [2m---[0;39m [2m[duler1_Worker-4][0;39m [36m.a.f.i.c.p.ExtendedJpaTransactionManager[0;39m [2m:[0;39m Opened new EntityManager [org.eclipse.persistence.internal.jpa.EntityManagerImpl@118931c5] for JPA transaction
[2m2026-02-17 11:26:00.073[0;39m [32m-DEBUG[0;39m [35m88555[0;39m [32m[0;39m [        default] [2m---[0;39m [2m[duler1_Worker-4][0;39m [36m.a.f.i.c.p.ExtendedJpaTransactionManager[0;39m [2m:[0;39m Exposing JPA transaction as JDBC [org.springframework.orm.jpa.vendor.EclipseLinkJpaDialect$EclipseLinkConnectionHandle@3766f92]
[2m2026-02-17 11:26:00.074[0;39m [32m-DEBUG[0;39m [35m88555[0;39m [32m[0;39m [        default] [2m---[0;39m [2m[duler1_Worker-4][0;39m [36m.a.f.i.c.p.ExtendedJpaTransactionManager[0;39m [2m:[0;39m Initiating transaction commit
[2m2026-02-17 11:26:00.075[0;39m [32m-DEBUG[0;39m [35m88555[0;39m [32m[0;39m [        default] [2m---[0;39m [2m[duler1_Worker-4][0;39m [36m.a.f.i.c.p.ExtendedJpaTransactionManager[0;39m [2m:[0;39m Committing JPA transaction on EntityManager [org.eclipse.persistence.internal.jpa.EntityManagerImpl@118931c5]
[2m2026-02-17 11:26:00.075[0;39m [32m-DEBUG[0;39m [35m88555[0;39m [32m[0;39m [        default] [2m---[0;39m [2m[duler1_Worker-4][0;39m [36m.a.f.i.c.p.ExtendedJpaTransactionManager[0;39m [2m:[0;39m Closing JPA EntityManager [org.eclipse.persistence.internal.jpa.EntityManagerImpl@118931c5] after transaction
[2m2026-02-17 11:26:00.075[0;39m [32m-DEBUG[0;39m [35m88555[0;39m [32m[0;39m [        default] [2m---[0;39m [2m[duler1_Worker-4][0;39m [36m.a.f.i.c.p.ExtendedJpaTransactionManager[0;39m [2m:[0;39m Creating new transaction with name [org.springframework.batch.core.repository.support.SimpleJobRepository.createJobExecution]: PROPAGATION_REQUIRES_NEW,ISOLATION_READ_COMMITTED
[2m2026-02-17 11:26:00.075[0;39m [32m-DEBUG[0;39m [35m88555[0;39m [32m[0;39m [        default] [2m---[0;39m [2m[duler1_Worker-4][0;39m [36m.a.f.i.c.p.ExtendedJpaTransactionManager[0;39m [2m:[0;39m Opened new EntityManager [org.eclipse.persistence.internal.jpa.EntityManagerImpl@7a9bda64] for JPA transaction
[2m2026-02-17 11:26:00.075[0;39m [32m-DEBUG[0;39m [35m88555[0;39m [32m[0;39m [        default] [2m---[0;39m [2m[duler1_Worker-4][0;39m [36m.a.f.i.c.p.ExtendedJpaTransactionManager[0;39m [2m:[0;39m Exposing JPA transaction as JDBC [org.springframework.orm.jpa.vendor.EclipseLinkJpaDialect$EclipseLinkConnectionHandle@5404ba56]
[2m2026-02-17 11:26:00.078[0;39m [32m-DEBUG[0;39m [35m88555[0;39m [32m[0;39m [        default] [2m---[0;39m [2m[duler1_Worker-4][0;39m [36m.a.f.i.c.p.ExtendedJpaTransactionManager[0;39m [2m:[0;39m Initiating transaction commit
[2m2026-02-17 11:26:00.078[0;39m [32m-DEBUG[0;39m [35m88555[0;39m [32m[0;39m [        default] [2m---[0;39m [2m[duler1_Worker-4][0;39m [36m.a.f.i.c.p.ExtendedJpaTransactionManager[0;39m [2m:[0;39m Committing JPA transaction on EntityManager [org.eclipse.persistence.internal.jpa.EntityManagerImpl@7a9bda64]
[2m2026-02-17 11:26:00.078[0;39m [32m-DEBUG[0;39m [35m88555[0;39m [32m[0;39m [        default] [2m---[0;39m [2m[duler1_Worker-4][0;39m [36m.a.f.i.c.p.ExtendedJpaTransactionManager[0;39m [2m:[0;39m Closing JPA EntityManager [org.eclipse.persistence.internal.jpa.EntityManagerImpl@7a9bda64] after transaction
[2m2026-02-17 11:26:00.079[0;39m [32m- INFO[0;39m [35m88555[0;39m [32m[0;39m [        default] [2m---[0;39m [2m[duler1_Worker-4][0;39m [36mo.s.b.c.l.s.TaskExecutorJobLauncher     [0;39m [2m:[0;39m Job: [SimpleJob: [name=SEND_ASYNCHRONOUS_EVENTS]] launched with the following parameters: [{'run.id':'{value=33703, type=class java.lang.Long, identifying=true}'}]
[2m2026-02-17 11:26:00.080[0;39m [32m-DEBUG[0;39m [35m88555[0;39m [32m[0;39m [        default] [2m---[0;39m [2m[duler1_Worker-4][0;39m [36m.a.f.i.c.p.ExtendedJpaTransactionManager[0;39m [2m:[0;39m Creating new transaction with name [org.springframework.batch.core.repository.support.SimpleJobRepository.update]: PROPAGATION_REQUIRED,ISOLATION_DEFAULT
[2m2026-02-17 11:26:00.080[0;39m [32m-DEBUG[0;39m [35m88555[0;39m [32m[0;39m [        default] [2m---[0;39m [2m[duler1_Worker-4][0;39m [36m.a.f.i.c.p.ExtendedJpaTransactionManager[0;39m [2m:[0;39m Opened new EntityManager [org.eclipse.persistence.internal.jpa.EntityManagerImpl@cdbbe0a] for JPA transaction
[2m2026-02-17 11:26:00.080[0;39m [32m-DEBUG[0;39m [35m88555[0;39m [32m[0;39m [        default] [2m---[0;39m [2m[duler1_Worker-4][0;39m [36m.a.f.i.c.p.ExtendedJpaTransactionManager[0;39m [2m:[0;39m Exposing JPA transaction as JDBC [org.springframework.orm.jpa.vendor.EclipseLinkJpaDialect$EclipseLinkConnectionHandle@3ce14afc]
[2m2026-02-17 11:26:00.082[0;39m [32m-DEBUG[0;39m [35m88555[0;39m [32m[0;39m [        default] [2m---[0;39m [2m[duler1_Worker-4][0;39m [36m.a.f.i.c.p.ExtendedJpaTransactionManager[0;39m [2m:[0;39m Initiating transaction commit
[2m2026-02-17 11:26:00.082[0;39m [32m-DEBUG[0;39m [35m88555[0;39m [32m[0;39m [        default] [2m---[0;39m [2m[duler1_Worker-4][0;39m [36m.a.f.i.c.p.ExtendedJpaTransactionManager[0;39m [2m:[0;39m Committing JPA transaction on EntityManager [org.eclipse.persistence.internal.jpa.EntityManagerImpl@cdbbe0a]
[2m2026-02-17 11:26:00.083[0;39m [32m-DEBUG[0;39m [35m88555[0;39m [32m[0;39m [        default] [2m---[0;39m [2m[duler1_Worker-4][0;39m [36m.a.f.i.c.p.ExtendedJpaTransactionManager[0;39m [2m:[0;39m Closing JPA EntityManager [org.eclipse.persistence.internal.jpa.EntityManagerImpl@cdbbe0a] after transaction
[2m2026-02-17 11:26:00.083[0;39m [32m-DEBUG[0;39m [35m88555[0;39m [32m[0;39m [        default] [2m---[0;39m [2m[duler1_Worker-4][0;39m [36m.a.f.i.c.p.ExtendedJpaTransactionManager[0;39m [2m:[0;39m Creating new transaction with name [org.springframework.batch.core.repository.support.SimpleJobRepository.getLastStepExecution]: PROPAGATION_REQUIRED,ISOLATION_DEFAULT
[2m2026-02-17 11:26:00.083[0;39m [32m-DEBUG[0;39m [35m88555[0;39m [32m[0;39m [        default] [2m---[0;39m [2m[duler1_Worker-4][0;39m [36m.a.f.i.c.p.ExtendedJpaTransactionManager[0;39m [2m:[0;39m Opened new EntityManager [org.eclipse.persistence.internal.jpa.EntityManagerImpl@188dfffe] for JPA transaction
[2m2026-02-17 11:26:00.083[0;39m [32m-DEBUG[0;39m [35m88555[0;39m [32m[0;39m [        default] [2m---[0;39m [2m[duler1_Worker-4][0;39m [36m.a.f.i.c.p.ExtendedJpaTransactionManager[0;39m [2m:[0;39m Exposing JPA transaction as JDBC [org.springframework.orm.jpa.vendor.EclipseLinkJpaDialect$EclipseLinkConnectionHandle@69aa20b3]
[2m2026-02-17 11:26:00.084[0;39m [32m-DEBUG[0;39m [35m88555[0;39m [32m[0;39m [        default] [2m---[0;39m [2m[duler1_Worker-4][0;39m [36m.a.f.i.c.p.ExtendedJpaTransactionManager[0;39m [2m:[0;39m Initiating transaction commit
[2m2026-02-17 11:26:00.084[0;39m [32m-DEBUG[0;39m [35m88555[0;39m [32m[0;39m [        default] [2m---[0;39m [2m[duler1_Worker-4][0;39m [36m.a.f.i.c.p.ExtendedJpaTransactionManager[0;39m [2m:[0;39m Committing JPA transaction on EntityManager [org.eclipse.persistence.internal.jpa.EntityManagerImpl@188dfffe]
[2m2026-02-17 11:26:00.084[0;39m [32m-DEBUG[0;39m [35m88555[0;39m [32m[0;39m [        default] [2m---[0;39m [2m[duler1_Worker-4][0;39m [36m.a.f.i.c.p.ExtendedJpaTransactionManager[0;39m [2m:[0;39m Closing JPA EntityManager [org.eclipse.persistence.internal.jpa.EntityManagerImpl@188dfffe] after transaction
[2m2026-02-17 11:26:00.084[0;39m [32m-DEBUG[0;39m [35m88555[0;39m [32m[0;39m [        default] [2m---[0;39m [2m[duler1_Worker-4][0;39m [36m.a.f.i.c.p.ExtendedJpaTransactionManager[0;39m [2m:[0;39m Creating new transaction with name [org.springframework.batch.core.repository.support.SimpleJobRepository.getStepExecutionCount]: PROPAGATION_REQUIRED,ISOLATION_DEFAULT
[2m2026-02-17 11:26:00.084[0;39m [32m-DEBUG[0;39m [35m88555[0;39m [32m[0;39m [        default] [2m---[0;39m [2m[duler1_Worker-4][0;39m [36m.a.f.i.c.p.ExtendedJpaTransactionManager[0;39m [2m:[0;39m Opened new EntityManager [org.eclipse.persistence.internal.jpa.EntityManagerImpl@3850f862] for JPA transaction
[2m2026-02-17 11:26:00.084[0;39m [32m-DEBUG[0;39m [35m88555[0;39m [32m[0;39m [        default] [2m---[0;39m [2m[duler1_Worker-4][0;39m [36m.a.f.i.c.p.ExtendedJpaTransactionManager[0;39m [2m:[0;39m Exposing JPA transaction as JDBC [org.springframework.orm.jpa.vendor.EclipseLinkJpaDialect$EclipseLinkConnectionHandle@ed0e33e]
[2m2026-02-17 11:26:00.085[0;39m [32m-DEBUG[0;39m [35m88555[0;39m [32m[0;39m [        default] [2m---[0;39m [2m[duler1_Worker-4][0;39m [36m.a.f.i.c.p.ExtendedJpaTransactionManager[0;39m [2m:[0;39m Initiating transaction commit
[2m2026-02-17 11:26:00.085[0;39m [32m-DEBUG[0;39m [35m88555[0;39m [32m[0;39m [        default] [2m---[0;39m [2m[duler1_Worker-4][0;39m [36m.a.f.i.c.p.ExtendedJpaTransactionManager[0;39m [2m:[0;39m Committing JPA transaction on EntityManager [org.eclipse.persistence.internal.jpa.EntityManagerImpl@3850f862]
[2m2026-02-17 11:26:00.085[0;39m [32m-DEBUG[0;39m [35m88555[0;39m [32m[0;39m [        default] [2m---[0;39m [2m[duler1_Worker-4][0;39m [36m.a.f.i.c.p.ExtendedJpaTransactionManager[0;39m [2m:[0;39m Closing JPA EntityManager [org.eclipse.persistence.internal.jpa.EntityManagerImpl@3850f862] after transaction
[2m2026-02-17 11:26:00.085[0;39m [32m-DEBUG[0;39m [35m88555[0;39m [32m[0;39m [        default] [2m---[0;39m [2m[duler1_Worker-4][0;39m [36m.a.f.i.c.p.ExtendedJpaTransactionManager[0;39m [2m:[0;39m Creating new transaction with name [org.springframework.batch.core.repository.support.SimpleJobRepository.add]: PROPAGATION_REQUIRED,ISOLATION_DEFAULT
[2m2026-02-17 11:26:00.085[0;39m [32m-DEBUG[0;39m [35m88555[0;39m [32m[0;39m [        default] [2m---[0;39m [2m[duler1_Worker-4][0;39m [36m.a.f.i.c.p.ExtendedJpaTransactionManager[0;39m [2m:[0;39m Opened new EntityManager [org.eclipse.persistence.internal.jpa.EntityManagerImpl@41c28724] for JPA transaction
[2m2026-02-17 11:26:00.085[0;39m [32m-DEBUG[0;39m [35m88555[0;39m [32m[0;39m [        default] [2m---[0;39m [2m[duler1_Worker-4][0;39m [36m.a.f.i.c.p.ExtendedJpaTransactionManager[0;39m [2m:[0;39m Exposing JPA transaction as JDBC [org.springframework.orm.jpa.vendor.EclipseLinkJpaDialect$EclipseLinkConnectionHandle@7eeee496]
[2m2026-02-17 11:26:00.086[0;39m [32m-DEBUG[0;39m [35m88555[0;39m [32m[0;39m [        default] [2m---[0;39m [2m[duler1_Worker-4][0;39m [36m.a.f.i.c.p.ExtendedJpaTransactionManager[0;39m [2m:[0;39m Initiating transaction commit
[2m2026-02-17 11:26:00.086[0;39m [32m-DEBUG[0;39m [35m88555[0;39m [32m[0;39m [        default] [2m---[0;39m [2m[duler1_Worker-4][0;39m [36m.a.f.i.c.p.ExtendedJpaTransactionManager[0;39m [2m:[0;39m Committing JPA transaction on EntityManager [org.eclipse.persistence.internal.jpa.EntityManagerImpl@41c28724]
[2m2026-02-17 11:26:00.086[0;39m [32m-DEBUG[0;39m [35m88555[0;39m [32m[0;39m [        default] [2m---[0;39m [2m[duler1_Worker-4][0;39m [36m.a.f.i.c.p.ExtendedJpaTransactionManager[0;39m [2m:[0;39m Closing JPA EntityManager [org.eclipse.persistence.internal.jpa.EntityManagerImpl@41c28724] after transaction
[2m2026-02-17 11:26:00.086[0;39m [32m- INFO[0;39m [35m88555[0;39m [32m[0;39m [        default] [2m---[0;39m [2m[duler1_Worker-4][0;39m [36mo.s.batch.core.job.SimpleStepHandler    [0;39m [2m:[0;39m Executing step: [SEND_ASYNCHRONOUS_EVENTS_STEP]
[2m2026-02-17 11:26:00.086[0;39m [32m-DEBUG[0;39m [35m88555[0;39m [32m[0;39m [        default] [2m---[0;39m [2m[duler1_Worker-4][0;39m [36m.a.f.i.c.p.ExtendedJpaTransactionManager[0;39m [2m:[0;39m Creating new transaction with name [org.springframework.batch.core.repository.support.SimpleJobRepository.update]: PROPAGATION_REQUIRED,ISOLATION_DEFAULT
[2m2026-02-17 11:26:00.086[0;39m [32m-DEBUG[0;39m [35m88555[0;39m [32m[0;39m [        default] [2m---[0;39m [2m[duler1_Worker-4][0;39m [36m.a.f.i.c.p.ExtendedJpaTransactionManager[0;39m [2m:[0;39m Opened new EntityManager [org.eclipse.persistence.internal.jpa.EntityManagerImpl@77ae3166] for JPA transaction
[2m2026-02-17 11:26:00.087[0;39m [32m-DEBUG[0;39m [35m88555[0;39m [32m[0;39m [        default] [2m---[0;39m [2m[duler1_Worker-4][0;39m [36m.a.f.i.c.p.ExtendedJpaTransactionManager[0;39m [2m:[0;39m Exposing JPA transaction as JDBC [org.springframework.orm.jpa.vendor.EclipseLinkJpaDialect$EclipseLinkConnectionHandle@225635b1]
[2m2026-02-17 11:26:00.088[0;39m [32m-DEBUG[0;39m [35m88555[0;39m [32m[0;39m [        default] [2m---[0;39m [2m[duler1_Worker-4][0;39m [36m.a.f.i.c.p.ExtendedJpaTransactionManager[0;39m [2m:[0;39m Initiating transaction commit
[2m2026-02-17 11:26:00.088[0;39m [32m-DEBUG[0;39m [35m88555[0;39m [32m[0;39m [        default] [2m---[0;39m [2m[duler1_Worker-4][0;39m [36m.a.f.i.c.p.ExtendedJpaTransactionManager[0;39m [2m:[0;39m Committing JPA transaction on EntityManager [org.eclipse.persistence.internal.jpa.EntityManagerImpl@77ae3166]
[2m2026-02-17 11:26:00.089[0;39m [32m-DEBUG[0;39m [35m88555[0;39m [32m[0;39m [        default] [2m---[0;39m [2m[duler1_Worker-4][0;39m [36m.a.f.i.c.p.ExtendedJpaTransactionManager[0;39m [2m:[0;39m Closing JPA EntityManager [org.eclipse.persistence.internal.jpa.EntityManagerImpl@77ae3166] after transaction
[2m2026-02-17 11:26:00.089[0;39m [32m-DEBUG[0;39m [35m88555[0;39m [32m[0;39m [        default] [2m---[0;39m [2m[duler1_Worker-4][0;39m [36m.a.f.i.c.p.ExtendedJpaTransactionManager[0;39m [2m:[0;39m Creating new transaction with name [org.springframework.batch.core.repository.support.SimpleJobRepository.updateExecutionContext]: PROPAGATION_REQUIRED,ISOLATION_DEFAULT
[2m2026-02-17 11:26:00.089[0;39m [32m-DEBUG[0;39m [35m88555[0;39m [32m[0;39m [        default] [2m---[0;39m [2m[duler1_Worker-4][0;39m [36m.a.f.i.c.p.ExtendedJpaTransactionManager[0;39m [2m:[0;39m Opened new EntityManager [org.eclipse.persistence.internal.jpa.EntityManagerImpl@77786d78] for JPA transaction
[2m2026-02-17 11:26:00.089[0;39m [32m-DEBUG[0;39m [35m88555[0;39m [32m[0;39m [        default] [2m---[0;39m [2m[duler1_Worker-4][0;39m [36m.a.f.i.c.p.ExtendedJpaTransactionManager[0;39m [2m:[0;39m Exposing JPA transaction as JDBC [org.springframework.orm.jpa.vendor.EclipseLinkJpaDialect$EclipseLinkConnectionHandle@7ebbed55]
[2m2026-02-17 11:26:00.090[0;39m [32m-DEBUG[0;39m [35m88555[0;39m [32m[0;39m [        default] [2m---[0;39m [2m[duler1_Worker-4][0;39m [36m.a.f.i.c.p.ExtendedJpaTransactionManager[0;39m [2m:[0;39m Initiating transaction commit
[2m2026-02-17 11:26:00.090[0;39m [32m-DEBUG[0;39m [35m88555[0;39m [32m[0;39m [        default] [2m---[0;39m [2m[duler1_Worker-4][0;39m [36m.a.f.i.c.p.ExtendedJpaTransactionManager[0;39m [2m:[0;39m Committing JPA transaction on EntityManager [org.eclipse.persistence.internal.jpa.EntityManagerImpl@77786d78]
[2m2026-02-17 11:26:00.090[0;39m [32m-DEBUG[0;39m [35m88555[0;39m [32m[0;39m [        default] [2m---[0;39m [2m[duler1_Worker-4][0;39m [36m.a.f.i.c.p.ExtendedJpaTransactionManager[0;39m [2m:[0;39m Closing JPA EntityManager [org.eclipse.persistence.internal.jpa.EntityManagerImpl@77786d78] after transaction
[2m2026-02-17 11:26:00.090[0;39m [32m-DEBUG[0;39m [35m88555[0;39m [32m[0;39m [        default] [2m---[0;39m [2m[duler1_Worker-4][0;39m [36m.a.f.i.c.p.ExtendedJpaTransactionManager[0;39m [2m:[0;39m Creating new transaction with name [null]: PROPAGATION_REQUIRED,ISOLATION_DEFAULT
[2m2026-02-17 11:26:00.090[0;39m [32m-DEBUG[0;39m [35m88555[0;39m [32m[0;39m [        default] [2m---[0;39m [2m[duler1_Worker-4][0;39m [36m.a.f.i.c.p.ExtendedJpaTransactionManager[0;39m [2m:[0;39m Opened new EntityManager [org.eclipse.persistence.internal.jpa.EntityManagerImpl@7818d6e5] for JPA transaction
[2m2026-02-17 11:26:00.090[0;39m [32m-DEBUG[0;39m [35m88555[0;39m [32m[0;39m [        default] [2m---[0;39m [2m[duler1_Worker-4][0;39m [36m.a.f.i.c.p.ExtendedJpaTransactionManager[0;39m [2m:[0;39m Exposing JPA transaction as JDBC [org.springframework.orm.jpa.vendor.EclipseLinkJpaDialect$EclipseLinkConnectionHandle@6b709fea]
[2m2026-02-17 11:26:00.091[0;39m [32m-DEBUG[0;39m [35m88555[0;39m [32m[0;39m [        default] [2m---[0;39m [2m[duler1_Worker-4][0;39m [36m.a.f.i.c.p.ExtendedJpaTransactionManager[0;39m [2m:[0;39m Found thread-bound EntityManager [org.eclipse.persistence.internal.jpa.EntityManagerImpl@7818d6e5] for JPA transaction
[2m2026-02-17 11:26:00.091[0;39m [32m-DEBUG[0;39m [35m88555[0;39m [32m[0;39m [        default] [2m---[0;39m [2m[duler1_Worker-4][0;39m [36m.a.f.i.c.p.ExtendedJpaTransactionManager[0;39m [2m:[0;39m Participating in existing transaction
[2m2026-02-17 11:26:00.091[0;39m [32m-DEBUG[0;39m [35m88555[0;39m [32m[0;39m [        default] [2m---[0;39m [2m[duler1_Worker-4][0;39m [36m.a.f.i.c.p.ExtendedJpaTransactionManager[0;39m [2m:[0;39m Found thread-bound EntityManager [org.eclipse.persistence.internal.jpa.EntityManagerImpl@7818d6e5] for JPA transaction
[2m2026-02-17 11:26:00.091[0;39m [32m-DEBUG[0;39m [35m88555[0;39m [32m[0;39m [        default] [2m---[0;39m [2m[duler1_Worker-4][0;39m [36m.a.f.i.c.p.ExtendedJpaTransactionManager[0;39m [2m:[0;39m Participating in existing transaction
[2m2026-02-17 11:26:00.092[0;39m [32m-DEBUG[0;39m [35m88555[0;39m [32m[0;39m [        default] [2m---[0;39m [2m[duler1_Worker-4][0;39m [36m.a.f.i.c.p.ExtendedJpaTransactionManager[0;39m [2m:[0;39m Initiating transaction commit
[2m2026-02-17 11:26:00.092[0;39m [32m-DEBUG[0;39m [35m88555[0;39m [32m[0;39m [        default] [2m---[0;39m [2m[duler1_Worker-4][0;39m [36m.a.f.i.c.p.ExtendedJpaTransactionManager[0;39m [2m:[0;39m Committing JPA transaction on EntityManager [org.eclipse.persistence.internal.jpa.EntityManagerImpl@7818d6e5]
[2m2026-02-17 11:26:00.092[0;39m [32m-DEBUG[0;39m [35m88555[0;39m [32m[0;39m [        default] [2m---[0;39m [2m[duler1_Worker-4][0;39m [36m.a.f.i.c.p.ExtendedJpaTransactionManager[0;39m [2m:[0;39m Closing JPA EntityManager [org.eclipse.persistence.internal.jpa.EntityManagerImpl@7818d6e5] after transaction
[2m2026-02-17 11:26:00.092[0;39m [32m- INFO[0;39m [35m88555[0;39m [32m[0;39m [        default] [2m---[0;39m [2m[duler1_Worker-4][0;39m [36mo.s.batch.core.step.AbstractStep        [0;39m [2m:[0;39m Step: [SEND_ASYNCHRONOUS_EVENTS_STEP] executed in 6ms
[2m2026-02-17 11:26:00.092[0;39m [32m-DEBUG[0;39m [35m88555[0;39m [32m[0;39m [        default] [2m---[0;39m [2m[duler1_Worker-4][0;39m [36m.a.f.i.c.p.ExtendedJpaTransactionManager[0;39m [2m:[0;39m Creating new transaction with name [org.springframework.batch.core.repository.support.SimpleJobRepository.updateExecutionContext]: PROPAGATION_REQUIRED,ISOLATION_DEFAULT
[2m2026-02-17 11:26:00.092[0;39m [32m-DEBUG[0;39m [35m88555[0;39m [32m[0;39m [        default] [2m---[0;39m [2m[duler1_Worker-4][0;39m [36m.a.f.i.c.p.ExtendedJpaTransactionManager[0;39m [2m:[0;39m Opened new EntityManager [org.eclipse.persistence.internal.jpa.EntityManagerImpl@7ea7b3ab] for JPA transaction
[2m2026-02-17 11:26:00.093[0;39m [32m-DEBUG[0;39m [35m88555[0;39m [32m[0;39m [        default] [2m---[0;39m [2m[duler1_Worker-4][0;39m [36m.a.f.i.c.p.ExtendedJpaTransactionManager[0;39m [2m:[0;39m Exposing JPA transaction as JDBC [org.springframework.orm.jpa.vendor.EclipseLinkJpaDialect$EclipseLinkConnectionHandle@40b6fd64]
[2m2026-02-17 11:26:00.097[0;39m [32m-DEBUG[0;39m [35m88555[0;39m [32m[0;39m [        default] [2m---[0;39m [2m[duler1_Worker-4][0;39m [36m.a.f.i.c.p.ExtendedJpaTransactionManager[0;39m [2m:[0;39m Initiating transaction commit
[2m2026-02-17 11:26:00.097[0;39m [32m-DEBUG[0;39m [35m88555[0;39m [32m[0;39m [        default] [2m---[0;39m [2m[duler1_Worker-4][0;39m [36m.a.f.i.c.p.ExtendedJpaTransactionManager[0;39m [2m:[0;39m Committing JPA transaction on EntityManager [org.eclipse.persistence.internal.jpa.EntityManagerImpl@7ea7b3ab]
[2m2026-02-17 11:26:00.097[0;39m [32m-DEBUG[0;39m [35m88555[0;39m [32m[0;39m [        default] [2m---[0;39m [2m[duler1_Worker-4][0;39m [36m.a.f.i.c.p.ExtendedJpaTransactionManager[0;39m [2m:[0;39m Closing JPA EntityManager [org.eclipse.persistence.internal.jpa.EntityManagerImpl@7ea7b3ab] after transaction
[2m2026-02-17 11:26:00.098[0;39m [32m-DEBUG[0;39m [35m88555[0;39m [32m[0;39m [        default] [2m---[0;39m [2m[duler1_Worker-4][0;39m [36m.a.f.i.c.p.ExtendedJpaTransactionManager[0;39m [2m:[0;39m Creating new transaction with name [org.springframework.batch.core.repository.support.SimpleJobRepository.update]: PROPAGATION_REQUIRED,ISOLATION_DEFAULT
[2m2026-02-17 11:26:00.098[0;39m [32m-DEBUG[0;39m [35m88555[0;39m [32m[0;39m [        default] [2m---[0;39m [2m[duler1_Worker-4][0;39m [36m.a.f.i.c.p.ExtendedJpaTransactionManager[0;39m [2m:[0;39m Opened new EntityManager [org.eclipse.persistence.internal.jpa.EntityManagerImpl@2f56b557] for JPA transaction
[2m2026-02-17 11:26:00.098[0;39m [32m-DEBUG[0;39m [35m88555[0;39m [32m[0;39m [        default] [2m---[0;39m [2m[duler1_Worker-4][0;39m [36m.a.f.i.c.p.ExtendedJpaTransactionManager[0;39m [2m:[0;39m Exposing JPA transaction as JDBC [org.springframework.orm.jpa.vendor.EclipseLinkJpaDialect$EclipseLinkConnectionHandle@4985b158]
[2m2026-02-17 11:26:00.099[0;39m [32m-DEBUG[0;39m [35m88555[0;39m [32m[0;39m [        default] [2m---[0;39m [2m[duler1_Worker-4][0;39m [36m.a.f.i.c.p.ExtendedJpaTransactionManager[0;39m [2m:[0;39m Initiating transaction commit
[2m2026-02-17 11:26:00.100[0;39m [32m-DEBUG[0;39m [35m88555[0;39m [32m[0;39m [        default] [2m---[0;39m [2m[duler1_Worker-4][0;39m [36m.a.f.i.c.p.ExtendedJpaTransactionManager[0;39m [2m:[0;39m Committing JPA transaction on EntityManager [org.eclipse.persistence.internal.jpa.EntityManagerImpl@2f56b557]
[2m2026-02-17 11:26:00.100[0;39m [32m-DEBUG[0;39m [35m88555[0;39m [32m[0;39m [        default] [2m---[0;39m [2m[duler1_Worker-4][0;39m [36m.a.f.i.c.p.ExtendedJpaTransactionManager[0;39m [2m:[0;39m Closing JPA EntityManager [org.eclipse.persistence.internal.jpa.EntityManagerImpl@2f56b557] after transaction
[2m2026-02-17 11:26:00.100[0;39m [32m-DEBUG[0;39m [35m88555[0;39m [32m[0;39m [        default] [2m---[0;39m [2m[duler1_Worker-4][0;39m [36m.a.f.i.c.p.ExtendedJpaTransactionManager[0;39m [2m:[0;39m Creating new transaction with name [org.springframework.batch.core.repository.support.SimpleJobRepository.updateExecutionContext]: PROPAGATION_REQUIRED,ISOLATION_DEFAULT
[2m2026-02-17 11:26:00.101[0;39m [32m-DEBUG[0;39m [35m88555[0;39m [32m[0;39m [        default] [2m---[0;39m [2m[duler1_Worker-4][0;39m [36m.a.f.i.c.p.ExtendedJpaTransactionManager[0;39m [2m:[0;39m Opened new EntityManager [org.eclipse.persistence.internal.jpa.EntityManagerImpl@a7c6928] for JPA transaction
[2m2026-02-17 11:26:00.101[0;39m [32m-DEBUG[0;39m [35m88555[0;39m [32m[0;39m [        default] [2m---[0;39m [2m[duler1_Worker-4][0;39m [36m.a.f.i.c.p.ExtendedJpaTransactionManager[0;39m [2m:[0;39m Exposing JPA transaction as JDBC [org.springframework.orm.jpa.vendor.EclipseLinkJpaDialect$EclipseLinkConnectionHandle@7dd6f8de]
[2m2026-02-17 11:26:00.102[0;39m [32m-DEBUG[0;39m [35m88555[0;39m [32m[0;39m [        default] [2m---[0;39m [2m[duler1_Worker-4][0;39m [36m.a.f.i.c.p.ExtendedJpaTransactionManager[0;39m [2m:[0;39m Initiating transaction commit
[2m2026-02-17 11:26:00.102[0;39m [32m-DEBUG[0;39m [35m88555[0;39m [32m[0;39m [        default] [2m---[0;39m [2m[duler1_Worker-4][0;39m [36m.a.f.i.c.p.ExtendedJpaTransactionManager[0;39m [2m:[0;39m Committing JPA transaction on EntityManager [org.eclipse.persistence.internal.jpa.EntityManagerImpl@a7c6928]
[2m2026-02-17 11:26:00.103[0;39m [32m-DEBUG[0;39m [35m88555[0;39m [32m[0;39m [        default] [2m---[0;39m [2m[duler1_Worker-4][0;39m [36m.a.f.i.c.p.ExtendedJpaTransactionManager[0;39m [2m:[0;39m Closing JPA EntityManager [org.eclipse.persistence.internal.jpa.EntityManagerImpl@a7c6928] after transaction
[2m2026-02-17 11:26:00.103[0;39m [32m-DEBUG[0;39m [35m88555[0;39m [32m[0;39m [        default] [2m---[0;39m [2m[duler1_Worker-4][0;39m [36m.a.f.i.c.p.ExtendedJpaTransactionManager[0;39m [2m:[0;39m Creating new transaction with name [org.springframework.batch.core.repository.support.SimpleJobRepository.update]: PROPAGATION_REQUIRED,ISOLATION_DEFAULT
[2m2026-02-17 11:26:00.104[0;39m [32m-DEBUG[0;39m [35m88555[0;39m [32m[0;39m [        default] [2m---[0;39m [2m[duler1_Worker-4][0;39m [36m.a.f.i.c.p.ExtendedJpaTransactionManager[0;39m [2m:[0;39m Opened new EntityManager [org.eclipse.persistence.internal.jpa.EntityManagerImpl@67b0063e] for JPA transaction
[2m2026-02-17 11:26:00.104[0;39m [32m-DEBUG[0;39m [35m88555[0;39m [32m[0;39m [        default] [2m---[0;39m [2m[duler1_Worker-4][0;39m [36m.a.f.i.c.p.ExtendedJpaTransactionManager[0;39m [2m:[0;39m Exposing JPA transaction as JDBC [org.springframework.orm.jpa.vendor.EclipseLinkJpaDialect$EclipseLinkConnectionHandle@3db64e1]
[2m2026-02-17 11:26:00.105[0;39m [32m-DEBUG[0;39m [35m88555[0;39m [32m[0;39m [        default] [2m---[0;39m [2m[duler1_Worker-4][0;39m [36m.a.f.i.c.p.ExtendedJpaTransactionManager[0;39m [2m:[0;39m Initiating transaction commit
[2m2026-02-17 11:26:00.105[0;39m [32m-DEBUG[0;39m [35m88555[0;39m [32m[0;39m [        default] [2m---[0;39m [2m[duler1_Worker-4][0;39m [36m.a.f.i.c.p.ExtendedJpaTransactionManager[0;39m [2m:[0;39m Committing JPA transaction on EntityManager [org.eclipse.persistence.internal.jpa.EntityManagerImpl@67b0063e]
[2m2026-02-17 11:26:00.105[0;39m [32m-DEBUG[0;39m [35m88555[0;39m [32m[0;39m [        default] [2m---[0;39m [2m[duler1_Worker-4][0;39m [36m.a.f.i.c.p.ExtendedJpaTransactionManager[0;39m [2m:[0;39m Closing JPA EntityManager [org.eclipse.persistence.internal.jpa.EntityManagerImpl@67b0063e] after transaction
[2m2026-02-17 11:26:00.106[0;39m [32m- INFO[0;39m [35m88555[0;39m [32m[0;39m [        default] [2m---[0;39m [2m[duler1_Worker-4][0;39m [36mo.s.b.c.l.s.TaskExecutorJobLauncher     [0;39m [2m:[0;39m Job: [SimpleJob: [name=SEND_ASYNCHRONOUS_EVENTS]] completed with the following parameters: [{'run.id':'{value=33703, type=class java.lang.Long, identifying=true}'}] and the following status: [COMPLETED] in 23ms
[2m2026-02-17 11:26:00.123[0;39m [32m-DEBUG[0;39m [35m88555[0;39m [32m[0;39m [        default] [2m---[0;39m [2m[duler1_Worker-4][0;39m [36m.a.f.i.c.p.ExtendedJpaTransactionManager[0;39m [2m:[0;39m Creating new transaction with name [org.apache.fineract.infrastructure.jobs.service.SchedularWritePlatformServiceJpaRepositoryImpl.saveOrUpdate]: PROPAGATION_REQUIRED,ISOLATION_DEFAULT
[2m2026-02-17 11:26:00.124[0;39m [32m-DEBUG[0;39m [35m88555[0;39m [32m[0;39m [        default] [2m---[0;39m [2m[duler1_Worker-4][0;39m [36m.a.f.i.c.p.ExtendedJpaTransactionManager[0;39m [2m:[0;39m Opened new EntityManager [org.eclipse.persistence.internal.jpa.EntityManagerImpl@205d6d1d] for JPA transaction
[2m2026-02-17 11:26:00.124[0;39m [32m-DEBUG[0;39m [35m88555[0;39m [32m[0;39m [        default] [2m---[0;39m [2m[duler1_Worker-4][0;39m [36m.a.f.i.c.p.ExtendedJpaTransactionManager[0;39m [2m:[0;39m Exposing JPA transaction as JDBC [org.springframework.orm.jpa.vendor.EclipseLinkJpaDialect$EclipseLinkConnectionHandle@47bb1ede]
[2m2026-02-17 11:26:00.124[0;39m [32m-DEBUG[0;39m [35m88555[0;39m [32m[0;39m [        default] [2m---[0;39m [2m[duler1_Worker-4][0;39m [36m.a.f.i.c.p.ExtendedJpaTransactionManager[0;39m [2m:[0;39m Found thread-bound EntityManager [org.eclipse.persistence.internal.jpa.EntityManagerImpl@205d6d1d] for JPA transaction
[2m2026-02-17 11:26:00.124[0;39m [32m-DEBUG[0;39m [35m88555[0;39m [32m[0;39m [        default] [2m---[0;39m [2m[duler1_Worker-4][0;39m [36m.a.f.i.c.p.ExtendedJpaTransactionManager[0;39m [2m:[0;39m Participating in existing transaction
[2m2026-02-17 11:26:00.125[0;39m [32m-DEBUG[0;39m [35m88555[0;39m [32m[0;39m [        default] [2m---[0;39m [2m[duler1_Worker-4][0;39m [36m.a.f.i.c.p.ExtendedJpaTransactionManager[0;39m [2m:[0;39m Found thread-bound EntityManager [org.eclipse.persistence.internal.jpa.EntityManagerImpl@205d6d1d] for JPA transaction
[2m2026-02-17 11:26:00.125[0;39m [32m-DEBUG[0;39m [35m88555[0;39m [32m[0;39m [        default] [2m---[0;39m [2m[duler1_Worker-4][0;39m [36m.a.f.i.c.p.ExtendedJpaTransactionManager[0;39m [2m:[0;39m Participating in existing transaction
[2m2026-02-17 11:26:00.127[0;39m [32m-DEBUG[0;39m [35m88555[0;39m [32m[0;39m [        default] [2m---[0;39m [2m[duler1_Worker-4][0;39m [36m.a.f.i.c.p.ExtendedJpaTransactionManager[0;39m [2m:[0;39m Initiating transaction commit
[2m2026-02-17 11:26:00.127[0;39m [32m-DEBUG[0;39m [35m88555[0;39m [32m[0;39m [        default] [2m---[0;39m [2m[duler1_Worker-4][0;39m [36m.a.f.i.c.p.ExtendedJpaTransactionManager[0;39m [2m:[0;39m Committing JPA transaction on EntityManager [org.eclipse.persistence.internal.jpa.EntityManagerImpl@205d6d1d]
[2m2026-02-17 11:26:00.131[0;39m [32m-DEBUG[0;39m [35m88555[0;39m [32m[0;39m [        default] [2m---[0;39m [2m[duler1_Worker-4][0;39m [36m.a.f.i.c.p.ExtendedJpaTransactionManager[0;39m [2m:[0;39m Closing JPA EntityManager [org.eclipse.persistence.internal.jpa.EntityManagerImpl@205d6d1d] after transaction
[2m2026-02-17 11:26:00.131[0;39m [32m-DEBUG[0;39m [35m88555[0;39m [32m[0;39m [      no-tenant] [2m---[0;39m [2m[duler1_Worker-4][0;39m [36mo.a.f.i.j.s.SchedulerTriggerListener    [0;39m [2m:[0;39m triggerComplete() trigger=Trigger 'DEFAULT.Send Asynchronous EventsTrigger1':  triggerClass: 'org.quartz.impl.triggers.CronTriggerImpl calendar: 'null' misfireInstruction: 0 nextFireTime: Tue Feb 17 11:27:00 CST 2026, context=JobExecutionContext: trigger: 'DEFAULT.Send Asynchronous EventsTrigger1 job: DEFAULT.Send Asynchronous EventsJobDetail1 fireTime: 'Tue Feb 17 11:26:00 CST 2026 scheduledFireTime: Tue Feb 17 11:26:00 CST 2026 previousFireTime: 'Tue Feb 17 11:25:00 CST 2026 nextFireTime: Tue Feb 17 11:27:00 CST 2026 isRecovering: false refireCount: 0, completedExecutionInstruction=NOOP
[2m2026-02-17 11:27:00.017[0;39m [32m-DEBUG[0;39m [35m88555[0;39m [32m[0;39m [      no-tenant] [2m---[0;39m [2m[duler1_Worker-5][0;39m [36mo.a.f.i.j.s.SchedulerTriggerListener    [0;39m [2m:[0;39m triggerFired() trigger=Trigger 'DEFAULT.Send Asynchronous EventsTrigger1':  triggerClass: 'org.quartz.impl.triggers.CronTriggerImpl calendar: 'null' misfireInstruction: 0 nextFireTime: Tue Feb 17 11:28:00 CST 2026, context=JobExecutionContext: trigger: 'DEFAULT.Send Asynchronous EventsTrigger1 job: DEFAULT.Send Asynchronous EventsJobDetail1 fireTime: 'Tue Feb 17 11:27:00 CST 2026 scheduledFireTime: Tue Feb 17 11:27:00 CST 2026 previousFireTime: 'Tue Feb 17 11:26:00 CST 2026 nextFireTime: Tue Feb 17 11:28:00 CST 2026 isRecovering: false refireCount: 0
[2m2026-02-17 11:27:00.040[0;39m [32m-DEBUG[0;39m [35m88555[0;39m [32m[0;39m [        default] [2m---[0;39m [2m[duler1_Worker-5][0;39m [36m.a.f.i.c.p.ExtendedJpaTransactionManager[0;39m [2m:[0;39m Creating new transaction with name [org.apache.fineract.infrastructure.jobs.service.SchedulerVetoer.veto]: PROPAGATION_REQUIRED,ISOLATION_READ_COMMITTED
[2m2026-02-17 11:27:00.041[0;39m [32m-DEBUG[0;39m [35m88555[0;39m [32m[0;39m [        default] [2m---[0;39m [2m[duler1_Worker-5][0;39m [36m.a.f.i.c.p.ExtendedJpaTransactionManager[0;39m [2m:[0;39m Opened new EntityManager [org.eclipse.persistence.internal.jpa.EntityManagerImpl@74bc3909] for JPA transaction
[2m2026-02-17 11:27:00.048[0;39m [32m-DEBUG[0;39m [35m88555[0;39m [32m[0;39m [        default] [2m---[0;39m [2m[duler1_Worker-5][0;39m [36m.a.f.i.c.p.ExtendedJpaTransactionManager[0;39m [2m:[0;39m Exposing JPA transaction as JDBC [org.springframework.orm.jpa.vendor.EclipseLinkJpaDialect$EclipseLinkConnectionHandle@7e445279]
[2m2026-02-17 11:27:00.083[0;39m [32m-DEBUG[0;39m [35m88555[0;39m [32m[0;39m [        default] [2m---[0;39m [2m[duler1_Worker-5][0;39m [36m.a.f.i.c.p.ExtendedJpaTransactionManager[0;39m [2m:[0;39m Found thread-bound EntityManager [org.eclipse.persistence.internal.jpa.EntityManagerImpl@74bc3909] for JPA transaction
[2m2026-02-17 11:27:00.083[0;39m [32m-DEBUG[0;39m [35m88555[0;39m [32m[0;39m [        default] [2m---[0;39m [2m[duler1_Worker-5][0;39m [36m.a.f.i.c.p.ExtendedJpaTransactionManager[0;39m [2m:[0;39m Participating in existing transaction
[2m2026-02-17 11:27:00.098[0;39m [32m-DEBUG[0;39m [35m88555[0;39m [32m[0;39m [        default] [2m---[0;39m [2m[duler1_Worker-5][0;39m [36m.a.f.i.c.p.ExtendedJpaTransactionManager[0;39m [2m:[0;39m Found thread-bound EntityManager [org.eclipse.persistence.internal.jpa.EntityManagerImpl@74bc3909] for JPA transaction
[2m2026-02-17 11:27:00.098[0;39m [32m-DEBUG[0;39m [35m88555[0;39m [32m[0;39m [        default] [2m---[0;39m [2m[duler1_Worker-5][0;39m [36m.a.f.i.c.p.ExtendedJpaTransactionManager[0;39m [2m:[0;39m Participating in existing transaction
[2m2026-02-17 11:27:00.103[0;39m [32m-DEBUG[0;39m [35m88555[0;39m [32m[0;39m [        default] [2m---[0;39m [2m[duler1_Worker-5][0;39m [36m.a.f.i.c.p.ExtendedJpaTransactionManager[0;39m [2m:[0;39m Found thread-bound EntityManager [org.eclipse.persistence.internal.jpa.EntityManagerImpl@74bc3909] for JPA transaction
[2m2026-02-17 11:27:00.103[0;39m [32m-DEBUG[0;39m [35m88555[0;39m [32m[0;39m [        default] [2m---[0;39m [2m[duler1_Worker-5][0;39m [36m.a.f.i.c.p.ExtendedJpaTransactionManager[0;39m [2m:[0;39m Participating in existing transaction
[2m2026-02-17 11:27:00.104[0;39m [32m-DEBUG[0;39m [35m88555[0;39m [32m[0;39m [        default] [2m---[0;39m [2m[duler1_Worker-5][0;39m [36m.a.f.i.c.p.ExtendedJpaTransactionManager[0;39m [2m:[0;39m Initiating transaction commit
[2m2026-02-17 11:27:00.104[0;39m [32m-DEBUG[0;39m [35m88555[0;39m [32m[0;39m [        default] [2m---[0;39m [2m[duler1_Worker-5][0;39m [36m.a.f.i.c.p.ExtendedJpaTransactionManager[0;39m [2m:[0;39m Committing JPA transaction on EntityManager [org.eclipse.persistence.internal.jpa.EntityManagerImpl@74bc3909]
[2m2026-02-17 11:27:00.122[0;39m [32m-DEBUG[0;39m [35m88555[0;39m [32m[0;39m [        default] [2m---[0;39m [2m[duler1_Worker-5][0;39m [36m.a.f.i.c.p.ExtendedJpaTransactionManager[0;39m [2m:[0;39m Closing JPA EntityManager [org.eclipse.persistence.internal.jpa.EntityManagerImpl@74bc3909] after transaction
[2m2026-02-17 11:27:00.143[0;39m [32m-DEBUG[0;39m [35m88555[0;39m [32m[0;39m [        default] [2m---[0;39m [2m[duler1_Worker-5][0;39m [36m.a.f.i.c.p.ExtendedJpaTransactionManager[0;39m [2m:[0;39m Creating new transaction with name [org.springframework.batch.core.repository.support.SimpleJobRepository.getLastJobExecution]: PROPAGATION_REQUIRES_NEW,ISOLATION_READ_COMMITTED
[2m2026-02-17 11:27:00.143[0;39m [32m-DEBUG[0;39m [35m88555[0;39m [32m[0;39m [        default] [2m---[0;39m [2m[duler1_Worker-5][0;39m [36m.a.f.i.c.p.ExtendedJpaTransactionManager[0;39m [2m:[0;39m Opened new EntityManager [org.eclipse.persistence.internal.jpa.EntityManagerImpl@128ca851] for JPA transaction
[2m2026-02-17 11:27:00.144[0;39m [32m-DEBUG[0;39m [35m88555[0;39m [32m[0;39m [        default] [2m---[0;39m [2m[duler1_Worker-5][0;39m [36m.a.f.i.c.p.ExtendedJpaTransactionManager[0;39m [2m:[0;39m Exposing JPA transaction as JDBC [org.springframework.orm.jpa.vendor.EclipseLinkJpaDialect$EclipseLinkConnectionHandle@4761b26b]
[2m2026-02-17 11:27:00.145[0;39m [32m-DEBUG[0;39m [35m88555[0;39m [32m[0;39m [        default] [2m---[0;39m [2m[duler1_Worker-5][0;39m [36m.a.f.i.c.p.ExtendedJpaTransactionManager[0;39m [2m:[0;39m Initiating transaction commit
[2m2026-02-17 11:27:00.145[0;39m [32m-DEBUG[0;39m [35m88555[0;39m [32m[0;39m [        default] [2m---[0;39m [2m[duler1_Worker-5][0;39m [36m.a.f.i.c.p.ExtendedJpaTransactionManager[0;39m [2m:[0;39m Committing JPA transaction on EntityManager [org.eclipse.persistence.internal.jpa.EntityManagerImpl@128ca851]
[2m2026-02-17 11:27:00.145[0;39m [32m-DEBUG[0;39m [35m88555[0;39m [32m[0;39m [        default] [2m---[0;39m [2m[duler1_Worker-5][0;39m [36m.a.f.i.c.p.ExtendedJpaTransactionManager[0;39m [2m:[0;39m Closing JPA EntityManager [org.eclipse.persistence.internal.jpa.EntityManagerImpl@128ca851] after transaction
[2m2026-02-17 11:27:00.146[0;39m [32m-DEBUG[0;39m [35m88555[0;39m [32m[0;39m [        default] [2m---[0;39m [2m[duler1_Worker-5][0;39m [36m.a.f.i.c.p.ExtendedJpaTransactionManager[0;39m [2m:[0;39m Creating new transaction with name [org.springframework.batch.core.repository.support.SimpleJobRepository.createJobExecution]: PROPAGATION_REQUIRES_NEW,ISOLATION_READ_COMMITTED
[2m2026-02-17 11:27:00.146[0;39m [32m-DEBUG[0;39m [35m88555[0;39m [32m[0;39m [        default] [2m---[0;39m [2m[duler1_Worker-5][0;39m [36m.a.f.i.c.p.ExtendedJpaTransactionManager[0;39m [2m:[0;39m Opened new EntityManager [org.eclipse.persistence.internal.jpa.EntityManagerImpl@76728c48] for JPA transaction
[2m2026-02-17 11:27:00.146[0;39m [32m-DEBUG[0;39m [35m88555[0;39m [32m[0;39m [        default] [2m---[0;39m [2m[duler1_Worker-5][0;39m [36m.a.f.i.c.p.ExtendedJpaTransactionManager[0;39m [2m:[0;39m Exposing JPA transaction as JDBC [org.springframework.orm.jpa.vendor.EclipseLinkJpaDialect$EclipseLinkConnectionHandle@67cdb2e4]
[2m2026-02-17 11:27:00.148[0;39m [32m-DEBUG[0;39m [35m88555[0;39m [32m[0;39m [        default] [2m---[0;39m [2m[duler1_Worker-5][0;39m [36m.a.f.i.c.p.ExtendedJpaTransactionManager[0;39m [2m:[0;39m Initiating transaction commit
[2m2026-02-17 11:27:00.148[0;39m [32m-DEBUG[0;39m [35m88555[0;39m [32m[0;39m [        default] [2m---[0;39m [2m[duler1_Worker-5][0;39m [36m.a.f.i.c.p.ExtendedJpaTransactionManager[0;39m [2m:[0;39m Committing JPA transaction on EntityManager [org.eclipse.persistence.internal.jpa.EntityManagerImpl@76728c48]
[2m2026-02-17 11:27:00.149[0;39m [32m-DEBUG[0;39m [35m88555[0;39m [32m[0;39m [        default] [2m---[0;39m [2m[duler1_Worker-5][0;39m [36m.a.f.i.c.p.ExtendedJpaTransactionManager[0;39m [2m:[0;39m Closing JPA EntityManager [org.eclipse.persistence.internal.jpa.EntityManagerImpl@76728c48] after transaction
[2m2026-02-17 11:27:00.149[0;39m [32m- INFO[0;39m [35m88555[0;39m [32m[0;39m [        default] [2m---[0;39m [2m[duler1_Worker-5][0;39m [36mo.s.b.c.l.s.TaskExecutorJobLauncher     [0;39m [2m:[0;39m Job: [SimpleJob: [name=SEND_ASYNCHRONOUS_EVENTS]] launched with the following parameters: [{'run.id':'{value=33704, type=class java.lang.Long, identifying=true}'}]
[2m2026-02-17 11:27:00.150[0;39m [32m-DEBUG[0;39m [35m88555[0;39m [32m[0;39m [        default] [2m---[0;39m [2m[duler1_Worker-5][0;39m [36m.a.f.i.c.p.ExtendedJpaTransactionManager[0;39m [2m:[0;39m Creating new transaction with name [org.springframework.batch.core.repository.support.SimpleJobRepository.update]: PROPAGATION_REQUIRED,ISOLATION_DEFAULT
[2m2026-02-17 11:27:00.150[0;39m [32m-DEBUG[0;39m [35m88555[0;39m [32m[0;39m [        default] [2m---[0;39m [2m[duler1_Worker-5][0;39m [36m.a.f.i.c.p.ExtendedJpaTransactionManager[0;39m [2m:[0;39m Opened new EntityManager [org.eclipse.persistence.internal.jpa.EntityManagerImpl@2b134e] for JPA transaction
[2m2026-02-17 11:27:00.150[0;39m [32m-DEBUG[0;39m [35m88555[0;39m [32m[0;39m [        default] [2m---[0;39m [2m[duler1_Worker-5][0;39m [36m.a.f.i.c.p.ExtendedJpaTransactionManager[0;39m [2m:[0;39m Exposing JPA transaction as JDBC [org.springframework.orm.jpa.vendor.EclipseLinkJpaDialect$EclipseLinkConnectionHandle@38085afa]
[2m2026-02-17 11:27:00.151[0;39m [32m-DEBUG[0;39m [35m88555[0;39m [32m[0;39m [        default] [2m---[0;39m [2m[duler1_Worker-5][0;39m [36m.a.f.i.c.p.ExtendedJpaTransactionManager[0;39m [2m:[0;39m Initiating transaction commit
[2m2026-02-17 11:27:00.151[0;39m [32m-DEBUG[0;39m [35m88555[0;39m [32m[0;39m [        default] [2m---[0;39m [2m[duler1_Worker-5][0;39m [36m.a.f.i.c.p.ExtendedJpaTransactionManager[0;39m [2m:[0;39m Committing JPA transaction on EntityManager [org.eclipse.persistence.internal.jpa.EntityManagerImpl@2b134e]
[2m2026-02-17 11:27:00.152[0;39m [32m-DEBUG[0;39m [35m88555[0;39m [32m[0;39m [        default] [2m---[0;39m [2m[duler1_Worker-5][0;39m [36m.a.f.i.c.p.ExtendedJpaTransactionManager[0;39m [2m:[0;39m Closing JPA EntityManager [org.eclipse.persistence.internal.jpa.EntityManagerImpl@2b134e] after transaction
[2m2026-02-17 11:27:00.152[0;39m [32m-DEBUG[0;39m [35m88555[0;39m [32m[0;39m [        default] [2m---[0;39m [2m[duler1_Worker-5][0;39m [36m.a.f.i.c.p.ExtendedJpaTransactionManager[0;39m [2m:[0;39m Creating new transaction with name [org.springframework.batch.core.repository.support.SimpleJobRepository.getLastStepExecution]: PROPAGATION_REQUIRED,ISOLATION_DEFAULT
[2m2026-02-17 11:27:00.152[0;39m [32m-DEBUG[0;39m [35m88555[0;39m [32m[0;39m [        default] [2m---[0;39m [2m[duler1_Worker-5][0;39m [36m.a.f.i.c.p.ExtendedJpaTransactionManager[0;39m [2m:[0;39m Opened new EntityManager [org.eclipse.persistence.internal.jpa.EntityManagerImpl@7413e738] for JPA transaction
[2m2026-02-17 11:27:00.152[0;39m [32m-DEBUG[0;39m [35m88555[0;39m [32m[0;39m [        default] [2m---[0;39m [2m[duler1_Worker-5][0;39m [36m.a.f.i.c.p.ExtendedJpaTransactionManager[0;39m [2m:[0;39m Exposing JPA transaction as JDBC [org.springframework.orm.jpa.vendor.EclipseLinkJpaDialect$EclipseLinkConnectionHandle@342fafcf]
[2m2026-02-17 11:27:00.153[0;39m [32m-DEBUG[0;39m [35m88555[0;39m [32m[0;39m [        default] [2m---[0;39m [2m[duler1_Worker-5][0;39m [36m.a.f.i.c.p.ExtendedJpaTransactionManager[0;39m [2m:[0;39m Initiating transaction commit
[2m2026-02-17 11:27:00.153[0;39m [32m-DEBUG[0;39m [35m88555[0;39m [32m[0;39m [        default] [2m---[0;39m [2m[duler1_Worker-5][0;39m [36m.a.f.i.c.p.ExtendedJpaTransactionManager[0;39m [2m:[0;39m Committing JPA transaction on EntityManager [org.eclipse.persistence.internal.jpa.EntityManagerImpl@7413e738]
[2m2026-02-17 11:27:00.153[0;39m [32m-DEBUG[0;39m [35m88555[0;39m [32m[0;39m [        default] [2m---[0;39m [2m[duler1_Worker-5][0;39m [36m.a.f.i.c.p.ExtendedJpaTransactionManager[0;39m [2m:[0;39m Closing JPA EntityManager [org.eclipse.persistence.internal.jpa.EntityManagerImpl@7413e738] after transaction
[2m2026-02-17 11:27:00.153[0;39m [32m-DEBUG[0;39m [35m88555[0;39m [32m[0;39m [        default] [2m---[0;39m [2m[duler1_Worker-5][0;39m [36m.a.f.i.c.p.ExtendedJpaTransactionManager[0;39m [2m:[0;39m Creating new transaction with name [org.springframework.batch.core.repository.support.SimpleJobRepository.getStepExecutionCount]: PROPAGATION_REQUIRED,ISOLATION_DEFAULT
[2m2026-02-17 11:27:00.153[0;39m [32m-DEBUG[0;39m [35m88555[0;39m [32m[0;39m [        default] [2m---[0;39m [2m[duler1_Worker-5][0;39m [36m.a.f.i.c.p.ExtendedJpaTransactionManager[0;39m [2m:[0;39m Opened new EntityManager [org.eclipse.persistence.internal.jpa.EntityManagerImpl@1663238f] for JPA transaction
[2m2026-02-17 11:27:00.153[0;39m [32m-DEBUG[0;39m [35m88555[0;39m [32m[0;39m [        default] [2m---[0;39m [2m[duler1_Worker-5][0;39m [36m.a.f.i.c.p.ExtendedJpaTransactionManager[0;39m [2m:[0;39m Exposing JPA transaction as JDBC [org.springframework.orm.jpa.vendor.EclipseLinkJpaDialect$EclipseLinkConnectionHandle@7da22c5c]
[2m2026-02-17 11:27:00.154[0;39m [32m-DEBUG[0;39m [35m88555[0;39m [32m[0;39m [        default] [2m---[0;39m [2m[duler1_Worker-5][0;39m [36m.a.f.i.c.p.ExtendedJpaTransactionManager[0;39m [2m:[0;39m Initiating transaction commit
[2m2026-02-17 11:27:00.154[0;39m [32m-DEBUG[0;39m [35m88555[0;39m [32m[0;39m [        default] [2m---[0;39m [2m[duler1_Worker-5][0;39m [36m.a.f.i.c.p.ExtendedJpaTransactionManager[0;39m [2m:[0;39m Committing JPA transaction on EntityManager [org.eclipse.persistence.internal.jpa.EntityManagerImpl@1663238f]
[2m2026-02-17 11:27:00.154[0;39m [32m-DEBUG[0;39m [35m88555[0;39m [32m[0;39m [        default] [2m---[0;39m [2m[duler1_Worker-5][0;39m [36m.a.f.i.c.p.ExtendedJpaTransactionManager[0;39m [2m:[0;39m Closing JPA EntityManager [org.eclipse.persistence.internal.jpa.EntityManagerImpl@1663238f] after transaction
[2m2026-02-17 11:27:00.154[0;39m [32m-DEBUG[0;39m [35m88555[0;39m [32m[0;39m [        default] [2m---[0;39m [2m[duler1_Worker-5][0;39m [36m.a.f.i.c.p.ExtendedJpaTransactionManager[0;39m [2m:[0;39m Creating new transaction with name [org.springframework.batch.core.repository.support.SimpleJobRepository.add]: PROPAGATION_REQUIRED,ISOLATION_DEFAULT
[2m2026-02-17 11:27:00.154[0;39m [32m-DEBUG[0;39m [35m88555[0;39m [32m[0;39m [        default] [2m---[0;39m [2m[duler1_Worker-5][0;39m [36m.a.f.i.c.p.ExtendedJpaTransactionManager[0;39m [2m:[0;39m Opened new EntityManager [org.eclipse.persistence.internal.jpa.EntityManagerImpl@6488c4e8] for JPA transaction
[2m2026-02-17 11:27:00.154[0;39m [32m-DEBUG[0;39m [35m88555[0;39m [32m[0;39m [        default] [2m---[0;39m [2m[duler1_Worker-5][0;39m [36m.a.f.i.c.p.ExtendedJpaTransactionManager[0;39m [2m:[0;39m Exposing JPA transaction as JDBC [org.springframework.orm.jpa.vendor.EclipseLinkJpaDialect$EclipseLinkConnectionHandle@8a4d4e9]
[2m2026-02-17 11:27:00.156[0;39m [32m-DEBUG[0;39m [35m88555[0;39m [32m[0;39m [        default] [2m---[0;39m [2m[duler1_Worker-5][0;39m [36m.a.f.i.c.p.ExtendedJpaTransactionManager[0;39m [2m:[0;39m Initiating transaction commit
[2m2026-02-17 11:27:00.156[0;39m [32m-DEBUG[0;39m [35m88555[0;39m [32m[0;39m [        default] [2m---[0;39m [2m[duler1_Worker-5][0;39m [36m.a.f.i.c.p.ExtendedJpaTransactionManager[0;39m [2m:[0;39m Committing JPA transaction on EntityManager [org.eclipse.persistence.internal.jpa.EntityManagerImpl@6488c4e8]
[2m2026-02-17 11:27:00.156[0;39m [32m-DEBUG[0;39m [35m88555[0;39m [32m[0;39m [        default] [2m---[0;39m [2m[duler1_Worker-5][0;39m [36m.a.f.i.c.p.ExtendedJpaTransactionManager[0;39m [2m:[0;39m Closing JPA EntityManager [org.eclipse.persistence.internal.jpa.EntityManagerImpl@6488c4e8] after transaction
[2m2026-02-17 11:27:00.156[0;39m [32m- INFO[0;39m [35m88555[0;39m [32m[0;39m [        default] [2m---[0;39m [2m[duler1_Worker-5][0;39m [36mo.s.batch.core.job.SimpleStepHandler    [0;39m [2m:[0;39m Executing step: [SEND_ASYNCHRONOUS_EVENTS_STEP]
[2m2026-02-17 11:27:00.156[0;39m [32m-DEBUG[0;39m [35m88555[0;39m [32m[0;39m [        default] [2m---[0;39m [2m[duler1_Worker-5][0;39m [36m.a.f.i.c.p.ExtendedJpaTransactionManager[0;39m [2m:[0;39m Creating new transaction with name [org.springframework.batch.core.repository.support.SimpleJobRepository.update]: PROPAGATION_REQUIRED,ISOLATION_DEFAULT
[2m2026-02-17 11:27:00.156[0;39m [32m-DEBUG[0;39m [35m88555[0;39m [32m[0;39m [        default] [2m---[0;39m [2m[duler1_Worker-5][0;39m [36m.a.f.i.c.p.ExtendedJpaTransactionManager[0;39m [2m:[0;39m Opened new EntityManager [org.eclipse.persistence.internal.jpa.EntityManagerImpl@67e32c75] for JPA transaction
[2m2026-02-17 11:27:00.156[0;39m [32m-DEBUG[0;39m [35m88555[0;39m [32m[0;39m [        default] [2m---[0;39m [2m[duler1_Worker-5][0;39m [36m.a.f.i.c.p.ExtendedJpaTransactionManager[0;39m [2m:[0;39m Exposing JPA transaction as JDBC [org.springframework.orm.jpa.vendor.EclipseLinkJpaDialect$EclipseLinkConnectionHandle@49ceaffc]
[2m2026-02-17 11:27:00.158[0;39m [32m-DEBUG[0;39m [35m88555[0;39m [32m[0;39m [        default] [2m---[0;39m [2m[duler1_Worker-5][0;39m [36m.a.f.i.c.p.ExtendedJpaTransactionManager[0;39m [2m:[0;39m Initiating transaction commit
[2m2026-02-17 11:27:00.158[0;39m [32m-DEBUG[0;39m [35m88555[0;39m [32m[0;39m [        default] [2m---[0;39m [2m[duler1_Worker-5][0;39m [36m.a.f.i.c.p.ExtendedJpaTransactionManager[0;39m [2m:[0;39m Committing JPA transaction on EntityManager [org.eclipse.persistence.internal.jpa.EntityManagerImpl@67e32c75]
[2m2026-02-17 11:27:00.158[0;39m [32m-DEBUG[0;39m [35m88555[0;39m [32m[0;39m [        default] [2m---[0;39m [2m[duler1_Worker-5][0;39m [36m.a.f.i.c.p.ExtendedJpaTransactionManager[0;39m [2m:[0;39m Closing JPA EntityManager [org.eclipse.persistence.internal.jpa.EntityManagerImpl@67e32c75] after transaction
[2m2026-02-17 11:27:00.159[0;39m [32m-DEBUG[0;39m [35m88555[0;39m [32m[0;39m [        default] [2m---[0;39m [2m[duler1_Worker-5][0;39m [36m.a.f.i.c.p.ExtendedJpaTransactionManager[0;39m [2m:[0;39m Creating new transaction with name [org.springframework.batch.core.repository.support.SimpleJobRepository.updateExecutionContext]: PROPAGATION_REQUIRED,ISOLATION_DEFAULT
[2m2026-02-17 11:27:00.159[0;39m [32m-DEBUG[0;39m [35m88555[0;39m [32m[0;39m [        default] [2m---[0;39m [2m[duler1_Worker-5][0;39m [36m.a.f.i.c.p.ExtendedJpaTransactionManager[0;39m [2m:[0;39m Opened new EntityManager [org.eclipse.persistence.internal.jpa.EntityManagerImpl@2759fac8] for JPA transaction
[2m2026-02-17 11:27:00.159[0;39m [32m-DEBUG[0;39m [35m88555[0;39m [32m[0;39m [        default] [2m---[0;39m [2m[duler1_Worker-5][0;39m [36m.a.f.i.c.p.ExtendedJpaTransactionManager[0;39m [2m:[0;39m Exposing JPA transaction as JDBC [org.springframework.orm.jpa.vendor.EclipseLinkJpaDialect$EclipseLinkConnectionHandle@12ff42a8]
[2m2026-02-17 11:27:00.160[0;39m [32m-DEBUG[0;39m [35m88555[0;39m [32m[0;39m [        default] [2m---[0;39m [2m[duler1_Worker-5][0;39m [36m.a.f.i.c.p.ExtendedJpaTransactionManager[0;39m [2m:[0;39m Initiating transaction commit
[2m2026-02-17 11:27:00.160[0;39m [32m-DEBUG[0;39m [35m88555[0;39m [32m[0;39m [        default] [2m---[0;39m [2m[duler1_Worker-5][0;39m [36m.a.f.i.c.p.ExtendedJpaTransactionManager[0;39m [2m:[0;39m Committing JPA transaction on EntityManager [org.eclipse.persistence.internal.jpa.EntityManagerImpl@2759fac8]
[2m2026-02-17 11:27:00.160[0;39m [32m-DEBUG[0;39m [35m88555[0;39m [32m[0;39m [        default] [2m---[0;39m [2m[duler1_Worker-5][0;39m [36m.a.f.i.c.p.ExtendedJpaTransactionManager[0;39m [2m:[0;39m Closing JPA EntityManager [org.eclipse.persistence.internal.jpa.EntityManagerImpl@2759fac8] after transaction
[2m2026-02-17 11:27:00.160[0;39m [32m-DEBUG[0;39m [35m88555[0;39m [32m[0;39m [        default] [2m---[0;39m [2m[duler1_Worker-5][0;39m [36m.a.f.i.c.p.ExtendedJpaTransactionManager[0;39m [2m:[0;39m Creating new transaction with name [null]: PROPAGATION_REQUIRED,ISOLATION_DEFAULT
[2m2026-02-17 11:27:00.160[0;39m [32m-DEBUG[0;39m [35m88555[0;39m [32m[0;39m [        default] [2m---[0;39m [2m[duler1_Worker-5][0;39m [36m.a.f.i.c.p.ExtendedJpaTransactionManager[0;39m [2m:[0;39m Opened new EntityManager [org.eclipse.persistence.internal.jpa.EntityManagerImpl@6c814406] for JPA transaction
[2m2026-02-17 11:27:00.160[0;39m [32m-DEBUG[0;39m [35m88555[0;39m [32m[0;39m [        default] [2m---[0;39m [2m[duler1_Worker-5][0;39m [36m.a.f.i.c.p.ExtendedJpaTransactionManager[0;39m [2m:[0;39m Exposing JPA transaction as JDBC [org.springframework.orm.jpa.vendor.EclipseLinkJpaDialect$EclipseLinkConnectionHandle@508ca725]
[2m2026-02-17 11:27:00.161[0;39m [32m-DEBUG[0;39m [35m88555[0;39m [32m[0;39m [        default] [2m---[0;39m [2m[duler1_Worker-5][0;39m [36m.a.f.i.c.p.ExtendedJpaTransactionManager[0;39m [2m:[0;39m Found thread-bound EntityManager [org.eclipse.persistence.internal.jpa.EntityManagerImpl@6c814406] for JPA transaction
[2m2026-02-17 11:27:00.161[0;39m [32m-DEBUG[0;39m [35m88555[0;39m [32m[0;39m [        default] [2m---[0;39m [2m[duler1_Worker-5][0;39m [36m.a.f.i.c.p.ExtendedJpaTransactionManager[0;39m [2m:[0;39m Participating in existing transaction
[2m2026-02-17 11:27:00.161[0;39m [32m-DEBUG[0;39m [35m88555[0;39m [32m[0;39m [        default] [2m---[0;39m [2m[duler1_Worker-5][0;39m [36m.a.f.i.c.p.ExtendedJpaTransactionManager[0;39m [2m:[0;39m Found thread-bound EntityManager [org.eclipse.persistence.internal.jpa.EntityManagerImpl@6c814406] for JPA transaction
[2m2026-02-17 11:27:00.161[0;39m [32m-DEBUG[0;39m [35m88555[0;39m [32m[0;39m [        default] [2m---[0;39m [2m[duler1_Worker-5][0;39m [36m.a.f.i.c.p.ExtendedJpaTransactionManager[0;39m [2m:[0;39m Participating in existing transaction
[2m2026-02-17 11:27:00.162[0;39m [32m-DEBUG[0;39m [35m88555[0;39m [32m[0;39m [        default] [2m---[0;39m [2m[duler1_Worker-5][0;39m [36m.a.f.i.c.p.ExtendedJpaTransactionManager[0;39m [2m:[0;39m Initiating transaction commit
[2m2026-02-17 11:27:00.162[0;39m [32m-DEBUG[0;39m [35m88555[0;39m [32m[0;39m [        default] [2m---[0;39m [2m[duler1_Worker-5][0;39m [36m.a.f.i.c.p.ExtendedJpaTransactionManager[0;39m [2m:[0;39m Committing JPA transaction on EntityManager [org.eclipse.persistence.internal.jpa.EntityManagerImpl@6c814406]
[2m2026-02-17 11:27:00.162[0;39m [32m-DEBUG[0;39m [35m88555[0;39m [32m[0;39m [        default] [2m---[0;39m [2m[duler1_Worker-5][0;39m [36m.a.f.i.c.p.ExtendedJpaTransactionManager[0;39m [2m:[0;39m Closing JPA EntityManager [org.eclipse.persistence.internal.jpa.EntityManagerImpl@6c814406] after transaction
[2m2026-02-17 11:27:00.162[0;39m [32m- INFO[0;39m [35m88555[0;39m [32m[0;39m [        default] [2m---[0;39m [2m[duler1_Worker-5][0;39m [36mo.s.batch.core.step.AbstractStep        [0;39m [2m:[0;39m Step: [SEND_ASYNCHRONOUS_EVENTS_STEP] executed in 6ms
[2m2026-02-17 11:27:00.162[0;39m [32m-DEBUG[0;39m [35m88555[0;39m [32m[0;39m [        default] [2m---[0;39m [2m[duler1_Worker-5][0;39m [36m.a.f.i.c.p.ExtendedJpaTransactionManager[0;39m [2m:[0;39m Creating new transaction with name [org.springframework.batch.core.repository.support.SimpleJobRepository.updateExecutionContext]: PROPAGATION_REQUIRED,ISOLATION_DEFAULT
[2m2026-02-17 11:27:00.168[0;39m [32m-DEBUG[0;39m [35m88555[0;39m [32m[0;39m [        default] [2m---[0;39m [2m[duler1_Worker-5][0;39m [36m.a.f.i.c.p.ExtendedJpaTransactionManager[0;39m [2m:[0;39m Opened new EntityManager [org.eclipse.persistence.internal.jpa.EntityManagerImpl@32e94e1] for JPA transaction
[2m2026-02-17 11:27:00.168[0;39m [32m-DEBUG[0;39m [35m88555[0;39m [32m[0;39m [        default] [2m---[0;39m [2m[duler1_Worker-5][0;39m [36m.a.f.i.c.p.ExtendedJpaTransactionManager[0;39m [2m:[0;39m Exposing JPA transaction as JDBC [org.springframework.orm.jpa.vendor.EclipseLinkJpaDialect$EclipseLinkConnectionHandle@67e3056a]
[2m2026-02-17 11:27:00.170[0;39m [32m-DEBUG[0;39m [35m88555[0;39m [32m[0;39m [        default] [2m---[0;39m [2m[duler1_Worker-5][0;39m [36m.a.f.i.c.p.ExtendedJpaTransactionManager[0;39m [2m:[0;39m Initiating transaction commit
[2m2026-02-17 11:27:00.171[0;39m [32m-DEBUG[0;39m [35m88555[0;39m [32m[0;39m [        default] [2m---[0;39m [2m[duler1_Worker-5][0;39m [36m.a.f.i.c.p.ExtendedJpaTransactionManager[0;39m [2m:[0;39m Committing JPA transaction on EntityManager [org.eclipse.persistence.internal.jpa.EntityManagerImpl@32e94e1]
[2m2026-02-17 11:27:00.172[0;39m [32m-DEBUG[0;39m [35m88555[0;39m [32m[0;39m [        default] [2m---[0;39m [2m[duler1_Worker-5][0;39m [36m.a.f.i.c.p.ExtendedJpaTransactionManager[0;39m [2m:[0;39m Closing JPA EntityManager [org.eclipse.persistence.internal.jpa.EntityManagerImpl@32e94e1] after transaction
[2m2026-02-17 11:27:00.173[0;39m [32m-DEBUG[0;39m [35m88555[0;39m [32m[0;39m [        default] [2m---[0;39m [2m[duler1_Worker-5][0;39m [36m.a.f.i.c.p.ExtendedJpaTransactionManager[0;39m [2m:[0;39m Creating new transaction with name [org.springframework.batch.core.repository.support.SimpleJobRepository.update]: PROPAGATION_REQUIRED,ISOLATION_DEFAULT
[2m2026-02-17 11:27:00.174[0;39m [32m-DEBUG[0;39m [35m88555[0;39m [32m[0;39m [        default] [2m---[0;39m [2m[duler1_Worker-5][0;39m [36m.a.f.i.c.p.ExtendedJpaTransactionManager[0;39m [2m:[0;39m Opened new EntityManager [org.eclipse.persistence.internal.jpa.EntityManagerImpl@374e8b76] for JPA transaction
[2m2026-02-17 11:27:00.175[0;39m [32m-DEBUG[0;39m [35m88555[0;39m [32m[0;39m [        default] [2m---[0;39m [2m[duler1_Worker-5][0;39m [36m.a.f.i.c.p.ExtendedJpaTransactionManager[0;39m [2m:[0;39m Exposing JPA transaction as JDBC [org.springframework.orm.jpa.vendor.EclipseLinkJpaDialect$EclipseLinkConnectionHandle@3ae95767]
[2m2026-02-17 11:27:00.177[0;39m [32m-DEBUG[0;39m [35m88555[0;39m [32m[0;39m [        default] [2m---[0;39m [2m[duler1_Worker-5][0;39m [36m.a.f.i.c.p.ExtendedJpaTransactionManager[0;39m [2m:[0;39m Initiating transaction commit
[2m2026-02-17 11:27:00.177[0;39m [32m-DEBUG[0;39m [35m88555[0;39m [32m[0;39m [        default] [2m---[0;39m [2m[duler1_Worker-5][0;39m [36m.a.f.i.c.p.ExtendedJpaTransactionManager[0;39m [2m:[0;39m Committing JPA transaction on EntityManager [org.eclipse.persistence.internal.jpa.EntityManagerImpl@374e8b76]
[2m2026-02-17 11:27:00.178[0;39m [32m-DEBUG[0;39m [35m88555[0;39m [32m[0;39m [        default] [2m---[0;39m [2m[duler1_Worker-5][0;39m [36m.a.f.i.c.p.ExtendedJpaTransactionManager[0;39m [2m:[0;39m Closing JPA EntityManager [org.eclipse.persistence.internal.jpa.EntityManagerImpl@374e8b76] after transaction
[2m2026-02-17 11:27:00.178[0;39m [32m-DEBUG[0;39m [35m88555[0;39m [32m[0;39m [        default] [2m---[0;39m [2m[duler1_Worker-5][0;39m [36m.a.f.i.c.p.ExtendedJpaTransactionManager[0;39m [2m:[0;39m Creating new transaction with name [org.springframework.batch.core.repository.support.SimpleJobRepository.updateExecutionContext]: PROPAGATION_REQUIRED,ISOLATION_DEFAULT
[2m2026-02-17 11:27:00.178[0;39m [32m-DEBUG[0;39m [35m88555[0;39m [32m[0;39m [        default] [2m---[0;39m [2m[duler1_Worker-5][0;39m [36m.a.f.i.c.p.ExtendedJpaTransactionManager[0;39m [2m:[0;39m Opened new EntityManager [org.eclipse.persistence.internal.jpa.EntityManagerImpl@3d07fc24] for JPA transaction
[2m2026-02-17 11:27:00.178[0;39m [32m-DEBUG[0;39m [35m88555[0;39m [32m[0;39m [        default] [2m---[0;39m [2m[duler1_Worker-5][0;39m [36m.a.f.i.c.p.ExtendedJpaTransactionManager[0;39m [2m:[0;39m Exposing JPA transaction as JDBC [org.springframework.orm.jpa.vendor.EclipseLinkJpaDialect$EclipseLinkConnectionHandle@3d84477d]
[2m2026-02-17 11:27:00.178[0;39m [32m-DEBUG[0;39m [35m88555[0;39m [32m[0;39m [        default] [2m---[0;39m [2m[duler1_Worker-5][0;39m [36m.a.f.i.c.p.ExtendedJpaTransactionManager[0;39m [2m:[0;39m Initiating transaction commit
[2m2026-02-17 11:27:00.179[0;39m [32m-DEBUG[0;39m [35m88555[0;39m [32m[0;39m [        default] [2m---[0;39m [2m[duler1_Worker-5][0;39m [36m.a.f.i.c.p.ExtendedJpaTransactionManager[0;39m [2m:[0;39m Committing JPA transaction on EntityManager [org.eclipse.persistence.internal.jpa.EntityManagerImpl@3d07fc24]
[2m2026-02-17 11:27:00.179[0;39m [32m-DEBUG[0;39m [35m88555[0;39m [32m[0;39m [        default] [2m---[0;39m [2m[duler1_Worker-5][0;39m [36m.a.f.i.c.p.ExtendedJpaTransactionManager[0;39m [2m:[0;39m Closing JPA EntityManager [org.eclipse.persistence.internal.jpa.EntityManagerImpl@3d07fc24] after transaction
[2m2026-02-17 11:27:00.179[0;39m [32m-DEBUG[0;39m [35m88555[0;39m [32m[0;39m [        default] [2m---[0;39m [2m[duler1_Worker-5][0;39m [36m.a.f.i.c.p.ExtendedJpaTransactionManager[0;39m [2m:[0;39m Creating new transaction with name [org.springframework.batch.core.repository.support.SimpleJobRepository.update]: PROPAGATION_REQUIRED,ISOLATION_DEFAULT
[2m2026-02-17 11:27:00.179[0;39m [32m-DEBUG[0;39m [35m88555[0;39m [32m[0;39m [        default] [2m---[0;39m [2m[duler1_Worker-5][0;39m [36m.a.f.i.c.p.ExtendedJpaTransactionManager[0;39m [2m:[0;39m Opened new EntityManager [org.eclipse.persistence.internal.jpa.EntityManagerImpl@ef05c52] for JPA transaction
[2m2026-02-17 11:27:00.179[0;39m [32m-DEBUG[0;39m [35m88555[0;39m [32m[0;39m [        default] [2m---[0;39m [2m[duler1_Worker-5][0;39m [36m.a.f.i.c.p.ExtendedJpaTransactionManager[0;39m [2m:[0;39m Exposing JPA transaction as JDBC [org.springframework.orm.jpa.vendor.EclipseLinkJpaDialect$EclipseLinkConnectionHandle@c946774]
[2m2026-02-17 11:27:00.180[0;39m [32m-DEBUG[0;39m [35m88555[0;39m [32m[0;39m [        default] [2m---[0;39m [2m[duler1_Worker-5][0;39m [36m.a.f.i.c.p.ExtendedJpaTransactionManager[0;39m [2m:[0;39m Initiating transaction commit
[2m2026-02-17 11:27:00.180[0;39m [32m-DEBUG[0;39m [35m88555[0;39m [32m[0;39m [        default] [2m---[0;39m [2m[duler1_Worker-5][0;39m [36m.a.f.i.c.p.ExtendedJpaTransactionManager[0;39m [2m:[0;39m Committing JPA transaction on EntityManager [org.eclipse.persistence.internal.jpa.EntityManagerImpl@ef05c52]
[2m2026-02-17 11:27:00.180[0;39m [32m-DEBUG[0;39m [35m88555[0;39m [32m[0;39m [        default] [2m---[0;39m [2m[duler1_Worker-5][0;39m [36m.a.f.i.c.p.ExtendedJpaTransactionManager[0;39m [2m:[0;39m Closing JPA EntityManager [org.eclipse.persistence.internal.jpa.EntityManagerImpl@ef05c52] after transaction
[2m2026-02-17 11:27:00.180[0;39m [32m- INFO[0;39m [35m88555[0;39m [32m[0;39m [        default] [2m---[0;39m [2m[duler1_Worker-5][0;39m [36mo.s.b.c.l.s.TaskExecutorJobLauncher     [0;39m [2m:[0;39m Job: [SimpleJob: [name=SEND_ASYNCHRONOUS_EVENTS]] completed with the following parameters: [{'run.id':'{value=33704, type=class java.lang.Long, identifying=true}'}] and the following status: [COMPLETED] in 29ms
[2m2026-02-17 11:27:00.200[0;39m [32m-DEBUG[0;39m [35m88555[0;39m [32m[0;39m [        default] [2m---[0;39m [2m[duler1_Worker-5][0;39m [36m.a.f.i.c.p.ExtendedJpaTransactionManager[0;39m [2m:[0;39m Creating new transaction with name [org.apache.fineract.infrastructure.jobs.service.SchedularWritePlatformServiceJpaRepositoryImpl.saveOrUpdate]: PROPAGATION_REQUIRED,ISOLATION_DEFAULT
[2m2026-02-17 11:27:00.200[0;39m [32m-DEBUG[0;39m [35m88555[0;39m [32m[0;39m [        default] [2m---[0;39m [2m[duler1_Worker-5][0;39m [36m.a.f.i.c.p.ExtendedJpaTransactionManager[0;39m [2m:[0;39m Opened new EntityManager [org.eclipse.persistence.internal.jpa.EntityManagerImpl@5d611b02] for JPA transaction
[2m2026-02-17 11:27:00.200[0;39m [32m-DEBUG[0;39m [35m88555[0;39m [32m[0;39m [        default] [2m---[0;39m [2m[duler1_Worker-5][0;39m [36m.a.f.i.c.p.ExtendedJpaTransactionManager[0;39m [2m:[0;39m Exposing JPA transaction as JDBC [org.springframework.orm.jpa.vendor.EclipseLinkJpaDialect$EclipseLinkConnectionHandle@6d54c35c]
[2m2026-02-17 11:27:00.200[0;39m [32m-DEBUG[0;39m [35m88555[0;39m [32m[0;39m [        default] [2m---[0;39m [2m[duler1_Worker-5][0;39m [36m.a.f.i.c.p.ExtendedJpaTransactionManager[0;39m [2m:[0;39m Found thread-bound EntityManager [org.eclipse.persistence.internal.jpa.EntityManagerImpl@5d611b02] for JPA transaction
[2m2026-02-17 11:27:00.200[0;39m [32m-DEBUG[0;39m [35m88555[0;39m [32m[0;39m [        default] [2m---[0;39m [2m[duler1_Worker-5][0;39m [36m.a.f.i.c.p.ExtendedJpaTransactionManager[0;39m [2m:[0;39m Participating in existing transaction
[2m2026-02-17 11:27:00.201[0;39m [32m-DEBUG[0;39m [35m88555[0;39m [32m[0;39m [        default] [2m---[0;39m [2m[duler1_Worker-5][0;39m [36m.a.f.i.c.p.ExtendedJpaTransactionManager[0;39m [2m:[0;39m Found thread-bound EntityManager [org.eclipse.persistence.internal.jpa.EntityManagerImpl@5d611b02] for JPA transaction
[2m2026-02-17 11:27:00.201[0;39m [32m-DEBUG[0;39m [35m88555[0;39m [32m[0;39m [        default] [2m---[0;39m [2m[duler1_Worker-5][0;39m [36m.a.f.i.c.p.ExtendedJpaTransactionManager[0;39m [2m:[0;39m Participating in existing transaction
[2m2026-02-17 11:27:00.203[0;39m [32m-DEBUG[0;39m [35m88555[0;39m [32m[0;39m [        default] [2m---[0;39m [2m[duler1_Worker-5][0;39m [36m.a.f.i.c.p.ExtendedJpaTransactionManager[0;39m [2m:[0;39m Initiating transaction commit
[2m2026-02-17 11:27:00.203[0;39m [32m-DEBUG[0;39m [35m88555[0;39m [32m[0;39m [        default] [2m---[0;39m [2m[duler1_Worker-5][0;39m [36m.a.f.i.c.p.ExtendedJpaTransactionManager[0;39m [2m:[0;39m Committing JPA transaction on EntityManager [org.eclipse.persistence.internal.jpa.EntityManagerImpl@5d611b02]
[2m2026-02-17 11:27:00.206[0;39m [32m-DEBUG[0;39m [35m88555[0;39m [32m[0;39m [        default] [2m---[0;39m [2m[duler1_Worker-5][0;39m [36m.a.f.i.c.p.ExtendedJpaTransactionManager[0;39m [2m:[0;39m Closing JPA EntityManager [org.eclipse.persistence.internal.jpa.EntityManagerImpl@5d611b02] after transaction
[2m2026-02-17 11:27:00.206[0;39m [32m-DEBUG[0;39m [35m88555[0;39m [32m[0;39m [      no-tenant] [2m---[0;39m [2m[duler1_Worker-5][0;39m [36mo.a.f.i.j.s.SchedulerTriggerListener    [0;39m [2m:[0;39m triggerComplete() trigger=Trigger 'DEFAULT.Send Asynchronous EventsTrigger1':  triggerClass: 'org.quartz.impl.triggers.CronTriggerImpl calendar: 'null' misfireInstruction: 0 nextFireTime: Tue Feb 17 11:28:00 CST 2026, context=JobExecutionContext: trigger: 'DEFAULT.Send Asynchronous EventsTrigger1 job: DEFAULT.Send Asynchronous EventsJobDetail1 fireTime: 'Tue Feb 17 11:27:00 CST 2026 scheduledFireTime: Tue Feb 17 11:27:00 CST 2026 previousFireTime: 'Tue Feb 17 11:26:00 CST 2026 nextFireTime: Tue Feb 17 11:28:00 CST 2026 isRecovering: false refireCount: 0, completedExecutionInstruction=NOOP
[2m2026-02-17 11:28:00.010[0;39m [32m-DEBUG[0;39m [35m88555[0;39m [32m[0;39m [      no-tenant] [2m---[0;39m [2m[duler1_Worker-6][0;39m [36mo.a.f.i.j.s.SchedulerTriggerListener    [0;39m [2m:[0;39m triggerFired() trigger=Trigger 'DEFAULT.Send Asynchronous EventsTrigger1':  triggerClass: 'org.quartz.impl.triggers.CronTriggerImpl calendar: 'null' misfireInstruction: 0 nextFireTime: Tue Feb 17 11:29:00 CST 2026, context=JobExecutionContext: trigger: 'DEFAULT.Send Asynchronous EventsTrigger1 job: DEFAULT.Send Asynchronous EventsJobDetail1 fireTime: 'Tue Feb 17 11:28:00 CST 2026 scheduledFireTime: Tue Feb 17 11:28:00 CST 2026 previousFireTime: 'Tue Feb 17 11:27:00 CST 2026 nextFireTime: Tue Feb 17 11:29:00 CST 2026 isRecovering: false refireCount: 0
[2m2026-02-17 11:28:00.019[0;39m [32m-DEBUG[0;39m [35m88555[0;39m [32m[0;39m [        default] [2m---[0;39m [2m[duler1_Worker-6][0;39m [36m.a.f.i.c.p.ExtendedJpaTransactionManager[0;39m [2m:[0;39m Creating new transaction with name [org.apache.fineract.infrastructure.jobs.service.SchedulerVetoer.veto]: PROPAGATION_REQUIRED,ISOLATION_READ_COMMITTED
[2m2026-02-17 11:28:00.020[0;39m [32m-DEBUG[0;39m [35m88555[0;39m [32m[0;39m [        default] [2m---[0;39m [2m[duler1_Worker-6][0;39m [36m.a.f.i.c.p.ExtendedJpaTransactionManager[0;39m [2m:[0;39m Opened new EntityManager [org.eclipse.persistence.internal.jpa.EntityManagerImpl@5f2bf663] for JPA transaction
[2m2026-02-17 11:28:00.023[0;39m [32m-DEBUG[0;39m [35m88555[0;39m [32m[0;39m [        default] [2m---[0;39m [2m[duler1_Worker-6][0;39m [36m.a.f.i.c.p.ExtendedJpaTransactionManager[0;39m [2m:[0;39m Exposing JPA transaction as JDBC [org.springframework.orm.jpa.vendor.EclipseLinkJpaDialect$EclipseLinkConnectionHandle@55d39d13]
[2m2026-02-17 11:28:00.033[0;39m [32m-DEBUG[0;39m [35m88555[0;39m [32m[0;39m [        default] [2m---[0;39m [2m[duler1_Worker-6][0;39m [36m.a.f.i.c.p.ExtendedJpaTransactionManager[0;39m [2m:[0;39m Found thread-bound EntityManager [org.eclipse.persistence.internal.jpa.EntityManagerImpl@5f2bf663] for JPA transaction
[2m2026-02-17 11:28:00.033[0;39m [32m-DEBUG[0;39m [35m88555[0;39m [32m[0;39m [        default] [2m---[0;39m [2m[duler1_Worker-6][0;39m [36m.a.f.i.c.p.ExtendedJpaTransactionManager[0;39m [2m:[0;39m Participating in existing transaction
[2m2026-02-17 11:28:00.039[0;39m [32m-DEBUG[0;39m [35m88555[0;39m [32m[0;39m [        default] [2m---[0;39m [2m[duler1_Worker-6][0;39m [36m.a.f.i.c.p.ExtendedJpaTransactionManager[0;39m [2m:[0;39m Found thread-bound EntityManager [org.eclipse.persistence.internal.jpa.EntityManagerImpl@5f2bf663] for JPA transaction
[2m2026-02-17 11:28:00.039[0;39m [32m-DEBUG[0;39m [35m88555[0;39m [32m[0;39m [        default] [2m---[0;39m [2m[duler1_Worker-6][0;39m [36m.a.f.i.c.p.ExtendedJpaTransactionManager[0;39m [2m:[0;39m Participating in existing transaction
[2m2026-02-17 11:28:00.040[0;39m [32m-DEBUG[0;39m [35m88555[0;39m [32m[0;39m [        default] [2m---[0;39m [2m[duler1_Worker-6][0;39m [36m.a.f.i.c.p.ExtendedJpaTransactionManager[0;39m [2m:[0;39m Found thread-bound EntityManager [org.eclipse.persistence.internal.jpa.EntityManagerImpl@5f2bf663] for JPA transaction
[2m2026-02-17 11:28:00.040[0;39m [32m-DEBUG[0;39m [35m88555[0;39m [32m[0;39m [        default] [2m---[0;39m [2m[duler1_Worker-6][0;39m [36m.a.f.i.c.p.ExtendedJpaTransactionManager[0;39m [2m:[0;39m Participating in existing transaction
[2m2026-02-17 11:28:00.041[0;39m [32m-DEBUG[0;39m [35m88555[0;39m [32m[0;39m [        default] [2m---[0;39m [2m[duler1_Worker-6][0;39m [36m.a.f.i.c.p.ExtendedJpaTransactionManager[0;39m [2m:[0;39m Initiating transaction commit
[2m2026-02-17 11:28:00.041[0;39m [32m-DEBUG[0;39m [35m88555[0;39m [32m[0;39m [        default] [2m---[0;39m [2m[duler1_Worker-6][0;39m [36m.a.f.i.c.p.ExtendedJpaTransactionManager[0;39m [2m:[0;39m Committing JPA transaction on EntityManager [org.eclipse.persistence.internal.jpa.EntityManagerImpl@5f2bf663]
[2m2026-02-17 11:28:00.086[0;39m [32m-DEBUG[0;39m [35m88555[0;39m [32m[0;39m [        default] [2m---[0;39m [2m[duler1_Worker-6][0;39m [36m.a.f.i.c.p.ExtendedJpaTransactionManager[0;39m [2m:[0;39m Closing JPA EntityManager [org.eclipse.persistence.internal.jpa.EntityManagerImpl@5f2bf663] after transaction
[2m2026-02-17 11:28:00.108[0;39m [32m-DEBUG[0;39m [35m88555[0;39m [32m[0;39m [        default] [2m---[0;39m [2m[duler1_Worker-6][0;39m [36m.a.f.i.c.p.ExtendedJpaTransactionManager[0;39m [2m:[0;39m Creating new transaction with name [org.springframework.batch.core.repository.support.SimpleJobRepository.getLastJobExecution]: PROPAGATION_REQUIRES_NEW,ISOLATION_READ_COMMITTED
[2m2026-02-17 11:28:00.109[0;39m [32m-DEBUG[0;39m [35m88555[0;39m [32m[0;39m [        default] [2m---[0;39m [2m[duler1_Worker-6][0;39m [36m.a.f.i.c.p.ExtendedJpaTransactionManager[0;39m [2m:[0;39m Opened new EntityManager [org.eclipse.persistence.internal.jpa.EntityManagerImpl@bbfdf36] for JPA transaction
[2m2026-02-17 11:28:00.109[0;39m [32m-DEBUG[0;39m [35m88555[0;39m [32m[0;39m [        default] [2m---[0;39m [2m[duler1_Worker-6][0;39m [36m.a.f.i.c.p.ExtendedJpaTransactionManager[0;39m [2m:[0;39m Exposing JPA transaction as JDBC [org.springframework.orm.jpa.vendor.EclipseLinkJpaDialect$EclipseLinkConnectionHandle@21fc9a19]
[2m2026-02-17 11:28:00.110[0;39m [32m-DEBUG[0;39m [35m88555[0;39m [32m[0;39m [        default] [2m---[0;39m [2m[duler1_Worker-6][0;39m [36m.a.f.i.c.p.ExtendedJpaTransactionManager[0;39m [2m:[0;39m Initiating transaction commit
[2m2026-02-17 11:28:00.110[0;39m [32m-DEBUG[0;39m [35m88555[0;39m [32m[0;39m [        default] [2m---[0;39m [2m[duler1_Worker-6][0;39m [36m.a.f.i.c.p.ExtendedJpaTransactionManager[0;39m [2m:[0;39m Committing JPA transaction on EntityManager [org.eclipse.persistence.internal.jpa.EntityManagerImpl@bbfdf36]
[2m2026-02-17 11:28:00.110[0;39m [32m-DEBUG[0;39m [35m88555[0;39m [32m[0;39m [        default] [2m---[0;39m [2m[duler1_Worker-6][0;39m [36m.a.f.i.c.p.ExtendedJpaTransactionManager[0;39m [2m:[0;39m Closing JPA EntityManager [org.eclipse.persistence.internal.jpa.EntityManagerImpl@bbfdf36] after transaction
[2m2026-02-17 11:28:00.111[0;39m [32m-DEBUG[0;39m [35m88555[0;39m [32m[0;39m [        default] [2m---[0;39m [2m[duler1_Worker-6][0;39m [36m.a.f.i.c.p.ExtendedJpaTransactionManager[0;39m [2m:[0;39m Creating new transaction with name [org.springframework.batch.core.repository.support.SimpleJobRepository.createJobExecution]: PROPAGATION_REQUIRES_NEW,ISOLATION_READ_COMMITTED
[2m2026-02-17 11:28:00.111[0;39m [32m-DEBUG[0;39m [35m88555[0;39m [32m[0;39m [        default] [2m---[0;39m [2m[duler1_Worker-6][0;39m [36m.a.f.i.c.p.ExtendedJpaTransactionManager[0;39m [2m:[0;39m Opened new EntityManager [org.eclipse.persistence.internal.jpa.EntityManagerImpl@68a4e5e] for JPA transaction
[2m2026-02-17 11:28:00.111[0;39m [32m-DEBUG[0;39m [35m88555[0;39m [32m[0;39m [        default] [2m---[0;39m [2m[duler1_Worker-6][0;39m [36m.a.f.i.c.p.ExtendedJpaTransactionManager[0;39m [2m:[0;39m Exposing JPA transaction as JDBC [org.springframework.orm.jpa.vendor.EclipseLinkJpaDialect$EclipseLinkConnectionHandle@396e4687]
[2m2026-02-17 11:28:00.115[0;39m [32m-DEBUG[0;39m [35m88555[0;39m [32m[0;39m [        default] [2m---[0;39m [2m[duler1_Worker-6][0;39m [36m.a.f.i.c.p.ExtendedJpaTransactionManager[0;39m [2m:[0;39m Initiating transaction commit
[2m2026-02-17 11:28:00.115[0;39m [32m-DEBUG[0;39m [35m88555[0;39m [32m[0;39m [        default] [2m---[0;39m [2m[duler1_Worker-6][0;39m [36m.a.f.i.c.p.ExtendedJpaTransactionManager[0;39m [2m:[0;39m Committing JPA transaction on EntityManager [org.eclipse.persistence.internal.jpa.EntityManagerImpl@68a4e5e]
[2m2026-02-17 11:28:00.115[0;39m [32m-DEBUG[0;39m [35m88555[0;39m [32m[0;39m [        default] [2m---[0;39m [2m[duler1_Worker-6][0;39m [36m.a.f.i.c.p.ExtendedJpaTransactionManager[0;39m [2m:[0;39m Closing JPA EntityManager [org.eclipse.persistence.internal.jpa.EntityManagerImpl@68a4e5e] after transaction
[2m2026-02-17 11:28:00.115[0;39m [32m- INFO[0;39m [35m88555[0;39m [32m[0;39m [        default] [2m---[0;39m [2m[duler1_Worker-6][0;39m [36mo.s.b.c.l.s.TaskExecutorJobLauncher     [0;39m [2m:[0;39m Job: [SimpleJob: [name=SEND_ASYNCHRONOUS_EVENTS]] launched with the following parameters: [{'run.id':'{value=33705, type=class java.lang.Long, identifying=true}'}]
[2m2026-02-17 11:28:00.117[0;39m [32m-DEBUG[0;39m [35m88555[0;39m [32m[0;39m [        default] [2m---[0;39m [2m[duler1_Worker-6][0;39m [36m.a.f.i.c.p.ExtendedJpaTransactionManager[0;39m [2m:[0;39m Creating new transaction with name [org.springframework.batch.core.repository.support.SimpleJobRepository.update]: PROPAGATION_REQUIRED,ISOLATION_DEFAULT
[2m2026-02-17 11:28:00.117[0;39m [32m-DEBUG[0;39m [35m88555[0;39m [32m[0;39m [        default] [2m---[0;39m [2m[duler1_Worker-6][0;39m [36m.a.f.i.c.p.ExtendedJpaTransactionManager[0;39m [2m:[0;39m Opened new EntityManager [org.eclipse.persistence.internal.jpa.EntityManagerImpl@4cdd68f3] for JPA transaction
[2m2026-02-17 11:28:00.117[0;39m [32m-DEBUG[0;39m [35m88555[0;39m [32m[0;39m [        default] [2m---[0;39m [2m[duler1_Worker-6][0;39m [36m.a.f.i.c.p.ExtendedJpaTransactionManager[0;39m [2m:[0;39m Exposing JPA transaction as JDBC [org.springframework.orm.jpa.vendor.EclipseLinkJpaDialect$EclipseLinkConnectionHandle@9340f23]
[2m2026-02-17 11:28:00.119[0;39m [32m-DEBUG[0;39m [35m88555[0;39m [32m[0;39m [        default] [2m---[0;39m [2m[duler1_Worker-6][0;39m [36m.a.f.i.c.p.ExtendedJpaTransactionManager[0;39m [2m:[0;39m Initiating transaction commit
[2m2026-02-17 11:28:00.119[0;39m [32m-DEBUG[0;39m [35m88555[0;39m [32m[0;39m [        default] [2m---[0;39m [2m[duler1_Worker-6][0;39m [36m.a.f.i.c.p.ExtendedJpaTransactionManager[0;39m [2m:[0;39m Committing JPA transaction on EntityManager [org.eclipse.persistence.internal.jpa.EntityManagerImpl@4cdd68f3]
[2m2026-02-17 11:28:00.120[0;39m [32m-DEBUG[0;39m [35m88555[0;39m [32m[0;39m [        default] [2m---[0;39m [2m[duler1_Worker-6][0;39m [36m.a.f.i.c.p.ExtendedJpaTransactionManager[0;39m [2m:[0;39m Closing JPA EntityManager [org.eclipse.persistence.internal.jpa.EntityManagerImpl@4cdd68f3] after transaction
[2m2026-02-17 11:28:00.120[0;39m [32m-DEBUG[0;39m [35m88555[0;39m [32m[0;39m [        default] [2m---[0;39m [2m[duler1_Worker-6][0;39m [36m.a.f.i.c.p.ExtendedJpaTransactionManager[0;39m [2m:[0;39m Creating new transaction with name [org.springframework.batch.core.repository.support.SimpleJobRepository.getLastStepExecution]: PROPAGATION_REQUIRED,ISOLATION_DEFAULT
[2m2026-02-17 11:28:00.121[0;39m [32m-DEBUG[0;39m [35m88555[0;39m [32m[0;39m [        default] [2m---[0;39m [2m[duler1_Worker-6][0;39m [36m.a.f.i.c.p.ExtendedJpaTransactionManager[0;39m [2m:[0;39m Opened new EntityManager [org.eclipse.persistence.internal.jpa.EntityManagerImpl@5d1848e5] for JPA transaction
[2m2026-02-17 11:28:00.121[0;39m [32m-DEBUG[0;39m [35m88555[0;39m [32m[0;39m [        default] [2m---[0;39m [2m[duler1_Worker-6][0;39m [36m.a.f.i.c.p.ExtendedJpaTransactionManager[0;39m [2m:[0;39m Exposing JPA transaction as JDBC [org.springframework.orm.jpa.vendor.EclipseLinkJpaDialect$EclipseLinkConnectionHandle@160977bf]
[2m2026-02-17 11:28:00.122[0;39m [32m-DEBUG[0;39m [35m88555[0;39m [32m[0;39m [        default] [2m---[0;39m [2m[duler1_Worker-6][0;39m [36m.a.f.i.c.p.ExtendedJpaTransactionManager[0;39m [2m:[0;39m Initiating transaction commit
[2m2026-02-17 11:28:00.122[0;39m [32m-DEBUG[0;39m [35m88555[0;39m [32m[0;39m [        default] [2m---[0;39m [2m[duler1_Worker-6][0;39m [36m.a.f.i.c.p.ExtendedJpaTransactionManager[0;39m [2m:[0;39m Committing JPA transaction on EntityManager [org.eclipse.persistence.internal.jpa.EntityManagerImpl@5d1848e5]
[2m2026-02-17 11:28:00.122[0;39m [32m-DEBUG[0;39m [35m88555[0;39m [32m[0;39m [        default] [2m---[0;39m [2m[duler1_Worker-6][0;39m [36m.a.f.i.c.p.ExtendedJpaTransactionManager[0;39m [2m:[0;39m Closing JPA EntityManager [org.eclipse.persistence.internal.jpa.EntityManagerImpl@5d1848e5] after transaction
[2m2026-02-17 11:28:00.123[0;39m [32m-DEBUG[0;39m [35m88555[0;39m [32m[0;39m [        default] [2m---[0;39m [2m[duler1_Worker-6][0;39m [36m.a.f.i.c.p.ExtendedJpaTransactionManager[0;39m [2m:[0;39m Creating new transaction with name [org.springframework.batch.core.repository.support.SimpleJobRepository.getStepExecutionCount]: PROPAGATION_REQUIRED,ISOLATION_DEFAULT
[2m2026-02-17 11:28:00.123[0;39m [32m-DEBUG[0;39m [35m88555[0;39m [32m[0;39m [        default] [2m---[0;39m [2m[duler1_Worker-6][0;39m [36m.a.f.i.c.p.ExtendedJpaTransactionManager[0;39m [2m:[0;39m Opened new EntityManager [org.eclipse.persistence.internal.jpa.EntityManagerImpl@31b40f7d] for JPA transaction
[2m2026-02-17 11:28:00.123[0;39m [32m-DEBUG[0;39m [35m88555[0;39m [32m[0;39m [        default] [2m---[0;39m [2m[duler1_Worker-6][0;39m [36m.a.f.i.c.p.ExtendedJpaTransactionManager[0;39m [2m:[0;39m Exposing JPA transaction as JDBC [org.springframework.orm.jpa.vendor.EclipseLinkJpaDialect$EclipseLinkConnectionHandle@1850437f]
[2m2026-02-17 11:28:00.124[0;39m [32m-DEBUG[0;39m [35m88555[0;39m [32m[0;39m [        default] [2m---[0;39m [2m[duler1_Worker-6][0;39m [36m.a.f.i.c.p.ExtendedJpaTransactionManager[0;39m [2m:[0;39m Initiating transaction commit
[2m2026-02-17 11:28:00.124[0;39m [32m-DEBUG[0;39m [35m88555[0;39m [32m[0;39m [        default] [2m---[0;39m [2m[duler1_Worker-6][0;39m [36m.a.f.i.c.p.ExtendedJpaTransactionManager[0;39m [2m:[0;39m Committing JPA transaction on EntityManager [org.eclipse.persistence.internal.jpa.EntityManagerImpl@31b40f7d]
[2m2026-02-17 11:28:00.125[0;39m [32m-DEBUG[0;39m [35m88555[0;39m [32m[0;39m [        default] [2m---[0;39m [2m[duler1_Worker-6][0;39m [36m.a.f.i.c.p.ExtendedJpaTransactionManager[0;39m [2m:[0;39m Closing JPA EntityManager [org.eclipse.persistence.internal.jpa.EntityManagerImpl@31b40f7d] after transaction
[2m2026-02-17 11:28:00.125[0;39m [32m-DEBUG[0;39m [35m88555[0;39m [32m[0;39m [        default] [2m---[0;39m [2m[duler1_Worker-6][0;39m [36m.a.f.i.c.p.ExtendedJpaTransactionManager[0;39m [2m:[0;39m Creating new transaction with name [org.springframework.batch.core.repository.support.SimpleJobRepository.add]: PROPAGATION_REQUIRED,ISOLATION_DEFAULT
[2m2026-02-17 11:28:00.125[0;39m [32m-DEBUG[0;39m [35m88555[0;39m [32m[0;39m [        default] [2m---[0;39m [2m[duler1_Worker-6][0;39m [36m.a.f.i.c.p.ExtendedJpaTransactionManager[0;39m [2m:[0;39m Opened new EntityManager [org.eclipse.persistence.internal.jpa.EntityManagerImpl@5a794422] for JPA transaction
[2m2026-02-17 11:28:00.125[0;39m [32m-DEBUG[0;39m [35m88555[0;39m [32m[0;39m [        default] [2m---[0;39m [2m[duler1_Worker-6][0;39m [36m.a.f.i.c.p.ExtendedJpaTransactionManager[0;39m [2m:[0;39m Exposing JPA transaction as JDBC [org.springframework.orm.jpa.vendor.EclipseLinkJpaDialect$EclipseLinkConnectionHandle@4ba777f7]
[2m2026-02-17 11:28:00.126[0;39m [32m-DEBUG[0;39m [35m88555[0;39m [32m[0;39m [        default] [2m---[0;39m [2m[duler1_Worker-6][0;39m [36m.a.f.i.c.p.ExtendedJpaTransactionManager[0;39m [2m:[0;39m Initiating transaction commit
[2m2026-02-17 11:28:00.126[0;39m [32m-DEBUG[0;39m [35m88555[0;39m [32m[0;39m [        default] [2m---[0;39m [2m[duler1_Worker-6][0;39m [36m.a.f.i.c.p.ExtendedJpaTransactionManager[0;39m [2m:[0;39m Committing JPA transaction on EntityManager [org.eclipse.persistence.internal.jpa.EntityManagerImpl@5a794422]
[2m2026-02-17 11:28:00.126[0;39m [32m-DEBUG[0;39m [35m88555[0;39m [32m[0;39m [        default] [2m---[0;39m [2m[duler1_Worker-6][0;39m [36m.a.f.i.c.p.ExtendedJpaTransactionManager[0;39m [2m:[0;39m Closing JPA EntityManager [org.eclipse.persistence.internal.jpa.EntityManagerImpl@5a794422] after transaction
[2m2026-02-17 11:28:00.127[0;39m [32m- INFO[0;39m [35m88555[0;39m [32m[0;39m [        default] [2m---[0;39m [2m[duler1_Worker-6][0;39m [36mo.s.batch.core.job.SimpleStepHandler    [0;39m [2m:[0;39m Executing step: [SEND_ASYNCHRONOUS_EVENTS_STEP]
[2m2026-02-17 11:28:00.127[0;39m [32m-DEBUG[0;39m [35m88555[0;39m [32m[0;39m [        default] [2m---[0;39m [2m[duler1_Worker-6][0;39m [36m.a.f.i.c.p.ExtendedJpaTransactionManager[0;39m [2m:[0;39m Creating new transaction with name [org.springframework.batch.core.repository.support.SimpleJobRepository.update]: PROPAGATION_REQUIRED,ISOLATION_DEFAULT
[2m2026-02-17 11:28:00.127[0;39m [32m-DEBUG[0;39m [35m88555[0;39m [32m[0;39m [        default] [2m---[0;39m [2m[duler1_Worker-6][0;39m [36m.a.f.i.c.p.ExtendedJpaTransactionManager[0;39m [2m:[0;39m Opened new EntityManager [org.eclipse.persistence.internal.jpa.EntityManagerImpl@51769e47] for JPA transaction
[2m2026-02-17 11:28:00.127[0;39m [32m-DEBUG[0;39m [35m88555[0;39m [32m[0;39m [        default] [2m---[0;39m [2m[duler1_Worker-6][0;39m [36m.a.f.i.c.p.ExtendedJpaTransactionManager[0;39m [2m:[0;39m Exposing JPA transaction as JDBC [org.springframework.orm.jpa.vendor.EclipseLinkJpaDialect$EclipseLinkConnectionHandle@551d8466]
[2m2026-02-17 11:28:00.128[0;39m [32m-DEBUG[0;39m [35m88555[0;39m [32m[0;39m [        default] [2m---[0;39m [2m[duler1_Worker-6][0;39m [36m.a.f.i.c.p.ExtendedJpaTransactionManager[0;39m [2m:[0;39m Initiating transaction commit
[2m2026-02-17 11:28:00.128[0;39m [32m-DEBUG[0;39m [35m88555[0;39m [32m[0;39m [        default] [2m---[0;39m [2m[duler1_Worker-6][0;39m [36m.a.f.i.c.p.ExtendedJpaTransactionManager[0;39m [2m:[0;39m Committing JPA transaction on EntityManager [org.eclipse.persistence.internal.jpa.EntityManagerImpl@51769e47]
[2m2026-02-17 11:28:00.128[0;39m [32m-DEBUG[0;39m [35m88555[0;39m [32m[0;39m [        default] [2m---[0;39m [2m[duler1_Worker-6][0;39m [36m.a.f.i.c.p.ExtendedJpaTransactionManager[0;39m [2m:[0;39m Closing JPA EntityManager [org.eclipse.persistence.internal.jpa.EntityManagerImpl@51769e47] after transaction
[2m2026-02-17 11:28:00.128[0;39m [32m-DEBUG[0;39m [35m88555[0;39m [32m[0;39m [        default] [2m---[0;39m [2m[duler1_Worker-6][0;39m [36m.a.f.i.c.p.ExtendedJpaTransactionManager[0;39m [2m:[0;39m Creating new transaction with name [org.springframework.batch.core.repository.support.SimpleJobRepository.updateExecutionContext]: PROPAGATION_REQUIRED,ISOLATION_DEFAULT
[2m2026-02-17 11:28:00.128[0;39m [32m-DEBUG[0;39m [35m88555[0;39m [32m[0;39m [        default] [2m---[0;39m [2m[duler1_Worker-6][0;39m [36m.a.f.i.c.p.ExtendedJpaTransactionManager[0;39m [2m:[0;39m Opened new EntityManager [org.eclipse.persistence.internal.jpa.EntityManagerImpl@455592b3] for JPA transaction
[2m2026-02-17 11:28:00.129[0;39m [32m-DEBUG[0;39m [35m88555[0;39m [32m[0;39m [        default] [2m---[0;39m [2m[duler1_Worker-6][0;39m [36m.a.f.i.c.p.ExtendedJpaTransactionManager[0;39m [2m:[0;39m Exposing JPA transaction as JDBC [org.springframework.orm.jpa.vendor.EclipseLinkJpaDialect$EclipseLinkConnectionHandle@35bd5d21]
[2m2026-02-17 11:28:00.130[0;39m [32m-DEBUG[0;39m [35m88555[0;39m [32m[0;39m [        default] [2m---[0;39m [2m[duler1_Worker-6][0;39m [36m.a.f.i.c.p.ExtendedJpaTransactionManager[0;39m [2m:[0;39m Initiating transaction commit
[2m2026-02-17 11:28:00.130[0;39m [32m-DEBUG[0;39m [35m88555[0;39m [32m[0;39m [        default] [2m---[0;39m [2m[duler1_Worker-6][0;39m [36m.a.f.i.c.p.ExtendedJpaTransactionManager[0;39m [2m:[0;39m Committing JPA transaction on EntityManager [org.eclipse.persistence.internal.jpa.EntityManagerImpl@455592b3]
[2m2026-02-17 11:28:00.130[0;39m [32m-DEBUG[0;39m [35m88555[0;39m [32m[0;39m [        default] [2m---[0;39m [2m[duler1_Worker-6][0;39m [36m.a.f.i.c.p.ExtendedJpaTransactionManager[0;39m [2m:[0;39m Closing JPA EntityManager [org.eclipse.persistence.internal.jpa.EntityManagerImpl@455592b3] after transaction
[2m2026-02-17 11:28:00.130[0;39m [32m-DEBUG[0;39m [35m88555[0;39m [32m[0;39m [        default] [2m---[0;39m [2m[duler1_Worker-6][0;39m [36m.a.f.i.c.p.ExtendedJpaTransactionManager[0;39m [2m:[0;39m Creating new transaction with name [null]: PROPAGATION_REQUIRED,ISOLATION_DEFAULT
[2m2026-02-17 11:28:00.131[0;39m [32m-DEBUG[0;39m [35m88555[0;39m [32m[0;39m [        default] [2m---[0;39m [2m[duler1_Worker-6][0;39m [36m.a.f.i.c.p.ExtendedJpaTransactionManager[0;39m [2m:[0;39m Opened new EntityManager [org.eclipse.persistence.internal.jpa.EntityManagerImpl@50dc7977] for JPA transaction
[2m2026-02-17 11:28:00.131[0;39m [32m-DEBUG[0;39m [35m88555[0;39m [32m[0;39m [        default] [2m---[0;39m [2m[duler1_Worker-6][0;39m [36m.a.f.i.c.p.ExtendedJpaTransactionManager[0;39m [2m:[0;39m Exposing JPA transaction as JDBC [org.springframework.orm.jpa.vendor.EclipseLinkJpaDialect$EclipseLinkConnectionHandle@69dbe9be]
[2m2026-02-17 11:28:00.131[0;39m [32m-DEBUG[0;39m [35m88555[0;39m [32m[0;39m [        default] [2m---[0;39m [2m[duler1_Worker-6][0;39m [36m.a.f.i.c.p.ExtendedJpaTransactionManager[0;39m [2m:[0;39m Found thread-bound EntityManager [org.eclipse.persistence.internal.jpa.EntityManagerImpl@50dc7977] for JPA transaction
[2m2026-02-17 11:28:00.131[0;39m [32m-DEBUG[0;39m [35m88555[0;39m [32m[0;39m [        default] [2m---[0;39m [2m[duler1_Worker-6][0;39m [36m.a.f.i.c.p.ExtendedJpaTransactionManager[0;39m [2m:[0;39m Participating in existing transaction
[2m2026-02-17 11:28:00.131[0;39m [32m-DEBUG[0;39m [35m88555[0;39m [32m[0;39m [        default] [2m---[0;39m [2m[duler1_Worker-6][0;39m [36m.a.f.i.c.p.ExtendedJpaTransactionManager[0;39m [2m:[0;39m Found thread-bound EntityManager [org.eclipse.persistence.internal.jpa.EntityManagerImpl@50dc7977] for JPA transaction
[2m2026-02-17 11:28:00.132[0;39m [32m-DEBUG[0;39m [35m88555[0;39m [32m[0;39m [        default] [2m---[0;39m [2m[duler1_Worker-6][0;39m [36m.a.f.i.c.p.ExtendedJpaTransactionManager[0;39m [2m:[0;39m Participating in existing transaction
[2m2026-02-17 11:28:00.132[0;39m [32m-DEBUG[0;39m [35m88555[0;39m [32m[0;39m [        default] [2m---[0;39m [2m[duler1_Worker-6][0;39m [36m.a.f.i.c.p.ExtendedJpaTransactionManager[0;39m [2m:[0;39m Initiating transaction commit
[2m2026-02-17 11:28:00.132[0;39m [32m-DEBUG[0;39m [35m88555[0;39m [32m[0;39m [        default] [2m---[0;39m [2m[duler1_Worker-6][0;39m [36m.a.f.i.c.p.ExtendedJpaTransactionManager[0;39m [2m:[0;39m Committing JPA transaction on EntityManager [org.eclipse.persistence.internal.jpa.EntityManagerImpl@50dc7977]
[2m2026-02-17 11:28:00.132[0;39m [32m-DEBUG[0;39m [35m88555[0;39m [32m[0;39m [        default] [2m---[0;39m [2m[duler1_Worker-6][0;39m [36m.a.f.i.c.p.ExtendedJpaTransactionManager[0;39m [2m:[0;39m Closing JPA EntityManager [org.eclipse.persistence.internal.jpa.EntityManagerImpl@50dc7977] after transaction
[2m2026-02-17 11:28:00.133[0;39m [32m- INFO[0;39m [35m88555[0;39m [32m[0;39m [        default] [2m---[0;39m [2m[duler1_Worker-6][0;39m [36mo.s.batch.core.step.AbstractStep        [0;39m [2m:[0;39m Step: [SEND_ASYNCHRONOUS_EVENTS_STEP] executed in 5ms
[2m2026-02-17 11:28:00.133[0;39m [32m-DEBUG[0;39m [35m88555[0;39m [32m[0;39m [        default] [2m---[0;39m [2m[duler1_Worker-6][0;39m [36m.a.f.i.c.p.ExtendedJpaTransactionManager[0;39m [2m:[0;39m Creating new transaction with name [org.springframework.batch.core.repository.support.SimpleJobRepository.updateExecutionContext]: PROPAGATION_REQUIRED,ISOLATION_DEFAULT
[2m2026-02-17 11:28:00.133[0;39m [32m-DEBUG[0;39m [35m88555[0;39m [32m[0;39m [        default] [2m---[0;39m [2m[duler1_Worker-6][0;39m [36m.a.f.i.c.p.ExtendedJpaTransactionManager[0;39m [2m:[0;39m Opened new EntityManager [org.eclipse.persistence.internal.jpa.EntityManagerImpl@5ff92f46] for JPA transaction
[2m2026-02-17 11:28:00.133[0;39m [32m-DEBUG[0;39m [35m88555[0;39m [32m[0;39m [        default] [2m---[0;39m [2m[duler1_Worker-6][0;39m [36m.a.f.i.c.p.ExtendedJpaTransactionManager[0;39m [2m:[0;39m Exposing JPA transaction as JDBC [org.springframework.orm.jpa.vendor.EclipseLinkJpaDialect$EclipseLinkConnectionHandle@6cddf20f]
[2m2026-02-17 11:28:00.133[0;39m [32m-DEBUG[0;39m [35m88555[0;39m [32m[0;39m [        default] [2m---[0;39m [2m[duler1_Worker-6][0;39m [36m.a.f.i.c.p.ExtendedJpaTransactionManager[0;39m [2m:[0;39m Initiating transaction commit
[2m2026-02-17 11:28:00.133[0;39m [32m-DEBUG[0;39m [35m88555[0;39m [32m[0;39m [        default] [2m---[0;39m [2m[duler1_Worker-6][0;39m [36m.a.f.i.c.p.ExtendedJpaTransactionManager[0;39m [2m:[0;39m Committing JPA transaction on EntityManager [org.eclipse.persistence.internal.jpa.EntityManagerImpl@5ff92f46]
[2m2026-02-17 11:28:00.133[0;39m [32m-DEBUG[0;39m [35m88555[0;39m [32m[0;39m [        default] [2m---[0;39m [2m[duler1_Worker-6][0;39m [36m.a.f.i.c.p.ExtendedJpaTransactionManager[0;39m [2m:[0;39m Closing JPA EntityManager [org.eclipse.persistence.internal.jpa.EntityManagerImpl@5ff92f46] after transaction
[2m2026-02-17 11:28:00.134[0;39m [32m-DEBUG[0;39m [35m88555[0;39m [32m[0;39m [        default] [2m---[0;39m [2m[duler1_Worker-6][0;39m [36m.a.f.i.c.p.ExtendedJpaTransactionManager[0;39m [2m:[0;39m Creating new transaction with name [org.springframework.batch.core.repository.support.SimpleJobRepository.update]: PROPAGATION_REQUIRED,ISOLATION_DEFAULT
[2m2026-02-17 11:28:00.134[0;39m [32m-DEBUG[0;39m [35m88555[0;39m [32m[0;39m [        default] [2m---[0;39m [2m[duler1_Worker-6][0;39m [36m.a.f.i.c.p.ExtendedJpaTransactionManager[0;39m [2m:[0;39m Opened new EntityManager [org.eclipse.persistence.internal.jpa.EntityManagerImpl@5a7d7033] for JPA transaction
[2m2026-02-17 11:28:00.134[0;39m [32m-DEBUG[0;39m [35m88555[0;39m [32m[0;39m [        default] [2m---[0;39m [2m[duler1_Worker-6][0;39m [36m.a.f.i.c.p.ExtendedJpaTransactionManager[0;39m [2m:[0;39m Exposing JPA transaction as JDBC [org.springframework.orm.jpa.vendor.EclipseLinkJpaDialect$EclipseLinkConnectionHandle@4bef269e]
[2m2026-02-17 11:28:00.134[0;39m [32m-DEBUG[0;39m [35m88555[0;39m [32m[0;39m [        default] [2m---[0;39m [2m[duler1_Worker-6][0;39m [36m.a.f.i.c.p.ExtendedJpaTransactionManager[0;39m [2m:[0;39m Initiating transaction commit
[2m2026-02-17 11:28:00.134[0;39m [32m-DEBUG[0;39m [35m88555[0;39m [32m[0;39m [        default] [2m---[0;39m [2m[duler1_Worker-6][0;39m [36m.a.f.i.c.p.ExtendedJpaTransactionManager[0;39m [2m:[0;39m Committing JPA transaction on EntityManager [org.eclipse.persistence.internal.jpa.EntityManagerImpl@5a7d7033]
[2m2026-02-17 11:28:00.134[0;39m [32m-DEBUG[0;39m [35m88555[0;39m [32m[0;39m [        default] [2m---[0;39m [2m[duler1_Worker-6][0;39m [36m.a.f.i.c.p.ExtendedJpaTransactionManager[0;39m [2m:[0;39m Closing JPA EntityManager [org.eclipse.persistence.internal.jpa.EntityManagerImpl@5a7d7033] after transaction
[2m2026-02-17 11:28:00.135[0;39m [32m-DEBUG[0;39m [35m88555[0;39m [32m[0;39m [        default] [2m---[0;39m [2m[duler1_Worker-6][0;39m [36m.a.f.i.c.p.ExtendedJpaTransactionManager[0;39m [2m:[0;39m Creating new transaction with name [org.springframework.batch.core.repository.support.SimpleJobRepository.updateExecutionContext]: PROPAGATION_REQUIRED,ISOLATION_DEFAULT
[2m2026-02-17 11:28:00.135[0;39m [32m-DEBUG[0;39m [35m88555[0;39m [32m[0;39m [        default] [2m---[0;39m [2m[duler1_Worker-6][0;39m [36m.a.f.i.c.p.ExtendedJpaTransactionManager[0;39m [2m:[0;39m Opened new EntityManager [org.eclipse.persistence.internal.jpa.EntityManagerImpl@5dfab3ba] for JPA transaction
[2m2026-02-17 11:28:00.135[0;39m [32m-DEBUG[0;39m [35m88555[0;39m [32m[0;39m [        default] [2m---[0;39m [2m[duler1_Worker-6][0;39m [36m.a.f.i.c.p.ExtendedJpaTransactionManager[0;39m [2m:[0;39m Exposing JPA transaction as JDBC [org.springframework.orm.jpa.vendor.EclipseLinkJpaDialect$EclipseLinkConnectionHandle@5e346f80]
[2m2026-02-17 11:28:00.135[0;39m [32m-DEBUG[0;39m [35m88555[0;39m [32m[0;39m [        default] [2m---[0;39m [2m[duler1_Worker-6][0;39m [36m.a.f.i.c.p.ExtendedJpaTransactionManager[0;39m [2m:[0;39m Initiating transaction commit
[2m2026-02-17 11:28:00.135[0;39m [32m-DEBUG[0;39m [35m88555[0;39m [32m[0;39m [        default] [2m---[0;39m [2m[duler1_Worker-6][0;39m [36m.a.f.i.c.p.ExtendedJpaTransactionManager[0;39m [2m:[0;39m Committing JPA transaction on EntityManager [org.eclipse.persistence.internal.jpa.EntityManagerImpl@5dfab3ba]
[2m2026-02-17 11:28:00.135[0;39m [32m-DEBUG[0;39m [35m88555[0;39m [32m[0;39m [        default] [2m---[0;39m [2m[duler1_Worker-6][0;39m [36m.a.f.i.c.p.ExtendedJpaTransactionManager[0;39m [2m:[0;39m Closing JPA EntityManager [org.eclipse.persistence.internal.jpa.EntityManagerImpl@5dfab3ba] after transaction
[2m2026-02-17 11:28:00.135[0;39m [32m-DEBUG[0;39m [35m88555[0;39m [32m[0;39m [        default] [2m---[0;39m [2m[duler1_Worker-6][0;39m [36m.a.f.i.c.p.ExtendedJpaTransactionManager[0;39m [2m:[0;39m Creating new transaction with name [org.springframework.batch.core.repository.support.SimpleJobRepository.update]: PROPAGATION_REQUIRED,ISOLATION_DEFAULT
[2m2026-02-17 11:28:00.135[0;39m [32m-DEBUG[0;39m [35m88555[0;39m [32m[0;39m [        default] [2m---[0;39m [2m[duler1_Worker-6][0;39m [36m.a.f.i.c.p.ExtendedJpaTransactionManager[0;39m [2m:[0;39m Opened new EntityManager [org.eclipse.persistence.internal.jpa.EntityManagerImpl@6f79709d] for JPA transaction
[2m2026-02-17 11:28:00.135[0;39m [32m-DEBUG[0;39m [35m88555[0;39m [32m[0;39m [        default] [2m---[0;39m [2m[duler1_Worker-6][0;39m [36m.a.f.i.c.p.ExtendedJpaTransactionManager[0;39m [2m:[0;39m Exposing JPA transaction as JDBC [org.springframework.orm.jpa.vendor.EclipseLinkJpaDialect$EclipseLinkConnectionHandle@5d90603a]
[2m2026-02-17 11:28:00.136[0;39m [32m-DEBUG[0;39m [35m88555[0;39m [32m[0;39m [        default] [2m---[0;39m [2m[duler1_Worker-6][0;39m [36m.a.f.i.c.p.ExtendedJpaTransactionManager[0;39m [2m:[0;39m Initiating transaction commit
[2m2026-02-17 11:28:00.136[0;39m [32m-DEBUG[0;39m [35m88555[0;39m [32m[0;39m [        default] [2m---[0;39m [2m[duler1_Worker-6][0;39m [36m.a.f.i.c.p.ExtendedJpaTransactionManager[0;39m [2m:[0;39m Committing JPA transaction on EntityManager [org.eclipse.persistence.internal.jpa.EntityManagerImpl@6f79709d]
[2m2026-02-17 11:28:00.136[0;39m [32m-DEBUG[0;39m [35m88555[0;39m [32m[0;39m [        default] [2m---[0;39m [2m[duler1_Worker-6][0;39m [36m.a.f.i.c.p.ExtendedJpaTransactionManager[0;39m [2m:[0;39m Closing JPA EntityManager [org.eclipse.persistence.internal.jpa.EntityManagerImpl@6f79709d] after transaction
[2m2026-02-17 11:28:00.136[0;39m [32m- INFO[0;39m [35m88555[0;39m [32m[0;39m [        default] [2m---[0;39m [2m[duler1_Worker-6][0;39m [36mo.s.b.c.l.s.TaskExecutorJobLauncher     [0;39m [2m:[0;39m Job: [SimpleJob: [name=SEND_ASYNCHRONOUS_EVENTS]] completed with the following parameters: [{'run.id':'{value=33705, type=class java.lang.Long, identifying=true}'}] and the following status: [COMPLETED] in 18ms
[2m2026-02-17 11:28:00.151[0;39m [32m-DEBUG[0;39m [35m88555[0;39m [32m[0;39m [        default] [2m---[0;39m [2m[duler1_Worker-6][0;39m [36m.a.f.i.c.p.ExtendedJpaTransactionManager[0;39m [2m:[0;39m Creating new transaction with name [org.apache.fineract.infrastructure.jobs.service.SchedularWritePlatformServiceJpaRepositoryImpl.saveOrUpdate]: PROPAGATION_REQUIRED,ISOLATION_DEFAULT
[2m2026-02-17 11:28:00.151[0;39m [32m-DEBUG[0;39m [35m88555[0;39m [32m[0;39m [        default] [2m---[0;39m [2m[duler1_Worker-6][0;39m [36m.a.f.i.c.p.ExtendedJpaTransactionManager[0;39m [2m:[0;39m Opened new EntityManager [org.eclipse.persistence.internal.jpa.EntityManagerImpl@284a4201] for JPA transaction
[2m2026-02-17 11:28:00.151[0;39m [32m-DEBUG[0;39m [35m88555[0;39m [32m[0;39m [        default] [2m---[0;39m [2m[duler1_Worker-6][0;39m [36m.a.f.i.c.p.ExtendedJpaTransactionManager[0;39m [2m:[0;39m Exposing JPA transaction as JDBC [org.springframework.orm.jpa.vendor.EclipseLinkJpaDialect$EclipseLinkConnectionHandle@c93220d]
[2m2026-02-17 11:28:00.152[0;39m [32m-DEBUG[0;39m [35m88555[0;39m [32m[0;39m [        default] [2m---[0;39m [2m[duler1_Worker-6][0;39m [36m.a.f.i.c.p.ExtendedJpaTransactionManager[0;39m [2m:[0;39m Found thread-bound EntityManager [org.eclipse.persistence.internal.jpa.EntityManagerImpl@284a4201] for JPA transaction
[2m2026-02-17 11:28:00.152[0;39m [32m-DEBUG[0;39m [35m88555[0;39m [32m[0;39m [        default] [2m---[0;39m [2m[duler1_Worker-6][0;39m [36m.a.f.i.c.p.ExtendedJpaTransactionManager[0;39m [2m:[0;39m Participating in existing transaction
[2m2026-02-17 11:28:00.153[0;39m [32m-DEBUG[0;39m [35m88555[0;39m [32m[0;39m [        default] [2m---[0;39m [2m[duler1_Worker-6][0;39m [36m.a.f.i.c.p.ExtendedJpaTransactionManager[0;39m [2m:[0;39m Found thread-bound EntityManager [org.eclipse.persistence.internal.jpa.EntityManagerImpl@284a4201] for JPA transaction
[2m2026-02-17 11:28:00.153[0;39m [32m-DEBUG[0;39m [35m88555[0;39m [32m[0;39m [        default] [2m---[0;39m [2m[duler1_Worker-6][0;39m [36m.a.f.i.c.p.ExtendedJpaTransactionManager[0;39m [2m:[0;39m Participating in existing transaction
[2m2026-02-17 11:28:00.155[0;39m [32m-DEBUG[0;39m [35m88555[0;39m [32m[0;39m [        default] [2m---[0;39m [2m[duler1_Worker-6][0;39m [36m.a.f.i.c.p.ExtendedJpaTransactionManager[0;39m [2m:[0;39m Initiating transaction commit
[2m2026-02-17 11:28:00.156[0;39m [32m-DEBUG[0;39m [35m88555[0;39m [32m[0;39m [        default] [2m---[0;39m [2m[duler1_Worker-6][0;39m [36m.a.f.i.c.p.ExtendedJpaTransactionManager[0;39m [2m:[0;39m Committing JPA transaction on EntityManager [org.eclipse.persistence.internal.jpa.EntityManagerImpl@284a4201]
[2m2026-02-17 11:28:00.162[0;39m [32m-DEBUG[0;39m [35m88555[0;39m [32m[0;39m [        default] [2m---[0;39m [2m[duler1_Worker-6][0;39m [36m.a.f.i.c.p.ExtendedJpaTransactionManager[0;39m [2m:[0;39m Closing JPA EntityManager [org.eclipse.persistence.internal.jpa.EntityManagerImpl@284a4201] after transaction
[2m2026-02-17 11:28:00.162[0;39m [32m-DEBUG[0;39m [35m88555[0;39m [32m[0;39m [      no-tenant] [2m---[0;39m [2m[duler1_Worker-6][0;39m [36mo.a.f.i.j.s.SchedulerTriggerListener    [0;39m [2m:[0;39m triggerComplete() trigger=Trigger 'DEFAULT.Send Asynchronous EventsTrigger1':  triggerClass: 'org.quartz.impl.triggers.CronTriggerImpl calendar: 'null' misfireInstruction: 0 nextFireTime: Tue Feb 17 11:29:00 CST 2026, context=JobExecutionContext: trigger: 'DEFAULT.Send Asynchronous EventsTrigger1 job: DEFAULT.Send Asynchronous EventsJobDetail1 fireTime: 'Tue Feb 17 11:28:00 CST 2026 scheduledFireTime: Tue Feb 17 11:28:00 CST 2026 previousFireTime: 'Tue Feb 17 11:27:00 CST 2026 nextFireTime: Tue Feb 17 11:29:00 CST 2026 isRecovering: false refireCount: 0, completedExecutionInstruction=NOOP
