source_account_id,gl_code,source_name,source_parent_account_id,parent_gl_code,classifier_code,classifier_name,trial_balance_group,trial_balance_order,income_statement_order,account_order,balance_nature,trial_balance_selected,balance_sheet_selected
0000000001,1,ACTIVOS,,,001,ACTIVO,1,1,,,D,0,0
0000000002,11,ACTIVOS DE INTERMEDIACIÓN,0000000001,1,001,ACTIVO,1,1,,,D,0,0
0000000003,111,FONDOS DISPONIBLES,0000000002,11,001,ACTIVO,1,1,,,D,0,0
0000000004,1110,FONDOS DISPONIBLES,0000000003,111,001,ACTIVO,1,1,,,D,1,1
0000000005,111001,CAJA,0000000004,1110,001,ACTIVO,1,1,,,D,0,0
0000000006,1110010101,CAJA SANTIAGO DE MARIA,0000000005,111001,001,ACTIVO,1,1,,,D,0,0
0000000007,1110010102,CAJA SUCURSAL USULUTAN,0000000005,111001,001,ACTIVO,1,1,,,D,0,0
0000000008,1110010201,AGENCIAS,0000000005,111001,001,ACTIVO,1,1,,,D,0,0
0000000009,1110010202,AGENCIAS,0000000005,111001,001,ACTIVO,1,1,,,D,0,0
0000000010,111001020201,BOVEDA,0000000009,1110010202,001,ACTIVO,1,1,,,D,0,0
0000000011,111001020202,NO. 2,0000000009,1110010202,001,ACTIVO,1,1,,,D,0,0
0000000015,1110010301,BOVEDA,0000000005,111001,001,ACTIVO,1,1,,,D,0,0
0000000016,1110010302,BOVEDA,0000000005,111001,001,ACTIVO,1,1,,,D,0,0
0000000017,111001030201,BOVEDA SANTIAGO DE MARIA,0000000016,1110010302,001,ACTIVO,1,1,,,D,0,0
0000000018,111001030202,BOVEDA USULUTAN,0000000016,1110010302,001,ACTIVO,1,1,,,D,0,0
0000002491,111001030203,CAJA CHICA SANTIAGO DE MARIA,0000000016,1110010302,001,ACTIVO,1,1,,,D,0,0
0000002520,111001030204,CAJA CHICA AGENCIA USULUTAN,0000000016,1110010302,001,ACTIVO,1,1,,,D,0,0
0000000023,1110010401,REMESAS LOCALES EN TRÁNSITO,0000000005,111001,001,ACTIVO,1,1,,,D,0,0
0000000024,1110010402,REMESAS LOCALES EN TRÁNSITO,0000000005,111001,001,ACTIVO,1,1,,,D,0,0
0000000025,111002,DEPÓSITOS EN EL BCR,0000000004,1110,001,ACTIVO,1,1,,,D,0,0
0000000026,1110020101,DEPÓSITOS PARA RESERVA DE LIQUIDEZ,0000000025,111002,001,ACTIVO,1,1,,,D,0,0
0000000027,1110020102,DEPÓSITOS PARA RESERVA DE LIQUIDEZ,0000000025,111002,001,ACTIVO,1,1,,,D,0,0
0000000028,1110020201,ELIMINADA,0000000025,111002,001,ACTIVO,1,1,,,D,0,0
0000000029,1110020202,ELIMINADA,0000000025,111002,001,ACTIVO,1,1,,,D,0,0
0000000030,1110020301,DEPÓSITOS OTROS,0000000025,111002,001,ACTIVO,1,1,,,D,0,0
0000000031,1110020302,DEPÓSITOS OTROS,0000000025,111002,001,ACTIVO,1,1,,,D,0,0
0000000032,1110029901,INTERESES Y OTROS POR COBRAR,0000000025,111002,001,ACTIVO,1,1,,,D,0,0
0000000033,1110029902,INTERESES Y OTROS POR COBRAR,0000000025,111002,001,ACTIVO,1,1,,,D,0,0
0000000034,111003,DOCUMENTOS A CARGO DE BANCOS,0000000004,1110,001,ACTIVO,1,1,,,D,0,0
0000000035,1110030100,COMPENSACIONES PENDIENTES,0000000034,111003,001,ACTIVO,1,1,,,D,0,0
0000000036,1110030200,RECHAZOS POR COMPENSACIÓN,0000000034,111003,001,ACTIVO,1,1,,,D,0,0
0000000037,111004,DEPÓSITOS EN BANCOS LOCALES,0000000004,1110,001,ACTIVO,1,1,,,D,0,0
0000000038,1110040101,A LA VISTA – ML,0000000037,111004,001,ACTIVO,1,1,,,D,0,0
0000000039,111004010101,"AMC, DE RL. DE C.V.",0000000038,1110040101,001,ACTIVO,1,1,,,D,0,0
0000000040,111004010102,BANCOVI AHORRO A LA VISTA,0000000038,1110040101,001,ACTIVO,1,1,,,D,0,0
0000000041,111004010103,BANCOVI DE R.L. AHORRO PROGRAMADO,0000000038,1110040101,001,ACTIVO,1,1,,,D,0,0
0000000042,111004010104,BANCO DE FOMENTO AGROPECUARIO,0000000038,1110040101,001,ACTIVO,1,1,,,D,0,0
0000000043,1110040102,A LA VISTA – ME,0000000037,111004,001,ACTIVO,1,1,,,D,0,0
0000000044,1110040201,DEPÓSITOS DE AHORRO,0000000037,111004,001,ACTIVO,1,1,,,D,0,0
0000000045,111004020101,BANCO ATLANTIDA (CTA.0303010321646),0000000044,1110040201,001,ACTIVO,1,1,,,D,0,0
0000000046,111004020102,BANCO CUSCATLAN 007-301-00-003649-5,0000000044,1110040201,001,ACTIVO,1,1,,,D,0,0
0000000047,111004020103,BANCO AGRICOLA (XXXXXXXXXXX),0000000044,1110040201,001,ACTIVO,1,1,,,D,0,0
0000000048,111004020104,BANCO HIPOTECARIO (XXXXXXXXXX),0000000044,1110040201,001,ACTIVO,1,1,,,D,0,0
0000000068,1110040202,DEPÓSITOS DE AHORRO,0000000037,111004,001,ACTIVO,1,1,,,D,0,0
0000000069,1110040301,A PLAZO – ML,0000000037,111004,001,ACTIVO,1,1,,,D,0,0
0000000070,1110040302,A PLAZO – ME,0000000037,111004,001,ACTIVO,1,1,,,D,0,0
0000000071,1110049901,INTERESES Y OTROS POR COBRAR,0000000037,111004,001,ACTIVO,1,1,,,D,0,0
0000000072,1110049902,INTERESES Y OTROS POR COBRAR,0000000037,111004,001,ACTIVO,1,1,,,D,0,0
0000000073,111005,DEPÓSITOS EN OTRAS ENTIDADES DEL SISTEMA FINANCIERO,0000000004,1110,001,ACTIVO,1,1,,,D,0,0
0000000074,1110050101,A LA VISTA,0000000073,111005,001,ACTIVO,1,1,,,D,0,0
0000000075,111005010101,XXXXXXXX,0000000074,1110050101,001,ACTIVO,1,1,,,D,0,0
0000000076,111005010102,XXXXX,0000000074,1110050101,001,ACTIVO,1,1,,,D,0,0
0000000077,111005010103,XXXX,0000000074,1110050101,001,ACTIVO,1,1,,,D,0,0
0000000082,1110050102,A LA VISTA,0000000073,111005,001,ACTIVO,1,1,,,D,0,0
0000000083,1110050201,DEPÓSITOS DE AHORRO,0000000073,111005,001,ACTIVO,1,1,,,D,0,0
0000000084,1110050202,DEPÓSITOS DE AHORRO,0000000073,111005,001,ACTIVO,1,1,,,D,0,0
0000000085,1110050301,A PLAZO,0000000073,111005,001,ACTIVO,1,1,,,D,0,0
0000000086,111005030101,XXXXXX,0000000085,1110050301,001,ACTIVO,1,1,,,D,0,0
0000000087,1110050302,A PLAZO,0000000073,111005,001,ACTIVO,1,1,,,D,0,0
0000000088,1110050401,REMESAS EN TRÁNSITO,0000000073,111005,001,ACTIVO,1,1,,,D,0,0
0000000089,1110050402,REMESAS EN TRÁNSITO,0000000073,111005,001,ACTIVO,1,1,,,D,0,0
0000000090,1110050501,ELIMINADA,0000000073,111005,001,ACTIVO,1,1,,,D,0,0
0000000091,1110050502,ELIMINADA,0000000073,111005,001,ACTIVO,1,1,,,D,0,0
0000000092,1110059901,INTERESES Y OTROS POR COBRAR,0000000073,111005,001,ACTIVO,1,1,,,D,0,0
0000000093,1110059902,INTERESES Y OTROS POR COBRAR,0000000073,111005,001,ACTIVO,1,1,,,D,0,0
0000000094,111006,DEPOSITOS EN BANCOS Y OTRAS INSTITUCIONES EXTRANJERAS,0000000004,1110,001,ACTIVO,1,1,,,D,0,0
0000000095,1110060101,A LA VISTA,0000000094,111006,001,ACTIVO,1,1,,,D,0,0
0000000096,1110060102,A LA VISTA,0000000094,111006,001,ACTIVO,1,1,,,D,0,0
0000000097,1110060201,A PLAZO,0000000094,111006,001,ACTIVO,1,1,,,D,0,0
0000000098,1110060202,A PLAZO,0000000094,111006,001,ACTIVO,1,1,,,D,0,0
0000000099,1110060301,REMESAS EN TRANSITO,0000000094,111006,001,ACTIVO,1,1,,,D,0,0
0000000100,1110060302,REMESAS EN TRANSITO,0000000094,111006,001,ACTIVO,1,1,,,D,0,0
0000000101,1110060401,DEPÓSITOS DE AHORRO,0000000094,111006,001,ACTIVO,1,1,,,D,0,0
0000000102,1110060402,DEPÓSITOS DE AHORRO,0000000094,111006,001,ACTIVO,1,1,,,D,0,0
0000000103,1110069901,INTERESES Y OTROS POR COBRAR,0000000094,111006,001,ACTIVO,1,1,,,D,0,0
0000000104,1110069902,INTERESES Y OTROS POR COBRAR,0000000094,111006,001,ACTIVO,1,1,,,D,0,0
0000000105,112,ADQUISICIÓN TEMPORAL DE DOCUMENTOS,0000000002,11,001,ACTIVO,1,1,,,D,0,0
0000000106,1121,DOCUMENTOS ADQUIRIDOS HASTA UN AÑO PLAZO,0000000105,112,001,ACTIVO,1,1,,,D,1,1
0000000107,112101,OPERACIONES DE REPORTO CON EL BANCO CENTRAL DE RESERVA,0000000106,1121,001,ACTIVO,1,1,,,D,0,0
0000000108,1121010101,EMITIDOS POR EL BANCO CENTRAL DE RESERVA,0000000107,112101,001,ACTIVO,1,1,,,D,0,0
0000000109,1121010102,EMITIDOS POR EL BANCO CENTRAL DE RESERVA,0000000107,112101,001,ACTIVO,1,1,,,D,0,0
0000000110,1121010201,EMITIDOS POR ENTIDADES DEL ESTADO,0000000107,112101,001,ACTIVO,1,1,,,D,0,0
0000000111,1121010202,EMITIDOS POR ENTIDADES DEL ESTADO,0000000107,112101,001,ACTIVO,1,1,,,D,0,0
0000000112,1121010301,EMITIDOS POR EMPRESAS PRIVADAS,0000000107,112101,001,ACTIVO,1,1,,,D,0,0
0000000113,1121010302,EMITIDOS POR EMPRESAS PRIVADAS,0000000107,112101,001,ACTIVO,1,1,,,D,0,0
0000000114,1121010501,EMITIDOS POR BANCOS,0000000107,112101,001,ACTIVO,1,1,,,D,0,0
0000000115,1121010502,EMITIDOS POR BANCOS,0000000107,112101,001,ACTIVO,1,1,,,D,0,0
0000000116,1121010601,EMITIDOS POR OTRAS ENTIDADES DEL SISTEMA FINANCIERO,0000000107,112101,001,ACTIVO,1,1,,,D,0,0
0000000117,1121010602,EMITIDOS POR OTRAS ENTIDADES DEL SISTEMA FINANCIERO,0000000107,112101,001,ACTIVO,1,1,,,D,0,0
0000000118,1121010701,EMITIDOS POR ENTIDADES DEL EXTRANJERO,0000000107,112101,001,ACTIVO,1,1,,,D,0,0
0000000119,1121010702,EMITIDOS POR ENTIDADES DEL EXTRANJERO,0000000107,112101,001,ACTIVO,1,1,,,D,0,0
0000000120,112102,OPERACIONES DE REPORTO CON ENTIDADES DEL ESTADO,0000000106,1121,001,ACTIVO,1,1,,,D,0,0
0000000121,1121020101,EMITIDOS POR EL BANCO CENTRAL DE RESERVA,0000000120,112102,001,ACTIVO,1,1,,,D,0,0
0000000122,1121020102,EMITIDOS POR EL BANCO CENTRAL DE RESERVA,0000000120,112102,001,ACTIVO,1,1,,,D,0,0
0000000123,1121020201,EMITIDOS POR ENTIDADES DEL ESTADO,0000000120,112102,001,ACTIVO,1,1,,,D,0,0
0000000124,1121020202,EMITIDOS POR ENTIDADES DEL ESTADO,0000000120,112102,001,ACTIVO,1,1,,,D,0,0
0000000125,1121020301,EMITIDOS POR EMPRESAS PRIVADAS,0000000120,112102,001,ACTIVO,1,1,,,D,0,0
0000000126,1121020302,EMITIDOS POR EMPRESAS PRIVADAS,0000000120,112102,001,ACTIVO,1,1,,,D,0,0
0000000127,1121020501,EMITIDOS POR BANCOS,0000000120,112102,001,ACTIVO,1,1,,,D,0,0
0000000128,1121020502,EMITIDOS POR BANCOS,0000000120,112102,001,ACTIVO,1,1,,,D,0,0
0000000129,1121020601,EMITIDOS POR OTRAS ENTIDADES DEL SISTEMA FINANCIERO,0000000120,112102,001,ACTIVO,1,1,,,D,0,0
0000000130,1121020602,EMITIDOS POR OTRAS ENTIDADES DEL SISTEMA FINANCIERO,0000000120,112102,001,ACTIVO,1,1,,,D,0,0
0000000131,1121020701,EMITIDOS POR ENTIDADES DEL EXTRANJERO,0000000120,112102,001,ACTIVO,1,1,,,D,0,0
0000000132,1121020702,EMITIDOS POR ENTIDADES DEL EXTRANJERO,0000000120,112102,001,ACTIVO,1,1,,,D,0,0
0000000133,112103,OPERACIONES DE REPORTO CON EMPRESAS PRIVADAS,0000000106,1121,001,ACTIVO,1,1,,,D,0,0
0000000134,1121030101,EMITIDOS POR EL BANCO CENTRAL DE RESERVA,0000000133,112103,001,ACTIVO,1,1,,,D,0,0
0000000135,1121030102,EMITIDOS POR EL BANCO CENTRAL DE RESERVA,0000000133,112103,001,ACTIVO,1,1,,,D,0,0
0000000136,1121030201,EMITIDOS POR ENTIDADES DEL ESTADO,0000000133,112103,001,ACTIVO,1,1,,,D,0,0
0000000137,1121030202,EMITIDOS POR ENTIDADES DEL ESTADO,0000000133,112103,001,ACTIVO,1,1,,,D,0,0
0000000138,1121030301,EMITIDOS POR EMPRESAS PRIVADAS,0000000133,112103,001,ACTIVO,1,1,,,D,0,0
0000000139,1121030302,EMITIDOS POR EMPRESAS PRIVADAS,0000000133,112103,001,ACTIVO,1,1,,,D,0,0
0000000140,1121030501,EMITIDOS POR BANCOS,0000000133,112103,001,ACTIVO,1,1,,,D,0,0
0000000141,1121030502,EMITIDOS POR BANCOS,0000000133,112103,001,ACTIVO,1,1,,,D,0,0
0000000142,1121030601,EMITIDOS POR OTRAS ENTIDADES DEL SISTEMA FINANCIERO,0000000133,112103,001,ACTIVO,1,1,,,D,0,0
0000000143,1121030602,EMITIDOS POR OTRAS ENTIDADES DEL SISTEMA FINANCIERO,0000000133,112103,001,ACTIVO,1,1,,,D,0,0
0000000144,1121030701,EMITIDOS POR ENTIDADES DEL EXTRANJERO,0000000133,112103,001,ACTIVO,1,1,,,D,0,0
0000000145,1121030702,EMITIDOS POR ENTIDADES DEL EXTRANJERO,0000000133,112103,001,ACTIVO,1,1,,,D,0,0
0000000146,112104,OPERACIONES DE REPORTO CON PARTICULARES,0000000106,1121,001,ACTIVO,1,1,,,D,0,0
0000000147,1121040101,EMITIDOS POR EL BANCO CENTRAL DE RESERVA,0000000146,112104,001,ACTIVO,1,1,,,D,0,0
0000000148,1121040102,EMITIDOS POR EL BANCO CENTRAL DE RESERVA,0000000146,112104,001,ACTIVO,1,1,,,D,0,0
0000000149,1121040201,EMITIDOS POR ENTIDADES DEL ESTADO,0000000146,112104,001,ACTIVO,1,1,,,D,0,0
0000000150,1121040202,EMITIDOS POR ENTIDADES DEL ESTADO,0000000146,112104,001,ACTIVO,1,1,,,D,0,0
0000000151,1121040301,EMITIDOS POR EMPRESAS PRIVADAS,0000000146,112104,001,ACTIVO,1,1,,,D,0,0
0000000152,1121040302,EMITIDOS POR EMPRESAS PRIVADAS,0000000146,112104,001,ACTIVO,1,1,,,D,0,0
0000000153,1121040501,EMITIDOS POR BANCOS,0000000146,112104,001,ACTIVO,1,1,,,D,0,0
0000000154,1121040502,EMITIDOS POR BANCOS,0000000146,112104,001,ACTIVO,1,1,,,D,0,0
0000000155,1121040601,EMITIDOS POR OTRAS ENTIDADES DEL SISTEMA FINANCIERO,0000000146,112104,001,ACTIVO,1,1,,,D,0,0
0000000156,1121040602,EMITIDOS POR OTRAS ENTIDADES DEL SISTEMA FINANCIERO,0000000146,112104,001,ACTIVO,1,1,,,D,0,0
0000000157,1121040701,EMITIDOS POR ENTIDADES DEL EXTRANJERO,0000000146,112104,001,ACTIVO,1,1,,,D,0,0
0000000158,1121040702,EMITIDOS POR ENTIDADES DEL EXTRANJERO,0000000146,112104,001,ACTIVO,1,1,,,D,0,0
0000000159,112105,OPERACIONES DE REPORTO CON BANCOS,0000000106,1121,001,ACTIVO,1,1,,,D,0,0
0000000160,1121050101,EMITIDOS POR EL BANCO CENTRAL DE RESERVA,0000000159,112105,001,ACTIVO,1,1,,,D,0,0
0000000161,1121050102,EMITIDOS POR EL BANCO CENTRAL DE RESERVA,0000000159,112105,001,ACTIVO,1,1,,,D,0,0
0000000162,1121050201,EMITIDOS POR ENTIDADES DEL ESTADO,0000000159,112105,001,ACTIVO,1,1,,,D,0,0
0000000163,1121050202,EMITIDOS POR ENTIDADES DEL ESTADO,0000000159,112105,001,ACTIVO,1,1,,,D,0,0
0000000164,1121050301,EMITIDOS POR EMPRESAS PRIVADAS,0000000159,112105,001,ACTIVO,1,1,,,D,0,0
0000000165,1121050302,EMITIDOS POR EMPRESAS PRIVADAS,0000000159,112105,001,ACTIVO,1,1,,,D,0,0
0000000166,1121050501,EMITIDOS POR BANCOS,0000000159,112105,001,ACTIVO,1,1,,,D,0,0
0000000167,1121050502,EMITIDOS POR BANCOS,0000000159,112105,001,ACTIVO,1,1,,,D,0,0
0000000168,1121050601,EMITIDOS POR OTRAS ENTIDADES DEL SISTEMA FINANCIERO,0000000159,112105,001,ACTIVO,1,1,,,D,0,0
0000000169,1121050602,EMITIDOS POR OTRAS ENTIDADES DEL SISTEMA FINANCIERO,0000000159,112105,001,ACTIVO,1,1,,,D,0,0
0000000170,1121050701,EMITIDOS POR ENTIDADES DEL EXTRANJERO,0000000159,112105,001,ACTIVO,1,1,,,D,0,0
0000000171,1121050702,EMITIDOS POR ENTIDADES DEL EXTRANJERO,0000000159,112105,001,ACTIVO,1,1,,,D,0,0
0000000172,112106,OPERACIONES DE REPORTO CON OTRAS ENTIDADES DEL SISTEMA FINANCIERO,0000000106,1121,001,ACTIVO,1,1,,,D,0,0
0000000173,1121060101,EMITIDOS POR EL BANCO CENTRAL DE RESERVA,0000000172,112106,001,ACTIVO,1,1,,,D,0,0
0000000174,1121060102,EMITIDOS POR EL BANCO CENTRAL DE RESERVA,0000000172,112106,001,ACTIVO,1,1,,,D,0,0
0000000175,1121060201,EMITIDOS POR ENTIDADES DEL ESTADO,0000000172,112106,001,ACTIVO,1,1,,,D,0,0
0000000176,1121060202,EMITIDOS POR ENTIDADES DEL ESTADO,0000000172,112106,001,ACTIVO,1,1,,,D,0,0
0000000177,1121060301,EMITIDOS POR EMPRESAS PRIVADAS,0000000172,112106,001,ACTIVO,1,1,,,D,0,0
0000000178,1121060302,EMITIDOS POR EMPRESAS PRIVADAS,0000000172,112106,001,ACTIVO,1,1,,,D,0,0
0000000179,1121060501,EMITIDOS POR BANCOS,0000000172,112106,001,ACTIVO,1,1,,,D,0,0
0000000180,1121060502,EMITIDOS POR BANCOS,0000000172,112106,001,ACTIVO,1,1,,,D,0,0
0000000181,1121060601,EMITIDOS POR OTRAS ENTIDADES DEL SISTEMA FINANCIERO,0000000172,112106,001,ACTIVO,1,1,,,D,0,0
0000000182,1121060602,EMITIDOS POR OTRAS ENTIDADES DEL SISTEMA FINANCIERO,0000000172,112106,001,ACTIVO,1,1,,,D,0,0
0000000183,1121060701,EMITIDOS POR ENTIDADES DEL EXTRANJERO,0000000172,112106,001,ACTIVO,1,1,,,D,0,0
0000000184,1121060702,EMITIDOS POR ENTIDADES DEL EXTRANJERO,0000000172,112106,001,ACTIVO,1,1,,,D,0,0
0000000185,112107,OPERACIONES BURSÁTILES,0000000106,1121,001,ACTIVO,1,1,,,D,0,0
0000000186,1121070101,EMITIDOS POR EL BANCO CENTRAL DE RESERVA,0000000185,112107,001,ACTIVO,1,1,,,D,0,0
0000000187,1121070102,EMITIDOS POR EL BANCO CENTRAL DE RESERVA,0000000185,112107,001,ACTIVO,1,1,,,D,0,0
0000000188,1121070201,EMITIDOS POR ENTIDADES DEL ESTADO,0000000185,112107,001,ACTIVO,1,1,,,D,0,0
0000000189,1121070202,EMITIDOS POR ENTIDADES DEL ESTADO,0000000185,112107,001,ACTIVO,1,1,,,D,0,0
0000000190,1121070301,EMITIDOS POR EMPRESAS PRIVADAS,0000000185,112107,001,ACTIVO,1,1,,,D,0,0
0000000191,1121070302,EMITIDOS POR EMPRESAS PRIVADAS,0000000185,112107,001,ACTIVO,1,1,,,D,0,0
0000000192,1121070501,EMITIDOS POR BANCOS,0000000185,112107,001,ACTIVO,1,1,,,D,0,0
0000000193,1121070502,EMITIDOS POR BANCOS,0000000185,112107,001,ACTIVO,1,1,,,D,0,0
0000000194,1121070601,EMITIDOS POR OTRAS ENTIDADES DEL SISTEMA FINANCIERO,0000000185,112107,001,ACTIVO,1,1,,,D,0,0
0000000195,1121070602,EMITIDOS POR OTRAS ENTIDADES DEL SISTEMA FINANCIERO,0000000185,112107,001,ACTIVO,1,1,,,D,0,0
0000000196,1121070701,EMITIDOS POR ENTIDADES DEL EXTRANJERO,0000000185,112107,001,ACTIVO,1,1,,,D,0,0
0000000197,1121070702,EMITIDOS POR ENTIDADES DEL EXTRANJERO,0000000185,112107,001,ACTIVO,1,1,,,D,0,0
0000000198,1128,DOCUMENTOS VENCIDOS,0000000105,112,001,ACTIVO,1,1,,,D,1,1
0000000199,112800,DOCUMENTOS VENCIDOS,0000000198,1128,001,ACTIVO,1,1,,,D,0,0
0000000200,1128000101,EMITIDOS POR EL BANCO CENTRAL DE RESERVA,0000000199,112800,001,ACTIVO,1,1,,,D,0,0
0000000201,1128000102,EMITIDOS POR EL BANCO CENTRAL DE RESERVA,0000000199,112800,001,ACTIVO,1,1,,,D,0,0
0000000202,1128000201,EMITIDOS POR ENTIDADES DEL ESTADO,0000000199,112800,001,ACTIVO,1,1,,,D,0,0
0000000203,1128000202,EMITIDOS POR ENTIDADES DEL ESTADO,0000000199,112800,001,ACTIVO,1,1,,,D,0,0
0000000204,1128000301,EMITIDOS POR EMPRESAS PRIVADAS,0000000199,112800,001,ACTIVO,1,1,,,D,0,0
0000000205,1128000302,EMITIDOS POR EMPRESAS PRIVADAS,0000000199,112800,001,ACTIVO,1,1,,,D,0,0
0000000206,1128000501,EMITIDOS POR BANCOS,0000000199,112800,001,ACTIVO,1,1,,,D,0,0
0000000207,1128000502,EMITIDOS POR BANCOS,0000000199,112800,001,ACTIVO,1,1,,,D,0,0
0000000208,1128000601,EMITIDOS POR OTRAS ENTIDADES DEL SISTEMA FINANCIERO,0000000199,112800,001,ACTIVO,1,1,,,D,0,0
0000000209,1128000602,EMITIDOS POR OTRAS ENTIDADES DEL SISTEMA FINANCIERO,0000000199,112800,001,ACTIVO,1,1,,,D,0,0
0000000210,1128000701,EMITIDOS POR ENTIDADES DEL EXTRANJERO,0000000199,112800,001,ACTIVO,1,1,,,D,0,0
0000000211,1128000702,EMITIDOS POR ENTIDADES DEL EXTRANJERO,0000000199,112800,001,ACTIVO,1,1,,,D,0,0
0000000212,1129,PROVISIÓN POR PÉRDIDAS EN LA ADQUISICION TEMPORAL DE DOCUMENTOS,0000000105,112,001,ACTIVO,1,1,,,D,1,1
0000000213,112900,PROVISIÓN POR PÉRDIDAS EN LA ADQUISICION TEMPORAL DE DOCUMENTOS,0000000212,1129,001,ACTIVO,1,1,,,D,0,0
0000000214,1129000001,PROVISIÓN POR PÉRDIDAS,0000000213,112900,001,ACTIVO,1,1,,,D,0,0
0000000215,1129000002,PROVISIÓN POR PÉRDIDAS,0000000213,112900,001,ACTIVO,1,1,,,D,0,0
0000000216,113,INVERSIONES FINANCIERAS,0000000002,11,001,ACTIVO,1,1,,,D,0,0
0000000217,1130,TÍTULOSVALORES CONSERVADOS PARA NEGOCIACIÓN,0000000216,113,001,ACTIVO,1,1,,,D,1,1
0000000218,113001,TÍTULOSVALORES PROPIOS,0000000217,1130,001,ACTIVO,1,1,,,D,0,0
0000000219,1130010101,EMITIDOS POR EL BCR,0000000218,113001,001,ACTIVO,1,1,,,D,0,0
0000000220,1130010102,EMITIDOS POR EL BCR,0000000218,113001,001,ACTIVO,1,1,,,D,0,0
0000000221,1130010201,EMITIDOS POR EL ESTADO,0000000218,113001,001,ACTIVO,1,1,,,D,0,0
0000000222,1130010202,EMITIDOS POR EL ESTADO,0000000218,113001,001,ACTIVO,1,1,,,D,0,0
0000000223,1130010301,EMITIDOS POR EMPRESAS PRIVADAS,0000000218,113001,001,ACTIVO,1,1,,,D,0,0
0000000224,1130010302,EMITIDOS POR EMPRESAS PRIVADAS,0000000218,113001,001,ACTIVO,1,1,,,D,0,0
0000000225,1130010501,EMITIDOS POR BANCOS,0000000218,113001,001,ACTIVO,1,1,,,D,0,0
0000000226,1130010502,EMITIDOS POR BANCOS,0000000218,113001,001,ACTIVO,1,1,,,D,0,0
0000000227,1130010601,EMITIDOS POR OTRAS ENTIDADES DEL SISTEMA FINANCIERO,0000000218,113001,001,ACTIVO,1,1,,,D,0,0
0000000228,1130010602,EMITIDOS POR OTRAS ENTIDADES DEL SISTEMA FINANCIERO,0000000218,113001,001,ACTIVO,1,1,,,D,0,0
0000000229,1130010701,EMITIDOS POR INSTITUCIONES EXTRANJERAS,0000000218,113001,001,ACTIVO,1,1,,,D,0,0
0000000230,1130010702,EMITIDOS POR INSTITUCIONES EXTRANJERAS,0000000218,113001,001,ACTIVO,1,1,,,D,0,0
0000000231,1130010801,EMITIDOS POR EL INSTITUTO DE GARANTÍA DE DEPÓSITOS,0000000218,113001,001,ACTIVO,1,1,,,D,0,0
0000000232,1130010802,EMITIDOS POR EL INSTITUTO DE GARANTÍA DE DEPÓSITOS,0000000218,113001,001,ACTIVO,1,1,,,D,0,0
0000000233,1130019901,INTERESES Y OTROS POR COBRAR,0000000218,113001,001,ACTIVO,1,1,,,D,0,0
0000000234,1130019902,INTERESES Y OTROS POR COBRAR,0000000218,113001,001,ACTIVO,1,1,,,D,0,0
0000000235,113002,TÍTULOSVALORES TRANSFERIDOS,0000000217,1130,001,ACTIVO,1,1,,,D,0,0
0000000236,1130020101,EMITIDOS POR EL BCR,0000000235,113002,001,ACTIVO,1,1,,,D,0,0
0000000237,1130020102,EMITIDOS POR EL BCR,0000000235,113002,001,ACTIVO,1,1,,,D,0,0
0000000238,1130020201,EMITIDOS POR EL ESTADO,0000000235,113002,001,ACTIVO,1,1,,,D,0,0
0000000239,1130020202,EMITIDOS POR EL ESTADO,0000000235,113002,001,ACTIVO,1,1,,,D,0,0
0000000240,1130020301,EMITIDOS POR EMPRESAS PRIVADAS,0000000235,113002,001,ACTIVO,1,1,,,D,0,0
0000000241,1130020302,EMITIDOS POR EMPRESAS PRIVADAS,0000000235,113002,001,ACTIVO,1,1,,,D,0,0
0000000242,1130020501,EMITIDOS POR BANCOS,0000000235,113002,001,ACTIVO,1,1,,,D,0,0
0000000243,1130020502,EMITIDOS POR BANCOS,0000000235,113002,001,ACTIVO,1,1,,,D,0,0
0000000244,1130020601,EMITIDOS POR OTRAS ENTIDADES DEL SISTEMA FINANCIERO,0000000235,113002,001,ACTIVO,1,1,,,D,0,0
0000000245,1130020602,EMITIDOS POR OTRAS ENTIDADES DEL SISTEMA FINANCIERO,0000000235,113002,001,ACTIVO,1,1,,,D,0,0
0000000246,1130020701,EMITIDOS POR INSTITUCIONES EXTRANJERAS,0000000235,113002,001,ACTIVO,1,1,,,D,0,0
0000000247,1130020702,EMITIDOS POR INSTITUCIONES EXTRANJERAS,0000000235,113002,001,ACTIVO,1,1,,,D,0,0
0000000248,1130020801,EMITIDOS POR EL INSTITUTO DE GARANTÍA DE DEPÓSITOS,0000000235,113002,001,ACTIVO,1,1,,,D,0,0
0000000249,1130020802,EMITIDOS POR EL INSTITUTO DE GARANTÍA DE DEPÓSITOS,0000000235,113002,001,ACTIVO,1,1,,,D,0,0
0000000250,1130029901,INTERESES Y OTROS POR COBRAR,0000000235,113002,001,ACTIVO,1,1,,,D,0,0
0000000251,1130029902,INTERESES Y OTROS POR COBRAR,0000000235,113002,001,ACTIVO,1,1,,,D,0,0
0000000252,113003,COLOCACIÓN DE FONDOS,0000000217,1130,001,ACTIVO,1,1,,,D,0,0
0000000253,1130030101,FONDOS EN ADMINISTRACIÓN DE CARTERA,0000000252,113003,001,ACTIVO,1,1,,,D,0,0
0000000254,1130030102,FONDOS EN ADMINISTRACIÓN DE CARTERA,0000000252,113003,001,ACTIVO,1,1,,,D,0,0
0000000255,1131,TITULOSVALORES PARA CONSERVARSE HASTA EL VENCIMIENTO,0000000216,113,001,ACTIVO,1,1,,,D,1,1
0000000256,113100,TITULOSVALORES CONSERVARSE HASTA EL VENCIMIENTO,0000000255,1131,001,ACTIVO,1,1,,,D,0,0
0000000257,1131000101,EMITIDOS POR EL BCR,0000000256,113100,001,ACTIVO,1,1,,,D,0,0
0000000258,1131000102,EMITIDOS POR EL BCR,0000000256,113100,001,ACTIVO,1,1,,,D,0,0
0000000259,1131000201,EMITIDOS POR EL ESTADO,0000000256,113100,001,ACTIVO,1,1,,,D,0,0
0000000260,1131000202,EMITIDOS POR EL ESTADO,0000000256,113100,001,ACTIVO,1,1,,,D,0,0
0000000261,1131000301,EMITIDOS POR EMPRESAS PRIVADAS,0000000256,113100,001,ACTIVO,1,1,,,D,0,0
0000000262,1131000302,EMITIDOS POR EMPRESAS PRIVADAS,0000000256,113100,001,ACTIVO,1,1,,,D,0,0
0000000263,1131000501,EMITIDOS POR BANCOS,0000000256,113100,001,ACTIVO,1,1,,,D,0,0
0000000264,1131000502,EMITIDOS POR BANCOS,0000000256,113100,001,ACTIVO,1,1,,,D,0,0
0000000265,1131000601,EMITIDOS POR OTRAS ENTIDADES DEL SISTEMA FINANCIERO,0000000256,113100,001,ACTIVO,1,1,,,D,0,0
0000000266,1131000602,EMITIDOS POR OTRAS ENTIDADES DEL SISTEMA FINANCIERO,0000000256,113100,001,ACTIVO,1,1,,,D,0,0
0000000267,1131000701,EMITIDOS POR INSTITUCIONES EXTRANJERAS,0000000256,113100,001,ACTIVO,1,1,,,D,0,0
0000000268,1131000702,EMITIDOS POR INSTITUCIONES EXTRANJERAS,0000000256,113100,001,ACTIVO,1,1,,,D,0,0
0000000269,1131000801,EMITIDOS POR EL INSTITUTO DE GARANTÍA DE DEPÓSITOS,0000000256,113100,001,ACTIVO,1,1,,,D,0,0
0000000270,1131000802,EMITIDOS POR EL INSTITUTO DE GARANTÍA DE DEPÓSITOS,0000000256,113100,001,ACTIVO,1,1,,,D,0,0
0000000271,1131009901,INTERESES Y OTROS POR COBRAR,0000000256,113100,001,ACTIVO,1,1,,,D,0,0
0000000272,1131009902,INTERESES Y OTROS POR COBRAR,0000000256,113100,001,ACTIVO,1,1,,,D,0,0
0000000273,1132,TITULOSVALORES DISPONIBLES PARA VENTA,0000000216,113,001,ACTIVO,1,1,,,D,1,1
0000000274,113200,TITULOSVALORES DISPONIBLES PARA VENTA,0000000273,1132,001,ACTIVO,1,1,,,D,0,0
0000000275,1132000101,EMITIDOS POR EL BCR,0000000274,113200,001,ACTIVO,1,1,,,D,0,0
0000000276,1132000102,EMITIDOS POR EL BCR,0000000274,113200,001,ACTIVO,1,1,,,D,0,0
0000000277,1132000201,EMITIDOS POR EL ESTADO,0000000274,113200,001,ACTIVO,1,1,,,D,0,0
0000000278,1132000202,EMITIDOS POR EL ESTADO,0000000274,113200,001,ACTIVO,1,1,,,D,0,0
0000000279,1132000301,EMITIDOS POR EMPRESAS PRIVADAS,0000000274,113200,001,ACTIVO,1,1,,,D,0,0
0000000280,1132000302,EMITIDOS POR EMPRESAS PRIVADAS,0000000274,113200,001,ACTIVO,1,1,,,D,0,0
0000000281,1132000501,EMITIDOS POR BANCOS,0000000274,113200,001,ACTIVO,1,1,,,D,0,0
0000000282,1132000502,EMITIDOS POR BANCOS,0000000274,113200,001,ACTIVO,1,1,,,D,0,0
0000000283,1132000601,EMITIDOS POR OTRAS ENTIDADES DEL SISTEMA FINANCIERO,0000000274,113200,001,ACTIVO,1,1,,,D,0,0
0000000284,1132000602,EMITIDOS POR OTRAS ENTIDADES DEL SISTEMA FINANCIERO,0000000274,113200,001,ACTIVO,1,1,,,D,0,0
0000000285,1132000701,EMITIDOS POR INSTITUCIONES EXTRANJERAS,0000000274,113200,001,ACTIVO,1,1,,,D,0,0
0000000286,1132000702,EMITIDOS POR INSTITUCIONES EXTRANJERAS,0000000274,113200,001,ACTIVO,1,1,,,D,0,0
0000000287,1132000801,EMITIDOS POR EL INSTITUTO DE GARANTÍA DE DEPÓSITOS,0000000274,113200,001,ACTIVO,1,1,,,D,0,0
0000000288,1132000802,EMITIDOS POR EL INSTITUTO DE GARANTÍA DE DEPÓSITOS,0000000274,113200,001,ACTIVO,1,1,,,D,0,0
0000000289,1132009901,INTERESES Y OTROS POR COBRAR,0000000274,113200,001,ACTIVO,1,1,,,D,0,0
0000000290,1132009902,INTERESES Y OTROS POR COBRAR,0000000274,113200,001,ACTIVO,1,1,,,D,0,0
0000000291,1138,INVERSIONES VENCIDAS,0000000216,113,001,ACTIVO,1,1,,,D,1,1
0000000292,113801,TITULOSVALORES NEGOCIABLES,0000000291,1138,001,ACTIVO,1,1,,,D,0,0
0000000293,1138010101,EMITIDOS POR EL BCR,0000000292,113801,001,ACTIVO,1,1,,,D,0,0
0000000294,1138010102,EMITIDOS POR EL BCR,0000000292,113801,001,ACTIVO,1,1,,,D,0,0
0000000295,1138010201,EMITIDOS POR EL ESTADO,0000000292,113801,001,ACTIVO,1,1,,,D,0,0
0000000296,1138010202,EMITIDOS POR EL ESTADO,0000000292,113801,001,ACTIVO,1,1,,,D,0,0
0000000297,1138010301,EMITIDOS POR EMPRESAS PRIVADAS,0000000292,113801,001,ACTIVO,1,1,,,D,0,0
0000000298,1138010302,EMITIDOS POR EMPRESAS PRIVADAS,0000000292,113801,001,ACTIVO,1,1,,,D,0,0
0000000299,1138010501,EMITIDOS POR BANCOS,0000000292,113801,001,ACTIVO,1,1,,,D,0,0
0000000300,1138010502,EMITIDOS POR BANCOS,0000000292,113801,001,ACTIVO,1,1,,,D,0,0
0000000301,1138010601,EMITIDOS POR OTRAS ENTIDADES DEL SISTEMA FINANCIERO,0000000292,113801,001,ACTIVO,1,1,,,D,0,0
0000000302,1138010602,EMITIDOS POR OTRAS ENTIDADES DEL SISTEMA FINANCIERO,0000000292,113801,001,ACTIVO,1,1,,,D,0,0
0000000303,1138010701,EMITIDOS POR INSTITUCIONES EXTRANJERAS,0000000292,113801,001,ACTIVO,1,1,,,D,0,0
0000000304,1138010702,EMITIDOS POR INSTITUCIONES EXTRANJERAS,0000000292,113801,001,ACTIVO,1,1,,,D,0,0
0000000305,1138010801,EMITIDOS POR EL INSTITUTO DE GARANTÍA DE DEPÓSITOS,0000000292,113801,001,ACTIVO,1,1,,,D,0,0
0000000306,1138010802,EMITIDOS POR EL INSTITUTO DE GARANTÍA DE DEPÓSITOS,0000000292,113801,001,ACTIVO,1,1,,,D,0,0
0000000307,1138019901,INTERESES Y OTROS POR COBRAR,0000000292,113801,001,ACTIVO,1,1,,,D,0,0
0000000308,1138019902,INTERESES Y OTROS POR COBRAR,0000000292,113801,001,ACTIVO,1,1,,,D,0,0
0000000309,113802,TITULOSVALORES MANTENIDOS HASTA EL VENCIMIENTO,0000000291,1138,001,ACTIVO,1,1,,,D,0,0
0000000310,1138020101,EMITIDOS POR EL BCR,0000000309,113802,001,ACTIVO,1,1,,,D,0,0
0000000311,1138020102,EMITIDOS POR EL BCR,0000000309,113802,001,ACTIVO,1,1,,,D,0,0
0000000312,1138020201,EMITIDOS POR EL ESTADO,0000000309,113802,001,ACTIVO,1,1,,,D,0,0
0000000313,1138020202,EMITIDOS POR EL ESTADO,0000000309,113802,001,ACTIVO,1,1,,,D,0,0
0000000314,1138020301,EMITIDOS POR EMPRESAS PRIVADAS,0000000309,113802,001,ACTIVO,1,1,,,D,0,0
0000000315,1138020302,EMITIDOS POR EMPRESAS PRIVADAS,0000000309,113802,001,ACTIVO,1,1,,,D,0,0
0000000316,1138020501,EMITIDOS POR BANCOS,0000000309,113802,001,ACTIVO,1,1,,,D,0,0
0000000317,1138020502,EMITIDOS POR BANCOS,0000000309,113802,001,ACTIVO,1,1,,,D,0,0
0000000318,1138020601,EMITIDOS POR OTRAS ENTIDADES DEL SISTEMA FINANCIERO,0000000309,113802,001,ACTIVO,1,1,,,D,0,0
0000000319,1138020602,EMITIDOS POR OTRAS ENTIDADES DEL SISTEMA FINANCIERO,0000000309,113802,001,ACTIVO,1,1,,,D,0,0
0000000320,1138020701,EMITIDOS POR INSTITUCIONES EXTRANJERAS,0000000309,113802,001,ACTIVO,1,1,,,D,0,0
0000000321,1138020702,EMITIDOS POR INSTITUCIONES EXTRANJERAS,0000000309,113802,001,ACTIVO,1,1,,,D,0,0
0000000322,1138020801,EMITIDOS POR EL INSTITUTO DE GARANTÍA DE DEPÓSITOS,0000000309,113802,001,ACTIVO,1,1,,,D,0,0
0000000323,1138020802,EMITIDOS POR EL INSTITUTO DE GARANTÍA DE DEPÓSITOS,0000000309,113802,001,ACTIVO,1,1,,,D,0,0
0000000324,1138029901,INTERESES Y OTROS POR COBRAR,0000000309,113802,001,ACTIVO,1,1,,,D,0,0
0000000325,1138029902,INTERESES Y OTROS POR COBRAR,0000000309,113802,001,ACTIVO,1,1,,,D,0,0
0000000326,113803,TITULOSVALORES DISPONIBLES PARA LA VENTA,0000000291,1138,001,ACTIVO,1,1,,,D,0,0
0000000327,1138030101,EMITIDOS POR EL BCR,0000000326,113803,001,ACTIVO,1,1,,,D,0,0
0000000328,1138030102,EMITIDOS POR EL BCR,0000000326,113803,001,ACTIVO,1,1,,,D,0,0
0000000329,1138030201,EMITIDOS POR EL ESTADO,0000000326,113803,001,ACTIVO,1,1,,,D,0,0
0000000330,1138030202,EMITIDOS POR EL ESTADO,0000000326,113803,001,ACTIVO,1,1,,,D,0,0
0000000331,1138030301,EMITIDOS POR EMPRESAS PRIVADAS,0000000326,113803,001,ACTIVO,1,1,,,D,0,0
0000000332,1138030302,EMITIDOS POR EMPRESAS PRIVADAS,0000000326,113803,001,ACTIVO,1,1,,,D,0,0
0000000333,1138030501,EMITIDOS POR BANCOS,0000000326,113803,001,ACTIVO,1,1,,,D,0,0
0000000334,1138030502,EMITIDOS POR BANCOS,0000000326,113803,001,ACTIVO,1,1,,,D,0,0
0000000335,1138030601,EMITIDOS POR OTRAS ENTIDADES DEL SISTEMA FINANCIERO,0000000326,113803,001,ACTIVO,1,1,,,D,0,0
0000000336,1138030602,EMITIDOS POR OTRAS ENTIDADES DEL SISTEMA FINANCIERO,0000000326,113803,001,ACTIVO,1,1,,,D,0,0
0000000337,1138030701,EMITIDOS POR INSTITUCIONES EXTRANJERAS,0000000326,113803,001,ACTIVO,1,1,,,D,0,0
0000000338,1138030702,EMITIDOS POR INSTITUCIONES EXTRANJERAS,0000000326,113803,001,ACTIVO,1,1,,,D,0,0
0000000339,1138030801,EMITIDOS POR EL INSTITUTO DE GARANTÍA DE DEPÓSITOS,0000000326,113803,001,ACTIVO,1,1,,,D,0,0
0000000340,1138030802,EMITIDOS POR EL INSTITUTO DE GARANTÍA DE DEPÓSITOS,0000000326,113803,001,ACTIVO,1,1,,,D,0,0
0000000341,1138039901,INTERESES Y OTROS POR COBRAR,0000000326,113803,001,ACTIVO,1,1,,,D,0,0
0000000342,1138039902,INTERESES Y OTROS POR COBRAR,0000000326,113803,001,ACTIVO,1,1,,,D,0,0
0000000343,1139,PROVISIÓN PARA VALUACIÓN DE INVERSIONES,0000000216,113,001,ACTIVO,1,1,,,D,1,1
0000000344,113900,PROVISIÓN PARA VALUACIÓN DE INVERSIONES,0000000343,1139,001,ACTIVO,1,1,,,D,0,0
0000000345,1139000001,PROVISIÓN PARA VALUACIÓN DE INVERSIONES,0000000344,113900,001,ACTIVO,1,1,,,D,0,0
0000000346,1139000002,PROVISIÓN PARA VALUACIÓN DE INVERSIONES,0000000344,113900,001,ACTIVO,1,1,,,D,0,0
0000000347,114,PRÉSTAMOS,0000000002,11,001,ACTIVO,1,1,,,D,0,0
0000000348,1141,PRÉSTAMOS PACTADOS HASTA UN AÑO PLAZO,0000000347,114,001,ACTIVO,1,1,,,D,1,1
0000000349,114102,PRÉSTAMOS A ENTIDADES DEL ESTADO,0000000348,1141,001,ACTIVO,1,1,,,D,0,0
0000000350,1141020101,OTORGAMIENTOS ORIGINALES,0000000349,114102,001,ACTIVO,1,1,,,D,0,0
0000000351,1141020102,OTORGAMIENTOS ORIGINALES,0000000349,114102,001,ACTIVO,1,1,,,D,0,0
0000000352,1141020201,REFINANCIADOS,0000000349,114102,001,ACTIVO,1,1,,,D,0,0
0000000353,1141020202,REFINANCIADOS,0000000349,114102,001,ACTIVO,1,1,,,D,0,0
0000000354,1141020301,REESTRUCTURADOS,0000000349,114102,001,ACTIVO,1,1,,,D,0,0
0000000355,1141020302,REESTRUCTURADOS,0000000349,114102,001,ACTIVO,1,1,,,D,0,0
0000000356,1141029901,INTERESES Y OTROS POR COBRAR,0000000349,114102,001,ACTIVO,1,1,,,D,0,0
0000000357,1141029902,INTERESES Y OTROS POR COBRAR,0000000349,114102,001,ACTIVO,1,1,,,D,0,0
0000000358,114103,PRÉSTAMOS A EMPRESAS PRIVADAS,0000000348,1141,001,ACTIVO,1,1,,,D,0,0
0000000359,1141030101,OTORGAMIENTOS ORIGINALES,0000000358,114103,001,ACTIVO,1,1,,,D,0,0
0000000360,1141030102,OTORGAMIENTOS ORIGINALES,0000000358,114103,001,ACTIVO,1,1,,,D,0,0
0000000361,1141030201,REFINANCIADOS,0000000358,114103,001,ACTIVO,1,1,,,D,0,0
0000000362,1141030202,REFINANCIADOS,0000000358,114103,001,ACTIVO,1,1,,,D,0,0
0000000363,1141030301,REESTRUCTURADOS,0000000358,114103,001,ACTIVO,1,1,,,D,0,0
0000000364,1141030302,REESTRUCTURADOS,0000000358,114103,001,ACTIVO,1,1,,,D,0,0
0000000365,1141039901,INTERESES Y OTROS POR COBRAR,0000000358,114103,001,ACTIVO,1,1,,,D,0,0
0000000366,1141039902,INTERESES Y OTROS POR COBRAR,0000000358,114103,001,ACTIVO,1,1,,,D,0,0
0000000367,114104,PRÉSTAMOS A PARTICULARES,0000000348,1141,001,ACTIVO,1,1,,,D,0,0
0000000368,1141040101,OTORGAMIENTOS ORIGINALES,0000000367,114104,001,ACTIVO,1,1,,,D,0,0
0000000369,1141040102,OTORGAMIENTOS ORIGINALES,0000000367,114104,001,ACTIVO,1,1,,,D,0,0
0000000370,1141040201,REFINANCIADOS,0000000367,114104,001,ACTIVO,1,1,,,D,0,0
0000000371,1141040202,REFINANCIADOS,0000000367,114104,001,ACTIVO,1,1,,,D,0,0
0000000372,1141040301,REESTRUCTURADOS,0000000367,114104,001,ACTIVO,1,1,,,D,0,0
0000000373,1141040302,REESTRUCTURADOS,0000000367,114104,001,ACTIVO,1,1,,,D,0,0
0000000374,1141049901,INTERESES Y OTROS POR COBRAR,0000000367,114104,001,ACTIVO,1,1,,,D,0,0
0000000375,1141049902,INTERESES Y OTROS POR COBRAR,0000000367,114104,001,ACTIVO,1,1,,,D,0,0
0000000376,114105,PRÉSTAMOS A BANCOS,0000000348,1141,001,ACTIVO,1,1,,,D,0,0
0000000377,1141050101,PARA CUBRIR DÉFICIT DE CAJA,0000000376,114105,001,ACTIVO,1,1,,,D,0,0
0000000378,1141050102,PARA CUBRIR DÉFICIT DE CAJA,0000000376,114105,001,ACTIVO,1,1,,,D,0,0
0000000379,1141059901,INTERESES Y OTROS POR COBRAR,0000000376,114105,001,ACTIVO,1,1,,,D,0,0
0000000380,1141059902,INTERESES Y OTROS POR COBRAR,0000000376,114105,001,ACTIVO,1,1,,,D,0,0
0000000381,114106,PRÉSTAMOS A OTRAS ENTIDADES DEL SISTEMA FINANCIERO,0000000348,1141,001,ACTIVO,1,1,,,D,0,0
0000000382,1141060101,PARA CUBRIR DÉFICIT DE CAJA,0000000381,114106,001,ACTIVO,1,1,,,D,0,0
0000000383,1141060102,PARA CUBRIR DÉFICIT DE CAJA,0000000381,114106,001,ACTIVO,1,1,,,D,0,0
0000000384,1141060201,PRÉSTAMOS PARA OTROS PROPÓSITOS,0000000381,114106,001,ACTIVO,1,1,,,D,0,0
0000000385,1141060202,PRÉSTAMOS PARA OTROS PROPÓSITOS,0000000381,114106,001,ACTIVO,1,1,,,D,0,0
0000000386,1141060301,PRÉSTAMOS CONVERTIBLES EN ACCIONES,0000000381,114106,001,ACTIVO,1,1,,,D,0,0
0000000387,1141060302,PRÉSTAMOS CONVERTIBLES EN ACCIONES,0000000381,114106,001,ACTIVO,1,1,,,D,0,0
0000000388,1141069901,INTERESES Y OTROS POR COBRAR,0000000381,114106,001,ACTIVO,1,1,,,D,0,0
0000000389,1141069902,INTERESES Y OTROS POR COBRAR,0000000381,114106,001,ACTIVO,1,1,,,D,0,0
0000000390,114107,PRÉSTAMOS A AGENCIAS Y SUBSIDIARIAS EN EL EXTRANJERO,0000000348,1141,001,ACTIVO,1,1,,,D,0,0
0000000391,1141070101,OTORGAMIENTOS ORIGINALES,0000000390,114107,001,ACTIVO,1,1,,,D,0,0
0000000392,1141070102,OTORGAMIENTOS ORIGINALES,0000000390,114107,001,ACTIVO,1,1,,,D,0,0
0000000393,1141070201,REFINANCIADOS,0000000390,114107,001,ACTIVO,1,1,,,D,0,0
0000000394,1141070202,REFINANCIADOS,0000000390,114107,001,ACTIVO,1,1,,,D,0,0
0000000395,1141070301,REESTRUCTURADOS,0000000390,114107,001,ACTIVO,1,1,,,D,0,0
0000000396,1141070302,REESTRUCTURADOS,0000000390,114107,001,ACTIVO,1,1,,,D,0,0
0000000397,1141079901,INTERESES Y OTROS POR COBRAR,0000000390,114107,001,ACTIVO,1,1,,,D,0,0
0000000398,1141079902,INTERESES Y OTROS POR COBRAR,0000000390,114107,001,ACTIVO,1,1,,,D,0,0
0000000399,114108,PRÉSTAMOS A EMPRESAS NO DOMICILIADAS,0000000348,1141,001,ACTIVO,1,1,,,D,0,0
0000000400,1141080101,OTORGAMIENTOS ORIGINALES,0000000399,114108,001,ACTIVO,1,1,,,D,0,0
0000000401,1141080102,OTORGAMIENTOS ORIGINALES,0000000399,114108,001,ACTIVO,1,1,,,D,0,0
0000000402,1141080201,REFINANCIADOS,0000000399,114108,001,ACTIVO,1,1,,,D,0,0
0000000403,1141080202,REFINANCIADOS,0000000399,114108,001,ACTIVO,1,1,,,D,0,0
0000000404,1141080301,REESTRUCTURADOS,0000000399,114108,001,ACTIVO,1,1,,,D,0,0
0000000405,1141080302,REESTRUCTURADOS,0000000399,114108,001,ACTIVO,1,1,,,D,0,0
0000000406,1141089901,INTERESES Y OTROS POR COBRAR,0000000399,114108,001,ACTIVO,1,1,,,D,0,0
0000000407,1141089902,INTERESES Y OTROS POR COBRAR,0000000399,114108,001,ACTIVO,1,1,,,D,0,0
0000000408,114199,DESEMBOLSOS Y RECUPERACIONES POR APLICAR,0000000348,1141,001,ACTIVO,1,1,,,D,0,0
0000000409,1141990101,DESEMBOLSOS POR APLICAR,0000000408,114199,001,ACTIVO,1,1,,,D,0,0
0000000410,1141990102,DESEMBOLSOS POR APLICAR,0000000408,114199,001,ACTIVO,1,1,,,D,0,0
0000000411,1141990201,RECUPERACIONES POR APLICAR,0000000408,114199,001,ACTIVO,1,1,,,D,0,0
0000000412,1141990202,RECUPERACIONES POR APLICAR,0000000408,114199,001,ACTIVO,1,1,,,D,0,0
0000000413,1142,PRÉSTAMOS PACTADOS A MÁS DE UN AÑO PLAZO,0000000347,114,001,ACTIVO,1,1,,,D,1,1
0000000414,114202,PRÉSTAMOS A ENTIDADES DEL ESTADO,0000000413,1142,001,ACTIVO,1,1,,,D,0,0
0000000415,1142020101,OTORGAMIENTOS ORIGINALES,0000000414,114202,001,ACTIVO,1,1,,,D,0,0
0000000416,1142020102,OTORGAMIENTOS ORIGINALES,0000000414,114202,001,ACTIVO,1,1,,,D,0,0
0000000417,1142020201,REFINANCIADOS,0000000414,114202,001,ACTIVO,1,1,,,D,0,0
0000000418,1142020202,REFINANCIADOS,0000000414,114202,001,ACTIVO,1,1,,,D,0,0
0000000419,1142020301,REESTRUCTURADOS,0000000414,114202,001,ACTIVO,1,1,,,D,0,0
0000000420,1142020302,REESTRUCTURADOS,0000000414,114202,001,ACTIVO,1,1,,,D,0,0
0000000421,1142029901,INTERESES Y OTROS POR COBRAR,0000000414,114202,001,ACTIVO,1,1,,,D,0,0
0000000422,1142029902,INTERESES Y OTROS POR COBRAR,0000000414,114202,001,ACTIVO,1,1,,,D,0,0
0000000423,114203,PRÉSTAMOS A EMPRESAS PRIVADAS,0000000413,1142,001,ACTIVO,1,1,,,D,0,0
0000000424,1142030101,OTORGAMIENTOS ORIGINALES,0000000423,114203,001,ACTIVO,1,1,,,D,0,0
0000000425,1142030102,OTORGAMIENTOS ORIGINALES,0000000423,114203,001,ACTIVO,1,1,,,D,0,0
0000000426,1142030201,REFINANCIADOS,0000000423,114203,001,ACTIVO,1,1,,,D,0,0
0000000427,1142030202,REFINANCIADOS,0000000423,114203,001,ACTIVO,1,1,,,D,0,0
0000000428,1142030301,REESTRUCTURADOS,0000000423,114203,001,ACTIVO,1,1,,,D,0,0
0000000429,1142030302,REESTRUCTURADOS,0000000423,114203,001,ACTIVO,1,1,,,D,0,0
0000000430,1142039901,INTERESES Y OTROS POR COBRAR,0000000423,114203,001,ACTIVO,1,1,,,D,0,0
0000000431,1142039902,INTERESES Y OTROS POR COBRAR,0000000423,114203,001,ACTIVO,1,1,,,D,0,0
0000000432,114204,PRÉSTAMOS A PARTICULARES,0000000413,1142,001,ACTIVO,1,1,,,D,0,0
0000000433,1142040101,OTORGAMIENTOS ORIGINALES,0000000432,114204,001,ACTIVO,1,1,,,D,0,0
0000002488,114204010101,CAPITAL CREDITOS DE CONSUMO,0000000433,1142040101,001,ACTIVO,1,1,,,D,0,0
0000000434,1142040102,OTORGAMIENTOS ORIGINALES,0000000432,114204,001,ACTIVO,1,1,,,D,0,0
0000000435,1142040201,REFINANCIADOS,0000000432,114204,001,ACTIVO,1,1,,,D,0,0
0000000436,1142040202,REFINANCIADOS,0000000432,114204,001,ACTIVO,1,1,,,D,0,0
0000000437,1142040301,REESTRUCTURADOS,0000000432,114204,001,ACTIVO,1,1,,,D,0,0
0000000438,1142040302,REESTRUCTURADOS,0000000432,114204,001,ACTIVO,1,1,,,D,0,0
0000000439,1142040701,ADQUISICIÓN DE VIVIENDA,0000000432,114204,001,ACTIVO,1,1,,,D,0,0
0000000440,1142040702,ADQUISICIÓN DE VIVIENDA,0000000432,114204,001,ACTIVO,1,1,,,D,0,0
0000000441,1142049901,INTERESES Y OTROS POR COBRAR,0000000432,114204,001,ACTIVO,1,1,,,D,0,0
0000000442,1142049902,INTERESES Y OTROS POR COBRAR,0000000432,114204,001,ACTIVO,1,1,,,D,0,0
0000000443,114206,PRÉSTAMOS A OTRAS ENTIDADES DEL SISTEMA FINANCIERO,0000000413,1142,001,ACTIVO,1,1,,,D,0,0
0000000444,1142060101,PRÉSTAMOS PARA OTROS PROPÓSITOS,0000000443,114206,001,ACTIVO,1,1,,,D,0,0
0000000445,1142060102,PRÉSTAMOS PARA OTROS PROPÓSITOS,0000000443,114206,001,ACTIVO,1,1,,,D,0,0
0000000446,1142060201,PRÉSTAMOS CONVERTIBLES EN ACCIONES,0000000443,114206,001,ACTIVO,1,1,,,D,0,0
0000000447,1142060202,PRÉSTAMOS CONVERTIBLES EN ACCIONES,0000000443,114206,001,ACTIVO,1,1,,,D,0,0
0000000448,1142069901,INTERESES Y OTROS POR COBRAR,0000000443,114206,001,ACTIVO,1,1,,,D,0,0
0000000449,1142069902,INTERESES Y OTROS POR COBRAR,0000000443,114206,001,ACTIVO,1,1,,,D,0,0
0000000450,114207,PRÉSTAMOS A AGENCIAS Y SUBSIDIARIAS EN EL EXTRANJERO,0000000413,1142,001,ACTIVO,1,1,,,D,0,0
0000000451,1142070101,OTORGAMIENTOS ORIGINALES,0000000450,114207,001,ACTIVO,1,1,,,D,0,0
0000000452,1142070102,OTORGAMIENTOS ORIGINALES,0000000450,114207,001,ACTIVO,1,1,,,D,0,0
0000000453,1142070201,REFINANCIADOS,0000000450,114207,001,ACTIVO,1,1,,,D,0,0
0000000454,1142070202,REFINANCIADOS,0000000450,114207,001,ACTIVO,1,1,,,D,0,0
0000000455,1142070301,REESTRUCTURADOS,0000000450,114207,001,ACTIVO,1,1,,,D,0,0
0000000456,1142070302,REESTRUCTURADOS,0000000450,114207,001,ACTIVO,1,1,,,D,0,0
0000000457,1142079901,INTERESES Y OTROS POR COBRAR,0000000450,114207,001,ACTIVO,1,1,,,D,0,0
0000000458,1142079902,INTERESES Y OTROS POR COBRAR,0000000450,114207,001,ACTIVO,1,1,,,D,0,0
0000000459,114208,PRÉSTAMOS A EMPRESAS NO DOMICILIADAS,0000000413,1142,001,ACTIVO,1,1,,,D,0,0
0000000460,1142080101,OTORGAMIENTOS ORIGINALES,0000000459,114208,001,ACTIVO,1,1,,,D,0,0
0000000461,1142080102,OTORGAMIENTOS ORIGINALES,0000000459,114208,001,ACTIVO,1,1,,,D,0,0
0000000462,1142080201,REFINANCIADOS,0000000459,114208,001,ACTIVO,1,1,,,D,0,0
0000000463,1142080202,REFINANCIADOS,0000000459,114208,001,ACTIVO,1,1,,,D,0,0
0000000464,1142080301,REESTRUCTURADOS,0000000459,114208,001,ACTIVO,1,1,,,D,0,0
0000000465,1142080302,REESTRUCTURADOS,0000000459,114208,001,ACTIVO,1,1,,,D,0,0
0000000466,1142089901,INTERESES Y OTROS POR COBRAR,0000000459,114208,001,ACTIVO,1,1,,,D,0,0
0000000467,1142089902,INTERESES Y OTROS POR COBRAR,0000000459,114208,001,ACTIVO,1,1,,,D,0,0
0000000468,1148,PRÉSTAMOS VENCIDOS,0000000347,114,001,ACTIVO,1,1,,,D,1,1
0000000469,114802,PRÉSTAMOS A ENTIDADES DEL ESTADO,0000000468,1148,001,ACTIVO,1,1,,,D,0,0
0000000470,1148020101,OTORGAMIENTOS ORIGINALES,0000000469,114802,001,ACTIVO,1,1,,,D,0,0
0000000471,1148020102,OTORGAMIENTOS ORIGINALES,0000000469,114802,001,ACTIVO,1,1,,,D,0,0
0000000472,1148020201,REFINANCIADOS,0000000469,114802,001,ACTIVO,1,1,,,D,0,0
0000000473,1148020202,REFINANCIADOS,0000000469,114802,001,ACTIVO,1,1,,,D,0,0
0000000474,1148020301,REESTRUCTURADOS,0000000469,114802,001,ACTIVO,1,1,,,D,0,0
0000000475,1148020302,REESTRUCTURADOS,0000000469,114802,001,ACTIVO,1,1,,,D,0,0
0000000476,114803,PRÉSTAMOS A EMPRESAS PRIVADAS,0000000468,1148,001,ACTIVO,1,1,,,D,0,0
0000000477,1148030101,OTORGAMIENTOS ORIGINALES,0000000476,114803,001,ACTIVO,1,1,,,D,0,0
0000000478,1148030102,OTORGAMIENTOS ORIGINALES,0000000476,114803,001,ACTIVO,1,1,,,D,0,0
0000000479,1148030201,REFINANCIADOS,0000000476,114803,001,ACTIVO,1,1,,,D,0,0
0000000480,1148030202,REFINANCIADOS,0000000476,114803,001,ACTIVO,1,1,,,D,0,0
0000000481,1148030301,REESTRUCTURADOS,0000000476,114803,001,ACTIVO,1,1,,,D,0,0
0000000482,1148030302,REESTRUCTURADOS,0000000476,114803,001,ACTIVO,1,1,,,D,0,0
0000000483,114804,PRÉSTAMOS A PARTICULARES,0000000468,1148,001,ACTIVO,1,1,,,D,0,0
0000000484,1148040101,OTORGAMIENTOS ORIGINALES,0000000483,114804,001,ACTIVO,1,1,,,D,0,0
0000000485,1148040102,OTORGAMIENTOS ORIGINALES,0000000483,114804,001,ACTIVO,1,1,,,D,0,0
0000000486,1148040201,REFINANCIADOS,0000000483,114804,001,ACTIVO,1,1,,,D,0,0
0000000487,1148040202,REFINANCIADOS,0000000483,114804,001,ACTIVO,1,1,,,D,0,0
0000000488,1148040301,REESTRUCTURADOS,0000000483,114804,001,ACTIVO,1,1,,,D,0,0
0000000489,1148040302,REESTRUCTURADOS,0000000483,114804,001,ACTIVO,1,1,,,D,0,0
0000000490,1148040701,ADQUISICIÓN DE VIVIENDA,0000000483,114804,001,ACTIVO,1,1,,,D,0,0
0000000491,1148040702,ADQUISICIÓN DE VIVIENDA,0000000483,114804,001,ACTIVO,1,1,,,D,0,0
0000000492,114805,PRÉSTAMOS A BANCOS,0000000468,1148,001,ACTIVO,1,1,,,D,0,0
0000000493,1148050101,PARA CUBRIR DÉFICIT DE CAJA,0000000492,114805,001,ACTIVO,1,1,,,D,0,0
0000000494,1148050102,PARA CUBRIR DÉFICIT DE CAJA,0000000492,114805,001,ACTIVO,1,1,,,D,0,0
0000000495,114806,PRÉSTAMOS A OTRAS ENTIDADES DEL SISTEMA FINANCIERO,0000000468,1148,001,ACTIVO,1,1,,,D,0,0
0000000496,1148060101,PARA CUBRIR DÉFICIT DE CAJA,0000000495,114806,001,ACTIVO,1,1,,,D,0,0
0000000497,1148060102,PARA CUBRIR DÉFICIT DE CAJA,0000000495,114806,001,ACTIVO,1,1,,,D,0,0
0000000498,114807,PRÉSTAMOS A AGENCIAS Y SUBSIDIARIAS EN EL EXTRANJERO,0000000468,1148,001,ACTIVO,1,1,,,D,0,0
0000000499,1148070101,OTORGAMIENTOS ORIGINALES,0000000498,114807,001,ACTIVO,1,1,,,D,0,0
0000000500,1148070102,OTORGAMIENTOS ORIGINALES,0000000498,114807,001,ACTIVO,1,1,,,D,0,0
0000000501,1148070201,REFINANCIADOS,0000000498,114807,001,ACTIVO,1,1,,,D,0,0
0000000502,1148070202,REFINANCIADOS,0000000498,114807,001,ACTIVO,1,1,,,D,0,0
0000000503,1148070301,REESTRUCTURADOS,0000000498,114807,001,ACTIVO,1,1,,,D,0,0
0000000504,1148070302,REESTRUCTURADOS,0000000498,114807,001,ACTIVO,1,1,,,D,0,0
0000000505,114808,PRÉSTAMOS A EMPRESAS NO DOMICILIADAS,0000000468,1148,001,ACTIVO,1,1,,,D,0,0
0000000506,1148080101,OTORGAMIENTOS ORIGINALES,0000000505,114808,001,ACTIVO,1,1,,,D,0,0
0000000507,1148080102,OTORGAMIENTOS ORIGINALES,0000000505,114808,001,ACTIVO,1,1,,,D,0,0
0000000508,1148080201,REFINANCIADOS,0000000505,114808,001,ACTIVO,1,1,,,D,0,0
0000000509,1148080202,REFINANCIADOS,0000000505,114808,001,ACTIVO,1,1,,,D,0,0
0000000510,1148080301,REESTRUCTURADOS,0000000505,114808,001,ACTIVO,1,1,,,D,0,0
0000000511,1148080302,REESTRUCTURADOS,0000000505,114808,001,ACTIVO,1,1,,,D,0,0
0000000512,114899,RECUPERACIONES DE PRÉSTAMOS EN COBRO JUDICIAL,0000000468,1148,001,ACTIVO,1,1,,,D,0,0
0000000513,1148990101,OTORGAMIENTOS ORIGINALES,0000000512,114899,001,ACTIVO,1,1,,,D,0,0
0000000514,1148990102,OTORGAMIENTOS ORIGINALES,0000000512,114899,001,ACTIVO,1,1,,,D,0,0
0000000515,1148990201,REFINANCIADOS,0000000512,114899,001,ACTIVO,1,1,,,D,0,0
0000000516,1148990202,REFINANCIADOS,0000000512,114899,001,ACTIVO,1,1,,,D,0,0
0000000517,1148990301,REESTRUCTURADOS,0000000512,114899,001,ACTIVO,1,1,,,D,0,0
0000000518,1148990302,REESTRUCTURADOS,0000000512,114899,001,ACTIVO,1,1,,,D,0,0
0000000519,1149,PROVISIÓN PARA INCOBRABILIDAD DE PRÉSTAMOS,0000000347,114,001,ACTIVO,1,1,,,D,1,1
0000000520,114901,PROVISIÓN PARA INCOBRABILIDAD DE PRÉSTAMOS,0000000519,1149,001,ACTIVO,1,1,,,D,0,0
0000000521,1149010101,PROVISIONES POR CATEGORÍA DE RIESGO,0000000520,114901,001,ACTIVO,1,1,,,D,0,0
0000000522,1149010102,PROVISIONES POR CATEGORÍA DE RIESGO,0000000520,114901,001,ACTIVO,1,1,,,D,0,0
0000000523,1149010201,PROVISIONES POR EXCESO DE CRÉDITOS RELACIONADOS,0000000520,114901,001,ACTIVO,1,1,,,D,0,0
0000000524,1149010202,PROVISIONES POR EXCESO DE CRÉDITOS RELACIONADOS,0000000520,114901,001,ACTIVO,1,1,,,D,0,0
0000000525,1149010301,PROVISIONES VOLUNTARIAS,0000000520,114901,001,ACTIVO,1,1,,,D,0,0
0000000526,1149010302,PROVISIONES VOLUNTARIAS,0000000520,114901,001,ACTIVO,1,1,,,D,0,0
0000000527,1149010401,PROVISIONES RESTRINGIDAS,0000000520,114901,001,ACTIVO,1,1,,,D,0,0
0000000528,1149010402,PROVISIONES RESTRINGIDAS,0000000520,114901,001,ACTIVO,1,1,,,D,0,0
0000000529,1149010501,PROVISIONES POR RIESGO DE MANEJO DE CARTERA,0000000520,114901,001,ACTIVO,1,1,,,D,0,0
0000000530,1149010502,PROVISIONES POR RIESGO DE MANEJO DE CARTERA,0000000520,114901,001,ACTIVO,1,1,,,D,0,0
0000000531,1149010601,PROVISIONES GENÉRICAS,0000000520,114901,001,ACTIVO,1,1,,,D,0,0
0000000532,1149010602,PROVISIONES GENÉRICAS,0000000520,114901,001,ACTIVO,1,1,,,D,0,0
0000000533,1149010701,PROVISIONES POR RIESGOS DE CALIFICACIÓN DE DEUDORES,0000000520,114901,001,ACTIVO,1,1,,,D,0,0
0000000534,1149010702,PROVISIONES POR RIESGOS DE CALIFICACIÓN DE DEUDORES,0000000520,114901,001,ACTIVO,1,1,,,D,0,0
0000000535,1149010801,PROVISIONES ESPECIALES,0000000520,114901,001,ACTIVO,1,1,,,D,0,0
0000000536,1149010802,PROVISIONES ESPECIALES,0000000520,114901,001,ACTIVO,1,1,,,D,0,0
0000000537,12,OTROS ACTIVOS,0000000001,1,001,ACTIVO,1,1,,,D,0,0
0000000538,121,SALDOS ENTRE COMPAÑÍAS,0000000537,12,001,ACTIVO,1,1,,,D,0,0
0000000539,1210,SALDOS ENTRE COMPAÑÍAS,0000000538,121,001,ACTIVO,1,1,,,D,1,1
0000000540,121000,SALDOS ENTRE COMPAÑÍAS,0000000539,1210,001,ACTIVO,1,1,,,D,0,0
0000000541,1210000101,SALDOS CON AGENCIAS NACIONALES,0000000540,121000,001,ACTIVO,1,1,,,D,0,0
0000000542,1210000102,SALDOS CON AGENCIAS NACIONALES,0000000540,121000,001,ACTIVO,1,1,,,D,0,0
0000000543,1210000201,SALDOS CON AGENCIAS EXTRANJERAS,0000000540,121000,001,ACTIVO,1,1,,,D,0,0
0000000544,1210000202,SALDOS CON AGENCIAS EXTRANJERAS,0000000540,121000,001,ACTIVO,1,1,,,D,0,0
0000000545,1210000301,SALDOS CON AFILIADAS NACIONALES,0000000540,121000,001,ACTIVO,1,1,,,D,0,0
0000000546,1210000302,SALDOS CON AFILIADAS NACIONALES,0000000540,121000,001,ACTIVO,1,1,,,D,0,0
0000000547,1210000501,SALDOS CON SUBSIDIARIAS NACIONALES,0000000540,121000,001,ACTIVO,1,1,,,D,0,0
0000000548,1210000502,SALDOS CON SUBSIDIARIAS NACIONALES,0000000540,121000,001,ACTIVO,1,1,,,D,0,0
0000000549,1210000601,SALDOS CON SUBSIDIARIAS EXTRANJERAS,0000000540,121000,001,ACTIVO,1,1,,,D,0,0
0000000550,1210000602,SALDOS CON SUBSIDIARIAS EXTRANJERAS,0000000540,121000,001,ACTIVO,1,1,,,D,0,0
0000000551,1210000701,SALDOS CON BANCOS EXTRANJEROS,0000000540,121000,001,ACTIVO,1,1,,,D,0,0
0000000552,1210000702,SALDOS CON BANCOS EXTRANJEROS,0000000540,121000,001,ACTIVO,1,1,,,D,0,0
0000000553,122,BIENES RECIBIDOS EN PAGO O ADJUDICADOS,0000000537,12,001,ACTIVO,1,1,,,D,0,0
0000000554,1220,BIENES RECIBIDOS EN PAGO O ADJUDICADOS,0000000553,122,001,ACTIVO,1,1,,,D,1,1
0000000555,122001,BIENES INMUEBLES,0000000554,1220,001,ACTIVO,1,1,,,D,0,0
0000000556,1220010100,URBANOS,0000000555,122001,001,ACTIVO,1,1,,,D,0,0
0000000557,1220010200,RÚSTICOS,0000000555,122001,001,ACTIVO,1,1,,,D,0,0
0000000558,1220010300,SALDO A CARGO DE DEUDORES,0000000555,122001,001,ACTIVO,1,1,,,D,0,0
0000000559,122002,BIENES MUEBLES,0000000554,1220,001,ACTIVO,1,1,,,D,0,0
0000000560,1220020100,BIENES MUEBLES,0000000559,122002,001,ACTIVO,1,1,,,D,0,0
0000000561,1220020200,SALDO A CARGO DE DEUDORES,0000000559,122002,001,ACTIVO,1,1,,,D,0,0
0000000562,122003,TÍTULOS VALORES,0000000554,1220,001,ACTIVO,1,1,,,D,0,0
0000000563,1220030101,VIGENTES,0000000562,122003,001,ACTIVO,1,1,,,D,0,0
0000000564,1220030102,VIGENTES,0000000562,122003,001,ACTIVO,1,1,,,D,0,0
0000000565,1220030201,VENCIDOS,0000000562,122003,001,ACTIVO,1,1,,,D,0,0
0000000566,1220030202,VENCIDOS,0000000562,122003,001,ACTIVO,1,1,,,D,0,0
0000000567,1220030301,SALDO A CARGO DE DEUDORES,0000000562,122003,001,ACTIVO,1,1,,,D,0,0
0000000568,1220030302,SALDO A CARGO DE DEUDORES,0000000562,122003,001,ACTIVO,1,1,,,D,0,0
0000000569,122004,CONSTRUCCIONES EN PROCESO,0000000554,1220,001,ACTIVO,1,1,,,D,0,0
0000000570,1220040001,CONSTRUCCIONES EN PROCESO,0000000569,122004,001,ACTIVO,1,1,,,D,0,0
0000000571,1229,ELIMINADA,0000000553,122,001,ACTIVO,1,1,,,D,1,1
0000000572,123,EXISTENCIAS,0000000537,12,001,ACTIVO,1,1,,,D,0,0
0000000573,1230,EXISTENCIAS,0000000572,123,001,ACTIVO,1,1,,,D,1,1
0000000574,123001,BIENES PARA LA VENTA,0000000573,1230,001,ACTIVO,1,1,,,D,0,0
0000000575,1230010100,TARJETAS DE CRÉDITO,0000000574,123001,001,ACTIVO,1,1,,,D,0,0
0000000576,1230010200,CHEQUERAS,0000000574,123001,001,ACTIVO,1,1,,,D,0,0
0000000577,1230019100,OTROS,0000000574,123001,001,ACTIVO,1,1,,,D,0,0
0000000578,123002,BIENES PARA CONSUMO,0000000573,1230,001,ACTIVO,1,1,,,D,0,0
0000000579,1230020100,"PAPELERÍA, ÚTILES Y ENSERES",0000000578,123002,001,ACTIVO,1,1,,,D,0,0
0000000580,1230020200,ESPECIES POSTALES,0000000578,123002,001,ACTIVO,1,1,,,D,0,0
0000000581,1230020300,ARTÍCULOS PROMOCIONALES,0000000578,123002,001,ACTIVO,1,1,,,D,0,0
0000000582,1230020500,MATERIALES DE LIMPIEZA,0000000578,123002,001,ACTIVO,1,1,,,D,0,0
0000000583,1230020600,PROMOCINALES,0000000578,123002,001,ACTIVO,1,1,,,D,0,0
0000000584,1230029100,OTROS,0000000578,123002,001,ACTIVO,1,1,,,D,0,0
0000000585,124,GASTOS PAGADOS POR ANTICIPADO Y CARGOS DIFERIDOS,0000000537,12,001,ACTIVO,1,1,,,D,0,0
0000000586,1240,GASTOS PAGADOS POR ANTICIPADO Y CARGOS DIFERIDOS,0000000585,124,001,ACTIVO,1,1,,,D,1,1
0000000587,124001,SEGUROS,0000000586,1240,001,ACTIVO,1,1,,,D,0,0
0000000588,1240010100,SOBRE PERSONAS,0000000587,124001,001,ACTIVO,1,1,,,D,0,0
0000000589,1240010200,SOBRE BIENES,0000000587,124001,001,ACTIVO,1,1,,,D,0,0
0000000590,1240010300,SOBRE RIESGOS DE INTERMEDIACIÓN,0000000587,124001,001,ACTIVO,1,1,,,D,0,0
0000000591,124002,ALQUILERES,0000000586,1240,001,ACTIVO,1,1,,,D,0,0
0000000592,1240020100,LOCALES,0000000591,124002,001,ACTIVO,1,1,,,D,0,0
0000000593,1240020200,EQUIPO,0000000591,124002,001,ACTIVO,1,1,,,D,0,0
0000000594,124003,INTERESES PAGADOS POR ANTICIPADO,0000000586,1240,001,ACTIVO,1,1,,,D,0,0
0000000595,1240030001,INTERESES PAGADOS POR ANTICIPADO,0000000594,124003,001,ACTIVO,1,1,,,D,0,0
0000000596,1240030002,INTERESES PAGADOS POR ANTICIPADO,0000000594,124003,001,ACTIVO,1,1,,,D,0,0
0000000597,124004,INTANGIBLES,0000000586,1240,001,ACTIVO,1,1,,,D,0,0
0000000598,1240040100,PROGRAMAS COMPUTACIONALES,0000000597,124004,001,ACTIVO,1,1,,,D,0,0
0000000599,1240040200,ANTIVIRUS,0000000597,124004,001,ACTIVO,1,1,,,D,0,0
0000000600,1240040300,LICENCIAS,0000000597,124004,001,ACTIVO,1,1,,,D,0,0
0000000601,124006,DIFERENCIAS TEMPORARIAS POR IMPUESTOS SOBRE LAS GANANCIAS,0000000586,1240,001,ACTIVO,1,1,,,D,0,0
0000000602,1240060100,IMPUESTO SOBRE LA RENTA,0000000601,124006,001,ACTIVO,1,1,,,D,0,0
0000000603,1240060901,OTROS,0000000601,124006,001,ACTIVO,1,1,,,D,0,0
0000000604,124098,OTROS PAGOS ANTICIPADOS,0000000586,1240,001,ACTIVO,1,1,,,D,0,0
0000000605,1240980100,PAGO A CUENTA DEL IMPUESTO SOBRE LA RENTA,0000000604,124098,001,ACTIVO,1,1,,,D,0,0
0000000606,1240980200,SUSCRIPCIONES Y CONTRATOS DE MANTENIMIENTO,0000000604,124098,001,ACTIVO,1,1,,,D,0,0
0000000607,1240980300,RUEDA DE NEGOCIOS,0000000604,124098,001,ACTIVO,1,1,,,D,0,0
0000000608,1240980400,CONVENIO,0000000604,124098,001,ACTIVO,1,1,,,D,0,0
0000000609,1240980500,BETIS ACADEMY EL SALVADOR,0000000604,124098,001,ACTIVO,1,1,,,D,0,0
0000000610,1240980600,ESCUELA DE MUSICA,0000000604,124098,001,ACTIVO,1,1,,,D,0,0
0000000611,1240980700,GASTOS DE ORGANIZACION,0000000604,124098,001,ACTIVO,1,1,,,D,0,0
0000000612,1240989100,OTROS,0000000604,124098,001,ACTIVO,1,1,,,D,0,0
0000000613,124099,OTROS CARGOS DIFERIDOS,0000000586,1240,001,ACTIVO,1,1,,,D,0,0
0000000614,1240990100,PRESTACIONES AL PERSONAL,0000000613,124099,001,ACTIVO,1,1,,,D,0,0
0000000615,1240990200,COSTOS DE PUBLICIDAD,0000000613,124099,001,ACTIVO,1,1,,,D,0,0
0000000616,1240999100,OTROS,0000000613,124099,001,ACTIVO,1,1,,,D,0,0
0000000617,125,CUENTAS POR COBRAR,0000000537,12,001,ACTIVO,1,1,,,D,0,0
0000000618,1250,CUENTAS POR COBRAR,0000000617,125,001,ACTIVO,1,1,,,D,1,1
0000000619,125001,SALDOS POR COBRAR,0000000618,1250,001,ACTIVO,1,1,,,D,0,0
0000000620,1250010100,SOCIOS,0000000619,125001,001,ACTIVO,1,1,,,D,0,0
0000000621,125001010001,OTRAS CUENTAS POR COBRAR,0000000620,1250010100,001,ACTIVO,1,1,,,D,0,0
0000000622,125001010002,INTERESES PAGADOS POR ANTICIPADO DE DEPOSITOS A PLAZO,0000000620,1250010100,001,ACTIVO,1,1,,,D,0,0
0000000623,125001010003,INGRESO DE SOCIOS,0000000620,1250010100,001,ACTIVO,1,1,,,D,0,0
0000000624,125001010004,CHEQUES RECHAZADOS,0000000620,1250010100,001,ACTIVO,1,1,,,D,0,0
0000000625,125001010005,SEGUROS,0000000620,1250010100,001,ACTIVO,1,1,,,D,0,0
0000000626,1250010200,FILIALES,0000000619,125001,001,ACTIVO,1,1,,,D,0,0
0000000627,1250010300,FEDERACIONES,0000000619,125001,001,ACTIVO,1,1,,,D,0,0
0000000628,1250010400,A TERCEROS,0000000619,125001,001,ACTIVO,1,1,,,D,0,0
0000000629,125001040001,DEPÓSITOS EN GARANTÍA,0000000628,1250010400,001,ACTIVO,1,1,,,D,0,0
0000000630,125001040002,DEPOSITO EN GARANTÍA DE CAESS,0000000628,1250010400,001,ACTIVO,1,1,,,D,0,0
0000000631,125002,COMISIONES Y RECARGOS DE AVALES Y FIANZAS,0000000618,1250,001,ACTIVO,1,1,,,D,0,0
0000000632,1250020101,INGRESOS POR RECIBIR DE AVALES Y FIANZAS,0000000631,125002,001,ACTIVO,1,1,,,D,0,0
0000000633,1250020102,INGRESOS POR RECIBIR DE AVALES Y FIANZAS,0000000631,125002,001,ACTIVO,1,1,,,D,0,0
0000000634,125003,PAGOS POR CUENTA AJENA,0000000618,1250,001,ACTIVO,1,1,,,D,0,0
0000000635,1250030101,GASTOS DE OTRAS OPERACIONES,0000000634,125003,001,ACTIVO,1,1,,,D,0,0
0000000636,1250030102,GASTOS DE OTRAS OPERACIONES,0000000634,125003,001,ACTIVO,1,1,,,D,0,0
0000000637,1250030201,COSTAS PROCESALES,0000000634,125003,001,ACTIVO,1,1,,,D,0,0
0000000638,1250030301,WESTERN UNION,0000000634,125003,001,ACTIVO,1,1,,,D,0,0
0000000639,1250030401,DEUDORES VARIOS,0000000634,125003,001,ACTIVO,1,1,,,D,0,0
0000000640,1250039101,OTROS DEUDORES,0000000634,125003,001,ACTIVO,1,1,,,D,0,0
0000000641,125004,SERVICIOS FINANCIEROS,0000000618,1250,001,ACTIVO,1,1,,,D,0,0
0000000642,1250040101,ALMACENAJES POR PERCIBIR,0000000641,125004,001,ACTIVO,1,1,,,D,0,0
0000000643,1250040201,SERVICIOS DE CAJA POR PERCIBIR,0000000641,125004,001,ACTIVO,1,1,,,D,0,0
0000000644,1250040301,TRÁMITES JURÍDICOS POR PERCIBIR,0000000641,125004,001,ACTIVO,1,1,,,D,0,0
0000000645,1250049101,OTROS SERVICIOS FINANCIEROS,0000000641,125004,001,ACTIVO,1,1,,,D,0,0
0000000646,1250049102,OTROS SERVICIOS FINANCIEROS,0000000641,125004,001,ACTIVO,1,1,,,D,0,0
0000000647,125005,ANTICIPOS,0000000618,1250,001,ACTIVO,1,1,,,D,0,0
0000000648,1250050101,AL PERSONAL,0000000647,125005,001,ACTIVO,1,1,,,D,0,0
0000000649,1250050102,AL PERSONAL,0000000647,125005,001,ACTIVO,1,1,,,D,0,0
0000000650,1250050201,A PROVEEDORES,0000000647,125005,001,ACTIVO,1,1,,,D,0,0
0000000651,1250050202,A PROVEEDORES,0000000647,125005,001,ACTIVO,1,1,,,D,0,0
0000000652,125006,SERVICIOS TECNICOS,0000000618,1250,001,ACTIVO,1,1,,,D,0,0
0000000653,1250060100,SERVICIOS DE SUPERVISIÓN,0000000652,125006,001,ACTIVO,1,1,,,D,0,0
0000000654,1250060200,SERVICIOS EDUCATIVOS,0000000652,125006,001,ACTIVO,1,1,,,D,0,0
0000000655,1250060300,SERVICIOS DE CAPACITACIÓN,0000000652,125006,001,ACTIVO,1,1,,,D,0,0
0000000656,1250060400,SERVICIOS DE CONSULTORIA ADMINISTRATIVA-CONTABLE,0000000652,125006,001,ACTIVO,1,1,,,D,0,0
0000000657,1250060500,SERVICIOS JURÍDICOS,0000000652,125006,001,ACTIVO,1,1,,,D,0,0
0000000658,1250060600,PROTECCIONES,0000000652,125006,001,ACTIVO,1,1,,,D,0,0
0000000659,1250060700,ASESORÍA,0000000652,125006,001,ACTIVO,1,1,,,D,0,0
0000000660,1250060800,INFORMÁTICA,0000000652,125006,001,ACTIVO,1,1,,,D,0,0
0000000661,1250069100,OTROS,0000000652,125006,001,ACTIVO,1,1,,,D,0,0
0000000662,125007,COMISIÓN POR COMERCIALIZACIÓN DE CUOTAS DE PARTICIPACIÓN DE FONDOS DE INVERSIÓN ABIERTOS,0000000618,1250,001,ACTIVO,1,1,,,D,0,0
0000000663,1250070101,COMISIÓN POR PERCIBIR POR COMERCIALIZACIÓN DE CUOTAS DE PARTICIPACIÓN DE FONDOS DE INVERSIÓN ABIERTOS LOCALES,0000000662,125007,001,ACTIVO,1,1,,,D,0,0
0000000664,1250070102,COMISIÓN POR PERCIBIR POR COMERCIALIZACIÓN DE CUOTAS DE PARTICIPACIÓN DE FONDOS DE INVERSIÓN ABIERTOS EXTRANJEROS,0000000662,125007,001,ACTIVO,1,1,,,D,0,0
0000000665,1250079100,OTROS,0000000662,125007,001,ACTIVO,1,1,,,D,0,0
0000000666,125008,COMISIÓN POR COMERCIALIZACIÓN DE FONDOS DE AHORRO PREVISIONAL VOLUNTARIO,0000000618,1250,001,ACTIVO,1,1,,,D,0,0
0000000667,1250080101,COMISIÓN POR PERCIBIR POR COMERCIALIZACIÓN DE FONDOS DE AHORRO PREVISIONAL VOLUNTARIO,0000000666,125008,001,ACTIVO,1,1,,,D,0,0
0000000668,125009,COMISIÓN POR ADMINISTRACIÓN DE FONDOS DE AHORRO PREVISIONAL VOLUNTARIO,0000000618,1250,001,ACTIVO,1,1,,,D,0,0
0000000669,1250090101,COMISIÓN POR PERCIBIR POR ADMINISTRACIÓN DE FONDOS DE AHORRO PREVISIONAL VOLUNTARIO,0000000668,125009,001,ACTIVO,1,1,,,D,0,0
0000000670,125099,OTRAS,0000000618,1250,001,ACTIVO,1,1,,,D,0,0
0000000671,1250990101,FALTANTES DE CAJEROS,0000000670,125099,001,ACTIVO,1,1,,,D,0,0
0000000672,1250990102,FALTANTES DE CAJEROS,0000000670,125099,001,ACTIVO,1,1,,,D,0,0
0000000673,1250990201,OTROS FALTANTES,0000000670,125099,001,ACTIVO,1,1,,,D,0,0
0000000674,1250990301,CRÉDITO FISCAL- IVA,0000000670,125099,001,ACTIVO,1,1,,,D,0,0
0000000675,1250990401,VALORES POR LIQUIDAR,0000000670,125099,001,ACTIVO,1,1,,,D,0,0
0000000676,1250990501,TRANSITORIA POR DIFERENCIAS EN SISTEMA,0000000670,125099,001,ACTIVO,1,1,,,D,0,0
0000000677,1250990601,DIFERENCIA EN CARTERA DE PRESTAMOS.,0000000670,125099,001,ACTIVO,1,1,,,D,0,0
0000000678,1250990701,DIFERENCIA EN CARTERA DE AHORROS,0000000670,125099,001,ACTIVO,1,1,,,D,0,0
0000002514,1250990801,FALTANTE EN EJECUTIVO DE CREDITOS,0000000670,125099,001,ACTIVO,1,1,,,D,0,0
0000002515,125099080101,LORENA BEATRIZ FLORES AMAYA,0000002514,1250990801,001,ACTIVO,1,1,,,D,0,0
0000000679,1250999101,OTRAS,0000000670,125099,001,ACTIVO,1,1,,,D,0,0
0000000680,1250999102,OTRAS,0000000670,125099,001,ACTIVO,1,1,,,D,0,0
0000000681,1259,PROVISIÓN DE INCOBRABILIDAD DE CUENTAS POR COBRAR,0000000617,125,001,ACTIVO,1,1,,,D,1,1
0000000682,125900,PROVISIÓN DE INCOBRABILIDAD DE CUENTAS POR COBRAR,0000000681,1259,001,ACTIVO,1,1,,,D,0,0
0000000683,1259000001,PROVISIÓN POR INCOBRABILIDAD DE CUENTAS POR COBRAR,0000000682,125900,001,ACTIVO,1,1,,,D,0,0
0000000684,1259000002,PROVISIÓN POR INCOBRABILIDAD DE CUENTAS POR COBRAR,0000000682,125900,001,ACTIVO,1,1,,,D,0,0
0000000685,126,DERECHOS Y PARTICIPACIONES,0000000537,12,001,ACTIVO,1,1,,,D,0,0
0000000686,1260,DERECHOS Y PARTICIPACIONES,0000000685,126,001,ACTIVO,1,1,,,D,1,1
0000000687,126001,INVERSIONES CONJUNTAS,0000000686,1260,001,ACTIVO,1,1,,,D,0,0
0000000688,1260010101,EN SOCIEDADES NACIONALES – VALOR DE ADQUISICIÓN,0000000687,126001,001,ACTIVO,1,1,,,D,0,0
0000000689,1260010102,EN SOCIEDADES NACIONALES – VALOR DE ADQUISICIÓN,0000000687,126001,001,ACTIVO,1,1,,,D,0,0
0000000690,1260010201,EN SOCIEDADES EXTRANJERAS – VALOR DE ADQUISICIÓN,0000000687,126001,001,ACTIVO,1,1,,,D,0,0
0000000691,1260010202,EN SOCIEDADES EXTRANJERAS – VALOR DE ADQUISICIÓN,0000000687,126001,001,ACTIVO,1,1,,,D,0,0
0000000692,1260019801,EN SOCIEDADES NACIONALES – REVALÚO,0000000687,126001,001,ACTIVO,1,1,,,D,0,0
0000000693,1260019802,EN SOCIEDADES EXTRANJERAS – REVALÚO,0000000687,126001,001,ACTIVO,1,1,,,D,0,0
0000000694,126002,SUBSIDIARIAS,0000000686,1260,001,ACTIVO,1,1,,,D,0,0
0000000695,1260020101,EN SOCIEDADES NACIONALES – VALOR DE ADQUISICIÓN,0000000694,126002,001,ACTIVO,1,1,,,D,0,0
0000000696,1260020102,EN SOCIEDADES NACIONALES – VALOR DE ADQUISICIÓN,0000000694,126002,001,ACTIVO,1,1,,,D,0,0
0000000697,1260020201,EN SOCIEDADES EXTRANJERAS – VALOR DE ADQUISICIÓN,0000000694,126002,001,ACTIVO,1,1,,,D,0,0
0000000698,1260020202,EN SOCIEDADES EXTRANJERAS – VALOR DE ADQUISICIÓN,0000000694,126002,001,ACTIVO,1,1,,,D,0,0
0000000699,1260029801,EN SOCIEDADES NACIONALES – REVALÚO,0000000694,126002,001,ACTIVO,1,1,,,D,0,0
0000000700,1260029802,EN SOCIEDADES EXTRANJERAS – REVALÚO,0000000694,126002,001,ACTIVO,1,1,,,D,0,0
0000000701,126003,PARTICIPACIONES Y OTROS DERECHOS,0000000686,1260,001,ACTIVO,1,1,,,D,0,0
0000000702,1260030101,PARTICIPACIONES – VALOR DE ADQUISICIÓN,0000000701,126003,001,ACTIVO,1,1,,,D,0,0
0000000703,126003010101,"CAPITAL, S.C. DE R.L. DE C.V. ACCIONES",0000000702,1260030101,001,ACTIVO,1,1,,,D,0,0
0000000704,1260030102,PARTICIPACIONES – VALOR DE ADQUISICIÓN,0000000701,126003,001,ACTIVO,1,1,,,D,0,0
0000000705,1260030201,FONDOS PARA DESPENSA DE EMPLEADOS,0000000701,126003,001,ACTIVO,1,1,,,D,0,0
0000000706,1260030301,APORTACIONES EN FEDERACIONES,0000000701,126003,001,ACTIVO,1,1,,,D,0,0
0000000707,1260030401,ELIMINADA,0000000701,126003,001,ACTIVO,1,1,,,D,0,0
0000000708,1260030501,ASOCIACIONES COOPERATIVAS,0000000701,126003,001,ACTIVO,1,1,,,D,0,0
0000000709,126003050101,AMC DE RL.DE CV,0000000708,1260030501,001,ACTIVO,1,1,,,D,0,0
0000000710,126003050102,ACOINCI DE R.L.,0000000708,1260030501,001,ACTIVO,1,1,,,D,0,0
0000000711,126003050103,BANCOVI,0000000708,1260030501,001,ACTIVO,1,1,,,D,0,0
0000000712,126003050104,ACOPACTO DE R.L.,0000000708,1260030501,001,ACTIVO,1,1,,,D,0,0
0000000713,126003050105,ACACU DE R.L.,0000000708,1260030501,001,ACTIVO,1,1,,,D,0,0
0000000714,126003050106,ACOACAC DE R.L.,0000000708,1260030501,001,ACTIVO,1,1,,,D,0,0
0000000715,126003050107,ACAASS DE R.L.,0000000708,1260030501,001,ACTIVO,1,1,,,D,0,0
0000000716,1260039801,PARTICIPACIONES – REVALÚO,0000000701,126003,001,ACTIVO,1,1,,,D,0,0
0000000717,1260039802,PARTICIPACIONES – REVALÚO,0000000701,126003,001,ACTIVO,1,1,,,D,0,0
0000000718,126004,CAPITAL ASIGNADO A SUCURSALES,0000000686,1260,001,ACTIVO,1,1,,,D,0,0
0000000719,1260040100,NACIONALES – VALOR DE ADQUISICIÓN,0000000718,126004,001,ACTIVO,1,1,,,D,0,0
0000000720,1260049801,NACIONALES – REVALÚO,0000000718,126004,001,ACTIVO,1,1,,,D,0,0
0000000721,126005,BANCOS EXTRANJEROS,0000000686,1260,001,ACTIVO,1,1,,,D,0,0
0000000722,1260050101,BANCOS EXTRANJEROS - VALOR DE ADQUISICIÓN,0000000721,126005,001,ACTIVO,1,1,,,D,0,0
0000000723,1260050102,BANCOS EXTRANJEROS - VALOR DE ADQUISICIÓN,0000000721,126005,001,ACTIVO,1,1,,,D,0,0
0000000724,1260059802,BANCOS EXTRANJEROS - REVALÚO,0000000721,126005,001,ACTIVO,1,1,,,D,0,0
0000000725,127,FONDOS PARA PROVEER DINERO ELECTRÓNICO,0000000537,12,001,ACTIVO,1,1,,,D,0,0
0000000726,1270,FONDOS PARA PROVEER DINERO ELECTRÓNICO,0000000725,127,001,ACTIVO,1,1,,,D,1,1
0000000727,127001,DEPÓSITOS BANCO CENTRAL DE RESERVA,0000000726,1270,001,ACTIVO,1,1,,,D,0,0
0000000728,1270010101,DEPÓSITOS PARA PROVEER DINERO ELECTRÓNICO,0000000727,127001,001,ACTIVO,1,1,,,D,0,0
0000000729,13,ACTIVO FIJO,0000000001,1,001,ACTIVO,1,1,,,D,0,0
0000000730,131,NO DEPRECIABLES,0000000729,13,001,ACTIVO,1,1,,,D,0,0
0000000731,1310,NO DEPRECIABLES,0000000730,131,001,ACTIVO,1,1,,,D,1,1
0000000732,131001,TERRENOS,0000000731,1310,001,ACTIVO,1,1,,,D,0,0
0000000733,1310010100,TERRENOS – VALOR DE ADQUISICIÓN,0000000732,131001,001,ACTIVO,1,1,,,D,0,0
0000000734,1310019800,TERRENOS – REVALÚO,0000000732,131001,001,ACTIVO,1,1,,,D,0,0
0000000735,131002,CONSTRUCCIONES EN PROCESO,0000000731,1310,001,ACTIVO,1,1,,,D,0,0
0000000736,1310020100,INMUEBLES,0000000735,131002,001,ACTIVO,1,1,,,D,0,0
0000000737,131002010001,CONSTRUCCIONES EN PROCESO CENTRO FINANCIERO,0000000736,1310020100,001,ACTIVO,1,1,,,D,0,0
0000000738,131002010002,CONSTRUCCIONES EN PROCESO AGENCIA PRESIDENTE PLAZA,0000000736,1310020100,001,ACTIVO,1,1,,,D,0,0
0000000739,1310020200,MUEBLES,0000000735,131002,001,ACTIVO,1,1,,,D,0,0
0000000740,131003,MOBILIARIO Y EQUIPO POR UTILIZAR,0000000731,1310,001,ACTIVO,1,1,,,D,0,0
0000000741,1310030100,MOBILIARIO Y EQUIPO EN TRÁNSITO,0000000740,131003,001,ACTIVO,1,1,,,D,0,0
0000000742,1310030200,MOBILIARIO Y EQUIPO EN EXISTENCIA,0000000740,131003,001,ACTIVO,1,1,,,D,0,0
0000000743,132,DEPRECIABLES,0000000729,13,001,ACTIVO,1,1,,,D,0,0
0000000744,1320,DEPRECIABLES,0000000743,132,001,ACTIVO,1,1,,,D,1,1
0000000745,132001,EDIFICACIONES,0000000744,1320,001,ACTIVO,1,1,,,D,0,0
0000000746,1320010100,EDIFICACIONES – VALOR DE ADQUISICIÓN,0000000745,132001,001,ACTIVO,1,1,,,D,0,0
0000000747,1320019800,EDIFICACIONES – REVALÚO,0000000745,132001,001,ACTIVO,1,1,,,D,0,0
0000000748,132002,EQUIPO DE COMPUTACIÓN,0000000744,1320,001,ACTIVO,1,1,,,D,0,0
0000000749,1320020100,EQUIPO DE COMPUTACIÓN – VALOR DE ADQUISICIÓN,0000000748,132002,001,ACTIVO,1,1,,,D,0,0
0000000750,1320029800,EQUIPO DE COMPUTACIÓN – REVALÚO,0000000748,132002,001,ACTIVO,1,1,,,D,0,0
0000000751,132003,EQUIPO DE OFICINA,0000000744,1320,001,ACTIVO,1,1,,,D,0,0
0000000752,1320030100,EQUIPO DE OFICINA – VALOR DE ADQUISICIÓN,0000000751,132003,001,ACTIVO,1,1,,,D,0,0
0000000753,1320039800,EQUIPO DE OFICINA – REVALÚO,0000000751,132003,001,ACTIVO,1,1,,,D,0,0
0000000754,132004,MOBILIARIO,0000000744,1320,001,ACTIVO,1,1,,,D,0,0
0000000755,1320040100,MOBILIARIO – VALOR DE ADQUISICIÓN,0000000754,132004,001,ACTIVO,1,1,,,D,0,0
0000000756,1320049800,MOBILIARIO – REVALÚO,0000000754,132004,001,ACTIVO,1,1,,,D,0,0
0000000757,132005,VEHÍCULOS,0000000744,1320,001,ACTIVO,1,1,,,D,0,0
0000000758,1320050100,VEHÍCULOS – VALOR DE ADQUISICIÓN,0000000757,132005,001,ACTIVO,1,1,,,D,0,0
0000000759,1320059800,VEHÍCULOS – REVALÚO,0000000757,132005,001,ACTIVO,1,1,,,D,0,0
0000000760,132006,"MAQUINARIA, EQUIPO Y HERRAMIENTA",0000000744,1320,001,ACTIVO,1,1,,,D,0,0
0000000761,1320060100,"MAQUINARIA, EQUIPO Y HERRAMIENTA - VALOR DE ADQUISICIÓN.",0000000760,132006,001,ACTIVO,1,1,,,D,0,0
0000000762,1320069800,"MAQUINARIA, EQUIPO Y HERRAMIENTA - REVALÚO",0000000760,132006,001,ACTIVO,1,1,,,D,0,0
0000000763,132007,INSTALACIONES,0000000744,1320,001,ACTIVO,1,1,,,D,0,0
0000000764,1320070100,SERVICIO DE ENERGÍA,0000000763,132007,001,ACTIVO,1,1,,,D,0,0
0000000765,1320070200,AIRE ACONDICIONADO,0000000763,132007,001,ACTIVO,1,1,,,D,0,0
0000000766,1320070300,SISTEMA DE ALARMA Y CÁMARAS,0000000763,132007,001,ACTIVO,1,1,,,D,0,0
0000000767,132099,OTROS,0000000744,1320,001,ACTIVO,1,1,,,D,0,0
0000000768,1320990100,BIBLIOTECA,0000000767,132099,001,ACTIVO,1,1,,,D,0,0
0000000769,1329,DEPRECIACIÓN ACUMULADA,0000000743,132,001,ACTIVO,1,1,,,D,1,1
0000000770,132901,VALOR HISTORICO,0000000769,1329,001,ACTIVO,1,1,,,D,0,0
0000000771,1329010100,EDIFICACIONES,0000000770,132901,001,ACTIVO,1,1,,,D,0,0
0000000772,1329010200,EQUIPO DE COMPUTACIÓN,0000000770,132901,001,ACTIVO,1,1,,,D,0,0
0000000773,1329010300,EQUIPO DE OFICINA,0000000770,132901,001,ACTIVO,1,1,,,D,0,0
0000000774,1329010400,MOBILIARIO,0000000770,132901,001,ACTIVO,1,1,,,D,0,0
0000000775,1329010500,VEHÍCULOS,0000000770,132901,001,ACTIVO,1,1,,,D,0,0
0000000776,1329010600,"MAQUINARIA, EQUIPO Y HERRAMIENTA",0000000770,132901,001,ACTIVO,1,1,,,D,0,0
0000000777,1329010700,INSTALACIONES,0000000770,132901,001,ACTIVO,1,1,,,D,0,0
0000000778,132902,REVALUOS,0000000769,1329,001,ACTIVO,1,1,,,D,0,0
0000000779,1329020100,EDIFICACIONES,0000000778,132902,001,ACTIVO,1,1,,,D,0,0
0000000780,1329020200,EQUIPO DE COMPUTACIÓN,0000000778,132902,001,ACTIVO,1,1,,,D,0,0
0000000781,1329020300,EQUIPO DE OFICINA,0000000778,132902,001,ACTIVO,1,1,,,D,0,0
0000000782,1329020400,MOBILIARIO,0000000778,132902,001,ACTIVO,1,1,,,D,0,0
0000000783,1329020500,VEHÍCULOS,0000000778,132902,001,ACTIVO,1,1,,,D,0,0
0000000784,1329020600,"MAQUINARIA, EQUIPO Y HERRAMIENTA",0000000778,132902,001,ACTIVO,1,1,,,D,0,0
0000000785,133,AMORTIZABLES,0000000729,13,001,ACTIVO,1,1,,,D,0,0
0000000786,1330,AMORTIZABLES,0000000785,133,001,ACTIVO,1,1,,,D,1,1
0000000787,133001,CONSTRUCCIONES EN LOCALES ARRENDADOS,0000000786,1330,001,ACTIVO,1,1,,,D,0,0
0000000788,1330010100,CONSTRUCCIONES EN LOCALES ARRENDADOS,0000000787,133001,001,ACTIVO,1,1,,,D,0,0
0000000789,133001010001,INMUEBLES,0000000788,1330010100,001,ACTIVO,1,1,,,D,0,0
0000000790,133001010002,AGENCIA CASCADAS,0000000788,1330010100,001,ACTIVO,1,1,,,D,0,0
0000000791,133001010003,AGENCIA SAN FRANCISCO,0000000788,1330010100,001,ACTIVO,1,1,,,D,0,0
0000000792,133001010004,AGENCIA CHALATENANGO,0000000788,1330010100,001,ACTIVO,1,1,,,D,0,0
0000000793,133001010005,AGENCIA METROCENTRO SAN SALVADOR,0000000788,1330010100,001,ACTIVO,1,1,,,D,0,0
0000000794,133001010006,AGENCIA METROCENTRO SANTA ANA,0000000788,1330010100,001,ACTIVO,1,1,,,D,0,0
0000000795,133001010007,AGENCIA PASEO,0000000788,1330010100,001,ACTIVO,1,1,,,D,0,0
0000000796,133001010008,OFICINAS ADMINISTRATIVAS,0000000788,1330010100,001,ACTIVO,1,1,,,D,0,0
0000000797,133001010009,AGENCIA WORLD TRADE CENTER,0000000788,1330010100,001,ACTIVO,1,1,,,D,0,0
0000000798,1330010200,MUEBLES,0000000787,133001,001,ACTIVO,1,1,,,D,0,0
0000000799,133002,REMODELACIONES Y READECUACIONES,0000000786,1330,001,ACTIVO,1,1,,,D,0,0
0000000800,1330020100,INMUEBLES PROPIOS,0000000799,133002,001,ACTIVO,1,1,,,D,0,0
0000000801,1330020200,INMUEBLES ARRENDADOS,0000000799,133002,001,ACTIVO,1,1,,,D,0,0
0000000802,1330020300,MUEBLES PROPIOS,0000000799,133002,001,ACTIVO,1,1,,,D,0,0
0000000803,1330020400,MUEBLES ARRENDADOS,0000000799,133002,001,ACTIVO,1,1,,,D,0,0
0000002509,133003,SISTEMA INFORMATICO,0000000786,1330,001,ACTIVO,1,1,,,D,0,0
0000002510,1330030100,SOFTWARE ARISSTO,0000002509,133003,001,ACTIVO,1,1,,,D,0,0
0000000804,133099,OTROS,0000000786,1330,001,ACTIVO,1,1,,,D,0,0
0000000805,1330990000,OTROS,0000000804,133099,001,ACTIVO,1,1,,,D,0,0
0000002517,1339,AMORTIZACION,0000000785,133,001,ACTIVO,1,1,,,D,1,1
0000002518,133903,SISTEMA INFORMATICO,0000002517,1339,001,ACTIVO,1,1,,,D,0,0
0000002519,1339030100,SOFTWARE ARISSTO,0000002518,133903,001,ACTIVO,1,1,,,D,0,0
0000000806,2,PASIVOS,,,002,PASIVO,2,4,,,A,0,0
0000000807,21,PASIVOS DE INTERMEDIACIÓN,0000000806,2,002,PASIVO,2,4,,,A,0,0
0000000808,211,DEPÓSITOS,0000000807,21,002,PASIVO,2,4,,,A,0,0
0000000809,2110,DEPOSITOS A LA VISTA,0000000808,211,002,PASIVO,2,4,,,A,1,1
0000000810,211001,DEPOSITOS EN CUENTA CORRIENTE,0000000809,2110,002,PASIVO,2,4,,,A,0,0
0000000811,2110010101,BANCO CENTRAL DE RESERVA,0000000810,211001,002,PASIVO,2,4,,,A,0,0
0000000812,2110010102,BANCO CENTRAL DE RESERVA,0000000810,211001,002,PASIVO,2,4,,,A,0,0
0000000813,2110010201,ENTIDADES DEL ESTADO,0000000810,211001,002,PASIVO,2,4,,,A,0,0
0000000814,2110010202,ENTIDADES DEL ESTADO,0000000810,211001,002,PASIVO,2,4,,,A,0,0
0000000815,2110010301,EMPRESAS PRIVADAS,0000000810,211001,002,PASIVO,2,4,,,A,0,0
0000000816,2110010302,EMPRESAS PRIVADAS,0000000810,211001,002,PASIVO,2,4,,,A,0,0
0000000817,2110010401,PARTICULARES,0000000810,211001,002,PASIVO,2,4,,,A,0,0
0000000818,2110010402,PARTICULARES,0000000810,211001,002,PASIVO,2,4,,,A,0,0
0000000819,2110010501,BANCOS,0000000810,211001,002,PASIVO,2,4,,,A,0,0
0000000820,2110010502,BANCOS,0000000810,211001,002,PASIVO,2,4,,,A,0,0
0000000821,2110010601,OTRAS ENTIDADES DEL SISTEMA FINANCIERO,0000000810,211001,002,PASIVO,2,4,,,A,0,0
0000000822,2110010602,OTRAS ENTIDADES DEL SISTEMA FINANCIERO,0000000810,211001,002,PASIVO,2,4,,,A,0,0
0000000823,2110010701,DEPÓSITOS POR APLICAR,0000000810,211001,002,PASIVO,2,4,,,A,0,0
0000000824,2110010702,DEPÓSITOS POR APLICAR,0000000810,211001,002,PASIVO,2,4,,,A,0,0
0000000825,2110010801,RETIROS POR APLICAR,0000000810,211001,002,PASIVO,2,4,,,A,0,0
0000000826,2110010802,RETIROS POR APLICAR,0000000810,211001,002,PASIVO,2,4,,,A,0,0
0000000827,2110019901,INTERESES Y OTROS POR PAGAR,0000000810,211001,002,PASIVO,2,4,,,A,0,0
0000000828,2110019902,INTERESES Y OTROS POR PAGAR,0000000810,211001,002,PASIVO,2,4,,,A,0,0
0000000829,211002,DEPOSITOS DE AHORRO,0000000809,2110,002,PASIVO,2,4,,,A,0,0
0000000830,2110020101,BANCO CENTRAL DE RESERVA,0000000829,211002,002,PASIVO,2,4,,,A,0,0
0000000831,2110020102,BANCO CENTRAL DE RESERVA,0000000829,211002,002,PASIVO,2,4,,,A,0,0
0000000832,2110020201,ENTIDADES DEL ESTADO,0000000829,211002,002,PASIVO,2,4,,,A,0,0
0000000833,2110020202,ENTIDADES DEL ESTADO,0000000829,211002,002,PASIVO,2,4,,,A,0,0
0000000834,2110020301,EMPRESAS PRIVADAS,0000000829,211002,002,PASIVO,2,4,,,A,0,0
0000000835,2110020302,EMPRESAS PRIVADAS,0000000829,211002,002,PASIVO,2,4,,,A,0,0
0000000836,2110020401,PARTICULARES,0000000829,211002,002,PASIVO,2,4,,,A,0,0
0000000837,2110020402,PARTICULARES,0000000829,211002,002,PASIVO,2,4,,,A,0,0
0000000838,2110020501,BANCOS,0000000829,211002,002,PASIVO,2,4,,,A,0,0
0000000839,2110020502,BANCOS,0000000829,211002,002,PASIVO,2,4,,,A,0,0
0000000840,2110020601,OTRAS ENTIDADES DEL SISTEMA FINANCIERO,0000000829,211002,002,PASIVO,2,4,,,A,0,0
0000000841,2110020602,OTRAS ENTIDADES DEL SISTEMA FINANCIERO,0000000829,211002,002,PASIVO,2,4,,,A,0,0
0000000842,2110020701,DEPÓSITOS POR APLICAR,0000000829,211002,002,PASIVO,2,4,,,A,0,0
0000000843,2110020702,DEPÓSITOS POR APLICAR,0000000829,211002,002,PASIVO,2,4,,,A,0,0
0000000844,2110020801,RETIROS POR APLICAR,0000000829,211002,002,PASIVO,2,4,,,A,0,0
0000000845,2110020802,RETIROS POR APLICAR,0000000829,211002,002,PASIVO,2,4,,,A,0,0
0000000846,2110029901,INTERESES Y OTROS POR PAGAR,0000000829,211002,002,PASIVO,2,4,,,A,0,0
0000002456,211002990101,INTERESES Y OTROS POR PAGAR EMPRESA PRIVADA,0000000846,2110029901,002,PASIVO,2,4,,,A,0,0
0000002457,211002990102,INTERESES Y OTROS POR PAGAR PARTICULARES,0000000846,2110029901,002,PASIVO,2,4,,,A,0,0
0000000847,2110029902,INTERESES Y OTROS POR PAGAR,0000000829,211002,002,PASIVO,2,4,,,A,0,0
0000000848,211003,DEPÓSITOS EN CUENTA DE AHORRO SIMPLIFICADA,0000000809,2110,002,PASIVO,2,4,,,A,0,0
0000000849,2110030101,PARTICULARES,0000000848,211003,002,PASIVO,2,4,,,A,0,0
0000000850,2110039901,INTERESES Y OTROS POR PAGAR,0000000848,211003,002,PASIVO,2,4,,,A,0,0
0000000851,2111,DEPÓSITOS PACTADOS HASTA UN AÑO PLAZO,0000000808,211,002,PASIVO,2,4,,,A,1,1
0000000852,211101,TÍTULOS DE AHORRO PACTADOS A MENOS DE TREINTA DÍAS PLAZO,0000000851,2111,002,PASIVO,2,4,,,A,0,0
0000000853,2111010101,BANCO CENTRAL DE RESERVA,0000000852,211101,002,PASIVO,2,4,,,A,0,0
0000000854,2111010102,BANCO CENTRAL DE RESERVA,0000000852,211101,002,PASIVO,2,4,,,A,0,0
0000000855,2111010201,ENTIDADES DEL ESTADO,0000000852,211101,002,PASIVO,2,4,,,A,0,0
0000000856,2111010202,ENTIDADES DEL ESTADO,0000000852,211101,002,PASIVO,2,4,,,A,0,0
0000000857,2111010301,EMPRESAS PRIVADAS,0000000852,211101,002,PASIVO,2,4,,,A,0,0
0000000858,2111010302,EMPRESAS PRIVADAS,0000000852,211101,002,PASIVO,2,4,,,A,0,0
0000000859,2111010401,PARTICULARES,0000000852,211101,002,PASIVO,2,4,,,A,0,0
0000000860,2111010402,PARTICULARES,0000000852,211101,002,PASIVO,2,4,,,A,0,0
0000000861,2111010501,BANCOS,0000000852,211101,002,PASIVO,2,4,,,A,0,0
0000000862,2111010502,BANCOS,0000000852,211101,002,PASIVO,2,4,,,A,0,0
0000000863,2111010601,OTRAS ENTIDADES DEL SISTEMA FINANCIERO,0000000852,211101,002,PASIVO,2,4,,,A,0,0
0000000864,2111010602,OTRAS ENTIDADES DEL SISTEMA FINANCIERO,0000000852,211101,002,PASIVO,2,4,,,A,0,0
0000000865,2111010701,DEPÓSITOS POR APLICAR,0000000852,211101,002,PASIVO,2,4,,,A,0,0
0000000866,2111010702,DEPÓSITOS POR APLICAR,0000000852,211101,002,PASIVO,2,4,,,A,0,0
0000000867,2111010801,RETIROS POR APLICAR,0000000852,211101,002,PASIVO,2,4,,,A,0,0
0000000868,2111010802,RETIROS POR APLICAR,0000000852,211101,002,PASIVO,2,4,,,A,0,0
0000000869,2111019901,INTERESES Y OTROS POR PAGAR,0000000852,211101,002,PASIVO,2,4,,,A,0,0
0000000870,2111019902,INTERESES Y OTROS POR PAGAR,0000000852,211101,002,PASIVO,2,4,,,A,0,0
0000000871,211102,DEPÓSITOS A 30 DÍAS PLAZO,0000000851,2111,002,PASIVO,2,4,,,A,0,0
0000000872,2111020101,BANCO CENTRAL DE RESERVA,0000000871,211102,002,PASIVO,2,4,,,A,0,0
0000000873,2111020102,BANCO CENTRAL DE RESERVA,0000000871,211102,002,PASIVO,2,4,,,A,0,0
0000000874,2111020201,ENTIDADES DEL ESTADO,0000000871,211102,002,PASIVO,2,4,,,A,0,0
0000000875,2111020202,ENTIDADES DEL ESTADO,0000000871,211102,002,PASIVO,2,4,,,A,0,0
0000000876,2111020301,EMPRESAS PRIVADAS,0000000871,211102,002,PASIVO,2,4,,,A,0,0
0000000877,2111020302,EMPRESAS PRIVADAS,0000000871,211102,002,PASIVO,2,4,,,A,0,0
0000000878,2111020401,PARTICULARES,0000000871,211102,002,PASIVO,2,4,,,A,0,0
0000000879,2111020402,PARTICULARES,0000000871,211102,002,PASIVO,2,4,,,A,0,0
0000000880,2111020501,BANCOS,0000000871,211102,002,PASIVO,2,4,,,A,0,0
0000000881,2111020502,BANCOS,0000000871,211102,002,PASIVO,2,4,,,A,0,0
0000000882,2111020601,OTRAS ENTIDADES DEL SISTEMA FINANCIERO,0000000871,211102,002,PASIVO,2,4,,,A,0,0
0000000883,2111020602,OTRAS ENTIDADES DEL SISTEMA FINANCIERO,0000000871,211102,002,PASIVO,2,4,,,A,0,0
0000000884,2111020701,DEPÓSITOS POR APLICAR,0000000871,211102,002,PASIVO,2,4,,,A,0,0
0000000885,2111020702,DEPÓSITOS POR APLICAR,0000000871,211102,002,PASIVO,2,4,,,A,0,0
0000000886,2111020801,RETIROS POR APLICAR,0000000871,211102,002,PASIVO,2,4,,,A,0,0
0000000887,2111020802,RETIROS POR APLICAR,0000000871,211102,002,PASIVO,2,4,,,A,0,0
0000000888,2111029901,INTERESES Y OTROS POR PAGAR,0000000871,211102,002,PASIVO,2,4,,,A,0,0
0000002468,211102990101,PROVISION EMPRESAS,0000000888,2111029901,002,PASIVO,2,4,,,A,0,0
0000002469,211102990102,PROVISION PARTICULARES,0000000888,2111029901,002,PASIVO,2,4,,,A,0,0
0000000889,2111029902,INTERESES Y OTROS POR PAGAR,0000000871,211102,002,PASIVO,2,4,,,A,0,0
0000000890,211103,DEPÓSITOS A 60 DÍAS PLAZO,0000000851,2111,002,PASIVO,2,4,,,A,0,0
0000000891,2111030101,BANCO CENTRAL DE RESERVA,0000000890,211103,002,PASIVO,2,4,,,A,0,0
0000000892,2111030102,BANCO CENTRAL DE RESERVA,0000000890,211103,002,PASIVO,2,4,,,A,0,0
0000000893,2111030201,ENTIDADES DEL ESTADO,0000000890,211103,002,PASIVO,2,4,,,A,0,0
0000000894,2111030202,ENTIDADES DEL ESTADO,0000000890,211103,002,PASIVO,2,4,,,A,0,0
0000000895,2111030301,EMPRESAS PRIVADAS,0000000890,211103,002,PASIVO,2,4,,,A,0,0
0000000896,2111030302,EMPRESAS PRIVADAS,0000000890,211103,002,PASIVO,2,4,,,A,0,0
0000000897,2111030401,PARTICULARES,0000000890,211103,002,PASIVO,2,4,,,A,0,0
0000000898,2111030402,PARTICULARES,0000000890,211103,002,PASIVO,2,4,,,A,0,0
0000000899,2111030501,BANCOS,0000000890,211103,002,PASIVO,2,4,,,A,0,0
0000000900,2111030502,BANCOS,0000000890,211103,002,PASIVO,2,4,,,A,0,0
0000000901,2111030601,OTRAS ENTIDADES DEL SISTEMA FINANCIERO,0000000890,211103,002,PASIVO,2,4,,,A,0,0
0000000902,2111030602,OTRAS ENTIDADES DEL SISTEMA FINANCIERO,0000000890,211103,002,PASIVO,2,4,,,A,0,0
0000000903,2111030701,DEPÓSITOS POR APLICAR,0000000890,211103,002,PASIVO,2,4,,,A,0,0
0000000904,2111030702,DEPÓSITOS POR APLICAR,0000000890,211103,002,PASIVO,2,4,,,A,0,0
0000000905,2111030801,RETIROS POR APLICAR,0000000890,211103,002,PASIVO,2,4,,,A,0,0
0000000906,2111030802,RETIROS POR APLICAR,0000000890,211103,002,PASIVO,2,4,,,A,0,0
0000000907,2111039901,INTERESES Y OTROS POR PAGAR,0000000890,211103,002,PASIVO,2,4,,,A,0,0
0000002470,211103990101,PROVISION EMPRESA ,0000000907,2111039901,002,PASIVO,2,4,,,A,0,0
0000002471,211103990102,PROVISION PARTICULARES,0000000907,2111039901,002,PASIVO,2,4,,,A,0,0
0000000908,2111039902,INTERESES Y OTROS POR PAGAR,0000000890,211103,002,PASIVO,2,4,,,A,0,0
0000000909,211104,DEPÓSITOS A 90 DÍAS PLAZO,0000000851,2111,002,PASIVO,2,4,,,A,0,0
0000000910,2111040101,BANCO CENTRAL DE RESERVA,0000000909,211104,002,PASIVO,2,4,,,A,0,0
0000000911,2111040102,BANCO CENTRAL DE RESERVA,0000000909,211104,002,PASIVO,2,4,,,A,0,0
0000000912,2111040201,ENTIDADES DEL ESTADO,0000000909,211104,002,PASIVO,2,4,,,A,0,0
0000000913,2111040202,ENTIDADES DEL ESTADO,0000000909,211104,002,PASIVO,2,4,,,A,0,0
0000000914,2111040301,EMPRESAS PRIVADAS,0000000909,211104,002,PASIVO,2,4,,,A,0,0
0000000915,2111040302,EMPRESAS PRIVADAS,0000000909,211104,002,PASIVO,2,4,,,A,0,0
0000000916,2111040401,PARTICULARES,0000000909,211104,002,PASIVO,2,4,,,A,0,0
0000000917,2111040402,PARTICULARES,0000000909,211104,002,PASIVO,2,4,,,A,0,0
0000000918,2111040501,BANCOS,0000000909,211104,002,PASIVO,2,4,,,A,0,0
0000000919,2111040502,BANCOS,0000000909,211104,002,PASIVO,2,4,,,A,0,0
0000000920,2111040601,OTRAS ENTIDADES DEL SISTEMA FINANCIERO,0000000909,211104,002,PASIVO,2,4,,,A,0,0
0000000921,2111040602,OTRAS ENTIDADES DEL SISTEMA FINANCIERO,0000000909,211104,002,PASIVO,2,4,,,A,0,0
0000000922,2111040701,DEPÓSITOS POR APLICAR,0000000909,211104,002,PASIVO,2,4,,,A,0,0
0000000923,2111040702,DEPÓSITOS POR APLICAR,0000000909,211104,002,PASIVO,2,4,,,A,0,0
0000000924,2111040801,RETIROS POR APLICAR,0000000909,211104,002,PASIVO,2,4,,,A,0,0
0000000925,2111040802,RETIROS POR APLICAR,0000000909,211104,002,PASIVO,2,4,,,A,0,0
0000000926,2111049901,INTERESES Y OTROS POR PAGAR,0000000909,211104,002,PASIVO,2,4,,,A,0,0
0000002472,211104990101,PROVISION EMPRESAS,0000000926,2111049901,002,PASIVO,2,4,,,A,0,0
0000002473,211104990102,PROVISION PARTICULARES,0000000926,2111049901,002,PASIVO,2,4,,,A,0,0
0000000927,2111049902,INTERESES Y OTROS POR PAGAR,0000000909,211104,002,PASIVO,2,4,,,A,0,0
0000000928,211105,DEPÓSITOS A 120 DÍAS PLAZO,0000000851,2111,002,PASIVO,2,4,,,A,0,0
0000000929,2111050101,BANCO CENTRAL DE RESERVA,0000000928,211105,002,PASIVO,2,4,,,A,0,0
0000000930,2111050102,BANCO CENTRAL DE RESERVA,0000000928,211105,002,PASIVO,2,4,,,A,0,0
0000000931,2111050201,ENTIDADES DEL ESTADO,0000000928,211105,002,PASIVO,2,4,,,A,0,0
0000000932,2111050202,ENTIDADES DEL ESTADO,0000000928,211105,002,PASIVO,2,4,,,A,0,0
0000000933,2111050301,EMPRESAS PRIVADAS,0000000928,211105,002,PASIVO,2,4,,,A,0,0
0000000934,2111050302,EMPRESAS PRIVADAS,0000000928,211105,002,PASIVO,2,4,,,A,0,0
0000000935,2111050401,PARTICULARES,0000000928,211105,002,PASIVO,2,4,,,A,0,0
0000000936,2111050402,PARTICULARES,0000000928,211105,002,PASIVO,2,4,,,A,0,0
0000000937,2111050501,BANCOS,0000000928,211105,002,PASIVO,2,4,,,A,0,0
0000000938,2111050502,BANCOS,0000000928,211105,002,PASIVO,2,4,,,A,0,0
0000000939,2111050601,OTRAS ENTIDADES DEL SISTEMA FINANCIERO,0000000928,211105,002,PASIVO,2,4,,,A,0,0
0000000940,2111050602,OTRAS ENTIDADES DEL SISTEMA FINANCIERO,0000000928,211105,002,PASIVO,2,4,,,A,0,0
0000000941,2111050701,DEPÓSITOS POR APLICAR,0000000928,211105,002,PASIVO,2,4,,,A,0,0
0000000942,2111050702,DEPÓSITOS POR APLICAR,0000000928,211105,002,PASIVO,2,4,,,A,0,0
0000000943,2111050801,RETIROS POR APLICAR,0000000928,211105,002,PASIVO,2,4,,,A,0,0
0000000944,2111050802,RETIROS POR APLICAR,0000000928,211105,002,PASIVO,2,4,,,A,0,0
0000000945,2111059901,INTERESES Y OTROS POR PAGAR,0000000928,211105,002,PASIVO,2,4,,,A,0,0
0000002474,211105990101,PROVISION EMPRESAS,0000000945,2111059901,002,PASIVO,2,4,,,A,0,0
0000002475,211105990102,PROVISION PARTICULARES,0000000945,2111059901,002,PASIVO,2,4,,,A,0,0
0000000946,2111059902,INTERESES Y OTROS POR PAGAR,0000000928,211105,002,PASIVO,2,4,,,A,0,0
0000000947,211106,DEPÓSITOS A 150 DÍAS PLAZO,0000000851,2111,002,PASIVO,2,4,,,A,0,0
0000000948,2111060101,BANCO CENTRAL DE RESERVA,0000000947,211106,002,PASIVO,2,4,,,A,0,0
0000000949,2111060102,BANCO CENTRAL DE RESERVA,0000000947,211106,002,PASIVO,2,4,,,A,0,0
0000000950,2111060201,ENTIDADES DEL ESTADO,0000000947,211106,002,PASIVO,2,4,,,A,0,0
0000000951,2111060202,ENTIDADES DEL ESTADO,0000000947,211106,002,PASIVO,2,4,,,A,0,0
0000000952,2111060301,EMPRESAS PRIVADAS,0000000947,211106,002,PASIVO,2,4,,,A,0,0
0000000953,2111060302,EMPRESAS PRIVADAS,0000000947,211106,002,PASIVO,2,4,,,A,0,0
0000000954,2111060401,PARTICULARES,0000000947,211106,002,PASIVO,2,4,,,A,0,0
0000000955,2111060402,PARTICULARES,0000000947,211106,002,PASIVO,2,4,,,A,0,0
0000000956,2111060501,BANCOS,0000000947,211106,002,PASIVO,2,4,,,A,0,0
0000000957,2111060502,BANCOS,0000000947,211106,002,PASIVO,2,4,,,A,0,0
0000000958,2111060601,OTRAS ENTIDADES DEL SISTEMA FINANCIERO,0000000947,211106,002,PASIVO,2,4,,,A,0,0
0000000959,2111060602,OTRAS ENTIDADES DEL SISTEMA FINANCIERO,0000000947,211106,002,PASIVO,2,4,,,A,0,0
0000000960,2111060701,DEPÓSITOS POR APLICAR,0000000947,211106,002,PASIVO,2,4,,,A,0,0
0000000961,2111060702,DEPÓSITOS POR APLICAR,0000000947,211106,002,PASIVO,2,4,,,A,0,0
0000000962,2111060801,RETIROS POR APLICAR,0000000947,211106,002,PASIVO,2,4,,,A,0,0
0000000963,2111060802,RETIROS POR APLICAR,0000000947,211106,002,PASIVO,2,4,,,A,0,0
0000000964,2111069901,INTERESES Y OTROS POR PAGAR,0000000947,211106,002,PASIVO,2,4,,,A,0,0
0000002476,211106990101,PROVISION EMPRESAS,0000000964,2111069901,002,PASIVO,2,4,,,A,0,0
0000002477,211106990102,PROVISION PARTICULARES,0000000964,2111069901,002,PASIVO,2,4,,,A,0,0
0000000965,2111069902,INTERESES Y OTROS POR PAGAR,0000000947,211106,002,PASIVO,2,4,,,A,0,0
0000000966,211107,DEPÓSITOS A 180 DÍAS PLAZO,0000000851,2111,002,PASIVO,2,4,,,A,0,0
0000000967,2111070101,BANCO CENTRAL DE RESERVA,0000000966,211107,002,PASIVO,2,4,,,A,0,0
0000000968,2111070102,BANCO CENTRAL DE RESERVA,0000000966,211107,002,PASIVO,2,4,,,A,0,0
0000000969,2111070201,ENTIDADES DEL ESTADO,0000000966,211107,002,PASIVO,2,4,,,A,0,0
0000000970,2111070202,ENTIDADES DEL ESTADO,0000000966,211107,002,PASIVO,2,4,,,A,0,0
0000000971,2111070301,EMPRESAS PRIVADAS,0000000966,211107,002,PASIVO,2,4,,,A,0,0
0000000972,2111070302,EMPRESAS PRIVADAS,0000000966,211107,002,PASIVO,2,4,,,A,0,0
0000000973,2111070401,PARTICULARES,0000000966,211107,002,PASIVO,2,4,,,A,0,0
0000000974,2111070402,PARTICULARES,0000000966,211107,002,PASIVO,2,4,,,A,0,0
0000000975,2111070501,BANCOS,0000000966,211107,002,PASIVO,2,4,,,A,0,0
0000000976,2111070502,BANCOS,0000000966,211107,002,PASIVO,2,4,,,A,0,0
0000000977,2111070601,OTRAS ENTIDADES DEL SISTEMA FINANCIERO,0000000966,211107,002,PASIVO,2,4,,,A,0,0
0000000978,2111070602,OTRAS ENTIDADES DEL SISTEMA FINANCIERO,0000000966,211107,002,PASIVO,2,4,,,A,0,0
0000000979,2111070701,DEPÓSITOS POR APLICAR,0000000966,211107,002,PASIVO,2,4,,,A,0,0
0000000980,2111070702,DEPÓSITOS POR APLICAR,0000000966,211107,002,PASIVO,2,4,,,A,0,0
0000000981,2111070801,RETIROS POR APLICAR,0000000966,211107,002,PASIVO,2,4,,,A,0,0
0000000982,2111070802,RETIROS POR APLICAR,0000000966,211107,002,PASIVO,2,4,,,A,0,0
0000000983,2111079901,INTERESES Y OTROS POR PAGAR,0000000966,211107,002,PASIVO,2,4,,,A,0,0
0000002478,211107990101,PROVISION EMPRESA,0000000983,2111079901,002,PASIVO,2,4,,,A,0,0
0000002479,211107990102,PROVISION PARTICULARES,0000000983,2111079901,002,PASIVO,2,4,,,A,0,0
0000000984,2111079902,INTERESES Y OTROS POR PAGAR,0000000966,211107,002,PASIVO,2,4,,,A,0,0
0000000985,211108,DEPÓSITOS PACTADOS A MAS DE 180 DÍAS PLAZO,0000000851,2111,002,PASIVO,2,4,,,A,0,0
0000000986,2111080101,BANCO CENTRAL DE RESERVA,0000000985,211108,002,PASIVO,2,4,,,A,0,0
0000000987,2111080102,BANCO CENTRAL DE RESERVA,0000000985,211108,002,PASIVO,2,4,,,A,0,0
0000000988,2111080201,ENTIDADES DEL ESTADO,0000000985,211108,002,PASIVO,2,4,,,A,0,0
0000000989,2111080202,ENTIDADES DEL ESTADO,0000000985,211108,002,PASIVO,2,4,,,A,0,0
0000000990,2111080301,EMPRESAS PRIVADAS,0000000985,211108,002,PASIVO,2,4,,,A,0,0
0000000991,2111080302,EMPRESAS PRIVADAS,0000000985,211108,002,PASIVO,2,4,,,A,0,0
0000000992,2111080401,PARTICULARES,0000000985,211108,002,PASIVO,2,4,,,A,0,0
0000000993,2111080402,PARTICULARES,0000000985,211108,002,PASIVO,2,4,,,A,0,0
0000000994,2111080501,BANCOS,0000000985,211108,002,PASIVO,2,4,,,A,0,0
0000000995,2111080502,BANCOS,0000000985,211108,002,PASIVO,2,4,,,A,0,0
0000000996,2111080601,OTRAS ENTIDADES DEL SISTEMA FINANCIERO,0000000985,211108,002,PASIVO,2,4,,,A,0,0
0000000997,2111080602,OTRAS ENTIDADES DEL SISTEMA FINANCIERO,0000000985,211108,002,PASIVO,2,4,,,A,0,0
0000000998,2111080701,DEPÓSITOS POR APLICAR,0000000985,211108,002,PASIVO,2,4,,,A,0,0
0000000999,2111080702,DEPÓSITOS POR APLICAR,0000000985,211108,002,PASIVO,2,4,,,A,0,0
0000001000,2111080801,RETIROS POR APLICAR,0000000985,211108,002,PASIVO,2,4,,,A,0,0
0000001001,2111080802,RETIROS POR APLICAR,0000000985,211108,002,PASIVO,2,4,,,A,0,0
0000001002,2111089901,INTERESES Y OTROS POR PAGAR,0000000985,211108,002,PASIVO,2,4,,,A,0,0
0000002480,211108990101,PROVISION EMPRESA,0000001002,2111089901,002,PASIVO,2,4,,,A,0,0
0000002481,211108990102,PROVISION PARTICULARES,0000001002,2111089901,002,PASIVO,2,4,,,A,0,0
0000001003,2111089902,INTERESES Y OTROS POR PAGAR,0000000985,211108,002,PASIVO,2,4,,,A,0,0
0000001004,211113,DEPÓSITOS A 360 DÍAS PLAZO,0000000851,2111,002,PASIVO,2,4,,,A,0,0
0000001005,2111130101,BANCO CENTRAL DE RESERVA,0000001004,211113,002,PASIVO,2,4,,,A,0,0
0000001006,2111130102,BANCO CENTRAL DE RESERVA,0000001004,211113,002,PASIVO,2,4,,,A,0,0
0000001007,2111130201,ENTIDADES DEL ESTADO,0000001004,211113,002,PASIVO,2,4,,,A,0,0
0000001008,2111130202,ENTIDADES DEL ESTADO,0000001004,211113,002,PASIVO,2,4,,,A,0,0
0000001009,2111130301,EMPRESAS PRIVADAS,0000001004,211113,002,PASIVO,2,4,,,A,0,0
0000002482,211113030101,PROVISION EMPRESA,0000001009,2111130301,002,PASIVO,2,4,,,A,0,0
0000002483,211113030102,PROVISION PARTICULARES,0000001009,2111130301,002,PASIVO,2,4,,,A,0,0
0000001010,2111130302,EMPRESAS PRIVADAS,0000001004,211113,002,PASIVO,2,4,,,A,0,0
0000001011,2111130401,PARTICULARES,0000001004,211113,002,PASIVO,2,4,,,A,0,0
0000001012,2111130402,PARTICULARES,0000001004,211113,002,PASIVO,2,4,,,A,0,0
0000001013,2111130501,BANCOS,0000001004,211113,002,PASIVO,2,4,,,A,0,0
0000001014,2111130502,BANCOS,0000001004,211113,002,PASIVO,2,4,,,A,0,0
0000001015,2111130601,OTRAS ENTIDADES DEL SISTEMA FINANCIERO,0000001004,211113,002,PASIVO,2,4,,,A,0,0
0000001016,2111130602,OTRAS ENTIDADES DEL SISTEMA FINANCIERO,0000001004,211113,002,PASIVO,2,4,,,A,0,0
0000001017,2111130701,DEPÓSITOS POR APLICAR,0000001004,211113,002,PASIVO,2,4,,,A,0,0
0000001018,2111130702,DEPÓSITOS POR APLICAR,0000001004,211113,002,PASIVO,2,4,,,A,0,0
0000001019,2111130801,RETIROS POR APLICAR,0000001004,211113,002,PASIVO,2,4,,,A,0,0
0000001020,2111130802,RETIROS POR APLICAR,0000001004,211113,002,PASIVO,2,4,,,A,0,0
0000001021,2111139901,INTERESES Y OTROS POR PAGAR,0000001004,211113,002,PASIVO,2,4,,,A,0,0
0000002486,211113990101,PROVISION EMPRESA ,0000001021,2111139901,002,PASIVO,2,4,,,A,0,0
0000002487,211113990102,PROVISION PARTICULARES,0000001021,2111139901,002,PASIVO,2,4,,,A,0,0
0000001022,2111139902,INTERESES Y OTROS POR PAGAR,0000001004,211113,002,PASIVO,2,4,,,A,0,0
0000001023,211114,DEPÓSITOS DE AHORRO PROGRAMADO,0000000851,2111,002,PASIVO,2,4,,,A,0,0
0000001024,2111140101,BANCO CENTRAL DE RESERVA,0000001023,211114,002,PASIVO,2,4,,,A,0,0
0000001025,2111140102,BANCO CENTRAL DE RESERVA,0000001023,211114,002,PASIVO,2,4,,,A,0,0
0000001026,2111140201,ENTIDADES DEL ESTADO,0000001023,211114,002,PASIVO,2,4,,,A,0,0
0000001027,2111140202,ENTIDADES DEL ESTADO,0000001023,211114,002,PASIVO,2,4,,,A,0,0
0000001028,2111140301,EMPRESAS PRIVADAS,0000001023,211114,002,PASIVO,2,4,,,A,0,0
0000002459,211114030101,CAPITAL AHORRO PROGRAMADO,0000001028,2111140301,002,PASIVO,2,4,,,A,0,0
0000001029,2111140302,EMPRESAS PRIVADAS,0000001023,211114,002,PASIVO,2,4,,,A,0,0
0000001030,2111140401,PARTICULARES,0000001023,211114,002,PASIVO,2,4,,,A,0,0
0000002465,211114040101,CAPITAL PARTICULARES,0000001030,2111140401,002,PASIVO,2,4,,,A,0,0
0000001031,2111140402,PARTICULARES,0000001023,211114,002,PASIVO,2,4,,,A,0,0
0000001032,2111140501,BANCOS,0000001023,211114,002,PASIVO,2,4,,,A,0,0
0000001033,2111140502,BANCOS,0000001023,211114,002,PASIVO,2,4,,,A,0,0
0000001034,2111140601,OTRAS ENTIDADES DEL SISTEMA FINANCIERO,0000001023,211114,002,PASIVO,2,4,,,A,0,0
0000001035,2111140602,OTRAS ENTIDADES DEL SISTEMA FINANCIERO,0000001023,211114,002,PASIVO,2,4,,,A,0,0
0000001036,2111140701,DEPÓSITOS POR APLICAR,0000001023,211114,002,PASIVO,2,4,,,A,0,0
0000001037,2111140702,DEPÓSITOS POR APLICAR,0000001023,211114,002,PASIVO,2,4,,,A,0,0
0000001038,2111140801,RETIROS POR APLICAR,0000001023,211114,002,PASIVO,2,4,,,A,0,0
0000001039,2111140802,RETIROS POR APLICAR,0000001023,211114,002,PASIVO,2,4,,,A,0,0
0000001040,2111149901,INTERESES Y OTROS POR PAGAR,0000001023,211114,002,PASIVO,2,4,,,A,0,0
0000002460,211114990101,PROVISION EMPRESA,0000001040,2111149901,002,PASIVO,2,4,,,A,0,0
0000002461,211114990102,PROVISION PARTICULARES,0000001040,2111149901,002,PASIVO,2,4,,,A,0,0
0000001041,2111149902,INTERESES Y OTROS POR PAGAR,0000001023,211114,002,PASIVO,2,4,,,A,0,0
0000001042,2112,DEPÓSITOS PACTADOS A MÁS DE UN AÑO PLAZO,0000000808,211,002,PASIVO,2,4,,,A,1,1
0000001043,211201,DEPÓSITOS A PLAZO,0000001042,2112,002,PASIVO,2,4,,,A,0,0
0000001044,2112010101,BANCO CENTRAL DE RESERVA,0000001043,211201,002,PASIVO,2,4,,,A,0,0
0000001045,2112010102,BANCO CENTRAL DE RESERVA,0000001043,211201,002,PASIVO,2,4,,,A,0,0
0000001046,2112010201,ENTIDADES DEL ESTADO,0000001043,211201,002,PASIVO,2,4,,,A,0,0
0000001047,2112010202,ENTIDADES DEL ESTADO,0000001043,211201,002,PASIVO,2,4,,,A,0,0
0000001048,2112010301,EMPRESAS PRIVADAS,0000001043,211201,002,PASIVO,2,4,,,A,0,0
0000001049,2112010302,EMPRESAS PRIVADAS,0000001043,211201,002,PASIVO,2,4,,,A,0,0
0000001050,2112010401,PARTICULARES,0000001043,211201,002,PASIVO,2,4,,,A,0,0
0000001051,2112010402,PARTICULARES,0000001043,211201,002,PASIVO,2,4,,,A,0,0
0000001052,2112010501,BANCOS,0000001043,211201,002,PASIVO,2,4,,,A,0,0
0000001053,2112010502,BANCOS,0000001043,211201,002,PASIVO,2,4,,,A,0,0
0000001054,2112010601,OTRAS ENTIDADES DEL SISTEMA FINANCIERO,0000001043,211201,002,PASIVO,2,4,,,A,0,0
0000001055,2112010602,OTRAS ENTIDADES DEL SISTEMA FINANCIERO,0000001043,211201,002,PASIVO,2,4,,,A,0,0
0000001056,2112010701,DEPÓSITOS POR APLICAR,0000001043,211201,002,PASIVO,2,4,,,A,0,0
0000001057,2112010702,DEPÓSITOS POR APLICAR,0000001043,211201,002,PASIVO,2,4,,,A,0,0
0000001058,2112010801,RETIROS POR APLICAR,0000001043,211201,002,PASIVO,2,4,,,A,0,0
0000001059,2112010802,RETIROS POR APLICAR,0000001043,211201,002,PASIVO,2,4,,,A,0,0
0000001060,2112019901,INTERESES Y OTROS POR PAGAR,0000001043,211201,002,PASIVO,2,4,,,A,0,0
0000002484,211201990101,PROVISION EMPRESA,0000001060,2112019901,002,PASIVO,2,4,,,A,0,0
0000002485,211201990102,PROVISION PARTICULARES,0000001060,2112019901,002,PASIVO,2,4,,,A,0,0
0000001061,2112019902,INTERESES Y OTROS POR PAGAR,0000001043,211201,002,PASIVO,2,4,,,A,0,0
0000001062,211202,DEPOSITOS A PLAZO CON RESERVA LIQUIDEZ ESPECIAL,0000001042,2112,002,PASIVO,2,4,,,A,0,0
0000001063,2112020101,BANCO CENTRAL DE RESERVA,0000001062,211202,002,PASIVO,2,4,,,A,0,0
0000001064,2112020102,BANCO CENTRAL DE RESERVA,0000001062,211202,002,PASIVO,2,4,,,A,0,0
0000001065,2112020201,ENTIDADES DEL ESTADO,0000001062,211202,002,PASIVO,2,4,,,A,0,0
0000001066,2112020202,ENTIDADES DEL ESTADO,0000001062,211202,002,PASIVO,2,4,,,A,0,0
0000001067,2112020301,EMPRESAS PRIVADAS,0000001062,211202,002,PASIVO,2,4,,,A,0,0
0000001068,2112020302,EMPRESAS PRIVADAS,0000001062,211202,002,PASIVO,2,4,,,A,0,0
0000001069,2112020401,PARTICULARES,0000001062,211202,002,PASIVO,2,4,,,A,0,0
0000001070,2112020402,PARTICULARES,0000001062,211202,002,PASIVO,2,4,,,A,0,0
0000001071,2112020501,BANCOS,0000001062,211202,002,PASIVO,2,4,,,A,0,0
0000001072,2112020502,BANCOS,0000001062,211202,002,PASIVO,2,4,,,A,0,0
0000001073,2112020601,OTRAS ENTIDADES DEL SISTEMA FINANCIERO,0000001062,211202,002,PASIVO,2,4,,,A,0,0
0000001074,2112020602,OTRAS ENTIDADES DEL SISTEMA FINANCIERO,0000001062,211202,002,PASIVO,2,4,,,A,0,0
0000001075,2112020701,DEPÓSITOS POR APLICAR,0000001062,211202,002,PASIVO,2,4,,,A,0,0
0000001076,2112020702,DEPÓSITOS POR APLICAR,0000001062,211202,002,PASIVO,2,4,,,A,0,0
0000001077,2112020801,RETIROS POR APLICAR,0000001062,211202,002,PASIVO,2,4,,,A,0,0
0000001078,2112020802,RETIROS POR APLICAR,0000001062,211202,002,PASIVO,2,4,,,A,0,0
0000001079,2112029901,INTERESES Y OTROS POR PAGAR,0000001062,211202,002,PASIVO,2,4,,,A,0,0
0000001080,2112029902,INTERESES Y OTROS POR PAGAR,0000001062,211202,002,PASIVO,2,4,,,A,0,0
0000001081,211204,DEPÓSITOS DE AHORRO PROGRAMADO,0000001042,2112,002,PASIVO,2,4,,,A,0,0
0000001082,2112040101,BANCO CENTRAL DE RESERVA,0000001081,211204,002,PASIVO,2,4,,,A,0,0
0000001083,2112040102,BANCO CENTRAL DE RESERVA,0000001081,211204,002,PASIVO,2,4,,,A,0,0
0000001084,2112040201,ENTIDADES DEL ESTADO,0000001081,211204,002,PASIVO,2,4,,,A,0,0
0000001085,2112040202,ENTIDADES DEL ESTADO,0000001081,211204,002,PASIVO,2,4,,,A,0,0
0000001086,2112040301,EMPRESAS PRIVADAS,0000001081,211204,002,PASIVO,2,4,,,A,0,0
0000002464,211204030101,CAPITAL EMPRESAS,0000001086,2112040301,002,PASIVO,2,4,,,A,0,0
0000001087,2112040302,EMPRESAS PRIVADAS,0000001081,211204,002,PASIVO,2,4,,,A,0,0
0000001088,2112040401,PARTICULARES,0000001081,211204,002,PASIVO,2,4,,,A,0,0
0000002462,211204040101,CAPITAL PARTICULARES,0000001088,2112040401,002,PASIVO,2,4,,,A,0,0
0000001089,2112040402,PARTICULARES,0000001081,211204,002,PASIVO,2,4,,,A,0,0
0000001090,2112040501,BANCOS,0000001081,211204,002,PASIVO,2,4,,,A,0,0
0000001091,2112040502,BANCOS,0000001081,211204,002,PASIVO,2,4,,,A,0,0
0000001092,2112040601,OTRAS ENTIDADES DEL SISTEMA FINANCIERO,0000001081,211204,002,PASIVO,2,4,,,A,0,0
0000001093,2112040602,OTRAS ENTIDADES DEL SISTEMA FINANCIERO,0000001081,211204,002,PASIVO,2,4,,,A,0,0
0000001094,2112040701,DEPÓSITOS POR APLICAR,0000001081,211204,002,PASIVO,2,4,,,A,0,0
0000001095,2112040702,DEPÓSITOS POR APLICAR,0000001081,211204,002,PASIVO,2,4,,,A,0,0
0000001096,2112040801,RETIROS POR APLICAR,0000001081,211204,002,PASIVO,2,4,,,A,0,0
0000001097,2112040802,RETIROS POR APLICAR,0000001081,211204,002,PASIVO,2,4,,,A,0,0
0000001098,2112049901,INTERESES Y OTROS POR PAGAR,0000001081,211204,002,PASIVO,2,4,,,A,0,0
0000002466,211204990101,EMPRESA PRIVADA- AHORRO PROGRAMADO,0000001098,2112049901,002,PASIVO,2,4,,,A,0,0
0000002467,211204990102,PARTICULARES - AHORRO PROGRAMADO,0000001098,2112049901,002,PASIVO,2,4,,,A,0,0
0000001099,2112049902,INTERESES Y OTROS POR PAGAR,0000001081,211204,002,PASIVO,2,4,,,A,0,0
0000001100,2114,DEPÓSITOS RESTRINGIDOS E INACTIVOS,0000000808,211,002,PASIVO,2,4,,,A,1,1
0000001101,211401,DEPÓSITOS EN GARANTÍA - CUENTA DE AHORRO,0000001100,2114,002,PASIVO,2,4,,,A,0,0
0000001102,2114010101,BANCO CENTRAL DE RESERVA,0000001101,211401,002,PASIVO,2,4,,,A,0,0
0000001103,2114010102,BANCO CENTRAL DE RESERVA,0000001101,211401,002,PASIVO,2,4,,,A,0,0
0000001104,2114010201,ENTIDADES DEL ESTADO,0000001101,211401,002,PASIVO,2,4,,,A,0,0
0000001105,2114010202,ENTIDADES DEL ESTADO,0000001101,211401,002,PASIVO,2,4,,,A,0,0
0000001106,2114010301,EMPRESAS PRIVADAS,0000001101,211401,002,PASIVO,2,4,,,A,0,0
0000001107,2114010302,EMPRESAS PRIVADAS,0000001101,211401,002,PASIVO,2,4,,,A,0,0
0000001108,2114010401,PARTICULARES,0000001101,211401,002,PASIVO,2,4,,,A,0,0
0000001109,2114010402,PARTICULARES,0000001101,211401,002,PASIVO,2,4,,,A,0,0
0000001110,2114010501,BANCOS,0000001101,211401,002,PASIVO,2,4,,,A,0,0
0000001111,2114010502,BANCOS,0000001101,211401,002,PASIVO,2,4,,,A,0,0
0000001112,2114010601,OTRAS ENTIDADES DEL SISTEMA FINANCIERO,0000001101,211401,002,PASIVO,2,4,,,A,0,0
0000001113,2114010602,OTRAS ENTIDADES DEL SISTEMA FINANCIERO,0000001101,211401,002,PASIVO,2,4,,,A,0,0
0000001114,2114019901,INTERESES Y OTROS POR PAGAR,0000001101,211401,002,PASIVO,2,4,,,A,0,0
0000001115,2114019902,INTERESES Y OTROS POR PAGAR,0000001101,211401,002,PASIVO,2,4,,,A,0,0
0000001116,211402,DEPÓSITOS EN GARANTÍA - A PLAZO,0000001100,2114,002,PASIVO,2,4,,,A,0,0
0000001117,2114020101,BANCO CENTRAL DE RESERVA,0000001116,211402,002,PASIVO,2,4,,,A,0,0
0000001118,2114020102,BANCO CENTRAL DE RESERVA,0000001116,211402,002,PASIVO,2,4,,,A,0,0
0000001119,2114020201,ENTIDADES DEL ESTADO,0000001116,211402,002,PASIVO,2,4,,,A,0,0
0000001120,2114020202,ENTIDADES DEL ESTADO,0000001116,211402,002,PASIVO,2,4,,,A,0,0
0000001121,2114020301,EMPRESAS PRIVADAS,0000001116,211402,002,PASIVO,2,4,,,A,0,0
0000001122,2114020302,EMPRESAS PRIVADAS,0000001116,211402,002,PASIVO,2,4,,,A,0,0
0000001123,2114020401,PARTICULARES,0000001116,211402,002,PASIVO,2,4,,,A,0,0
0000001124,2114020402,PARTICULARES,0000001116,211402,002,PASIVO,2,4,,,A,0,0
0000001125,2114020501,BANCOS,0000001116,211402,002,PASIVO,2,4,,,A,0,0
0000001126,2114020502,BANCOS,0000001116,211402,002,PASIVO,2,4,,,A,0,0
0000001127,2114020601,OTRAS ENTIDADES DEL SISTEMA FINANCIERO,0000001116,211402,002,PASIVO,2,4,,,A,0,0
0000001128,2114020602,OTRAS ENTIDADES DEL SISTEMA FINANCIERO,0000001116,211402,002,PASIVO,2,4,,,A,0,0
0000001129,2114029901,INTERESES Y OTROS POR PAGAR,0000001116,211402,002,PASIVO,2,4,,,A,0,0
0000001130,2114029902,INTERESES Y OTROS POR PAGAR,0000001116,211402,002,PASIVO,2,4,,,A,0,0
0000001131,211403,DEPÓSITOS EMBARGADOS - CUENTA CORRIENTE,0000001100,2114,002,PASIVO,2,4,,,A,0,0
0000001132,2114030101,BANCO CENTRAL DE RESERVA,0000001131,211403,002,PASIVO,2,4,,,A,0,0
0000001133,2114030102,BANCO CENTRAL DE RESERVA,0000001131,211403,002,PASIVO,2,4,,,A,0,0
0000001134,2114030201,ENTIDADES DEL ESTADO,0000001131,211403,002,PASIVO,2,4,,,A,0,0
0000001135,2114030202,ENTIDADES DEL ESTADO,0000001131,211403,002,PASIVO,2,4,,,A,0,0
0000001136,2114030301,EMPRESAS PRIVADAS,0000001131,211403,002,PASIVO,2,4,,,A,0,0
0000001137,2114030302,EMPRESAS PRIVADAS,0000001131,211403,002,PASIVO,2,4,,,A,0,0
0000001138,2114030401,PARTICULARES,0000001131,211403,002,PASIVO,2,4,,,A,0,0
0000001139,2114030402,PARTICULARES,0000001131,211403,002,PASIVO,2,4,,,A,0,0
0000001140,2114030501,BANCOS,0000001131,211403,002,PASIVO,2,4,,,A,0,0
0000001141,2114030502,BANCOS,0000001131,211403,002,PASIVO,2,4,,,A,0,0
0000001142,2114030601,OTRAS ENTIDADES DEL SISTEMA FINANCIERO,0000001131,211403,002,PASIVO,2,4,,,A,0,0
0000001143,2114030602,OTRAS ENTIDADES DEL SISTEMA FINANCIERO,0000001131,211403,002,PASIVO,2,4,,,A,0,0
0000001144,2114039901,INTERESES Y OTROS POR PAGAR,0000001131,211403,002,PASIVO,2,4,,,A,0,0
0000001145,2114039902,INTERESES Y OTROS POR PAGAR,0000001131,211403,002,PASIVO,2,4,,,A,0,0
0000001146,211404,DEPÓSITOS EMBARGADOS - CUENTA DE AHORRO,0000001100,2114,002,PASIVO,2,4,,,A,0,0
0000001147,2114040101,BANCO CENTRAL DE RESERVA,0000001146,211404,002,PASIVO,2,4,,,A,0,0
0000001148,2114040102,BANCO CENTRAL DE RESERVA,0000001146,211404,002,PASIVO,2,4,,,A,0,0
0000001149,2114040201,ENTIDADES DEL ESTADO,0000001146,211404,002,PASIVO,2,4,,,A,0,0
0000001150,2114040202,ENTIDADES DEL ESTADO,0000001146,211404,002,PASIVO,2,4,,,A,0,0
0000001151,2114040301,EMPRESAS PRIVADAS,0000001146,211404,002,PASIVO,2,4,,,A,0,0
0000001152,2114040302,EMPRESAS PRIVADAS,0000001146,211404,002,PASIVO,2,4,,,A,0,0
0000001153,2114040401,PARTICULARES,0000001146,211404,002,PASIVO,2,4,,,A,0,0
0000001154,2114040402,PARTICULARES,0000001146,211404,002,PASIVO,2,4,,,A,0,0
0000001155,2114040501,BANCOS,0000001146,211404,002,PASIVO,2,4,,,A,0,0
0000001156,2114040502,BANCOS,0000001146,211404,002,PASIVO,2,4,,,A,0,0
0000001157,2114040601,OTRAS ENTIDADES DEL SISTEMA FINANCIERO,0000001146,211404,002,PASIVO,2,4,,,A,0,0
0000001158,2114040602,OTRAS ENTIDADES DEL SISTEMA FINANCIERO,0000001146,211404,002,PASIVO,2,4,,,A,0,0
0000001159,2114049901,INTERESES Y OTROS POR PAGAR,0000001146,211404,002,PASIVO,2,4,,,A,0,0
0000001160,2114049902,INTERESES Y OTROS POR PAGAR,0000001146,211404,002,PASIVO,2,4,,,A,0,0
0000001161,211405,DEPOSITOS EMBARGADOS - DEPOSITOS A PLAZO,0000001100,2114,002,PASIVO,2,4,,,A,0,0
0000001162,2114050101,BANCO CENTRAL DE RESERVA,0000001161,211405,002,PASIVO,2,4,,,A,0,0
0000001163,2114050102,BANCO CENTRAL DE RESERVA,0000001161,211405,002,PASIVO,2,4,,,A,0,0
0000001164,2114050201,ENTIDADES DEL ESTADO,0000001161,211405,002,PASIVO,2,4,,,A,0,0
0000001165,2114050202,ENTIDADES DEL ESTADO,0000001161,211405,002,PASIVO,2,4,,,A,0,0
0000001166,2114050301,EMPRESAS PRIVADAS,0000001161,211405,002,PASIVO,2,4,,,A,0,0
0000001167,2114050302,EMPRESAS PRIVADAS,0000001161,211405,002,PASIVO,2,4,,,A,0,0
0000001168,2114050401,PARTICULARES,0000001161,211405,002,PASIVO,2,4,,,A,0,0
0000001169,2114050402,PARTICULARES,0000001161,211405,002,PASIVO,2,4,,,A,0,0
0000001170,2114050501,BANCOS,0000001161,211405,002,PASIVO,2,4,,,A,0,0
0000001171,2114050502,BANCOS,0000001161,211405,002,PASIVO,2,4,,,A,0,0
0000001172,2114050601,OTRAS ENTIDADES DEL SISTEMA FINANCIERO,0000001161,211405,002,PASIVO,2,4,,,A,0,0
0000001173,2114050602,OTRAS ENTIDADES DEL SISTEMA FINANCIERO,0000001161,211405,002,PASIVO,2,4,,,A,0,0
0000001174,2114059901,INTERESES Y OTROS POR PAGAR,0000001161,211405,002,PASIVO,2,4,,,A,0,0
0000001175,2114059902,INTERESES Y OTROS POR PAGAR,0000001161,211405,002,PASIVO,2,4,,,A,0,0
0000001176,211406,DEPOSITOS INACTIVOS - CUENTAS CORRIENTES,0000001100,2114,002,PASIVO,2,4,,,A,0,0
0000001177,2114060101,BANCO CENTRAL DE RESERVA,0000001176,211406,002,PASIVO,2,4,,,A,0,0
0000001178,2114060102,BANCO CENTRAL DE RESERVA,0000001176,211406,002,PASIVO,2,4,,,A,0,0
0000001179,2114060201,ENTIDADES DEL ESTADO,0000001176,211406,002,PASIVO,2,4,,,A,0,0
0000001180,2114060202,ENTIDADES DEL ESTADO,0000001176,211406,002,PASIVO,2,4,,,A,0,0
0000001181,2114060301,EMPRESAS PRIVADAS,0000001176,211406,002,PASIVO,2,4,,,A,0,0
0000001182,2114060302,EMPRESAS PRIVADAS,0000001176,211406,002,PASIVO,2,4,,,A,0,0
0000001183,2114060401,PARTICULARES,0000001176,211406,002,PASIVO,2,4,,,A,0,0
0000001184,2114060402,PARTICULARES,0000001176,211406,002,PASIVO,2,4,,,A,0,0
0000001185,2114060501,BANCOS,0000001176,211406,002,PASIVO,2,4,,,A,0,0
0000001186,2114060502,BANCOS,0000001176,211406,002,PASIVO,2,4,,,A,0,0
0000001187,2114060601,OTRAS ENTIDADES DEL SISTEMA FINANCIERO,0000001176,211406,002,PASIVO,2,4,,,A,0,0
0000001188,2114060602,OTRAS ENTIDADES DEL SISTEMA FINANCIERO,0000001176,211406,002,PASIVO,2,4,,,A,0,0
0000001189,2114069901,INTERESES Y OTROS POR PAGAR,0000001176,211406,002,PASIVO,2,4,,,A,0,0
0000001190,2114069902,INTERESES Y OTROS POR PAGAR,0000001176,211406,002,PASIVO,2,4,,,A,0,0
0000001191,211407,DEPÓSITOS INACTIVOS – AHORROS,0000001100,2114,002,PASIVO,2,4,,,A,0,0
0000001192,2114070101,BANCO CENTRAL DE RESERVA,0000001191,211407,002,PASIVO,2,4,,,A,0,0
0000001193,2114070102,BANCO CENTRAL DE RESERVA,0000001191,211407,002,PASIVO,2,4,,,A,0,0
0000001194,2114070201,ENTIDADES DEL ESTADO,0000001191,211407,002,PASIVO,2,4,,,A,0,0
0000001195,2114070202,ENTIDADES DEL ESTADO,0000001191,211407,002,PASIVO,2,4,,,A,0,0
0000001196,2114070301,EMPRESAS PRIVADAS,0000001191,211407,002,PASIVO,2,4,,,A,0,0
0000001197,2114070302,EMPRESAS PRIVADAS,0000001191,211407,002,PASIVO,2,4,,,A,0,0
0000001198,2114070401,PARTICULARES,0000001191,211407,002,PASIVO,2,4,,,A,0,0
0000001199,2114070402,PARTICULARES,0000001191,211407,002,PASIVO,2,4,,,A,0,0
0000001200,2114070501,BANCOS,0000001191,211407,002,PASIVO,2,4,,,A,0,0
0000001201,2114070502,BANCOS,0000001191,211407,002,PASIVO,2,4,,,A,0,0
0000001202,2114070601,OTRAS ENTIDADES DEL SISTEMA FINANCIERO,0000001191,211407,002,PASIVO,2,4,,,A,0,0
0000001203,2114070602,OTRAS ENTIDADES DEL SISTEMA FINANCIERO,0000001191,211407,002,PASIVO,2,4,,,A,0,0
0000001204,2114079901,INTERESES Y OTROS POR PAGAR,0000001191,211407,002,PASIVO,2,4,,,A,0,0
0000001205,2114079902,INTERESES Y OTROS POR PAGAR,0000001191,211407,002,PASIVO,2,4,,,A,0,0
0000001206,211408,DEPÓSITOS EN GARANTIA - CUENTA DE AHORRO SIMPLIFICADA,0000001100,2114,002,PASIVO,2,4,,,A,0,0
0000001207,2114080101,PARTICULARES,0000001206,211408,002,PASIVO,2,4,,,A,0,0
0000001208,2114089901,INTERESES Y OTROS POR PAGAR,0000001206,211408,002,PASIVO,2,4,,,A,0,0
0000001209,211409,DEPÓSITOS EMBARGADOS - CUENTA DE AHORRO SIMPLIFICADA,0000001100,2114,002,PASIVO,2,4,,,A,0,0
0000001210,2114090101,PARTICULARES,0000001209,211409,002,PASIVO,2,4,,,A,0,0
0000001211,2114099901,INTERESES Y OTROS POR PAGAR,0000001209,211409,002,PASIVO,2,4,,,A,0,0
0000001212,211410,DEPÓSITOS INACTIVOS - CUENTA DE AHORRO SIMPLIFICADA,0000001100,2114,002,PASIVO,2,4,,,A,0,0
0000001213,2114100101,PARTICULARES,0000001212,211410,002,PASIVO,2,4,,,A,0,0
0000001214,2114109901,INTERESES Y OTROS POR PAGAR,0000001212,211410,002,PASIVO,2,4,,,A,0,0
0000001215,212,PRÉSTAMOS,0000000807,21,002,PASIVO,2,4,,,A,0,0
0000001216,2121,PRÉSTAMOS PACTADOS HASTA UN AÑO PLAZO,0000001215,212,002,PASIVO,2,4,,,A,1,1
0000001217,212102,ADEUDADO A ENTIDADES DEL ESTADO,0000001216,2121,002,PASIVO,2,4,,,A,0,0
0000001218,2121020101,PARA PRESTAR A TERCEROS,0000001217,212102,002,PASIVO,2,4,,,A,0,0
0000001219,2121020102,PARA PRESTAR A TERCEROS,0000001217,212102,002,PASIVO,2,4,,,A,0,0
0000001220,2121029901,INTERESES Y OTROS POR PAGAR,0000001217,212102,002,PASIVO,2,4,,,A,0,0
0000001221,2121029902,INTERESES Y OTROS POR PAGAR,0000001217,212102,002,PASIVO,2,4,,,A,0,0
0000001222,212103,ADEUDADO AL INSTITUTO DE GARANTÍA DE DEPÓSITOS,0000001216,2121,002,PASIVO,2,4,,,A,0,0
0000001223,2121030100,PRÉSTAMOS CONVERTIBLES EN ACCIONES,0000001222,212103,002,PASIVO,2,4,,,A,0,0
0000001224,2121030200,PRÉSTAMOS PARA CUBRIR SITUACIONES DE INSOLVENCIA,0000001222,212103,002,PASIVO,2,4,,,A,0,0
0000001225,212105,ADEUDADO A BANCOS,0000001216,2121,002,PASIVO,2,4,,,A,0,0
0000001226,2121050101,PARA CUBRIR DÉFICIT DE CAJA – ML,0000001225,212105,002,PASIVO,2,4,,,A,0,0
0000001227,2121050102,PARA CUBRIR DÉFICIT DE CAJA – ME,0000001225,212105,002,PASIVO,2,4,,,A,0,0
0000001228,2121059901,INTERESES Y OTROS POR PAGAR – ML,0000001225,212105,002,PASIVO,2,4,,,A,0,0
0000001229,2121059902,INTERESES Y OTROS POR PAGAR – ME,0000001225,212105,002,PASIVO,2,4,,,A,0,0
0000001230,212106,ADEUDADO A OTRAS ENTIDADES DEL SISTEMA FINANCIERO,0000001216,2121,002,PASIVO,2,4,,,A,0,0
0000001231,2121060101,A COOPERATIVAS,0000001230,212106,002,PASIVO,2,4,,,A,0,0
0000001232,2121060102,A COOPERATIVAS,0000001230,212106,002,PASIVO,2,4,,,A,0,0
0000001233,2121060201,A BANCOS DE LOS TRABAJADORES,0000001230,212106,002,PASIVO,2,4,,,A,0,0
0000001234,2121060202,A BANCOS DE LOS TRABAJADORES,0000001230,212106,002,PASIVO,2,4,,,A,0,0
0000001235,2121060301,A SOCIEDADES DE AHORRO Y CRÉDITO,0000001230,212106,002,PASIVO,2,4,,,A,0,0
0000001236,2121060302,A SOCIEDADES DE AHORRO Y CRÉDITO,0000001230,212106,002,PASIVO,2,4,,,A,0,0
0000001237,2121060401,A CAJAS DE CRÉDITO RURALES,0000001230,212106,002,PASIVO,2,4,,,A,0,0
0000001238,2121060402,A CAJAS DE CRÉDITO RURALES,0000001230,212106,002,PASIVO,2,4,,,A,0,0
0000001239,2121060501,ELIMINADA,0000001230,212106,002,PASIVO,2,4,,,A,0,0
0000001240,2121060502,ELIMINADA,0000001230,212106,002,PASIVO,2,4,,,A,0,0
0000001241,2121060601,A FEDERACIONES,0000001230,212106,002,PASIVO,2,4,,,A,0,0
0000001242,2121060602,A FEDERACIONES,0000001230,212106,002,PASIVO,2,4,,,A,0,0
0000001243,2121060701,BANCOS,0000001230,212106,002,PASIVO,2,4,,,A,0,0
0000001244,2121060702,BANCOS,0000001230,212106,002,PASIVO,2,4,,,A,0,0
0000001245,2121069101,OTROS,0000001230,212106,002,PASIVO,2,4,,,A,0,0
0000001246,2121069102,OTROS,0000001230,212106,002,PASIVO,2,4,,,A,0,0
0000001247,2121069901,INTERESES Y OTROS POR PAGAR,0000001230,212106,002,PASIVO,2,4,,,A,0,0
0000001248,2121069902,INTERESES Y OTROS POR PAGAR,0000001230,212106,002,PASIVO,2,4,,,A,0,0
0000001249,212107,ADEUDADO AL BMI PARA PRESTAR A TERCEROS,0000001216,2121,002,PASIVO,2,4,,,A,0,0
0000001250,2121070101,PARA PRESTAR A TERCEROS,0000001249,212107,002,PASIVO,2,4,,,A,0,0
0000001251,2121070102,PARA PRESTAR A TERCEROS,0000001249,212107,002,PASIVO,2,4,,,A,0,0
0000001252,2121079901,INTERESES Y OTROS POR PAGAR,0000001249,212107,002,PASIVO,2,4,,,A,0,0
0000001253,2121079902,INTERESES Y OTROS POR PAGAR,0000001249,212107,002,PASIVO,2,4,,,A,0,0
0000001254,212108,ADEUDADO A ENTIDADES EXTRANJERAS,0000001216,2121,002,PASIVO,2,4,,,A,0,0
0000001255,2121080201,ADEUDADO A BANCOS EXTRANJEROS POR LÍNEAS DE CRÉDITO,0000001254,212108,002,PASIVO,2,4,,,A,0,0
0000001256,2121080202,ADEUDADO A BANCOS EXTRANJEROS POR LÍNEAS DE CRÉDITO,0000001254,212108,002,PASIVO,2,4,,,A,0,0
0000001257,2121080301,ADEUDADO A BANCOS EXTRANJEROS - OTROS,0000001254,212108,002,PASIVO,2,4,,,A,0,0
0000001258,2121080302,ADEUDADO A BANCOS EXTRANJEROS - OTROS,0000001254,212108,002,PASIVO,2,4,,,A,0,0
0000001259,2121080401,ADEUDADO A ORGANISMOS MULTILATERALES,0000001254,212108,002,PASIVO,2,4,,,A,0,0
0000001260,2121080402,ADEUDADO A ORGANISMOS MULTILATERALES,0000001254,212108,002,PASIVO,2,4,,,A,0,0
0000001261,2121080501,ADEUDADO A COOPERATIVAS EXTRANJERAS,0000001254,212108,002,PASIVO,2,4,,,A,0,0
0000001262,2121080502,ADEUDADO A COOPERATIVAS EXTRANJERAS,0000001254,212108,002,PASIVO,2,4,,,A,0,0
0000001263,2121089901,INTERESES Y OTROS POR PAGAR,0000001254,212108,002,PASIVO,2,4,,,A,0,0
0000001264,2121089902,INTERESES Y OTROS POR PAGAR,0000001254,212108,002,PASIVO,2,4,,,A,0,0
0000001265,212109,OTROS PRÉSTAMOS,0000001216,2121,002,PASIVO,2,4,,,A,0,0
0000001266,2121090101,PARA PRESTAR A TERCEROS,0000001265,212109,002,PASIVO,2,4,,,A,0,0
0000001267,2121090102,PARA PRESTAR A TERCEROS,0000001265,212109,002,PASIVO,2,4,,,A,0,0
0000001268,2121099901,INTERESES Y OTROS POR PAGAR,0000001265,212109,002,PASIVO,2,4,,,A,0,0
0000001269,2121099902,INTERESES Y OTROS POR PAGAR,0000001265,212109,002,PASIVO,2,4,,,A,0,0
0000001270,2122,PRÉSTAMOS PACTADOS A MÁS DE UN AÑO PLAZO,0000001215,212,002,PASIVO,2,4,,,A,1,1
0000001271,212202,ADEUDADO A ENTIDADES DEL ESTADO,0000001270,2122,002,PASIVO,2,4,,,A,0,0
0000001272,2122020101,PARA PRESTAR A TERCEROS,0000001271,212202,002,PASIVO,2,4,,,A,0,0
0000001273,2122020102,PARA PRESTAR A TERCEROS,0000001271,212202,002,PASIVO,2,4,,,A,0,0
0000001274,2122020201,OTROS USOS,0000001271,212202,002,PASIVO,2,4,,,A,0,0
0000001275,2122020202,OTROS USOS,0000001271,212202,002,PASIVO,2,4,,,A,0,0
0000001276,2122029901,INTERESES Y OTROS POR PAGAR,0000001271,212202,002,PASIVO,2,4,,,A,0,0
0000001277,2122029902,INTERESES Y OTROS POR PAGAR,0000001271,212202,002,PASIVO,2,4,,,A,0,0
0000001278,212203,ADEUDADO AL INSTITUTO DE GARANTÍA DE DEPÓSITOS,0000001270,2122,002,PASIVO,2,4,,,A,0,0
0000001279,2122030100,PRÉSTAMOS CONVERTIBLES EN ACCIONES,0000001278,212203,002,PASIVO,2,4,,,A,0,0
0000001280,2122030200,PRÉSTAMOS PARA CUBRIR SITUACIONES DE INSOLVENCIA,0000001278,212203,002,PASIVO,2,4,,,A,0,0
0000001281,212206,ADEUDADO A OTRAS ENTIDADES DEL SISTEMA FINANCIERO,0000001270,2122,002,PASIVO,2,4,,,A,0,0
0000001282,2122060101,A COOPERATIVAS,0000001281,212206,002,PASIVO,2,4,,,A,0,0
0000001283,2122060102,A COOPERATIVAS,0000001281,212206,002,PASIVO,2,4,,,A,0,0
0000001284,2122060201,A BANCOS DE LOS TRABAJADORES,0000001281,212206,002,PASIVO,2,4,,,A,0,0
0000001285,2122060202,A BANCOS DE LOS TRABAJADORES,0000001281,212206,002,PASIVO,2,4,,,A,0,0
0000001286,2122060301,A SOCIEDADES DE AHORRO Y CRÉDITO,0000001281,212206,002,PASIVO,2,4,,,A,0,0
0000001287,2122060302,A SOCIEDADES DE AHORRO Y CRÉDITO,0000001281,212206,002,PASIVO,2,4,,,A,0,0
0000001288,2122060401,A CAJAS DE CRÉDITO RURALES,0000001281,212206,002,PASIVO,2,4,,,A,0,0
0000001289,2122060402,A CAJAS DE CRÉDITO RURALES,0000001281,212206,002,PASIVO,2,4,,,A,0,0
0000001290,2122060501,ELIMINADA,0000001281,212206,002,PASIVO,2,4,,,A,0,0
0000001291,2122060502,ELIMINADA,0000001281,212206,002,PASIVO,2,4,,,A,0,0
0000001292,2122060601,A FEDERACIONES,0000001281,212206,002,PASIVO,2,4,,,A,0,0
0000001293,2122060602,A FEDERACIONES,0000001281,212206,002,PASIVO,2,4,,,A,0,0
0000001294,2122060701,BANCOS,0000001281,212206,002,PASIVO,2,4,,,A,0,0
0000001295,2122060702,BANCOS,0000001281,212206,002,PASIVO,2,4,,,A,0,0
0000001296,2122069101,OTROS,0000001281,212206,002,PASIVO,2,4,,,A,0,0
0000001297,2122069102,OTROS,0000001281,212206,002,PASIVO,2,4,,,A,0,0
0000001298,2122069901,INTERESES Y OTROS POR PAGAR,0000001281,212206,002,PASIVO,2,4,,,A,0,0
0000001299,2122069902,INTERESES Y OTROS POR PAGAR,0000001281,212206,002,PASIVO,2,4,,,A,0,0
0000001300,212207,ADEUDADO AL BMI PARA PRESTAR A TERCEROS,0000001270,2122,002,PASIVO,2,4,,,A,0,0
0000001301,2122070101,PARA PRESTAR A TERCEROS,0000001300,212207,002,PASIVO,2,4,,,A,0,0
0000001302,2122070102,PARA PRESTAR A TERCEROS,0000001300,212207,002,PASIVO,2,4,,,A,0,0
0000001303,2122079901,INTERESES Y OTROS POR PAGAR,0000001300,212207,002,PASIVO,2,4,,,A,0,0
0000001304,2122079902,INTERESES Y OTROS POR PAGAR,0000001300,212207,002,PASIVO,2,4,,,A,0,0
0000001305,212208,ADEUDADO A ENTIDADES EXTRANJERAS,0000001270,2122,002,PASIVO,2,4,,,A,0,0
0000001306,2122080201,ADEUDADO A BANCOS EXTRANJEROS POR LÍNEAS DE CRÉDITO,0000001305,212208,002,PASIVO,2,4,,,A,0,0
0000001307,2122080202,ADEUDADO A BANCOS EXTRANJEROS POR LÍNEAS DE CRÉDITO,0000001305,212208,002,PASIVO,2,4,,,A,0,0
0000001308,2122080301,ADEUDADO A BANCOS EXTRANJEROS - OTROS,0000001305,212208,002,PASIVO,2,4,,,A,0,0
0000001309,2122080302,ADEUDADO A BANCOS EXTRANJEROS - OTROS,0000001305,212208,002,PASIVO,2,4,,,A,0,0
0000001310,2122080401,ADEUDADO A ORGANISMOS MULTILATERALES,0000001305,212208,002,PASIVO,2,4,,,A,0,0
0000001311,2122080402,ADEUDADO A ORGANISMOS MULTILATERALES,0000001305,212208,002,PASIVO,2,4,,,A,0,0
0000001312,2122080501,ADEUDADO A COOPERATIVAS EXTRANJERAS,0000001305,212208,002,PASIVO,2,4,,,A,0,0
0000001313,2122080502,ADEUDADO A COOPERATIVAS EXTRANJERAS,0000001305,212208,002,PASIVO,2,4,,,A,0,0
0000001314,2122089901,INTERESES Y OTROS POR PAGAR,0000001305,212208,002,PASIVO,2,4,,,A,0,0
0000001315,2122089902,INTERESES Y OTROS POR PAGAR,0000001305,212208,002,PASIVO,2,4,,,A,0,0
0000001316,212209,OTROS PRÉSTAMOS,0000001270,2122,002,PASIVO,2,4,,,A,0,0
0000001317,2122090101,PARA PRESTAR A TERCEROS,0000001316,212209,002,PASIVO,2,4,,,A,0,0
0000001318,2122090102,PARA PRESTAR A TERCEROS,0000001316,212209,002,PASIVO,2,4,,,A,0,0
0000001319,2122099901,INTERESES Y OTROS POR PAGAR,0000001316,212209,002,PASIVO,2,4,,,A,0,0
0000001320,2122099902,INTERESES Y OTROS POR PAGAR,0000001316,212209,002,PASIVO,2,4,,,A,0,0
0000001321,2123,PRÉSTAMOS PACTADOS A CINCO O MAS AÑOS PLAZO,0000001215,212,002,PASIVO,2,4,,,A,1,1
0000001322,212306,ADEUDADO A ENTIDADES EXTRANJERAS,0000001321,2123,002,PASIVO,2,4,,,A,0,0
0000001323,2123060201,ADEUDADO A BANCOS EXTRANJEROS POR LÍNEAS DE CRÉDITO,0000001322,212306,002,PASIVO,2,4,,,A,0,0
0000001324,2123060202,ADEUDADO A BANCOS EXTRANJEROS POR LÍNEAS DE CRÉDITO,0000001322,212306,002,PASIVO,2,4,,,A,0,0
0000001325,2123060301,ADEUDADO A BANCOS EXTRANJEROS - OTROS,0000001322,212306,002,PASIVO,2,4,,,A,0,0
0000001326,2123060302,ADEUDADO A BANCOS EXTRANJEROS - OTROS,0000001322,212306,002,PASIVO,2,4,,,A,0,0
0000001327,2123060401,ADEUDADO A ORGANISMOS MULTILATERALES,0000001322,212306,002,PASIVO,2,4,,,A,0,0
0000001328,2123060402,ADEUDADO A ORGANISMOS MULTILATERALES,0000001322,212306,002,PASIVO,2,4,,,A,0,0
0000001329,2123060501,ADEUDADO A COOPERATIVAS EXTRANJERAS,0000001322,212306,002,PASIVO,2,4,,,A,0,0
0000001330,2123060502,ADEUDADO A COOPERATIVAS EXTRANJERAS,0000001322,212306,002,PASIVO,2,4,,,A,0,0
0000001331,2123069901,INTERESES Y OTROS POR PAGAR,0000001322,212306,002,PASIVO,2,4,,,A,0,0
0000001332,2123069902,INTERESES Y OTROS POR PAGAR,0000001322,212306,002,PASIVO,2,4,,,A,0,0
0000001333,212307,OTROS PRÉSTAMOS,0000001321,2123,002,PASIVO,2,4,,,A,0,0
0000001334,2123070101,PARA PRESTAR A TERCEROS,0000001333,212307,002,PASIVO,2,4,,,A,0,0
0000001335,2123070102,PARA PRESTAR A TERCEROS,0000001333,212307,002,PASIVO,2,4,,,A,0,0
0000002489,2123070103,DESEMBOLSO DE CREDITOS EN EFECTIVO,0000001333,212307,002,PASIVO,2,4,,,A,0,0
0000001336,2123079901,INTERESES Y OTROS POR PAGAR,0000001333,212307,002,PASIVO,2,4,,,A,0,0
0000001337,2123079902,INTERESES Y OTROS POR PAGAR,0000001333,212307,002,PASIVO,2,4,,,A,0,0
0000001338,213,OBLIGACIONES A LA VISTA,0000000807,21,002,PASIVO,2,4,,,A,0,0
0000001339,2130,OBLIGACIONES A LA VISTA,0000001338,213,002,PASIVO,2,4,,,A,1,1
0000001340,213001,CHEQUES PROPIOS,0000001339,2130,002,PASIVO,2,4,,,A,0,0
0000001341,2130010101,CHEQUES DE CAJA O GERENCIA,0000001340,213001,002,PASIVO,2,4,,,A,0,0
0000001342,2130010102,CHEQUES DE CAJA O GERENCIA,0000001340,213001,002,PASIVO,2,4,,,A,0,0
0000001343,2130010201,CHEQUES CERTIFICADOS – ML,0000001340,213001,002,PASIVO,2,4,,,A,0,0
0000001344,2130010202,CHEQUES CERTIFICADOS – ME,0000001340,213001,002,PASIVO,2,4,,,A,0,0
0000001345,213002,OBLIGACIONES POR TARJETAS DE CRÉDITO,0000001339,2130,002,PASIVO,2,4,,,A,0,0
0000001346,2130020001,OBLIGACIONES POR TARJETAS DE CRÉDITO,0000001345,213002,002,PASIVO,2,4,,,A,0,0
0000001347,2130020002,OBLIGACIONES POR TARJETAS DE CRÉDITO,0000001345,213002,002,PASIVO,2,4,,,A,0,0
0000001348,213003,COBROS POR CUENTA AJENA,0000001339,2130,002,PASIVO,2,4,,,A,0,0
0000001349,2130030100,COBRANZAS LOCALES,0000001348,213003,002,PASIVO,2,4,,,A,0,0
0000001350,2130030200,COBRANZAS DEL EXTERIOR,0000001348,213003,002,PASIVO,2,4,,,A,0,0
0000001351,2130030300,IMPUESTOS Y SERVICIOS PÚBLICOS,0000001348,213003,002,PASIVO,2,4,,,A,0,0
0000001352,213004,CORRESPONSALÍAS,0000001339,2130,002,PASIVO,2,4,,,A,0,0
0000001353,2130040100,FONDOS FIJOS,0000001352,213004,002,PASIVO,2,4,,,A,0,0
0000001354,2130040201,CHEQUES DE VIAJERO,0000001352,213004,002,PASIVO,2,4,,,A,0,0
0000001355,2130040202,CHEQUES DE VIAJERO,0000001352,213004,002,PASIVO,2,4,,,A,0,0
0000001356,213005,TRANSFERENCIAS DE FONDOS,0000001339,2130,002,PASIVO,2,4,,,A,0,0
0000001357,2130050101,TRANSFERENCIAS LOCALES,0000001356,213005,002,PASIVO,2,4,,,A,0,0
0000001358,2130050102,TRANSFERENCIAS LOCALES,0000001356,213005,002,PASIVO,2,4,,,A,0,0
0000001359,2130050201,GIROS EMITIDOS POR PAGAR,0000001356,213005,002,PASIVO,2,4,,,A,0,0
0000001360,2130050202,GIROS EMITIDOS POR PAGAR,0000001356,213005,002,PASIVO,2,4,,,A,0,0
0000001361,2130050301,GIROS RECIBIDOS POR PAGAR,0000001356,213005,002,PASIVO,2,4,,,A,0,0
0000001362,2130050302,GIROS RECIBIDOS POR PAGAR,0000001356,213005,002,PASIVO,2,4,,,A,0,0
0000001363,214,TÍTULOS DE EMISIÓN PROPIA,0000000807,21,002,PASIVO,2,4,,,A,0,0
0000001364,2141,TÍTULOS DE EMISIÓN PROPIA PACTADOS HASTA UN AÑO PLAZO,0000001363,214,002,PASIVO,2,4,,,A,1,1
0000001365,214100,TÍTULOS DE EMISIÓN PROPIA PACTADOS HASTA UN AÑO PLAZO,0000001364,2141,002,PASIVO,2,4,,,A,0,0
0000001366,2141000101,TÍTULOSVALORES CON GARANTÍA HIPOTECARIA,0000001365,214100,002,PASIVO,2,4,,,A,0,0
0000001367,2141000102,TÍTULOSVALORES CON GARANTÍA HIPOTECARIA,0000001365,214100,002,PASIVO,2,4,,,A,0,0
0000001368,2141000201,TÍTULOSVALORES SIN GARANTÍA HIPOTECARIA,0000001365,214100,002,PASIVO,2,4,,,A,0,0
0000001369,2141000202,TITULOSVALORES SIN GARANTÍA HIPOTECARIA,0000001365,214100,002,PASIVO,2,4,,,A,0,0
0000001370,2141009901,INTERESES Y OTROS POR PAGAR,0000001365,214100,002,PASIVO,2,4,,,A,0,0
0000001371,2141009902,INTERESES Y OTROS POR PAGAR,0000001365,214100,002,PASIVO,2,4,,,A,0,0
0000001372,2142,PACTADOS A MÁS DE UN AÑO PLAZO,0000001363,214,002,PASIVO,2,4,,,A,1,1
0000001373,214201,PACTADOS A MENOS DE CINCO AÑOS PLAZO,0000001372,2142,002,PASIVO,2,4,,,A,0,0
0000001374,2142010101,TÍTULOSVALORES CON GARANTÍA HIPOTECARIA,0000001373,214201,002,PASIVO,2,4,,,A,0,0
0000001375,2142010102,TÍTULOSVALORES CON GARANTÍA HIPOTECARIA,0000001373,214201,002,PASIVO,2,4,,,A,0,0
0000001376,2142010201,TÍTULOSVALORES SIN GARANTÍA HIPOTECARIA,0000001373,214201,002,PASIVO,2,4,,,A,0,0
0000001377,2142010202,TITULOSVALORES SIN GARANTÍA HIPOTECARIA,0000001373,214201,002,PASIVO,2,4,,,A,0,0
0000001378,2142019901,INTERESES Y OTROS POR PAGAR,0000001373,214201,002,PASIVO,2,4,,,A,0,0
0000001379,2142019902,INTERESES Y OTROS POR PAGAR,0000001373,214201,002,PASIVO,2,4,,,A,0,0
0000001380,214202,PACTADOS A CINCO O MAS AÑOS PLAZO,0000001372,2142,002,PASIVO,2,4,,,A,0,0
0000001381,2142020101,TÍTULOSVALORES CON GARANTÍA HIPOTECARIA,0000001380,214202,002,PASIVO,2,4,,,A,0,0
0000001382,2142020102,TÍTULOSVALORES CON GARANTÍA HIPOTECARIA,0000001380,214202,002,PASIVO,2,4,,,A,0,0
0000001383,2142020201,TÍTULOSVALORES SIN GARANTÍA HIPOTECARIA,0000001380,214202,002,PASIVO,2,4,,,A,0,0
0000001384,2142020202,TITULOSVALORES SIN GARANTÍA HIPOTECARIA,0000001380,214202,002,PASIVO,2,4,,,A,0,0
0000001385,2142029901,INTERESES Y OTROS POR PAGAR,0000001380,214202,002,PASIVO,2,4,,,A,0,0
0000001386,2142029902,INTERESES Y OTROS POR PAGAR,0000001380,214202,002,PASIVO,2,4,,,A,0,0
0000001387,215,DOCUMENTOS TRANSADOS,0000000807,21,002,PASIVO,2,4,,,A,0,0
0000001388,2151,DOCUMENTOS TRANSADOS HASTA UN AÑO PLAZO,0000001387,215,002,PASIVO,2,4,,,A,1,1
0000001389,215101,OPERACIONES DE REPORTO CON EL BANCO CENTRAL DE RESERVA,0000001388,2151,002,PASIVO,2,4,,,A,0,0
0000001390,2151010001,OPERACIONES DE REPORTO CON EL BANCO CENTRAL DE RESERVA,0000001389,215101,002,PASIVO,2,4,,,A,0,0
0000001391,2151010002,OPERACIONES DE REPORTO CON EL BANCO CENTRAL DE RESERVA,0000001389,215101,002,PASIVO,2,4,,,A,0,0
0000001392,2151019901,"COMISIONES, PREMIOS O PRIMAS",0000001389,215101,002,PASIVO,2,4,,,A,0,0
0000001393,2151019902,"COMISIONES, PREMIOS O PRIMAS",0000001389,215101,002,PASIVO,2,4,,,A,0,0
0000001394,215102,OPERACIONES DE REPORTO CON ENTIDADES DEL ESTADO,0000001388,2151,002,PASIVO,2,4,,,A,0,0
0000001395,2151020001,OPERACIONES DE REPORTO CON ENTIDADES DEL ESTADO,0000001394,215102,002,PASIVO,2,4,,,A,0,0
0000001396,2151020002,OPERACIONES DE REPORTO CON ENTIDADES DEL ESTADO,0000001394,215102,002,PASIVO,2,4,,,A,0,0
0000001397,2151029901,"COMISIONES, PREMIOS O PRIMAS",0000001394,215102,002,PASIVO,2,4,,,A,0,0
0000001398,2151029902,"COMISIONES, PREMIOS O PRIMAS",0000001394,215102,002,PASIVO,2,4,,,A,0,0
0000001399,215103,OPERACIONES DE REPORTO CON EMPRESAS PRIVADAS,0000001388,2151,002,PASIVO,2,4,,,A,0,0
0000001400,2151030001,OPERACIONES DE REPORTO CON EMPRESAS PRIVADAS,0000001399,215103,002,PASIVO,2,4,,,A,0,0
0000001401,2151030002,OPERACIONES DE REPORTO CON EMPRESAS PRIVADAS,0000001399,215103,002,PASIVO,2,4,,,A,0,0
0000001402,2151039901,"COMISIONES, PREMIOS O PRIMAS",0000001399,215103,002,PASIVO,2,4,,,A,0,0
0000001403,2151039902,"COMISIONES, PREMIOS O PRIMAS",0000001399,215103,002,PASIVO,2,4,,,A,0,0
0000001404,215104,OPERACIONES DE REPORTO CON PARTICULARES,0000001388,2151,002,PASIVO,2,4,,,A,0,0
0000001405,2151040001,OPERACIONES DE REPORTO CON PARTICULARES,0000001404,215104,002,PASIVO,2,4,,,A,0,0
0000001406,2151040002,OPERACIONES DE REPORTO CON PARTICULARES,0000001404,215104,002,PASIVO,2,4,,,A,0,0
0000001407,2151049901,"COMISIONES, PREMIOS O PRIMAS",0000001404,215104,002,PASIVO,2,4,,,A,0,0
0000001408,2151049902,"COMISIONES, PREMIOS O PRIMAS",0000001404,215104,002,PASIVO,2,4,,,A,0,0
0000001409,215105,OPERACIONES DE REPORTO CON BANCOS,0000001388,2151,002,PASIVO,2,4,,,A,0,0
0000001410,2151050001,OPERACIONES DE REPORTO CON BANCOS,0000001409,215105,002,PASIVO,2,4,,,A,0,0
0000001411,2151050002,OPERACIONES DE REPORTO CON BANCOS,0000001409,215105,002,PASIVO,2,4,,,A,0,0
0000001412,2151059901,"COMISIONES, PREMIOS O PRIMAS",0000001409,215105,002,PASIVO,2,4,,,A,0,0
0000001413,2151059902,"COMISIONES, PREMIOS O PRIMAS",0000001409,215105,002,PASIVO,2,4,,,A,0,0
0000001414,215106,OPERACIONES DE REPORTO CON OTRAS ENTIDADES DEL SISTEMA FINANCIERO,0000001388,2151,002,PASIVO,2,4,,,A,0,0
0000001415,2151060101,A COOPERATIVAS,0000001414,215106,002,PASIVO,2,4,,,A,0,0
0000001416,2151060102,A COOPERATIVAS,0000001414,215106,002,PASIVO,2,4,,,A,0,0
0000001417,2151060201,A BANCOS DE LOS TRABAJADORES,0000001414,215106,002,PASIVO,2,4,,,A,0,0
0000001418,2151060202,A BANCOS DE LOS TRABAJADORES,0000001414,215106,002,PASIVO,2,4,,,A,0,0
0000001419,2151060301,A SOCIEDADES DE AHORRO Y CRÉDITO,0000001414,215106,002,PASIVO,2,4,,,A,0,0
0000001420,2151060302,A SOCIEDADES DE AHORRO Y CRÉDITO,0000001414,215106,002,PASIVO,2,4,,,A,0,0
0000001421,2151060401,A CAJAS DE CRÉDITO RURALES,0000001414,215106,002,PASIVO,2,4,,,A,0,0
0000001422,2151060402,A CAJAS DE CRÉDITO RURALES,0000001414,215106,002,PASIVO,2,4,,,A,0,0
0000001423,2151060501,ELIMINADA,0000001414,215106,002,PASIVO,2,4,,,A,0,0
0000001424,2151060502,ELIMINADA,0000001414,215106,002,PASIVO,2,4,,,A,0,0
0000001425,2151060601,A FEDERACIONES,0000001414,215106,002,PASIVO,2,4,,,A,0,0
0000001426,2151060602,A FEDERACIONES,0000001414,215106,002,PASIVO,2,4,,,A,0,0
0000001427,2151060701,BANCOS,0000001414,215106,002,PASIVO,2,4,,,A,0,0
0000001428,2151060702,BANCOS,0000001414,215106,002,PASIVO,2,4,,,A,0,0
0000001429,2151069101,OTROS,0000001414,215106,002,PASIVO,2,4,,,A,0,0
0000001430,2151069102,OTROS,0000001414,215106,002,PASIVO,2,4,,,A,0,0
0000001431,2151069901,"COMISIONES, PREMIOS O PRIMAS",0000001414,215106,002,PASIVO,2,4,,,A,0,0
0000001432,2151069902,"COMISIONES, PREMIOS O PRIMAS",0000001414,215106,002,PASIVO,2,4,,,A,0,0
0000001433,215107,OPERACIONES BURSÁTILES,0000001388,2151,002,PASIVO,2,4,,,A,0,0
0000001434,2151070001,OPERACIONES BURSÁTILES,0000001433,215107,002,PASIVO,2,4,,,A,0,0
0000001435,2151070002,OPERACIONES BURSÁTILES,0000001433,215107,002,PASIVO,2,4,,,A,0,0
0000001436,2151079901,"COMISIONES, PREMIOS O PRIMAS",0000001433,215107,002,PASIVO,2,4,,,A,0,0
0000001437,2151079902,"COMISIONES, PREMIOS O PRIMAS",0000001433,215107,002,PASIVO,2,4,,,A,0,0
0000001438,216,CHEQUES Y OTROS VALORES POR APLICAR,0000000807,21,002,PASIVO,2,4,,,A,0,0
0000001439,2160,CHEQUES Y OTROS VALORES POR APLICAR,0000001438,216,002,PASIVO,2,4,,,A,1,1
0000001440,216001,CAMARA DE COMPENSACIÓN,0000001439,2160,002,PASIVO,2,4,,,A,0,0
0000001441,2160010000,CÁMARA DE COMPENSACIÓN,0000001440,216001,002,PASIVO,2,4,,,A,0,0
0000001442,216002,DOCUMENTOS REMESADOS A BANCOS EXTRANJEROS,0000001439,2160,002,PASIVO,2,4,,,A,0,0
0000001443,2160020001,DOCUMENTOS REMESADOS A BANCOS EXTRANJEROS,0000001442,216002,002,PASIVO,2,4,,,A,0,0
0000001444,2160020002,DOCUMENTOS REMESADOS A BANCOS EXTRANJEROS,0000001442,216002,002,PASIVO,2,4,,,A,0,0
0000001445,22,OTROS PASIVOS,0000000806,2,002,PASIVO,2,4,,,A,0,0
0000001446,221,SALDOS ENTRE COMPAÑÍAS,0000001445,22,002,PASIVO,2,4,,,A,0,0
0000001447,2210,SALDOS ENTRE COMPAÑIAS,0000001446,221,002,PASIVO,2,4,,,A,1,1
0000001448,221000,SALDOS ENTRE COMPAÑÍAS,0000001447,2210,002,PASIVO,2,4,,,A,0,0
0000001449,2210000101,SALDOS CON AGENCIAS NACIONALES,0000001448,221000,002,PASIVO,2,4,,,A,0,0
0000001450,2210000102,SALDOS CON AGENCIAS NACIONALES,0000001448,221000,002,PASIVO,2,4,,,A,0,0
0000001451,2210000201,SALDOS CON AGENCIAS NACIONALES,0000001448,221000,002,PASIVO,2,4,,,A,0,0
0000001452,2210000202,SALDOS CON AGENCIAS NACIONALES,0000001448,221000,002,PASIVO,2,4,,,A,0,0
0000001453,2210000301,SALDOS CON SUCURSALES NACIONALES,0000001448,221000,002,PASIVO,2,4,,,A,0,0
0000001454,2210000302,SALDOS CON SUCURSALES NACIONALES,0000001448,221000,002,PASIVO,2,4,,,A,0,0
0000001455,2210000401,SALDOS CON SUCURSALES EXTRANJERAS,0000001448,221000,002,PASIVO,2,4,,,A,0,0
0000001456,2210000402,SALDOS CON SUCURSALES EXTRANJERAS,0000001448,221000,002,PASIVO,2,4,,,A,0,0
0000001457,2210000501,SALDOS CON SUBSIDIARIAS NACIONALES,0000001448,221000,002,PASIVO,2,4,,,A,0,0
0000001458,2210000502,SALDOS CON SUBSIDIARIAS NACIONALES,0000001448,221000,002,PASIVO,2,4,,,A,0,0
0000001459,2210000601,SALDOS CON SUBSIDIARIAS EXTRANJERAS,0000001448,221000,002,PASIVO,2,4,,,A,0,0
0000001460,2210000602,SALDOS CON SUBSIDIARIAS EXTRANJERAS,0000001448,221000,002,PASIVO,2,4,,,A,0,0
0000001461,2210000701,SALDOS CON BANCOS EXTRANJEROS,0000001448,221000,002,PASIVO,2,4,,,A,0,0
0000001462,2210000702,SALDOS CON BANCOS EXTRANJEROS,0000001448,221000,002,PASIVO,2,4,,,A,0,0
0000001463,2210000801,PRÉSTAMOS DE LA MATRIZ,0000001448,221000,002,PASIVO,2,4,,,A,0,0
0000001464,2210000802,PRÉSTAMOS DE LA MATRIZ,0000001448,221000,002,PASIVO,2,4,,,A,0,0
0000001465,222,CUENTAS POR PAGAR,0000001445,22,002,PASIVO,2,4,,,A,0,0
0000001466,2220,CUENTAS POR PAGAR,0000001465,222,002,PASIVO,2,4,,,A,1,1
0000001467,222001,CHEQUES DE CAJA PARA PROVEEDORES,0000001466,2220,002,PASIVO,2,4,,,A,0,0
0000001468,2220010101,CHEQUES DE CAJA PARA PROVEEDORES,0000001467,222001,002,PASIVO,2,4,,,A,0,0
0000001469,2220010102,CHEQUES DE CAJA PARA PROVEEDORES,0000001467,222001,002,PASIVO,2,4,,,A,0,0
0000001470,222002,SALDOS POR PAGAR A FEDERACIONES,0000001466,2220,002,PASIVO,2,4,,,A,0,0
0000001471,2220020100,CUOTAS DE AFILIACIÓN,0000001470,222002,002,PASIVO,2,4,,,A,0,0
0000001472,2220020200,ELIMINADA,0000001470,222002,002,PASIVO,2,4,,,A,0,0
0000001473,222003,SALDOS A ORGANISMOS DE INTEGRACION COOPERATIVA INTERNACIONAL,0000001466,2220,002,PASIVO,2,4,,,A,0,0
0000001474,2220030101,CUOTAS DE AFILIACIÓN,0000001473,222003,002,PASIVO,2,4,,,A,0,0
0000001475,2220030102,CUOTAS DE AFILIACIÓN,0000001473,222003,002,PASIVO,2,4,,,A,0,0
0000001476,2220039101,OTROS,0000001473,222003,002,PASIVO,2,4,,,A,0,0
0000001477,2220039102,OTROS,0000001473,222003,002,PASIVO,2,4,,,A,0,0
0000001478,222004,DIVIDENDOS Y PARTICIPACIONES,0000001466,2220,002,PASIVO,2,4,,,A,0,0
0000001479,2220040100,DIVIDENDOS,0000001478,222004,002,PASIVO,2,4,,,A,0,0
0000001480,2220040200,PARTICIPACIÓN DE UTILIDADES AL PERSONAL,0000001478,222004,002,PASIVO,2,4,,,A,0,0
0000001481,222005,"IMPUESTOS, SERVICIOS PÚBLICOS Y OTRAS OBLIGACIONES",0000001466,2220,002,PASIVO,2,4,,,A,0,0
0000001482,2220050100,IMPUESTOS,0000001481,222005,002,PASIVO,2,4,,,A,0,0
0000001483,222005010001,IMPUESTO IVA,0000001482,2220050100,002,PASIVO,2,4,,,A,0,0
0000001484,222005010002,PAGO A CUENTA,0000001482,2220050100,002,PASIVO,2,4,,,A,0,0
0000001485,2220050200,SERVICIOS PÚBLICOS,0000001481,222005,002,PASIVO,2,4,,,A,0,0
0000001486,2220050300,CUOTA PATRONAL ISSS,0000001481,222005,002,PASIVO,2,4,,,A,0,0
0000001487,2220050400,PROVEEDORES,0000001481,222005,002,PASIVO,2,4,,,A,0,0
0000001488,2220050501,OTROS ACREEDORES,0000001481,222005,002,PASIVO,2,4,,,A,0,0
0000001489,222005050101,AUDITORÍA EXTERNAS,0000001488,2220050501,002,PASIVO,2,4,,,A,0,0
0000001490,222005050102,REMESAS POR APLICAR EN BANCO,0000001488,2220050501,002,PASIVO,2,4,,,A,0,0
0000001491,222005050103,COLECTURIAS PUNTO EXPRES,0000001488,2220050501,002,PASIVO,2,4,,,A,0,0
0000001492,222005050104,RESERVA DE INMUEBLE,0000001488,2220050501,002,PASIVO,2,4,,,A,0,0
0000001493,2220050502,OTROS ACREEDORES,0000001481,222005,002,PASIVO,2,4,,,A,0,0
0000001494,2220050600,LIQUIDACIÓN DE ASOCIADOS,0000001481,222005,002,PASIVO,2,4,,,A,0,0
0000001495,2220050700,CUOTA PATRONAL AFP,0000001481,222005,002,PASIVO,2,4,,,A,0,0
0000001496,222006,IMPUESTO SOBRE LA RENTA,0000001466,2220,002,PASIVO,2,4,,,A,0,0
0000001497,2220060000,IMPUESTO SOBRE LA RENTA,0000001496,222006,002,PASIVO,2,4,,,A,0,0
0000001498,222007,PASIVOS TRANSITORIOS,0000001466,2220,002,PASIVO,2,4,,,A,0,0
0000001499,2220070101,DERECHOS REGÍSTRALES,0000001498,222007,002,PASIVO,2,4,,,A,0,0
0000001500,2220070201,COBROS POR CUENTA AJENA,0000001498,222007,002,PASIVO,2,4,,,A,0,0
0000001501,222007020101,SEGURO DE DAÑOS,0000001500,2220070201,002,PASIVO,2,4,,,A,0,0
0000001502,222007020102,SEGURO DE DEUDA,0000001500,2220070201,002,PASIVO,2,4,,,A,0,0
0000001503,222007020103,SEGURO DE VEHICULO,0000001500,2220070201,002,PASIVO,2,4,,,A,0,0
0000001504,222007020104,GPS EN VEHICULO,0000001500,2220070201,002,PASIVO,2,4,,,A,0,0
0000001505,222007020105,AVALUOS,0000001500,2220070201,002,PASIVO,2,4,,,A,0,0
0000001506,2220070202,COBROS POR CUENTA AJENA,0000001498,222007,002,PASIVO,2,4,,,A,0,0
0000002505,22200703,INGRESOS PENDIENTES DE LIQUIDAR,0000001498,222007,002,PASIVO,2,4,,,A,0,0
0000002507,2220070301,CUOTAS PENDIENTES DE APLICAR,0000002505,22200703,002,PASIVO,2,4,,,A,0,0
0000002524,2220070302,REINTEGRO POR EXEDENTE EN PAGO DE CUOTA,0000002505,22200703,002,PASIVO,2,4,,,A,0,0
0000001507,222008,CONTRIBUCIONES ESPECIALES POR LEY,0000001466,2220,002,PASIVO,2,4,,,A,0,0
0000001508,2220080101,PLAN DE SEGURIDAD CIUDADANA-GRANDES CONTRIBUYENTES,0000001507,222008,002,PASIVO,2,4,,,A,0,0
0000001509,222099,OTRAS,0000001466,2220,002,PASIVO,2,4,,,A,0,0
0000001510,2220990101,SOBRANTES DE CAJA,0000001509,222099,002,PASIVO,2,4,,,A,0,0
0000001511,2220990102,SOBRANTES DE CAJA,0000001509,222099,002,PASIVO,2,4,,,A,0,0
0000001512,2220990201,DÉBITO FISCAL,0000001509,222099,002,PASIVO,2,4,,,A,0,0
0000001513,2220990301,IVA RETENIDO,0000001509,222099,002,PASIVO,2,4,,,A,0,0
0000001514,2220999401,OTRAS CUENTAS POR PAGAR,0000001509,222099,002,PASIVO,2,4,,,A,0,0
0000002494,222099940101,RENDIMIENTO ACCIONES PREFERIDAS,0000001514,2220999401,002,PASIVO,2,4,,,A,0,0
0000002503,222099940102,DESEMBOLSO DE CREDITOS EN EFECTIVO SANTIAGO DE MARIA,0000001514,2220999401,002,PASIVO,2,4,,,A,0,0
0000002521,222099940103,DESEMBOLSOS DE CREDITOS EN EFECTIVO AGENCIA USULUTAN,0000001514,2220999401,002,PASIVO,2,4,,,A,0,0
0000002506,222099940104,CUOTAS PENDIENTES DE APLICAR,0000001514,2220999401,002,PASIVO,2,4,,,A,0,0
0000002523,222099940105,EXEDENTE DE CUOTAS PAGADAS,0000001514,2220999401,002,PASIVO,2,4,,,A,0,0
0000001515,223,RETENCIONES,0000001445,22,002,PASIVO,2,4,,,A,0,0
0000001516,2230,RETENCIONES,0000001515,223,002,PASIVO,2,4,,,A,1,1
0000001517,223000,RETENCIONES,0000001516,2230,002,PASIVO,2,4,,,A,0,0
0000001518,2230000100,IMPUESTO SOBRE LA RENTA,0000001517,223000,002,PASIVO,2,4,,,A,0,0
0000001519,223000010001,ISR EMPLEADOS,0000001518,2230000100,002,PASIVO,2,4,,,A,0,0
0000001520,223000010002,ISR PROFESIONALES EVENTUALES,0000001518,2230000100,002,PASIVO,2,4,,,A,0,0
0000001521,223000010003,ISR AHORRANTES,0000001518,2230000100,002,PASIVO,2,4,,,A,0,0
0000001522,223000010004,ISR INTANGIBLES,0000001518,2230000100,002,PASIVO,2,4,,,A,0,0
0000001523,223000010005,ISR PREMIOS,0000001518,2230000100,002,PASIVO,2,4,,,A,0,0
0000001524,223000010006,ISR EXCEDENTES,0000001518,2230000100,002,PASIVO,2,4,,,A,0,0
0000002490,223000010007,ISR ARRENDAMIENTO PERSONAS NATURALES,0000001518,2230000100,002,PASIVO,2,4,,,A,0,0
0000001525,2230000200,ISSS,0000001517,223000,002,PASIVO,2,4,,,A,0,0
0000001526,2230000300,AFPS,0000001517,223000,002,PASIVO,2,4,,,A,0,0
0000001527,2230000400,BANCOS Y FINANCIERAS,0000001517,223000,002,PASIVO,2,4,,,A,0,0
0000001528,2230000500,OTRAS RETENCIONES,0000001517,223000,002,PASIVO,2,4,,,A,0,0
0000001529,2230000600,DEPOSITOS EN GARANTIA,0000001517,223000,002,PASIVO,2,4,,,A,0,0
0000001530,224,PROVISIONES,0000001445,22,002,PASIVO,2,4,,,A,0,0
0000001531,2240,PROVISIONES,0000001530,224,002,PASIVO,2,4,,,A,1,1
0000001532,224001,PROVISIONES LABORALES,0000001531,2240,002,PASIVO,2,4,,,A,0,0
0000001533,2240010100,SALARIOS,0000001532,224001,002,PASIVO,2,4,,,A,0,0
0000001534,2240010200,VACACIONES,0000001532,224001,002,PASIVO,2,4,,,A,0,0
0000001535,2240010300,GRATIFICACIONES,0000001532,224001,002,PASIVO,2,4,,,A,0,0
0000001536,2240010400,AGUINALDOS,0000001532,224001,002,PASIVO,2,4,,,A,0,0
0000001537,2240010500,INDEMNIZACIONES,0000001532,224001,002,PASIVO,2,4,,,A,0,0
0000001538,2240010600,RETIRO VOLUNTARIO,0000001532,224001,002,PASIVO,2,4,,,A,0,0
0000001539,2240010700,PENSIONES Y JUBILACIONES,0000001532,224001,002,PASIVO,2,4,,,A,0,0
0000001540,224002,FONDO DE EDUCACION,0000001531,2240,002,PASIVO,2,4,,,A,0,0
0000001541,2240020000,FONDO DE EDUCACIÓN,0000001540,224002,002,PASIVO,2,4,,,A,0,0
0000001542,224003,OTRAS PROVISIONES,0000001531,2240,002,PASIVO,2,4,,,A,0,0
0000001543,2240030001,OTRAS PROVISIONES,0000001542,224003,002,PASIVO,2,4,,,A,0,0
0000001544,2240030002,OTRAS PROVISIONES,0000001542,224003,002,PASIVO,2,4,,,A,0,0
0000001545,224004,PROVISIONES POR CONTINGENCIAS,0000001531,2240,002,PASIVO,2,4,,,A,0,0
0000001546,2240040101,CONTINGENCIA POR LITIGIOS JUDICIALES,0000001545,224004,002,PASIVO,2,4,,,A,0,0
0000001547,2240040102,CONTINGENCIA POR LITIGIOS JUDICIALES,0000001545,224004,002,PASIVO,2,4,,,A,0,0
0000001548,2240040201,OTRAS CONTINGENCIAS,0000001545,224004,002,PASIVO,2,4,,,A,0,0
0000001549,2240040202,OTRAS CONTINGENCIAS,0000001545,224004,002,PASIVO,2,4,,,A,0,0
0000001550,225,CRÉDITOS DIFERIDOS,0000001445,22,002,PASIVO,2,4,,,A,0,0
0000001551,2250,CRÉDITOS DIFERIDOS,0000001550,225,002,PASIVO,2,4,,,A,1,1
0000001552,225001,INTERESES,0000001551,2250,002,PASIVO,2,4,,,A,0,0
0000001553,2250010000,INTERESES,0000001552,225001,002,PASIVO,2,4,,,A,0,0
0000001554,225002,DIFERENCIAS DE PRECIOS EN OPERACIONES CON TÍTULOS VALORES,0000001551,2250,002,PASIVO,2,4,,,A,0,0
0000001555,2250020000,DIFERENCIAS DE PRECIOS EN OPERACIONES CON TÍTULOS VALORES,0000001554,225002,002,PASIVO,2,4,,,A,0,0
0000001556,225003,ANTICIPOS PARA RESERVACIÓN DE VIVIENDA,0000001551,2250,002,PASIVO,2,4,,,A,0,0
0000001557,2250030000,ANTICIPOS PARA RESERVACIÓN DE VIVIENDA,0000001556,225003,002,PASIVO,2,4,,,A,0,0
0000001558,225004,"INGRESOS, PERCIBIDOS NO DEVENGADOS",0000001551,2250,002,PASIVO,2,4,,,A,0,0
0000001559,2250040100,OPERACIONES DE PRÉSTAMOS,0000001558,225004,002,PASIVO,2,4,,,A,0,0
0000001560,2250040200,OTRAS OPERACIONES,0000001558,225004,002,PASIVO,2,4,,,A,0,0
0000001561,2250040500,OTROS,0000001558,225004,002,PASIVO,2,4,,,A,0,0
0000001562,225005,SUBVENCIONES,0000001551,2250,002,PASIVO,2,4,,,A,0,0
0000001563,2250050100,RELACIONADOS CON ACTIVOS,0000001562,225005,002,PASIVO,2,4,,,A,0,0
0000001564,2250050200,RELACIONADOS CON INGRESOS,0000001562,225005,002,PASIVO,2,4,,,A,0,0
0000001565,225006,DIFERENCIAS TEMPORARIAS POR IMPUESTOS SOBRE LAS GANANCIAS,0000001551,2250,002,PASIVO,2,4,,,A,0,0
0000001566,2250060100,IMPUESTO SOBRE LA RENTA,0000001565,225006,002,PASIVO,2,4,,,A,0,0
0000001567,2250060900,OTROS,0000001565,225006,002,PASIVO,2,4,,,A,0,0
0000001568,226,DEUDA POR PROVEER DINERO ELECTRÓNICO,0000001445,22,002,PASIVO,2,4,,,A,0,0
0000001569,2260,DEUDA POR PROVEER DINERO ELECTRÓNICO,0000001568,226,002,PASIVO,2,4,,,A,1,1
0000001570,226001,POR DINERO ELECTRÓNICO,0000001569,2260,002,PASIVO,2,4,,,A,0,0
0000001571,2260010101,DINERO ELECTRÓNICO,0000001570,226001,002,PASIVO,2,4,,,A,0,0
0000001572,23,OBLIGACIONES CONVERTIBLES EN ACCIONES,0000000806,2,002,PASIVO,2,4,,,A,0,0
0000001573,231,PRÉSTAMOS CONVERTIBLES EN ACCIONES,0000001572,23,002,PASIVO,2,4,,,A,0,0
0000001574,2311,PRESTAMOS CONVERTIBLES EN ACCIONES PACTADOS HASTA UN AÑO PLAZO,0000001573,231,002,PASIVO,2,4,,,A,1,1
0000001575,231100,PRESTAMOS CONVERTIBLES EN ACCIONES PACTADOS HASTA UN AÑO PLAZO,0000001574,2311,002,PASIVO,2,4,,,A,0,0
0000001576,2311000000,PRÉSTAMOS CONVERTIBLES EN ACCIONES,0000001575,231100,002,PASIVO,2,4,,,A,0,0
0000001577,2311009901,INTERESES Y OTROS POR PAGAR,0000001575,231100,002,PASIVO,2,4,,,A,0,0
0000001578,2312,PRESTAMOS CONVERTIBLES EN ACCIONES PACTADOS A MÁS DE UN AÑO PLAZO ,0000001573,231,002,PASIVO,2,4,,,A,1,1
0000001579,231200,PRESTAMOS CONVERTIBLES EN ACCIONES PACTADOS A MÁS DE UN AÑO PLAZO,0000001578,2312,002,PASIVO,2,4,,,A,0,0
0000001580,2312000000,PRESTAMOS CONVERTIBLES EN ACCIONES,0000001579,231200,002,PASIVO,2,4,,,A,0,0
0000001581,2312009901,INTERESES Y OTROS POR PAGAR,0000001579,231200,002,PASIVO,2,4,,,A,0,0
0000001582,24,DEUDA SUBORDINADA,0000000806,2,002,PASIVO,2,4,,,A,0,0
0000001583,241,DEUDA SUBORDINADA A PLAZO FIJO,0000001582,24,002,PASIVO,2,4,,,A,0,0
0000001584,2413,DEUDA SUBORDINADA A CINCO O MÁS AÑOS,0000001583,241,002,PASIVO,2,4,,,A,1,1
0000001585,241300,DEUDA SUBORDINADA A CINCO O MÁS AÑOS,0000001584,2413,002,PASIVO,2,4,,,A,0,0
0000001586,2413000001,DEUDA SUBORDINADA CON INSTITUCIONES EXTRANJERAS DE PRIMERA LÍNEA,0000001585,241300,002,PASIVO,2,4,,,A,0,0
0000001587,2413000002,DEUDA SUBORDINADA CON INSTITUCIONES EXTRANJERAS DE PRIMERA LÍNEA,0000001585,241300,002,PASIVO,2,4,,,A,0,0
0000001588,2413009901,INTERESES Y OTROS POR PAGAR,0000001585,241300,002,PASIVO,2,4,,,A,0,0
0000001589,2413009902,INTERESES Y OTROS POR PAGAR,0000001585,241300,002,PASIVO,2,4,,,A,0,0
0000001590,3,PATRIMONIO,,,003,CAPITAL,2,5,,,A,0,0
0000001591,31,PATRIMONIO,0000001590,3,003,CAPITAL,2,5,,,A,0,0
0000001592,311,CAPITAL SOCIAL,0000001591,31,003,CAPITAL,2,5,,,A,0,0
0000001593,3110,CAPITAL SOCIAL FIJO,0000001592,311,003,CAPITAL,2,5,,,A,1,1
0000001594,311001,CAPITAL SUSCRITO PAGADO,0000001593,3110,003,CAPITAL,2,5,,,A,0,0
0000001595,3110010100,APORTACIONES,0000001594,311001,003,CAPITAL,2,5,,,A,0,0
0000001596,311001010001,APORTACIONES PAGADAS,0000001595,3110010100,003,CAPITAL,2,5,,,A,0,0
0000001597,311001010002,CERTIFICADOS DE APORTACIONES,0000001595,3110010100,003,CAPITAL,2,5,,,A,0,0
0000001598,3110010200,ACCIONES,0000001594,311001,003,CAPITAL,2,5,,,A,0,0
0000002501,311001020001,ACCIONES COMUNES,0000001598,3110010200,003,CAPITAL,2,5,,,A,0,0
0000002502,311001020002,ACCIONES PREFERIDAS,0000001598,3110010200,003,CAPITAL,2,5,,,A,0,0
0000001599,311002,CAPITAL SUSCRITO NO PAGADO,0000001593,3110,003,CAPITAL,2,5,,,A,0,0
0000001600,3110020100,APORTACIONES,0000001599,311002,003,CAPITAL,2,5,,,A,0,0
0000001601,3110020200,ACCIONES,0000001599,311002,003,CAPITAL,2,5,,,A,0,0
0000002495,311002020001,ACCIONES COMUNES,0000001601,3110020200,003,CAPITAL,2,5,,,A,0,0
0000002496,311002020002,ACCIONES PREFERIDAS,0000001601,3110020200,003,CAPITAL,2,5,,,A,0,0
0000001602,311003,APORTES DEL ESTADO,0000001593,3110,003,CAPITAL,2,5,,,A,0,0
0000001603,3110030000,APORTES DEL ESTADO,0000001602,311003,003,CAPITAL,2,5,,,A,0,0
0000001604,3111,CAPITAL SOCIAL VARIABLE,0000001592,311,003,CAPITAL,2,5,,,A,1,1
0000001605,311101,CAPITAL SUSCRITO PAGADO,0000001604,3111,003,CAPITAL,2,5,,,A,0,0
0000001606,3111010100,APORTACIONES,0000001605,311101,003,CAPITAL,2,5,,,A,0,0
0000001607,3111010200,ACCIONES,0000001605,311101,003,CAPITAL,2,5,,,A,0,0
0000002497,311101020001,ACCIONES COMUNES,0000001607,3111010200,003,CAPITAL,2,5,,,A,0,0
0000002498,311101020002,ACCIONES PREFERIDAS,0000001607,3111010200,003,CAPITAL,2,5,,,A,0,0
0000001608,311102,CAPITAL SUSCRITO NO PAGADO,0000001604,3111,003,CAPITAL,2,5,,,A,0,0
0000001609,3111020100,APORTACIONES,0000001608,311102,003,CAPITAL,2,5,,,A,0,0
0000001610,3111020200,ACCIONES,0000001608,311102,003,CAPITAL,2,5,,,A,0,0
0000002499,311102020001,ACCIONES COMUNES,0000001610,3111020200,003,CAPITAL,2,5,,,A,0,0
0000002500,311102020002,ACCIONES PREFERIDAS,0000001610,3111020200,003,CAPITAL,2,5,,,A,0,0
0000001611,311103,APORTES DEL ESTADO,0000001604,3111,003,CAPITAL,2,5,,,A,0,0
0000001612,3111030000,APORTES DEL ESTADO,0000001611,311103,003,CAPITAL,2,5,,,A,0,0
0000001613,312,APORTES DE CAPITAL PENDIENTES DE FORMALIZAR,0000001591,31,003,CAPITAL,2,5,,,A,0,0
0000001614,3120,APORTES DE CAPITAL PENDIENTES DE FORMALIZAR,0000001613,312,003,CAPITAL,2,5,,,A,1,1
0000001615,312000,APORTES DE CAPITAL PENDIENTES DE FORMALIZAR,0000001614,3120,003,CAPITAL,2,5,,,A,0,0
0000001616,3120000100,ELIMINADA,0000001615,312000,003,CAPITAL,2,5,,,A,0,0
0000001617,3120000200,CAPITAL FINANCIADO POR LA ENTIDAD,0000001615,312000,003,CAPITAL,2,5,,,A,0,0
0000001618,313,RESERVAS DE CAPITAL,0000001591,31,003,CAPITAL,2,5,,,A,0,0
0000001619,3130,RESERVAS DE CAPITAL,0000001618,313,003,CAPITAL,2,5,,,A,1,1
0000001620,313000,RESERVAS DE CAPITAL,0000001619,3130,003,CAPITAL,2,5,,,A,0,0
0000001621,3130000100,RESERVA LEGAL,0000001620,313000,003,CAPITAL,2,5,,,A,0,0
0000001622,3130000200,RESERVAS ESTATUTARIAS,0000001620,313000,003,CAPITAL,2,5,,,A,0,0
0000001623,3130000300,RESERVAS VOLUNTARIAS,0000001620,313000,003,CAPITAL,2,5,,,A,0,0
0000001624,314,RESULTADOS POR APLICAR,0000001591,31,003,CAPITAL,2,5,,,A,0,0
0000001625,3140,RESULTADOS POR APLICAR,0000001624,314,003,CAPITAL,2,5,,,A,1,1
0000001626,314001,RESULTADOS DE EJERCICIOS ANTERIORES,0000001625,3140,003,CAPITAL,2,5,,,A,0,0
0000001627,3140010100,UTILIDADES,0000001626,314001,003,CAPITAL,2,5,,,A,0,0
0000001628,3140010200,PÉRDIDAS,0000001626,314001,003,CAPITAL,2,5,,,A,0,0
0000001629,314002,RESULTADOS DEL PRESENTE EJERCICIO,0000001625,3140,003,CAPITAL,2,5,,,A,0,0
0000001630,3140020100,UTILIDADES,0000001629,314002,003,CAPITAL,2,5,,,A,0,0
0000001631,3140020200,PÉRDIDAS,0000001629,314002,003,CAPITAL,2,5,,,A,0,0
0000001632,32,PATRIMONIO RESTRINGIDO,0000001590,3,003,CAPITAL,2,5,,,A,0,0
0000001633,321,UTILIDADES NO DISTRIBUIBLES,0000001632,32,003,CAPITAL,2,5,,,A,0,0
0000001634,3210,UTILIDADES NO DISTRIBUIBLES,0000001633,321,003,CAPITAL,2,5,,,A,1,1
0000001635,321000,UTILIDADES NO DISTRIBUIBLES,0000001634,3210,003,CAPITAL,2,5,,,A,0,0
0000001636,3210000000,UTILIDADES NO DISTRIBUIBLES,0000001635,321000,003,CAPITAL,2,5,,,A,0,0
0000001637,322,REVALUACIONES,0000001632,32,003,CAPITAL,2,5,,,A,0,0
0000001638,3220,REVALUACIONES,0000001637,322,003,CAPITAL,2,5,,,A,1,1
0000001639,322000,REVALUACIONES,0000001638,3220,003,CAPITAL,2,5,,,A,0,0
0000001640,3220000100,REVALÚO DE INMUEBLES DEL ACTIVO FIJO,0000001639,322000,003,CAPITAL,2,5,,,A,0,0
0000001641,322000010001,TERRENOS,0000001640,3220000100,003,CAPITAL,2,5,,,A,0,0
0000001642,322000010002,EDIFICIOS,0000001640,3220000100,003,CAPITAL,2,5,,,A,0,0
0000001643,3220000200,REVALÚO DE MUEBLES DEL ACTIVO FIJO,0000001639,322000,003,CAPITAL,2,5,,,A,0,0
0000001644,323,RECUPERACIONES DE ACTIVOS CASTIGADOS,0000001632,32,003,CAPITAL,2,5,,,A,0,0
0000001645,3230,RECUPERACIONES DE ACTIVOS CASTIGADOS,0000001644,323,003,CAPITAL,2,5,,,A,1,1
0000001646,323001,RECUPERACIONES DE BIENES INMUEBLES Y MUEBLES,0000001645,3230,003,CAPITAL,2,5,,,A,0,0
0000001647,3230010100,BIENES INMUEBLES,0000001646,323001,003,CAPITAL,2,5,,,A,0,0
0000001648,3230010200,BIENES MUEBLES,0000001646,323001,003,CAPITAL,2,5,,,A,0,0
0000001649,324,DONACIONES,0000001632,32,003,CAPITAL,2,5,,,A,0,0
0000001650,3240,DONACIONES,0000001649,324,003,CAPITAL,2,5,,,A,1,1
0000001651,324001,DONACIONES DE ASOCIADOS,0000001650,3240,003,CAPITAL,2,5,,,A,0,0
0000001652,3240010100,EN EFECTIVO,0000001651,324001,003,CAPITAL,2,5,,,A,0,0
0000001653,3240010200,INMUEBLES,0000001651,324001,003,CAPITAL,2,5,,,A,0,0
0000001654,3240010300,MUEBLES,0000001651,324001,003,CAPITAL,2,5,,,A,0,0
0000001655,324002,OTRAS DONACIONES,0000001650,3240,003,CAPITAL,2,5,,,A,0,0
0000001656,3240020100,EN EFECTIVO,0000001655,324002,003,CAPITAL,2,5,,,A,0,0
0000001657,3240020200,INMUEBLES,0000001655,324002,003,CAPITAL,2,5,,,A,0,0
0000001658,3240020300,MUEBLES,0000001655,324002,003,CAPITAL,2,5,,,A,0,0
0000001659,325,PROVISIONES,0000001632,32,003,CAPITAL,2,5,,,A,0,0
0000001660,3250,PROVISIONES,0000001659,325,003,CAPITAL,2,5,,,A,1,1
0000001661,325001,POR RIESGOS GENERICOS DE LA ACTIVIDAD BANCARIO,0000001660,3250,003,CAPITAL,2,5,,,A,0,0
0000001662,3250010100,RIESGO PAÍS,0000001661,325001,003,CAPITAL,2,5,,,A,0,0
0000001663,3250010200,VOLUNTARIAS,0000001661,325001,003,CAPITAL,2,5,,,A,0,0
0000001664,325002,POR BIENES RECIBIDOS EN PAGO O ADJUDICADOS,0000001660,3250,003,CAPITAL,2,5,,,A,0,0
0000001665,3250020100,BIENES INMUEBLES,0000001664,325002,003,CAPITAL,2,5,,,A,0,0
0000001666,3250020200,BIENES MUEBLES,0000001664,325002,003,CAPITAL,2,5,,,A,0,0
0000001667,3250020301,VALORES – ML,0000001664,325002,003,CAPITAL,2,5,,,A,0,0
0000001668,3250020302,VALORES – ME,0000001664,325002,003,CAPITAL,2,5,,,A,0,0
0000001669,4,DERECHOS FUTUROS Y CONTINGENCIAS,,,002,PASIVO,2,4,,,A,0,0
0000001670,41,DERECHOS FUTUROS Y CONTINGENCIAS,0000001669,4,002,PASIVO,2,4,,,A,0,0
0000001671,412,CONTINGENCIAS POR AVALES Y FIANZAS,0000001670,41,002,PASIVO,2,4,,,A,0,0
0000001672,4120,CONTINGENCIAS POR AVALES Y FIANZAS,0000001671,412,002,PASIVO,2,4,,,A,1,1
0000001673,412001,CONTINGENCIAS POR AVALES A MENOS DE CINCO AÑOS PLAZO,0000001672,4120,002,PASIVO,2,4,,,A,0,0
0000001674,4120010101,EMPRESA PRIVADA,0000001673,412001,002,PASIVO,2,4,,,A,0,0
0000001675,4120010102,EMPRESA PRIVADA,0000001673,412001,002,PASIVO,2,4,,,A,0,0
0000001676,4120010201,BANCOS – ML,0000001673,412001,002,PASIVO,2,4,,,A,0,0
0000001677,4120010202,BANCOS – ME,0000001673,412001,002,PASIVO,2,4,,,A,0,0
0000001678,4120010301,OTRAS ENTIDADES DEL SISTEMA FINANCIERO,0000001673,412001,002,PASIVO,2,4,,,A,0,0
0000001679,4120010302,OTRAS ENTIDADES DEL SISTEMA FINANCIERO,0000001673,412001,002,PASIVO,2,4,,,A,0,0
0000001680,4120010401,ENTIDADES DEL ESTADO,0000001673,412001,002,PASIVO,2,4,,,A,0,0
0000001681,4120010402,ENTIDADES DEL ESTADO,0000001673,412001,002,PASIVO,2,4,,,A,0,0
0000001682,4120010501,"SUBSIDIARIAS, AGENCIAS Y BANCOS EXTRANJEROS",0000001673,412001,002,PASIVO,2,4,,,A,0,0
0000001683,4120010502,"SUCURSALES, SUBSIDIARIAS, AGENCIAS Y BANCOS EXTRANJEROS",0000001673,412001,002,PASIVO,2,4,,,A,0,0
0000001684,4120010601,PARTICULARES,0000001673,412001,002,PASIVO,2,4,,,A,0,0
0000001685,4120010602,PARTICULARES,0000001673,412001,002,PASIVO,2,4,,,A,0,0
0000001686,412002,CONTINGENCIAS POR FIANZAS A MENOS DE CINCO AÑOS PLAZO,0000001672,4120,002,PASIVO,2,4,,,A,0,0
0000001687,4120020101,EMPRESA PRIVADA,0000001686,412002,002,PASIVO,2,4,,,A,0,0
0000001688,4120020102,EMPRESA PRIVADA,0000001686,412002,002,PASIVO,2,4,,,A,0,0
0000001689,4120020201,BANCOS – ML,0000001686,412002,002,PASIVO,2,4,,,A,0,0
0000001690,4120020202,BANCOS – ME,0000001686,412002,002,PASIVO,2,4,,,A,0,0
0000001691,4120020301,OTRAS ENTIDADES DEL SISTEMA FINANCIERO,0000001686,412002,002,PASIVO,2,4,,,A,0,0
0000001692,4120020302,OTRAS ENTIDADES DEL SISTEMA FINANCIERO,0000001686,412002,002,PASIVO,2,4,,,A,0,0
0000001693,4120020401,ENTIDADES DEL ESTADO,0000001686,412002,002,PASIVO,2,4,,,A,0,0
0000001694,4120020402,ENTIDADES DEL ESTADO,0000001686,412002,002,PASIVO,2,4,,,A,0,0
0000001695,4120020501,"SUBSIDIARIAS, AGENCIAS Y BANCOS EXTRANJEROS",0000001686,412002,002,PASIVO,2,4,,,A,0,0
0000001696,4120020502,"SUCURSALES, SUBSIDIARIAS, AGENCIAS Y BANCOS EXTRANJEROS",0000001686,412002,002,PASIVO,2,4,,,A,0,0
0000001697,4120020601,PARTICULARES,0000001686,412002,002,PASIVO,2,4,,,A,0,0
0000001698,4120020602,PARTICULARES,0000001686,412002,002,PASIVO,2,4,,,A,0,0
0000001699,412003,CONTINGENCIAS POR AVALES A CINCO O MÁS AÑOS PLAZO,0000001672,4120,002,PASIVO,2,4,,,A,0,0
0000001700,4120030101,EMPRESA PRIVADA,0000001699,412003,002,PASIVO,2,4,,,A,0,0
0000001701,4120030102,EMPRESA PRIVADA,0000001699,412003,002,PASIVO,2,4,,,A,0,0
0000001702,4120030201,BANCOS – ML,0000001699,412003,002,PASIVO,2,4,,,A,0,0
0000001703,4120030202,BANCOS – ME,0000001699,412003,002,PASIVO,2,4,,,A,0,0
0000001704,4120030301,OTRAS ENTIDADES DEL SISTEMA FINANCIERO,0000001699,412003,002,PASIVO,2,4,,,A,0,0
0000001705,4120030302,OTRAS ENTIDADES DEL SISTEMA FINANCIERO,0000001699,412003,002,PASIVO,2,4,,,A,0,0
0000001706,4120030401,ENTIDADES DEL ESTADO,0000001699,412003,002,PASIVO,2,4,,,A,0,0
0000001707,4120030402,ENTIDADES DEL ESTADO,0000001699,412003,002,PASIVO,2,4,,,A,0,0
0000001708,4120030501,"SUBSIDIARIAS, AGENCIAS Y BANCOS EXTRANJEROS",0000001699,412003,002,PASIVO,2,4,,,A,0,0
0000001709,4120030502,"SUCURSALES, SUBSIDIARIAS, AGENCIAS Y BANCOS EXTRANJEROS",0000001699,412003,002,PASIVO,2,4,,,A,0,0
0000001710,4120030601,PARTICULARES,0000001699,412003,002,PASIVO,2,4,,,A,0,0
0000001711,4120030602,PARTICULARES,0000001699,412003,002,PASIVO,2,4,,,A,0,0
0000001712,412004,CONTINGENCIAS POR FIANZAS A CINCO O MÁS AÑOS PLAZO,0000001672,4120,002,PASIVO,2,4,,,A,0,0
0000001713,4120040101,EMPRESA PRIVADA,0000001712,412004,002,PASIVO,2,4,,,A,0,0
0000001714,4120040102,EMPRESA PRIVADA,0000001712,412004,002,PASIVO,2,4,,,A,0,0
0000001715,4120040201,BANCOS – ML,0000001712,412004,002,PASIVO,2,4,,,A,0,0
0000001716,4120040202,BANCOS – ME,0000001712,412004,002,PASIVO,2,4,,,A,0,0
0000001717,4120040301,OTRAS ENTIDADES DEL SISTEMA FINANCIERO,0000001712,412004,002,PASIVO,2,4,,,A,0,0
0000001718,4120040302,OTRAS ENTIDADES DEL SISTEMA FINANCIERO,0000001712,412004,002,PASIVO,2,4,,,A,0,0
0000001719,4120040401,ENTIDADES DEL ESTADO,0000001712,412004,002,PASIVO,2,4,,,A,0,0
0000001720,4120040402,ENTIDADES DEL ESTADO,0000001712,412004,002,PASIVO,2,4,,,A,0,0
0000001721,4120040501,"SUBSIDIARIAS, AGENCIAS Y BANCOS EXTRANJEROS",0000001712,412004,002,PASIVO,2,4,,,A,0,0
0000001722,4120040502,"SUCURSALES, SUBSIDIARIAS, AGENCIAS Y BANCOS EXTRANJEROS",0000001712,412004,002,PASIVO,2,4,,,A,0,0
0000001723,4120040601,PARTICULARES,0000001712,412004,002,PASIVO,2,4,,,A,0,0
0000001724,4120040602,PARTICULARES,0000001712,412004,002,PASIVO,2,4,,,A,0,0
0000001725,4129,PROVISIÓN POR PERDIDAS,0000001671,412,002,PASIVO,2,4,,,A,1,1
0000001726,412900,PROVISIÓN POR PÉRDIDAS,0000001725,4129,002,PASIVO,2,4,,,A,0,0
0000001727,4129000001,PROVISIÓN POR PÉRDIDAS,0000001726,412900,002,PASIVO,2,4,,,A,0,0
0000001728,4129000002,PROVISIÓN POR PÉRDIDAS,0000001726,412900,002,PASIVO,2,4,,,A,0,0
0000001729,413,DERECHOS POR OPERACIONES EN MONEDA EXTRANJERA,0000001670,41,002,PASIVO,2,4,,,A,0,0
0000001730,4131,CONTRATOS A FUTUROS EN MONEDA EXTRANJERA,0000001729,413,002,PASIVO,2,4,,,A,1,1
0000001731,413101,CONTRATOS A FUTUROS EN MONEDA EXTRANJERA,0000001730,4131,002,PASIVO,2,4,,,A,0,0
0000001732,4131010101,BANCO CENTRAL DE RESERVA,0000001731,413101,002,PASIVO,2,4,,,A,0,0
0000001733,4131010102,BANCO CENTRAL DE RESERVA,0000001731,413101,002,PASIVO,2,4,,,A,0,0
0000001734,4131010201,EMPRESAS PRIVADAS,0000001731,413101,002,PASIVO,2,4,,,A,0,0
0000001735,4131010202,EMPRESAS PRIVADAS,0000001731,413101,002,PASIVO,2,4,,,A,0,0
0000001736,4131010301,ASOCIADOS,0000001731,413101,002,PASIVO,2,4,,,A,0,0
0000001737,4131010302,ASOCIADOS,0000001731,413101,002,PASIVO,2,4,,,A,0,0
0000001738,4131010401,PARTICULARES,0000001731,413101,002,PASIVO,2,4,,,A,0,0
0000001739,4131010402,PARTICULARES,0000001731,413101,002,PASIVO,2,4,,,A,0,0
0000001740,4131010501,OTRAS ENTIDADES DEL SISTEMA FINANCIERO,0000001731,413101,002,PASIVO,2,4,,,A,0,0
0000001741,4131010502,OTRAS ENTIDADES DEL SISTEMA FINANCIERO,0000001731,413101,002,PASIVO,2,4,,,A,0,0
0000001742,413102,CONTRATOS A FUTURO CON ARBITRAJE,0000001730,4131,002,PASIVO,2,4,,,A,0,0
0000001753,4131020100,DIFERENCIA DE TIPO DE CAMBIO,0000001742,413102,002,PASIVO,2,4,,,A,0,0
0000001743,4131020101,BANCO CENTRAL DE RESERVA,0000001742,413102,002,PASIVO,2,4,,,A,0,0
0000001744,4131020102,BANCO CENTRAL DE RESERVA,0000001742,413102,002,PASIVO,2,4,,,A,0,0
0000001745,4131020201,EMPRESAS PRIVADAS,0000001742,413102,002,PASIVO,2,4,,,A,0,0
0000001746,4131020202,EMPRESAS PRIVADAS,0000001742,413102,002,PASIVO,2,4,,,A,0,0
0000001747,4131020301,ASOCIADOS,0000001742,413102,002,PASIVO,2,4,,,A,0,0
0000001748,4131020302,ASOCIADOS,0000001742,413102,002,PASIVO,2,4,,,A,0,0
0000001749,4131020401,PARTICULARES,0000001742,413102,002,PASIVO,2,4,,,A,0,0
0000001750,4131020402,PARTICULARES,0000001742,413102,002,PASIVO,2,4,,,A,0,0
0000001751,4131020501,OTRAS ENTIDADES DEL SISTEMA FINANCIERO,0000001742,413102,002,PASIVO,2,4,,,A,0,0
0000001752,4131020502,OTRAS ENTIDADES DEL SISTEMA FINANCIERO,0000001742,413102,002,PASIVO,2,4,,,A,0,0
0000001754,4139,PROVISIÓN POR PÉRDIDAS,0000001729,413,002,PASIVO,2,4,,,A,1,1
0000001755,413900,PROVISIÓN POR PÉRDIDAS,0000001754,4139,002,PASIVO,2,4,,,A,0,0
0000001756,4139000001,PROVISIÓN POR PÉRDIDAS,0000001755,413900,002,PASIVO,2,4,,,A,0,0
0000001757,4139000002,PROVISIÓN POR PÉRDIDAS,0000001755,413900,002,PASIVO,2,4,,,A,0,0
0000001758,5,COMPROMISOS FUTUROS Y CONTINGENCIAS,,,002,PASIVO,2,4,,,A,0,0
0000001759,51,COMPROMISOS FUTUROS Y CONTINGENCIAS,0000001758,5,002,PASIVO,2,4,,,A,0,0
0000001760,512,CONTINGENCIAS POR AVALES Y FIANZAS,0000001759,51,002,PASIVO,2,4,,,A,0,0
0000001761,5120,CONTINGENCIAS POR AVALES Y FIANZAS,0000001760,512,002,PASIVO,2,4,,,A,1,1
0000001762,512001,AVALES A MENOS DE CINCO AÑOS PLAZO,0000001761,5120,002,PASIVO,2,4,,,A,0,0
0000001763,5120010001,AVALES,0000001762,512001,002,PASIVO,2,4,,,A,0,0
0000001764,5120010002,AVALES,0000001762,512001,002,PASIVO,2,4,,,A,0,0
0000001765,512002,FIANZAS A MENOS DE CINCO AÑOS PLAZO,0000001761,5120,002,PASIVO,2,4,,,A,0,0
0000001766,5120020001,FIANZAS,0000001765,512002,002,PASIVO,2,4,,,A,0,0
0000001767,5120020002,FIANZAS,0000001765,512002,002,PASIVO,2,4,,,A,0,0
0000001768,512003,AVALES A MÁS DE CINCO AÑOS PLAZO,0000001761,5120,002,PASIVO,2,4,,,A,0,0
0000001769,5120030001,AVALES,0000001768,512003,002,PASIVO,2,4,,,A,0,0
0000001770,5120030002,AVALES,0000001768,512003,002,PASIVO,2,4,,,A,0,0
0000001771,512004,FIANZAS A MÁS DE CINCO AÑOS PLAZO,0000001761,5120,002,PASIVO,2,4,,,A,0,0
0000001772,5120040001,FIANZAS,0000001771,512004,002,PASIVO,2,4,,,A,0,0
0000001773,5120040002,FIANZAS,0000001771,512004,002,PASIVO,2,4,,,A,0,0
0000001774,513,COMPROMISOS POR OPERACIONES EN MONEDA EXTRANJERA,0000001759,51,002,PASIVO,2,4,,,A,0,0
0000001775,5131,CONTRATOS A FUTUROS EN MONEDA EXTRANJERA,0000001774,513,002,PASIVO,2,4,,,A,1,1
0000001776,513101,CONTRATOS A FUTUROS EN MONEDA EXTRANJERA,0000001775,5131,002,PASIVO,2,4,,,A,0,0
0000001787,5131010100,DIFERENCIA DE TIPO DE CAMBIO,0000001776,513101,002,PASIVO,2,4,,,A,0,0
0000001777,5131010101,BANCO CENTRAL DE RESERVA,0000001776,513101,002,PASIVO,2,4,,,A,0,0
0000001778,5131010102,BANCO CENTRAL DE RESERVA,0000001776,513101,002,PASIVO,2,4,,,A,0,0
0000001779,5131010201,EMPRESAS PRIVADAS,0000001776,513101,002,PASIVO,2,4,,,A,0,0
0000001780,5131010202,EMPRESAS PRIVADAS,0000001776,513101,002,PASIVO,2,4,,,A,0,0
0000001781,5131010301,ASOCIADOS,0000001776,513101,002,PASIVO,2,4,,,A,0,0
0000001782,5131010302,ASOCIADOS,0000001776,513101,002,PASIVO,2,4,,,A,0,0
0000001783,5131010401,PARTICULARES,0000001776,513101,002,PASIVO,2,4,,,A,0,0
0000001784,5131010402,PARTICULARES,0000001776,513101,002,PASIVO,2,4,,,A,0,0
0000001785,5131010501,OTRAS ENTIDADES DEL SISTEMA FINANCIERO,0000001776,513101,002,PASIVO,2,4,,,A,0,0
0000001786,5131010502,OTRAS ENTIDADES DEL SISTEMA FINANCIERO,0000001776,513101,002,PASIVO,2,4,,,A,0,0
0000001788,513102,CONTRATOS A FUTURO CON ARBITRAJE,0000001775,5131,002,PASIVO,2,4,,,A,0,0
0000001799,5131020100,DIFERENCIA DE TIPO DE CAMBIO,0000001788,513102,002,PASIVO,2,4,,,A,0,0
0000001789,5131020101,BANCO CENTRAL DE RESERVA,0000001788,513102,002,PASIVO,2,4,,,A,0,0
0000001790,5131020102,BANCO CENTRAL DE RESERVA,0000001788,513102,002,PASIVO,2,4,,,A,0,0
0000001791,5131020201,EMPRESAS PRIVADAS,0000001788,513102,002,PASIVO,2,4,,,A,0,0
0000001792,5131020202,EMPRESAS PRIVADAS,0000001788,513102,002,PASIVO,2,4,,,A,0,0
0000001793,5131020301,ASOCIADOS,0000001788,513102,002,PASIVO,2,4,,,A,0,0
0000001794,5131020302,ASOCIADOS,0000001788,513102,002,PASIVO,2,4,,,A,0,0
0000001795,5131020401,PARTICULARES,0000001788,513102,002,PASIVO,2,4,,,A,0,0
0000001796,5131020402,PARTICULARES,0000001788,513102,002,PASIVO,2,4,,,A,0,0
0000001797,5131020501,OTRAS ENTIDADES DEL SISTEMA FINANCIERO,0000001788,513102,002,PASIVO,2,4,,,A,0,0
0000001798,5131020502,OTRAS ENTIDADES DEL SISTEMA FINANCIERO,0000001788,513102,002,PASIVO,2,4,,,A,0,0
0000001800,6,INGRESOS,,,005,RESULTADO ACREEDORAS,2,6,,,A,0,0
0000001801,61,INGRESOS DE OPERACIONES DE INTERMEDIACION,0000001800,6,005,RESULTADO ACREEDORAS,2,6,,,A,0,0
0000001802,611,INGRESOS DE OPERACIONES DE INTERMEDIACION,0000001801,61,005,RESULTADO ACREEDORAS,2,6,,,A,0,0
0000001803,6110,INGRESOS DE OPERACIONES DE INTERMEDIACION,0000001802,611,005,RESULTADO ACREEDORAS,2,6,,,A,1,0
0000001804,611001,CARTERA DE PRÉSTAMOS,0000001803,6110,005,RESULTADO ACREEDORAS,2,6,,,A,0,0
0000001805,6110010100,INTERESES,0000001804,611001,005,RESULTADO ACREEDORAS,2,6,,,A,0,0
0000001806,611001010001,INTERESES PERCIBIDOS,0000001805,6110010100,005,RESULTADO ACREEDORAS,2,6,,,A,0,0
0000001807,611001010002,INTERESES POR PERCIBIR,0000001805,6110010100,005,RESULTADO ACREEDORAS,2,6,,,A,0,0
0000001808,611001010003,INTERESES MORATORIOS,0000001805,6110010100,005,RESULTADO ACREEDORAS,2,6,,,A,0,0
0000001809,6110010200,COMISIONES POR ADMINISTRACIÓN DEL CRÉDITO,0000001804,611001,005,RESULTADO ACREEDORAS,2,6,,,A,0,0
0000001810,6110010300,COMISIONES POR DESEMBOLSOS PENDIENTES,0000001804,611001,005,RESULTADO ACREEDORAS,2,6,,,A,0,0
0000001811,6110010400,COMISIONES Y RECARGOS POR TARJETAS DE CRÉDITO,0000001804,611001,005,RESULTADO ACREEDORAS,2,6,,,A,0,0
0000001812,6110010500,COMISIONES POR OTORGAMIENTO,0000001804,611001,005,RESULTADO ACREEDORAS,2,6,,,A,0,0
0000001813,6110010600,OTRAS COMISIONES Y RECARGOS SOBRE CRÉDITOS,0000001804,611001,005,RESULTADO ACREEDORAS,2,6,,,A,0,0
0000001814,6110010700,INSPECCIONES Y AVALÚOS,0000001804,611001,005,RESULTADO ACREEDORAS,2,6,,,A,0,0
0000002522,6110010800,ANÁLISIS Y ESTRUCTURA DE CRÉDITO,0000001804,611001,005,RESULTADO ACREEDORAS,2,6,,,A,0,0
0000001815,611002,CARTERA DE INVERSIONES,0000001803,6110,005,RESULTADO ACREEDORAS,2,6,,,A,0,0
0000001816,6110020100,INTERESES,0000001815,611002,005,RESULTADO ACREEDORAS,2,6,,,A,0,0
0000001817,6110020200,VENTA DE TÍTULOSVALORES,0000001815,611002,005,RESULTADO ACREEDORAS,2,6,,,A,0,0
0000001818,611003,OPERACIONES TEMPORALES CON DOCUMENTOS,0000001803,6110,005,RESULTADO ACREEDORAS,2,6,,,A,0,0
0000001819,6110030100,PRIMAS,0000001818,611003,005,RESULTADO ACREEDORAS,2,6,,,A,0,0
0000001820,6110030200,OTROS INGRESOS,0000001818,611003,005,RESULTADO ACREEDORAS,2,6,,,A,0,0
0000001821,611004,INTERESES SOBRE DEPÓSITOS,0000001803,6110,005,RESULTADO ACREEDORAS,2,6,,,A,0,0
0000001822,6110040100,EN EL BCR,0000001821,611004,005,RESULTADO ACREEDORAS,2,6,,,A,0,0
0000001823,6110040200,EN OTRAS INSTITUCIONES FINANCIERAS,0000001821,611004,005,RESULTADO ACREEDORAS,2,6,,,A,0,0
0000001824,62,INGRESOS DE OTRAS OPERACIONES,0000001800,6,005,RESULTADO ACREEDORAS,2,6,,,A,0,0
0000001825,621,INGRESOS DE OTRAS OPERACIONES,0000001824,62,005,RESULTADO ACREEDORAS,2,6,,,A,0,0
0000001826,6210,INGRESOS DE OTRAS OPERACIONES,0000001825,621,005,RESULTADO ACREEDORAS,2,6,,,A,1,0
0000001827,621001,OPERACIONES EN MONEDA EXTRANJERA,0000001826,6210,005,RESULTADO ACREEDORAS,2,6,,,A,0,0
0000001828,6210010100,UTILIDAD EN VENTA DE MONEDA EXTRANJERA,0000001827,621001,005,RESULTADO ACREEDORAS,2,6,,,A,0,0
0000001829,6210010200,COMISIONES,0000001827,621001,005,RESULTADO ACREEDORAS,2,6,,,A,0,0
0000001830,6210010300,INTERESES,0000001827,621001,005,RESULTADO ACREEDORAS,2,6,,,A,0,0
0000001831,6210010400,REVALUACIONES,0000001827,621001,005,RESULTADO ACREEDORAS,2,6,,,A,0,0
0000001832,621002,SERVICIOS TECNICOS,0000001826,6210,005,RESULTADO ACREEDORAS,2,6,,,A,0,0
0000001833,6210020100,SERVICIOS DE SUPERVISIÓN,0000001832,621002,005,RESULTADO ACREEDORAS,2,6,,,A,0,0
0000001834,6210020200,SERVICIOS EDUCATIVOS,0000001832,621002,005,RESULTADO ACREEDORAS,2,6,,,A,0,0
0000001835,6210020300,SERVICIOS DE CAPACITACIÓN,0000001832,621002,005,RESULTADO ACREEDORAS,2,6,,,A,0,0
0000001836,6210020400,SERVICIOS DE CONSULTORIA ADMINISTRATIVA CONTABLE,0000001832,621002,005,RESULTADO ACREEDORAS,2,6,,,A,0,0
0000001837,6210020500,SERVICIOS JURÍDICOS,0000001832,621002,005,RESULTADO ACREEDORAS,2,6,,,A,0,0
0000001838,6210020600,PROTECCIONES,0000001832,621002,005,RESULTADO ACREEDORAS,2,6,,,A,0,0
0000001839,6210020700,ASESORIA,0000001832,621002,005,RESULTADO ACREEDORAS,2,6,,,A,0,0
0000001840,6210020800,INFORMÁTICA,0000001832,621002,005,RESULTADO ACREEDORAS,2,6,,,A,0,0
0000001841,6210029100,OTROS,0000001832,621002,005,RESULTADO ACREEDORAS,2,6,,,A,0,0
0000001842,621003,AVALES Y FIANZAS,0000001826,6210,005,RESULTADO ACREEDORAS,2,6,,,A,0,0
0000001843,6210030100,COMISIONES,0000001842,621003,005,RESULTADO ACREEDORAS,2,6,,,A,0,0
0000001844,6210030200,OTROS,0000001842,621003,005,RESULTADO ACREEDORAS,2,6,,,A,0,0
0000001845,621004,SERVICIOS FINANCIEROS,0000001826,6210,005,RESULTADO ACREEDORAS,2,6,,,A,0,0
0000001846,6210040100,TRAMITES JURÍDICOS,0000001845,621004,005,RESULTADO ACREEDORAS,2,6,,,A,0,0
0000001847,6210040200,ALQUILER DE CAJAS DE SEGURIDAD,0000001845,621004,005,RESULTADO ACREEDORAS,2,6,,,A,0,0
0000001848,6210040300,CUSTODIA DE VALORES,0000001845,621004,005,RESULTADO ACREEDORAS,2,6,,,A,0,0
0000001849,6210040400,OTROS,0000001845,621004,005,RESULTADO ACREEDORAS,2,6,,,A,0,0
0000001850,621004040001,COMISIONES POR EMISIÓN DE DOCUMENTOS,0000001849,6210040400,005,RESULTADO ACREEDORAS,2,6,,,A,0,0
0000001851,621004040002,CONSULTA DE BURO DE CREDITO,0000001849,6210040400,005,RESULTADO ACREEDORAS,2,6,,,A,0,0
0000001852,621004040003,COMISION POR PAGO DE REMESAS FAMILIARES,0000001849,6210040400,005,RESULTADO ACREEDORAS,2,6,,,A,0,0
0000001853,621004040004,COMISION POR EMISION DE CHEQUES,0000001849,6210040400,005,RESULTADO ACREEDORAS,2,6,,,A,0,0
0000001854,621004040005,COMISION POR INSPECCION Y VALUOS,0000001849,6210040400,005,RESULTADO ACREEDORAS,2,6,,,A,0,0
0000001855,621004040006,VENTA DE LIBRETAS,0000001849,6210040400,005,RESULTADO ACREEDORAS,2,6,,,A,0,0
0000001856,621004040007,COBRO DE PAPELERIA POR RETIRO DE ASOCIADO,0000001849,6210040400,005,RESULTADO ACREEDORAS,2,6,,,A,0,0
0000001857,621005,CUOTAS COOPERATIVAS,0000001826,6210,005,RESULTADO ACREEDORAS,2,6,,,A,0,0
0000001858,6210050100,CUOTAS ZONALES,0000001857,621005,005,RESULTADO ACREEDORAS,2,6,,,A,0,0
0000001859,6210050200,AFILIACIONES Y CONTRIBUCIONES,0000001857,621005,005,RESULTADO ACREEDORAS,2,6,,,A,0,0
0000001860,621006,COMERCIALIZACIÓN DE CUOTAS DE PARTICIPACIÓN DE FONDOS DE INVERSIÓN ABIERTOS,0000001826,6210,005,RESULTADO ACREEDORAS,2,6,,,A,0,0
0000001861,6210060100,COMISIONES POR COMERCIALIZACIÓN DE CUOTAS DE PARTICIPACIÓN DE FONDOS DE INVERSIÓN ABIERTOS LOCALES,0000001860,621006,005,RESULTADO ACREEDORAS,2,6,,,A,0,0
0000001862,6210060200,COMISIONES POR COMERCIALIZACIÓN DE CUOTAS DE PARTICIPACIÓN DE FONDOS DE INVERSIÓN ABIERTOS EXTRANJEROS,0000001860,621006,005,RESULTADO ACREEDORAS,2,6,,,A,0,0
0000001863,6210060300,OTROS,0000001860,621006,005,RESULTADO ACREEDORAS,2,6,,,A,0,0
0000001864,621007,OPERACIONES DE PROVEEDURIA DE DINERO ELECTRÓNICO,0000001826,6210,005,RESULTADO ACREEDORAS,2,6,,,A,0,0
0000001865,6210070100,COMISIONES,0000001864,621007,005,RESULTADO ACREEDORAS,2,6,,,A,0,0
0000001866,621008,COMISIÓN POR COMERCIALIZACIÓN DE FONDOS DE AHORRO PREVISIONAL VOLUNTARIO,0000001826,6210,005,RESULTADO ACREEDORAS,2,6,,,A,0,0
0000001867,6210080100,COMISIONES POR COMERCIALIZACIÓN DE FONDOS DE AHORRO PREVISIONAL VOLUNTARIO,0000001866,621008,005,RESULTADO ACREEDORAS,2,6,,,A,0,0
0000001868,621009,COMISIÓN POR ADMINISTRACIÓN DE FONDOS DE AHORRO PREVISIONAL VOLUNTARIO,0000001826,6210,005,RESULTADO ACREEDORAS,2,6,,,A,0,0
0000001869,6210090100,COMISIONES POR ADMINISTRACIÓN DE FONDOS DE AHORRO PREVISIONAL VOLUNTARIO,0000001868,621009,005,RESULTADO ACREEDORAS,2,6,,,A,0,0
0000001870,63,INGRESOS NO OPERACIONALES,0000001800,6,005,RESULTADO ACREEDORAS,2,6,,,A,0,0
0000001871,631,INGRESOS NO OPERACIONALES,0000001870,63,005,RESULTADO ACREEDORAS,2,6,,,A,0,0
0000001872,6310,INGRESOS NO OPERACIONALES,0000001871,631,005,RESULTADO ACREEDORAS,2,6,,,A,1,0
0000001873,631001,INGRESOS DE EJERCICIOS ANTERIORES,0000001872,6310,005,RESULTADO ACREEDORAS,2,6,,,A,0,0
0000001874,6310010100,RECUPERACIONES DE PRÉSTAMOS E INTERESES,0000001873,631001,005,RESULTADO ACREEDORAS,2,6,,,A,0,0
0000001875,6310010200,RECUPERACIONES DE INVERSIONES FINANCIERAS E INTERESES,0000001873,631001,005,RESULTADO ACREEDORAS,2,6,,,A,0,0
0000001876,6310010300,RECUPERACIONES DE GASTOS,0000001873,631001,005,RESULTADO ACREEDORAS,2,6,,,A,0,0
0000001877,6310010400,LIBERACIÓN DE RESERVAS DE SANEAMIENTO,0000001873,631001,005,RESULTADO ACREEDORAS,2,6,,,A,0,0
0000001878,631002,UTILIDAD EN VENTA DE ACTIVOS,0000001872,6310,005,RESULTADO ACREEDORAS,2,6,,,A,0,0
0000001879,6310020100,ACTIVO FIJO,0000001878,631002,005,RESULTADO ACREEDORAS,2,6,,,A,0,0
0000001880,6310020200,BIENES RECIBIDOS EN PAGO,0000001878,631002,005,RESULTADO ACREEDORAS,2,6,,,A,0,0
0000001881,631003,INGRESOS POR EXPLOTACIÓN DE ACTIVOS,0000001872,6310,005,RESULTADO ACREEDORAS,2,6,,,A,0,0
0000001882,6310030100,ACTIVO FIJO,0000001881,631003,005,RESULTADO ACREEDORAS,2,6,,,A,0,0
0000001883,6310030200,BIENES RECIBIDOS EN PAGO,0000001881,631003,005,RESULTADO ACREEDORAS,2,6,,,A,0,0
0000001884,631004,DIVIDENDOS,0000001872,6310,005,RESULTADO ACREEDORAS,2,6,,,A,0,0
0000001885,6310040100,SUBSIDIARIAS,0000001884,631004,005,RESULTADO ACREEDORAS,2,6,,,A,0,0
0000001886,6310040200,OTROS,0000001884,631004,005,RESULTADO ACREEDORAS,2,6,,,A,0,0
0000001887,631005,SUBVENCIONES,0000001872,6310,005,RESULTADO ACREEDORAS,2,6,,,A,0,0
0000001888,6310050100,RELACIONADOS CON ACTIVOS,0000001887,631005,005,RESULTADO ACREEDORAS,2,6,,,A,0,0
0000001889,6310050200,RELACIONADOS CON INGRESOS,0000001887,631005,005,RESULTADO ACREEDORAS,2,6,,,A,0,0
0000001890,631006,INGRESO POR DIFERENCIAS TEMPORARIAS DE IMPUESTO SOBRE LAS GANANCIAS,0000001872,6310,005,RESULTADO ACREEDORAS,2,6,,,A,0,0
0000001891,6310060100,IMPUESTO SOBRE LA RENTA TEMPORARIO DIFERIDO,0000001890,631006,005,RESULTADO ACREEDORAS,2,6,,,A,0,0
0000001892,6310060900,OTROS,0000001890,631006,005,RESULTADO ACREEDORAS,2,6,,,A,0,0
0000001893,631099,OTROS,0000001872,6310,005,RESULTADO ACREEDORAS,2,6,,,A,0,0
0000001894,6310990100,OTROS,0000001893,631099,005,RESULTADO ACREEDORAS,2,6,,,A,0,0
0000001895,7,COSTOS,,,004,RESULTADO DEUDORAS,1,2,,,D,0,0
0000001896,71,COSTOS DE OPERACIONES DE INTERMEDIACIÓN,0000001895,7,004,RESULTADO DEUDORAS,1,2,,,D,0,0
0000001897,711,CAPTACIÓN DE RECURSOS,0000001896,71,004,RESULTADO DEUDORAS,1,2,,,D,0,0
0000001898,7110,CAPTACIÓN DE RECURSOS,0000001897,711,004,RESULTADO DEUDORAS,1,2,,,D,1,0
0000001899,711001,DEPÓSITOS,0000001898,7110,004,RESULTADO DEUDORAS,1,2,,,D,0,0
0000001900,7110010100,INTERESES DE AHORRO,0000001899,711001,004,RESULTADO DEUDORAS,1,2,,,D,0,0
0000002458,711001010001,COSTOS,0000001900,7110010100,004,RESULTADO DEUDORAS,1,2,,,D,0,0
0000002463,711001010002,COSTOS AHORRO PROGRAMADO,0000001900,7110010100,004,RESULTADO DEUDORAS,1,2,,,D,0,0
0000001901,7110010200,INTERESES DE DEPÓSITOS A PLAZO,0000001899,711001,004,RESULTADO DEUDORAS,1,2,,,D,0,0
0000001902,7110010300,PREMIOS CUENTAS DE AHORRO,0000001899,711001,004,RESULTADO DEUDORAS,1,2,,,D,0,0
0000001903,7110010400,SEGUROS SOBRE DEPÓSITOS,0000001899,711001,004,RESULTADO DEUDORAS,1,2,,,D,0,0
0000001904,7110010500,INTERESES DE DEPÓSITOS EN CUENTA CORRIENTE,0000001899,711001,004,RESULTADO DEUDORAS,1,2,,,D,0,0
0000001905,7110010600,INTERESES DE DEPÓSITOS EN CUENTA DE AHORRO SIMPLIFICADA,0000001899,711001,004,RESULTADO DEUDORAS,1,2,,,D,0,0
0000001906,711002,PRÉSTAMOS PARA TERCEROS,0000001898,7110,004,RESULTADO DEUDORAS,1,2,,,D,0,0
0000001907,7110020100,INTERESES,0000001906,711002,004,RESULTADO DEUDORAS,1,2,,,D,0,0
0000001908,7110020200,COMISIONES,0000001906,711002,004,RESULTADO DEUDORAS,1,2,,,D,0,0
0000001909,711003,PRÉSTAMOS PARA CUBRIR DÉFICIT DE CAJA,0000001898,7110,004,RESULTADO DEUDORAS,1,2,,,D,0,0
0000001910,7110030100,INTERESES,0000001909,711003,004,RESULTADO DEUDORAS,1,2,,,D,0,0
0000001911,7110030200,COMISIONES,0000001909,711003,004,RESULTADO DEUDORAS,1,2,,,D,0,0
0000001912,711004,TÍTULOS DE EMISIÓN PROPIA,0000001898,7110,004,RESULTADO DEUDORAS,1,2,,,D,0,0
0000001913,7110040100,INTERESES DE TÍTULOS VALORES,0000001912,711004,004,RESULTADO DEUDORAS,1,2,,,D,0,0
0000001914,7110040200,OTROS COSTOS DE EMISIÓN,0000001912,711004,004,RESULTADO DEUDORAS,1,2,,,D,0,0
0000001915,711005,PÉRDIDA POR DIFERENCIA DE PRECIOS,0000001898,7110,004,RESULTADO DEUDORAS,1,2,,,D,0,0
0000001916,7110050100,PÉRDIDA POR VENTA DE TÍTULOSVALORES,0000001915,711005,004,RESULTADO DEUDORAS,1,2,,,D,0,0
0000001917,7110050200,PÉRDIDA POR OPERACIONES CON TÍTULOSVALORES,0000001915,711005,004,RESULTADO DEUDORAS,1,2,,,D,0,0
0000001918,711006,PRIMAS POR GARANTÍA DE DEPÓSITOS,0000001898,7110,004,RESULTADO DEUDORAS,1,2,,,D,0,0
0000001919,7110060100,DEPÓSITOS DE AHORRO,0000001918,711006,004,RESULTADO DEUDORAS,1,2,,,D,0,0
0000001920,7110060200,DEPÓSITOS A PLAZO,0000001918,711006,004,RESULTADO DEUDORAS,1,2,,,D,0,0
0000001921,7110060300,DEPÓSITOS EN CUENTA CORRIENTE,0000001918,711006,004,RESULTADO DEUDORAS,1,2,,,D,0,0
0000001922,7110060400,DEPÓSITOS EN CUENTA DE AHORRO SIMPLIFICADA,0000001918,711006,004,RESULTADO DEUDORAS,1,2,,,D,0,0
0000001923,711007,OTROS COSTOS DE INTERMEDIACIÓN,0000001898,7110,004,RESULTADO DEUDORAS,1,2,,,D,0,0
0000001924,7110070100,MATERIALES DE TARJETAS DE CRÉDITO,0000001923,711007,004,RESULTADO DEUDORAS,1,2,,,D,0,0
0000001925,7110070200,COMISIONES Y REGALÍAS SOBRE TARJETAS DE CRÉDITO,0000001923,711007,004,RESULTADO DEUDORAS,1,2,,,D,0,0
0000001926,7110070300,COMISIONES PAGADAS POR ADQUISICIÓN DE TÍTULOS VALORES,0000001923,711007,004,RESULTADO DEUDORAS,1,2,,,D,0,0
0000001927,7110070400,COMISIÓN POR ADMINISTRACIÓN DE RESERVA DE LIQUIDEZ,0000001923,711007,004,RESULTADO DEUDORAS,1,2,,,D,0,0
0000001928,712,SANEAMIENTO DE ACTIVOS DE INTERMEDIACIÓN,0000001896,71,004,RESULTADO DEUDORAS,1,2,,,D,0,0
0000001929,7120,SANEAMIENTO DE ACTIVOS DE INTERMEDIACION,0000001928,712,004,RESULTADO DEUDORAS,1,2,,,D,1,0
0000001930,712000,SANEAMIENTO DE ACTIVOS DE INTERMEDIACION,0000001929,7120,004,RESULTADO DEUDORAS,1,2,,,D,0,0
0000001931,7120000100,SANEAMIENTO DE INVERSIONES FINANCIERAS E INTERESES,0000001930,712000,004,RESULTADO DEUDORAS,1,2,,,D,0,0
0000001932,7120000200,SANEAMIENTO DE PRÉSTAMOS E INTERESES,0000001930,712000,004,RESULTADO DEUDORAS,1,2,,,D,0,0
0000001933,713,CASTIGOS DE ACTIVOS DE INTERMEDIACIÓN,0000001896,71,004,RESULTADO DEUDORAS,1,2,,,D,0,0
0000001934,7130,CASTIGOS DE ACTIVOS DE INTERMEDIACION,0000001933,713,004,RESULTADO DEUDORAS,1,2,,,D,1,0
0000001935,713000,CASTIGOS DE ACTIVOS DE INTERMEDIACION,0000001934,7130,004,RESULTADO DEUDORAS,1,2,,,D,0,0
0000001936,7130000100,INVERSIONES FINANCIERAS E INTERESES,0000001935,713000,004,RESULTADO DEUDORAS,1,2,,,D,0,0
0000001937,7130000200,CARTERA DE PRÉSTAMOS E INTERESES,0000001935,713000,004,RESULTADO DEUDORAS,1,2,,,D,0,0
0000001938,72,COSTOS DE OTRAS OPERACIONES,0000001895,7,004,RESULTADO DEUDORAS,1,2,,,D,0,0
0000001939,721,OPERACIONES EN MONEDA EXTRANJERA,0000001938,72,004,RESULTADO DEUDORAS,1,2,,,D,0,0
0000001940,7210,OPERACIONES EN MONEDA EXTRANJERA,0000001939,721,004,RESULTADO DEUDORAS,1,2,,,D,1,0
0000001941,721000,OPERACIONES EN MONEDA EXTRANJERA,0000001940,7210,004,RESULTADO DEUDORAS,1,2,,,D,0,0
0000001942,7210000100,COMISIONES POR COMPRA DE MONEDA EXTRANJERA,0000001941,721000,004,RESULTADO DEUDORAS,1,2,,,D,0,0
0000001943,7210000200,FLUCTUACIONES DE TIPO DE CAMBIO,0000001941,721000,004,RESULTADO DEUDORAS,1,2,,,D,0,0
0000001944,722,PRESTACIÓN DE SERVICIOS,0000001938,72,004,RESULTADO DEUDORAS,1,2,,,D,0,0
0000001945,7220,PRESTACIÓN DE SERVICIOS,0000001944,722,004,RESULTADO DEUDORAS,1,2,,,D,1,0
0000001946,722001,PRESTACIÓN DE SERVICIOS FINANCIEROS,0000001945,7220,004,RESULTADO DEUDORAS,1,2,,,D,0,0
0000001947,7220010000,PRESTACIÓN DE SERVICIOS FINANCIEROS,0000001946,722001,004,RESULTADO DEUDORAS,1,2,,,D,0,0
0000001948,722002,PRESTACION DE SERVICIOS TECNICOS,0000001945,7220,004,RESULTADO DEUDORAS,1,2,,,D,0,0
0000001949,7220020100,SERVICIOS DE SUPERVISIÓN,0000001948,722002,004,RESULTADO DEUDORAS,1,2,,,D,0,0
0000001950,7220020200,SERVICIOS EDUCATIVOS,0000001948,722002,004,RESULTADO DEUDORAS,1,2,,,D,0,0
0000001951,7220020300,SERVICIOS DE CAPACITACIÓN,0000001948,722002,004,RESULTADO DEUDORAS,1,2,,,D,0,0
0000001952,7220020400,SERVICIOS DE CONSULTORIA ADMINISTRATIVA CONTABLE,0000001948,722002,004,RESULTADO DEUDORAS,1,2,,,D,0,0
0000001953,7220020500,SERVICIOS JURÍDICOS,0000001948,722002,004,RESULTADO DEUDORAS,1,2,,,D,0,0
0000001954,7220020600,PROTECCIONES,0000001948,722002,004,RESULTADO DEUDORAS,1,2,,,D,0,0
0000001955,7220020700,ASESORIA,0000001948,722002,004,RESULTADO DEUDORAS,1,2,,,D,0,0
0000001956,7220020800,INFORMÁTICA,0000001948,722002,004,RESULTADO DEUDORAS,1,2,,,D,0,0
0000001957,7220029100,OTROS,0000001948,722002,004,RESULTADO DEUDORAS,1,2,,,D,0,0
0000001958,723,AVALES Y FIANZAS,0000001938,72,004,RESULTADO DEUDORAS,1,2,,,D,0,0
0000001959,7230,AVALES Y FIANZAS,0000001958,723,004,RESULTADO DEUDORAS,1,2,,,D,1,0
0000001960,723001,AVALES Y FIANZAS,0000001959,7230,004,RESULTADO DEUDORAS,1,2,,,D,0,0
0000001961,7230010001,AVALES,0000001960,723001,004,RESULTADO DEUDORAS,1,2,,,D,0,0
0000001962,7230010002,FIANZAS,0000001960,723001,004,RESULTADO DEUDORAS,1,2,,,D,0,0
0000001963,724,SANEAMIENTOS,0000001938,72,004,RESULTADO DEUDORAS,1,2,,,D,0,0
0000001964,7240,SANEAMIENTOS,0000001963,724,004,RESULTADO DEUDORAS,1,2,,,D,1,0
0000001965,724000,SANEAMIENTOS,0000001964,7240,004,RESULTADO DEUDORAS,1,2,,,D,0,0
0000001966,7240000100,SERVICIOS TÉCNICOS,0000001965,724000,004,RESULTADO DEUDORAS,1,2,,,D,0,0
0000001967,7240000200,SERVICIOS FINANCIEROS,0000001965,724000,004,RESULTADO DEUDORAS,1,2,,,D,0,0
0000001968,7240000300,AVALES Y FIANZAS,0000001965,724000,004,RESULTADO DEUDORAS,1,2,,,D,0,0
0000001969,725,CASTIGOS DE CONTINGENCIAS,0000001938,72,004,RESULTADO DEUDORAS,1,2,,,D,0,0
0000001970,7250,CASTIGOS DE CONTINGENCIAS,0000001969,725,004,RESULTADO DEUDORAS,1,2,,,D,1,0
0000001971,725000,CASTIGOS DE CONTINGENCIAS,0000001970,7250,004,RESULTADO DEUDORAS,1,2,,,D,0,0
0000001972,7250000001,AVALES,0000001971,725000,004,RESULTADO DEUDORAS,1,2,,,D,0,0
0000001973,7250000002,FIANZAS,0000001971,725000,004,RESULTADO DEUDORAS,1,2,,,D,0,0
0000001974,726,COMISIÓN POR DEPÓSITOS EN GARANTÍA POR PROVEER DINERO ELECTRÓNICO,0000001938,72,004,RESULTADO DEUDORAS,1,2,,,D,0,0
0000001975,7260,COMISIÓN POR DEPÓSITOS EN GARANTÍA POR PROVEER DINERO ELECTRÓNICO,0000001974,726,004,RESULTADO DEUDORAS,1,2,,,D,1,0
0000001976,726000,COMISIÓN POR DEPÓSITOS EN GARANTÍA,0000001975,7260,004,RESULTADO DEUDORAS,1,2,,,D,0,0
0000001977,7260000101,COMISIÓN,0000001976,726000,004,RESULTADO DEUDORAS,1,2,,,D,0,0
0000001978,727,COMERCIALIZACIÓN DE CUOTAS DE PARTICIPACIÓN DE FONDOS DE INVERSIÓN ABIERTOS,0000001938,72,004,RESULTADO DEUDORAS,1,2,,,D,0,0
0000001979,7270,COMERCIALIZACIÓN DE CUOTAS DE PARTICIPACIÓN DE FONDOS DE INVERSIÓN ABIERTOS,0000001978,727,004,RESULTADO DEUDORAS,1,2,,,D,1,0
0000001980,727000,COSTOS POR COMERCIALIZACION DE CUOTAS DE PARTICIPACION DE FONDOS DE INVERSIÓN ABIERTOS,0000001979,7270,004,RESULTADO DEUDORAS,1,2,,,D,0,0
0000001981,7270000101,COSTOS DE COMERCIALIZACIÓN DE CUOTAS DE PARTICIPACIÓN DE FONDOS DE INVERSIÓN ABIERTOS LOCALES,0000001980,727000,004,RESULTADO DEUDORAS,1,2,,,D,0,0
0000001982,7270000102,COSTOS DE COMERCIALIZACIÓN DE CUOTAS DE PARTICIPACIÓN DE FONDOS DE INVERSIÓN ABIERTOS EXTRANJEROS,0000001980,727000,004,RESULTADO DEUDORAS,1,2,,,D,0,0
0000001983,7270009100,OTROS,0000001980,727000,004,RESULTADO DEUDORAS,1,2,,,D,0,0
0000001984,728,SERVICIOS CON FONDOS DE AHORRO PREVISIONAL VOLUNTARIO,0000001938,72,004,RESULTADO DEUDORAS,1,2,,,D,0,0
0000001985,7280,SERVICIOS CON FONDOS DE AHORRO PREVISIONAL VOLUNTARIO,0000001984,728,004,RESULTADO DEUDORAS,1,2,,,D,1,0
0000001986,728000,COSTOS POR COMERCIALIZACIÓN DE FONDOS DE AHORRO PREVISIONAL VOLUNTARIO,0000001985,7280,004,RESULTADO DEUDORAS,1,2,,,D,0,0
0000001987,7280000101,COSTOS POR COMERCIALIZACIÓN DE FONDOS DE AHORRO PREVISIONAL VOLUNTARIO,0000001986,728000,004,RESULTADO DEUDORAS,1,2,,,D,0,0
0000001988,728001,COSTOS POR ADMINISTRACIÓN DE FONDOS DE AHORRO PREVISIONAL VOLUNTARIO,0000001985,7280,004,RESULTADO DEUDORAS,1,2,,,D,0,0
0000001989,7280010101,COSTOS POR ADMINISTRACIÓN DE FONDOS DE AHORRO PREVISIONAL VOLUNTARIO,0000001988,728001,004,RESULTADO DEUDORAS,1,2,,,D,0,0
0000001990,8,GASTOS,,,004,RESULTADO DEUDORAS,1,2,,,D,0,0
0000001991,81,GASTOS DE OPERACIÓN,0000001990,8,004,RESULTADO DEUDORAS,1,2,,,D,0,0
0000001992,811,GASTOS DE FUNCIONARIOS Y EMPLEADOS,0000001991,81,004,RESULTADO DEUDORAS,1,2,,,D,0,0
0000001993,8110,GASTOS DE FUNCIONARIOS Y EMPLEADOS,0000001992,811,004,RESULTADO DEUDORAS,1,2,,,D,1,0
0000001994,811001,REMUNERACIONES,0000001993,8110,004,RESULTADO DEUDORAS,1,2,,,D,0,0
0000001995,8110010100,SALARIOS ORDINARIOS,0000001994,811001,004,RESULTADO DEUDORAS,1,2,,,D,0,0
0000001996,8110010200,SALARIOS EXTRAORDINARIOS,0000001994,811001,004,RESULTADO DEUDORAS,1,2,,,D,0,0
0000001997,8110010300,COMISIONES,0000001994,811001,004,RESULTADO DEUDORAS,1,2,,,D,0,0
0000001998,811002,PRESTACIONES AL PERSONAL,0000001993,8110,004,RESULTADO DEUDORAS,1,2,,,D,0,0
0000001999,8110020100,AGUINALDOS Y BONIFICACIONES,0000001998,811002,004,RESULTADO DEUDORAS,1,2,,,D,0,0
0000002000,8110020200,VACACIONES,0000001998,811002,004,RESULTADO DEUDORAS,1,2,,,D,0,0
0000002001,8110020300,UNIFORMES,0000001998,811002,004,RESULTADO DEUDORAS,1,2,,,D,0,0
0000002002,8110020400,SEGURO SOCIAL Y F.S.V.,0000001998,811002,004,RESULTADO DEUDORAS,1,2,,,D,0,0
0000002003,8110020500,INSAFOR,0000001998,811002,004,RESULTADO DEUDORAS,1,2,,,D,0,0
0000002004,8110020600,GASTOS MÉDICOS,0000001998,811002,004,RESULTADO DEUDORAS,1,2,,,D,0,0
0000002005,8110020700,FONDO DE CAJEROS,0000001998,811002,004,RESULTADO DEUDORAS,1,2,,,D,0,0
0000002006,8110020800,ATENCIONES Y RECREACIONES,0000001998,811002,004,RESULTADO DEUDORAS,1,2,,,D,0,0
0000002007,8110020900,OTROS SEGUROS,0000001998,811002,004,RESULTADO DEUDORAS,1,2,,,D,0,0
0000002008,8110021000,AFPS,0000001998,811002,004,RESULTADO DEUDORAS,1,2,,,D,0,0
0000002009,8110029100,OTRAS PRESTACIONES AL PERSONAL,0000001998,811002,004,RESULTADO DEUDORAS,1,2,,,D,0,0
0000002010,811003,INDEMNIZACIONES AL PERSONAL,0000001993,8110,004,RESULTADO DEUDORAS,1,2,,,D,0,0
0000002011,8110030100,POR DESPIDO,0000002010,811003,004,RESULTADO DEUDORAS,1,2,,,D,0,0
0000002012,8110030200,POR INCAPACIDAD TEMPORAL,0000002010,811003,004,RESULTADO DEUDORAS,1,2,,,D,0,0
0000002013,811004,GASTOS DEL DIRECTORIO,0000001993,8110,004,RESULTADO DEUDORAS,1,2,,,D,0,0
0000002014,8110040100,DIETAS,0000002013,811004,004,RESULTADO DEUDORAS,1,2,,,D,0,0
0000002015,8110040200,REMUNERACIONES,0000002013,811004,004,RESULTADO DEUDORAS,1,2,,,D,0,0
0000002016,8110040300,ATENCIONES Y REPRESENTACIONES,0000002013,811004,004,RESULTADO DEUDORAS,1,2,,,D,0,0
0000002017,8110049100,OTRAS PRESTACIONES,0000002013,811004,004,RESULTADO DEUDORAS,1,2,,,D,0,0
0000002018,811005,OTROS GASTOS DEL PERSONAL,0000001993,8110,004,RESULTADO DEUDORAS,1,2,,,D,0,0
0000002019,8110050100,CAPACITACIÓN,0000002018,811005,004,RESULTADO DEUDORAS,1,2,,,D,0,0
0000002020,8110050200,GASTOS DE VIAJE,0000002018,811005,004,RESULTADO DEUDORAS,1,2,,,D,0,0
0000002021,8110050300,COMBUSTIBLE Y LUBRICANTES,0000002018,811005,004,RESULTADO DEUDORAS,1,2,,,D,0,0
0000002022,8110050400,VIÁTICOS Y TRANSPORTE,0000002018,811005,004,RESULTADO DEUDORAS,1,2,,,D,0,0
0000002023,811006,PENSIONES Y JUBILACIONES,0000001993,8110,004,RESULTADO DEUDORAS,1,2,,,D,0,0
0000002024,8110060000,PENSIONES Y JUBILACIONES,0000002023,811006,004,RESULTADO DEUDORAS,1,2,,,D,0,0
0000002025,812,GASTOS GENERALES,0000001991,81,004,RESULTADO DEUDORAS,1,2,,,D,0,0
0000002026,8120,GASTOS GENERALES,0000002025,812,004,RESULTADO DEUDORAS,1,2,,,D,1,0
0000002027,812001,CONSUMO DE MATERIALES,0000002026,8120,004,RESULTADO DEUDORAS,1,2,,,D,0,0
0000002028,8120010100,COMBUSTIBLE Y LUBRICANTES,0000002027,812001,004,RESULTADO DEUDORAS,1,2,,,D,0,0
0000002029,8120010200,PAPELERÍA Y ÚTILES,0000002027,812001,004,RESULTADO DEUDORAS,1,2,,,D,0,0
0000002030,8120010300,MATERIALES DE LIMPIEZA,0000002027,812001,004,RESULTADO DEUDORAS,1,2,,,D,0,0
0000002031,8120010400,MATERIALES DE BIOSEGURIDAD,0000002027,812001,004,RESULTADO DEUDORAS,1,2,,,D,0,0
0000002032,812002,REPARACIÓN Y MANTENIMIENTO DE ACTIVO FIJO,0000002026,8120,004,RESULTADO DEUDORAS,1,2,,,D,0,0
0000002033,8120020100,EDIFICIOS PROPIOS,0000002032,812002,004,RESULTADO DEUDORAS,1,2,,,D,0,0
0000002034,8120020200,EQUIPO DE COMPUTACIÓN,0000002032,812002,004,RESULTADO DEUDORAS,1,2,,,D,0,0
0000002035,8120020300,VEHÍCULOS,0000002032,812002,004,RESULTADO DEUDORAS,1,2,,,D,0,0
0000002036,8120020400,MOBILIARIO Y EQUIPO DE OFICINA,0000002032,812002,004,RESULTADO DEUDORAS,1,2,,,D,0,0
0000002037,8120020500,AIRE ACONDICIONADO,0000002032,812002,004,RESULTADO DEUDORAS,1,2,,,D,0,0
0000002038,8120020600,INSTALACIONES,0000002032,812002,004,RESULTADO DEUDORAS,1,2,,,D,0,0
0000002039,812003,SERVICIOS PÚBLICOS E IMPUESTOS,0000002026,8120,004,RESULTADO DEUDORAS,1,2,,,D,0,0
0000002040,8120030100,COMUNICACIONES,0000002039,812003,004,RESULTADO DEUDORAS,1,2,,,D,0,0
0000002041,8120030200,ENERGÍA ELÉCTRICA,0000002039,812003,004,RESULTADO DEUDORAS,1,2,,,D,0,0
0000002042,8120030300,AGUA POTABLE,0000002039,812003,004,RESULTADO DEUDORAS,1,2,,,D,0,0
0000002043,8120030400,IMPUESTOS FISCALES,0000002039,812003,004,RESULTADO DEUDORAS,1,2,,,D,0,0
0000002044,8120030500,IMPUESTOS MUNICIPALES,0000002039,812003,004,RESULTADO DEUDORAS,1,2,,,D,0,0
0000002045,8120030600,MULTAS,0000002039,812003,004,RESULTADO DEUDORAS,1,2,,,D,0,0
0000002046,8120030700,IMPUESTOS REGISTRALES,0000002039,812003,004,RESULTADO DEUDORAS,1,2,,,D,0,0
0000002047,812004,PUBLICIDAD Y PROMOCIÓN,0000002026,8120,004,RESULTADO DEUDORAS,1,2,,,D,0,0
0000002048,8120040100,TELEVISIÓN,0000002047,812004,004,RESULTADO DEUDORAS,1,2,,,D,0,0
0000002049,8120040200,RADIO,0000002047,812004,004,RESULTADO DEUDORAS,1,2,,,D,0,0
0000002050,8120040300,PRENSA ESCRITA,0000002047,812004,004,RESULTADO DEUDORAS,1,2,,,D,0,0
0000002051,8120040400,OTROS MEDIOS,0000002047,812004,004,RESULTADO DEUDORAS,1,2,,,D,0,0
0000002052,8120040500,ARTÍCULOS PROMOCIONALES,0000002047,812004,004,RESULTADO DEUDORAS,1,2,,,D,0,0
0000002053,8120040600,GASTOS DE REPRESENTACIÓN,0000002047,812004,004,RESULTADO DEUDORAS,1,2,,,D,0,0
0000002054,8120040700,PROMOCIONES,0000002047,812004,004,RESULTADO DEUDORAS,1,2,,,D,0,0
0000002055,812005,ARRENDAMIENTOS Y MANTENIMIENTOS,0000002026,8120,004,RESULTADO DEUDORAS,1,2,,,D,0,0
0000002056,8120050100,LOCALES,0000002055,812005,004,RESULTADO DEUDORAS,1,2,,,D,0,0
0000002057,8120050200,EQUIPO,0000002055,812005,004,RESULTADO DEUDORAS,1,2,,,D,0,0
0000002058,8120050300,MANTENIMIENTO DE LOCALES ARRENDADOS,0000002055,812005,004,RESULTADO DEUDORAS,1,2,,,D,0,0
0000002059,8120050400,MANTENIMIENTO DE EQUIPO ARRENDADO,0000002055,812005,004,RESULTADO DEUDORAS,1,2,,,D,0,0
0000002060,8120050500,MANTENIMIENTO DE BIENES RECIBIDOS EN PAGO,0000002055,812005,004,RESULTADO DEUDORAS,1,2,,,D,0,0
0000002061,812006,SEGUROS SOBRE BIENES,0000002026,8120,004,RESULTADO DEUDORAS,1,2,,,D,0,0
0000002062,8120060100,SOBRE ACTIVOS FIJOS,0000002061,812006,004,RESULTADO DEUDORAS,1,2,,,D,0,0
0000002063,8120060200,SOBRE RIESGOS BANCARIOS,0000002061,812006,004,RESULTADO DEUDORAS,1,2,,,D,0,0
0000002064,812007,HONORARIOS PROFESIONALES,0000002026,8120,004,RESULTADO DEUDORAS,1,2,,,D,0,0
0000002065,8120070100,AUDITORES,0000002064,812007,004,RESULTADO DEUDORAS,1,2,,,D,0,0
0000002066,8120070200,ABOGADOS,0000002064,812007,004,RESULTADO DEUDORAS,1,2,,,D,0,0
0000002067,8120070300,EMPRESAS CONSULTORAS,0000002064,812007,004,RESULTADO DEUDORAS,1,2,,,D,0,0
0000002068,8120070400,ASESORES INDEPENDIENTES,0000002064,812007,004,RESULTADO DEUDORAS,1,2,,,D,0,0
0000002069,8120070900,OTROS,0000002064,812007,004,RESULTADO DEUDORAS,1,2,,,D,0,0
0000002070,812008,SUPERINTENDENCIA DEL SISTEMA FINANCIERO,0000002026,8120,004,RESULTADO DEUDORAS,1,2,,,D,0,0
0000002071,8120080100,CUOTA OBLIGATORIA,0000002070,812008,004,RESULTADO DEUDORAS,1,2,,,D,0,0
0000002072,8120080200,MULTAS,0000002070,812008,004,RESULTADO DEUDORAS,1,2,,,D,0,0
0000002073,812009,CUOTAS COOPERATIVAS,0000002026,8120,004,RESULTADO DEUDORAS,1,2,,,D,0,0
0000002074,8120090100,CUOTAS ZONALES,0000002073,812009,004,RESULTADO DEUDORAS,1,2,,,D,0,0
0000002075,8120090200,AFILIACIONES Y CONTRIBUCIONES,0000002073,812009,004,RESULTADO DEUDORAS,1,2,,,D,0,0
0000002076,812010,ELIMINADA,0000002026,8120,004,RESULTADO DEUDORAS,1,2,,,D,0,0
0000002077,812011,SERVICIOS TECNICOS,0000002026,8120,004,RESULTADO DEUDORAS,1,2,,,D,0,0
0000002078,8120110100,SERVICIOS DE SUPERVISIÓN,0000002077,812011,004,RESULTADO DEUDORAS,1,2,,,D,0,0
0000002079,8120110200,SERVICIOS EDUCATIVOS,0000002077,812011,004,RESULTADO DEUDORAS,1,2,,,D,0,0
0000002080,8120110300,SERVICIOS DE CAPACITACIÓN,0000002077,812011,004,RESULTADO DEUDORAS,1,2,,,D,0,0
0000002081,8120110400,SERVICIOS DE CONSULTORIA ADMINISTRATIVA CONTABLE,0000002077,812011,004,RESULTADO DEUDORAS,1,2,,,D,0,0
0000002082,8120110500,SERVICIOS JURÍDICOS,0000002077,812011,004,RESULTADO DEUDORAS,1,2,,,D,0,0
0000002083,8120110600,PROTECCIONES,0000002077,812011,004,RESULTADO DEUDORAS,1,2,,,D,0,0
0000002084,8120110700,ASESORIA,0000002077,812011,004,RESULTADO DEUDORAS,1,2,,,D,0,0
0000002085,8120110800,INFORMÁTICA,0000002077,812011,004,RESULTADO DEUDORAS,1,2,,,D,0,0
0000002086,8120119100,OTROS,0000002077,812011,004,RESULTADO DEUDORAS,1,2,,,D,0,0
0000002087,812012,SERVICIOS DE ADMINISTRACIÓN,0000002026,8120,004,RESULTADO DEUDORAS,1,2,,,D,0,0
0000002088,8120120000,SERVICIOS DE ADMINISTRACIÓN DE CARTERA DE PRÉSTAMOS,0000002087,812012,004,RESULTADO DEUDORAS,1,2,,,D,0,0
0000002511,812013,GASTOS NO DEDUCIBLES,0000002026,8120,004,RESULTADO DEUDORAS,1,2,,,D,0,0
0000002512,8120130100,RESERVA LABORAL,0000002511,812013,004,RESULTADO DEUDORAS,1,2,,,D,0,0
0000002513,8120130200,PROPORCIONALIDAD IVA,0000002511,812013,004,RESULTADO DEUDORAS,1,2,,,D,0,0
0000002516,8120130300,PROVISION PARA CUENTAS INCOBRABLES,0000002511,812013,004,RESULTADO DEUDORAS,1,2,,,D,0,0
0000002089,812099,OTROS,0000002026,8120,004,RESULTADO DEUDORAS,1,2,,,D,0,0
0000002090,8120990100,SERVICIOS DE SEGURIDAD,0000002089,812099,004,RESULTADO DEUDORAS,1,2,,,D,0,0
0000002091,8120990200,SUSCRIPCIONES,0000002089,812099,004,RESULTADO DEUDORAS,1,2,,,D,0,0
0000002092,8120990300,CONTRIBUCIONES,0000002089,812099,004,RESULTADO DEUDORAS,1,2,,,D,0,0
0000002093,8120990400,PUBLICACIONES Y CONVOCATORIAS,0000002089,812099,004,RESULTADO DEUDORAS,1,2,,,D,0,0
0000002094,8120990500,SERVICIO DE TRASLADO DE VALORES,0000002089,812099,004,RESULTADO DEUDORAS,1,2,,,D,0,0
0000002095,8120990600,GASTOS DE ORGANIZACIÓN,0000002089,812099,004,RESULTADO DEUDORAS,1,2,,,D,0,0
0000002096,8120990700,CONTRIBUCIÓN ESPECIAL PARA LA SEGURIDAD CIUDADANA Y CONVIVENCIA,0000002089,812099,004,RESULTADO DEUDORAS,1,2,,,D,0,0
0000002097,8120990800,GASTOS DE ASAMBLEA,0000002089,812099,004,RESULTADO DEUDORAS,1,2,,,D,0,0
0000002098,8120990900,ATENCIONES Y RECREACIONES,0000002089,812099,004,RESULTADO DEUDORAS,1,2,,,D,0,0
0000002099,8120991000,ANIVERSARIOS Y FESTIVIDADES,0000002089,812099,004,RESULTADO DEUDORAS,1,2,,,D,0,0
0000002100,8120991100,REMODELACIONES DE INSTALACIONES,0000002089,812099,004,RESULTADO DEUDORAS,1,2,,,D,0,0
0000002101,8120991200,ATENCIONES A SOCIOS,0000002089,812099,004,RESULTADO DEUDORAS,1,2,,,D,0,0
0000002102,8120991300,COMISIONES BANCARIAS,0000002089,812099,004,RESULTADO DEUDORAS,1,2,,,D,0,0
0000002103,8120991400,ENSERES,0000002089,812099,004,RESULTADO DEUDORAS,1,2,,,D,0,0
0000002104,8120991500,COSTAS PROCESALES,0000002089,812099,004,RESULTADO DEUDORAS,1,2,,,D,0,0
0000002105,8120991600,SERVICIOS DE LIMPIEZA,0000002089,812099,004,RESULTADO DEUDORAS,1,2,,,D,0,0
0000002106,8120991700,INSPECCIONES Y AVALUOS,0000002089,812099,004,RESULTADO DEUDORAS,1,2,,,D,0,0
0000002107,8120991800,PARQUEO,0000002089,812099,004,RESULTADO DEUDORAS,1,2,,,D,0,0
0000002108,8120991900,"EDUCACION, CULTURA Y DEPORTE",0000002089,812099,004,RESULTADO DEUDORAS,1,2,,,D,0,0
0000002492,8120992000,FLETES Y TRANSPORTE,0000002089,812099,004,RESULTADO DEUDORAS,1,2,,,D,0,0
0000002493,8120992100,AGUA PURIFICADA,0000002089,812099,004,RESULTADO DEUDORAS,1,2,,,D,0,0
0000002504,8120992200,CONSULTA CREDITICIA,0000002089,812099,004,RESULTADO DEUDORAS,1,2,,,D,0,0
0000002508,8120992300,GASTOS NO DEDUCIBLES,0000002089,812099,004,RESULTADO DEUDORAS,1,2,,,D,0,0
0000002109,8120999100,OTROS,0000002089,812099,004,RESULTADO DEUDORAS,1,2,,,D,0,0
0000002110,813,DEPRECIACIONES Y AMORTIZACIONES,0000001991,81,004,RESULTADO DEUDORAS,1,2,,,D,0,0
0000002111,8130,DEPRECIACIONES Y AMORTIZACIONES,0000002110,813,004,RESULTADO DEUDORAS,1,2,,,D,1,0
0000002112,813001,DEPRECIACIONES,0000002111,8130,004,RESULTADO DEUDORAS,1,2,,,D,0,0
0000002113,8130010100,BIENES MUEBLES,0000002112,813001,004,RESULTADO DEUDORAS,1,2,,,D,0,0
0000002114,8130010200,BIENES INMUEBLES,0000002112,813001,004,RESULTADO DEUDORAS,1,2,,,D,0,0
0000002115,813002,AMORTIZACIONES,0000002111,8130,004,RESULTADO DEUDORAS,1,2,,,D,0,0
0000002116,8130020100,CONSTRUCCIONES EN LOCALES ARRENDADOS,0000002115,813002,004,RESULTADO DEUDORAS,1,2,,,D,0,0
0000002117,8130020200,REMODELACIONES Y READECUACIONES EN LOCALES PROPIOS,0000002115,813002,004,RESULTADO DEUDORAS,1,2,,,D,0,0
0000002118,8130020300,PROGRAMAS COMPUTACIONALES,0000002115,813002,004,RESULTADO DEUDORAS,1,2,,,D,0,0
0000002119,8130020500,INVERSIONES,0000002115,813002,004,RESULTADO DEUDORAS,1,2,,,D,0,0
0000002120,82,GASTOS NO OPERACIONALES,0000001990,8,004,RESULTADO DEUDORAS,1,2,,,D,0,0
0000002121,821,GASTOS DE EJERCICIOS ANTERIORES,0000002120,82,004,RESULTADO DEUDORAS,1,2,,,D,0,0
0000002122,8210,GASTOS DE EJERCICIOS ANTERIORES,0000002121,821,004,RESULTADO DEUDORAS,1,2,,,D,1,0
0000002123,821001,INTERESES,0000002122,8210,004,RESULTADO DEUDORAS,1,2,,,D,0,0
0000002124,8210010100,SOBRE PRÉSTAMOS,0000002123,821001,004,RESULTADO DEUDORAS,1,2,,,D,0,0
0000002125,8210010200,SOBRE TÍTULOS DE EMISIÓN PROPIA,0000002123,821001,004,RESULTADO DEUDORAS,1,2,,,D,0,0
0000002126,821002,COMISIONES,0000002122,8210,004,RESULTADO DEUDORAS,1,2,,,D,0,0
0000002127,8210020000,COMISIONES,0000002126,821002,004,RESULTADO DEUDORAS,1,2,,,D,0,0
0000002128,821099,OTROS,0000002122,8210,004,RESULTADO DEUDORAS,1,2,,,D,0,0
0000002129,8210990000,OTROS,0000002128,821099,004,RESULTADO DEUDORAS,1,2,,,D,0,0
0000002130,822,PÉRDIDAS EN VENTA DE ACTIVOS,0000002120,82,004,RESULTADO DEUDORAS,1,2,,,D,0,0
0000002131,8220,PÉRDIDAS EN VENTA DE ACTIVOS,0000002130,822,004,RESULTADO DEUDORAS,1,2,,,D,1,0
0000002132,822001,ACTIVO FIJO,0000002131,8220,004,RESULTADO DEUDORAS,1,2,,,D,0,0
0000002133,8220010100,BIENES INMUEBLES,0000002132,822001,004,RESULTADO DEUDORAS,1,2,,,D,0,0
0000002134,8220010200,BIENES MUEBLES,0000002132,822001,004,RESULTADO DEUDORAS,1,2,,,D,0,0
0000002135,822002,BIENES RECIBIDOS EN PAGO O ADJUDICADOS,0000002131,8220,004,RESULTADO DEUDORAS,1,2,,,D,0,0
0000002136,8220020100,BIENES INMUEBLES,0000002135,822002,004,RESULTADO DEUDORAS,1,2,,,D,0,0
0000002137,8220020200,BIENES MUEBLES,0000002135,822002,004,RESULTADO DEUDORAS,1,2,,,D,0,0
0000002138,8220020300,TÍTULOSVALORES,0000002135,822002,004,RESULTADO DEUDORAS,1,2,,,D,0,0
0000002139,823,GASTOS POR EXPLOTACIÓN DE ACTIVOS,0000002120,82,004,RESULTADO DEUDORAS,1,2,,,D,0,0
0000002140,8230,GASTOS POR EXPLOTACIÓN DE ACTIVOS,0000002139,823,004,RESULTADO DEUDORAS,1,2,,,D,1,0
0000002141,823001,ACTIVO FIJO,0000002140,8230,004,RESULTADO DEUDORAS,1,2,,,D,0,0
0000002142,8230010100,BIENES INMUEBLES,0000002141,823001,004,RESULTADO DEUDORAS,1,2,,,D,0,0
0000002143,8230010200,BIENES MUEBLES,0000002141,823001,004,RESULTADO DEUDORAS,1,2,,,D,0,0
0000002144,823002,BIENES RECIBIDOS EN PAGO O ADJUDICADOS,0000002140,8230,004,RESULTADO DEUDORAS,1,2,,,D,0,0
0000002145,8230020100,BIENES INMUEBLES,0000002144,823002,004,RESULTADO DEUDORAS,1,2,,,D,0,0
0000002146,8230020200,BIENES MUEBLES,0000002144,823002,004,RESULTADO DEUDORAS,1,2,,,D,0,0
0000002147,824,CASTIGOS DE BIENES RECIBIDOS EN PAGO O ADJUDICADOS,0000002120,82,004,RESULTADO DEUDORAS,1,2,,,D,0,0
0000002148,8240,CASTIGOS DE BIENES RECIBIDOS EN PAGO O ADJUDICADOS,0000002147,824,004,RESULTADO DEUDORAS,1,2,,,D,1,0
0000002149,824000,CASTIGOS DE BIENES RECIBIDOS EN PAGO O ADJUDICADOS,0000002148,8240,004,RESULTADO DEUDORAS,1,2,,,D,0,0
0000002150,8240000100,BIENES INMUEBLES,0000002149,824000,004,RESULTADO DEUDORAS,1,2,,,D,0,0
0000002151,8240000200,BIENES MUEBLES,0000002149,824000,004,RESULTADO DEUDORAS,1,2,,,D,0,0
0000002152,8240000300,TÍTULOSVALORES,0000002149,824000,004,RESULTADO DEUDORAS,1,2,,,D,0,0
0000002153,825,GASTOS POR DIFERENCIAS TEMPORARIAS DE IMPUESTO SOBRE LAS GANANCIAS,0000002120,82,004,RESULTADO DEUDORAS,1,2,,,D,0,0
0000002154,8250,GASTOS POR DIFERENCIAS TEMPORARIAS DE IMPUESTO SOBRE LAS GANANCIAS,0000002153,825,004,RESULTADO DEUDORAS,1,2,,,D,1,0
0000002155,825000,GASTOS POR DIFERENCIAS TEMPORARIAS DE IMPUESTO SOBRE LAS GANANCIAS,0000002154,8250,004,RESULTADO DEUDORAS,1,2,,,D,0,0
0000002156,8250000100,IMPUESTO SOBRE LA RENTA TEMPORARIO,0000002155,825000,004,RESULTADO DEUDORAS,1,2,,,D,0,0
0000002157,8250000900,OTROS,0000002155,825000,004,RESULTADO DEUDORAS,1,2,,,D,0,0
0000002158,826,PÉRDIDAS POR CONTINGENCIAS,0000002120,82,004,RESULTADO DEUDORAS,1,2,,,D,0,0
0000002159,8260,PÉRDIDAS POR CONTINGENCIAS,0000002158,826,004,RESULTADO DEUDORAS,1,2,,,D,1,0
0000002160,826000,PÉRDIDAS POR CONTINGENCIAS,0000002159,8260,004,RESULTADO DEUDORAS,1,2,,,D,0,0
0000002161,8260000100,LITIGIOS JUDICIALES,0000002160,826000,004,RESULTADO DEUDORAS,1,2,,,D,0,0
0000002162,8260000900,OTROS,0000002160,826000,004,RESULTADO DEUDORAS,1,2,,,D,0,0
0000002163,827,OTROS,0000002120,82,004,RESULTADO DEUDORAS,1,2,,,D,0,0
0000002164,8270,OTROS,0000002163,827,004,RESULTADO DEUDORAS,1,2,,,D,1,0
0000002165,827000,OTROS,0000002164,8270,004,RESULTADO DEUDORAS,1,2,,,D,0,0
0000002166,8270000000,OTROS,0000002165,827000,004,RESULTADO DEUDORAS,1,2,,,D,0,0
0000002167,83,IMPUESTOS DIRECTOS,0000001990,8,004,RESULTADO DEUDORAS,1,2,,,D,0,0
0000002168,831,IMPUESTO SOBRE LA RENTA,0000002167,83,004,RESULTADO DEUDORAS,1,2,,,D,0,0
0000002169,8310,IMPUESTO SOBRE LA RENTA,0000002168,831,004,RESULTADO DEUDORAS,1,2,,,D,1,0
0000002170,831000,IMPUESTO SOBRE LA RENTA,0000002169,8310,004,RESULTADO DEUDORAS,1,2,,,D,0,0
0000002171,8310000000,IMPUESTO SOBRE LA RENTA,0000002170,831000,004,RESULTADO DEUDORAS,1,2,,,D,0,0
0000002172,84,CONTRIBUCIONES ESPECIALES ,0000001990,8,004,RESULTADO DEUDORAS,1,2,,,D,0,0
0000002173,841,CONTRIBUCIONES ESPECIALES,0000002172,84,004,RESULTADO DEUDORAS,1,2,,,D,0,0
0000002174,8410,CONTRIBUCIONES ESPECIALES POR LEY,0000002173,841,004,RESULTADO DEUDORAS,1,2,,,D,1,0
0000002175,841000,PLAN DE SEGURIDAD CIUDADANA-GRANDES CONTRIBUYENTES,0000002174,8410,004,RESULTADO DEUDORAS,1,2,,,D,0,0
0000002176,8410000000,PLAN DE SEGURIDAD CIUDADANA-GRANDES CONTRIBUYENTES,0000002175,841000,004,RESULTADO DEUDORAS,1,2,,,D,0,0
0000002177,9,CUENTAS DE ORDEN,,,007,CUENTAS DE ORDEN DEUDORAS,1,3,,,D,0,0
0000002178,91,INFORMACIÓN FINANCIERA,0000002177,9,007,CUENTAS DE ORDEN DEUDORAS,1,3,,,D,0,0
0000002179,911,DERECHOS Y OBLIGACIONES POR CRÉDITOS,0000002178,91,007,CUENTAS DE ORDEN DEUDORAS,1,3,,,D,0,0
0000002180,9110,DERECHOS Y OBLIGACIONES POR CRÉDITOS,0000002179,911,007,CUENTAS DE ORDEN DEUDORAS,1,3,,,D,1,1
0000002181,911001,DISPONIBILIDAD POR CRÉDITOS OBTENIDOS,0000002180,9110,007,CUENTAS DE ORDEN DEUDORAS,1,3,,,D,0,0
0000002182,9110010101,OTORGADOS POR EL BMI,0000002181,911001,007,CUENTAS DE ORDEN DEUDORAS,1,3,,,D,0,0
0000002183,9110010102,OTORGADOS POR EL BMI,0000002181,911001,007,CUENTAS DE ORDEN DEUDORAS,1,3,,,D,0,0
0000002184,9110010201,OTORGADOS POR ENTIDADES DEL ESTADO,0000002181,911001,007,CUENTAS DE ORDEN DEUDORAS,1,3,,,D,0,0
0000002185,9110010202,OTORGADOS POR ENTIDADES DEL ESTADO,0000002181,911001,007,CUENTAS DE ORDEN DEUDORAS,1,3,,,D,0,0
0000002186,9110010301,OTORGADOS POR EMPRESAS PRIVADAS,0000002181,911001,007,CUENTAS DE ORDEN DEUDORAS,1,3,,,D,0,0
0000002187,9110010302,OTORGADOS POR EMPRESAS PRIVADAS,0000002181,911001,007,CUENTAS DE ORDEN DEUDORAS,1,3,,,D,0,0
0000002188,9110010401,OTORGADOS POR PARTICULARES,0000002181,911001,007,CUENTAS DE ORDEN DEUDORAS,1,3,,,D,0,0
0000002189,9110010402,OTORGADOS POR PARTICULARES,0000002181,911001,007,CUENTAS DE ORDEN DEUDORAS,1,3,,,D,0,0
0000002190,9110010501,OTORGADOS POR BANCOS,0000002181,911001,007,CUENTAS DE ORDEN DEUDORAS,1,3,,,D,0,0
0000002191,9110010502,OTORGADOS POR BANCOS,0000002181,911001,007,CUENTAS DE ORDEN DEUDORAS,1,3,,,D,0,0
0000002192,9110010601,OTRAS ENTIDADES DEL SISTEMA FINANCIERO,0000002181,911001,007,CUENTAS DE ORDEN DEUDORAS,1,3,,,D,0,0
0000002193,9110010602,OTRAS ENTIDADES DEL SISTEMA FINANCIERO,0000002181,911001,007,CUENTAS DE ORDEN DEUDORAS,1,3,,,D,0,0
0000002194,9110010701,OTORGADOS POR BANCOS EXTRANJEROS,0000002181,911001,007,CUENTAS DE ORDEN DEUDORAS,1,3,,,D,0,0
0000002195,9110010702,OTORGADOS POR BANCOS EXTRANJEROS,0000002181,911001,007,CUENTAS DE ORDEN DEUDORAS,1,3,,,D,0,0
0000002196,911002,EXIGIBILIDAD POR CRÉDITOS OTORGADOS,0000002180,9110,007,CUENTAS DE ORDEN DEUDORAS,1,3,,,D,0,0
0000002197,9110020101,CRÉDITOS APROBADOS PENDIENTES DE FORMALIZAR,0000002196,911002,007,CUENTAS DE ORDEN DEUDORAS,1,3,,,D,0,0
0000002198,9110020102,CRÉDITOS APROBADOS PENDIENTES DE FORMALIZAR,0000002196,911002,007,CUENTAS DE ORDEN DEUDORAS,1,3,,,D,0,0
0000002199,9110020201,SALDOS NO UTILIZADOS DE LÍNEAS DE CRÉDITO,0000002196,911002,007,CUENTAS DE ORDEN DEUDORAS,1,3,,,D,0,0
0000002200,9110020202,SALDOS NO UTILIZADOS DE LÍNEAS DE CRÉDITO,0000002196,911002,007,CUENTAS DE ORDEN DEUDORAS,1,3,,,D,0,0
0000002201,9110020301,SALDOS NO UTILIZADOS DE SOBREGIROS,0000002196,911002,007,CUENTAS DE ORDEN DEUDORAS,1,3,,,D,0,0
0000002202,9110020302,SALDOS NO UTILIZADOS DE SOBREGIROS,0000002196,911002,007,CUENTAS DE ORDEN DEUDORAS,1,3,,,D,0,0
0000002203,9110020401,SALDOS NO UTILIZADOS DE TARJETAS DE CRÉDITO,0000002196,911002,007,CUENTAS DE ORDEN DEUDORAS,1,3,,,D,0,0
0000002204,9110020402,SALDOS NO UTILIZADOS DE TARJETAS DE CRÉDITO,0000002196,911002,007,CUENTAS DE ORDEN DEUDORAS,1,3,,,D,0,0
0000002205,912,FONDOS EN ADMINISTRACION,0000002178,91,007,CUENTAS DE ORDEN DEUDORAS,1,3,,,D,0,0
0000002206,9120,FONDOS EN ADMINISTRACION,0000002205,912,007,CUENTAS DE ORDEN DEUDORAS,1,3,,,D,1,1
0000002207,912000,FONDOS EN ADMINISTRACION,0000002206,9120,007,CUENTAS DE ORDEN DEUDORAS,1,3,,,D,0,0
0000002208,9120000001,FONDOS EN ADMINISTRACIÓN,0000002207,912000,007,CUENTAS DE ORDEN DEUDORAS,1,3,,,D,0,0
0000002209,9120000002,FONDOS EN ADMINISTRACIÓN,0000002207,912000,007,CUENTAS DE ORDEN DEUDORAS,1,3,,,D,0,0
0000002210,913,FONDOS DE GARANTÍA,0000002178,91,007,CUENTAS DE ORDEN DEUDORAS,1,3,,,D,0,0
0000002211,9130,FONDOS DE GARANTÍA,0000002210,913,007,CUENTAS DE ORDEN DEUDORAS,1,3,,,D,1,1
0000002212,913000,FONDOS DE GARANTÍA,0000002211,9130,007,CUENTAS DE ORDEN DEUDORAS,1,3,,,D,0,0
0000002213,9130000100,EMPRESA PRIVADAS,0000002212,913000,007,CUENTAS DE ORDEN DEUDORAS,1,3,,,D,0,0
0000002214,9130000200,BANCOS Y FINANCIERAS,0000002212,913000,007,CUENTAS DE ORDEN DEUDORAS,1,3,,,D,0,0
0000002215,9130000300,OTRAS INSTITUCIONES DEL SISTEMA FINANCIERO,0000002212,913000,007,CUENTAS DE ORDEN DEUDORAS,1,3,,,D,0,0
0000002216,9130000400,ENTIDADES ESTATALES,0000002212,913000,007,CUENTAS DE ORDEN DEUDORAS,1,3,,,D,0,0
0000002217,9130000500,PARTICULARES,0000002212,913000,007,CUENTAS DE ORDEN DEUDORAS,1,3,,,D,0,0
0000002218,914,CARTERA EN ADMINISTRACIÓN,0000002178,91,007,CUENTAS DE ORDEN DEUDORAS,1,3,,,D,0,0
0000002219,9140,CARTERA EN ADMINISTRACIÓN,0000002218,914,007,CUENTAS DE ORDEN DEUDORAS,1,3,,,D,1,1
0000002220,914000,CARTERA EN ADMINISTRACIÓN,0000002219,9140,007,CUENTAS DE ORDEN DEUDORAS,1,3,,,D,0,0
0000002221,9140000100,EMPRESA PRIVADAS,0000002220,914000,007,CUENTAS DE ORDEN DEUDORAS,1,3,,,D,0,0
0000002222,9140000200,BANCOS,0000002220,914000,007,CUENTAS DE ORDEN DEUDORAS,1,3,,,D,0,0
0000002223,9140000300,OTRAS INSTITUCIONES DEL SISTEMA FINANCIERO,0000002220,914000,007,CUENTAS DE ORDEN DEUDORAS,1,3,,,D,0,0
0000002224,9140000400,ENTIDADES ESTATALES,0000002220,914000,007,CUENTAS DE ORDEN DEUDORAS,1,3,,,D,0,0
0000002225,9140000500,PARTICULARES,0000002220,914000,007,CUENTAS DE ORDEN DEUDORAS,1,3,,,D,0,0
0000002226,9140000600,FONDOS DE ESTABILIZACIÓN,0000002220,914000,007,CUENTAS DE ORDEN DEUDORAS,1,3,,,D,0,0
0000002227,915,INTERESES SOBRE PRESTAMOS DE DUDOSA RECUPERACIÓN,0000002178,91,007,CUENTAS DE ORDEN DEUDORAS,1,3,,,D,0,0
0000002228,9150,INTERESES SOBRE PRESTAMOS DE DUDOSA RECUPERACIÓN,0000002227,915,007,CUENTAS DE ORDEN DEUDORAS,1,3,,,D,1,1
0000002229,915000,INTERESES SOBRE PRÉSTAMOS DE DUDOSA RECUPERACIÓN,0000002228,9150,007,CUENTAS DE ORDEN DEUDORAS,1,3,,,D,0,0
0000002230,9150000100,,0000002229,915000,007,CUENTAS DE ORDEN DEUDORAS,1,3,,,D,0,0
0000002231,9150001200,,0000002229,915000,007,CUENTAS DE ORDEN DEUDORAS,1,3,,,D,0,0
0000002232,916,CARTERA DE PRESTAMOS DE DUDOSA RECUPERACIÓN,0000002178,91,007,CUENTAS DE ORDEN DEUDORAS,1,3,,,D,0,0
0000002233,9160,CARTERA DE PRÉSTAMOS PIGNORADA,0000002232,916,007,CUENTAS DE ORDEN DEUDORAS,1,3,,,D,1,1
0000002234,916001,A FAVOR DEL BMI,0000002233,9160,007,CUENTAS DE ORDEN DEUDORAS,1,3,,,D,0,0
0000002235,9160010101,PRESTAMOS A EMPRESAS PRIVADAS,0000002234,916001,007,CUENTAS DE ORDEN DEUDORAS,1,3,,,D,0,0
0000002236,9160010102,PRESTAMOS A EMPRESAS PRIVADAS,0000002234,916001,007,CUENTAS DE ORDEN DEUDORAS,1,3,,,D,0,0
0000002237,9160010201,INSTITUCIONES DE CRÉDITO,0000002234,916001,007,CUENTAS DE ORDEN DEUDORAS,1,3,,,D,0,0
0000002238,9160010202,INSTITUCIONES DE CRÉDITO,0000002234,916001,007,CUENTAS DE ORDEN DEUDORAS,1,3,,,D,0,0
0000002239,9160010301,INSTITUCIONES DE SEGURO Y PREVISIÓN SOCIAL,0000002234,916001,007,CUENTAS DE ORDEN DEUDORAS,1,3,,,D,0,0
0000002240,9160010302,INSTITUCIONES DE SEGURO Y PREVISIÓN SOCIAL,0000002234,916001,007,CUENTAS DE ORDEN DEUDORAS,1,3,,,D,0,0
0000002241,9160010401,PRESTAMOS A EMPRESAS PUBLICAS NO FINANCIERAS,0000002234,916001,007,CUENTAS DE ORDEN DEUDORAS,1,3,,,D,0,0
0000002242,9160010402,PRESTAMOS A EMPRESAS PUBLICAS NO FINANCIERAS,0000002234,916001,007,CUENTAS DE ORDEN DEUDORAS,1,3,,,D,0,0
0000002243,9160010501,PRESTAMOS A GOBIERNO CENTRAL,0000002234,916001,007,CUENTAS DE ORDEN DEUDORAS,1,3,,,D,0,0
0000002244,9160010502,PRESTAMOS A GOBIERNO CENTRAL,0000002234,916001,007,CUENTAS DE ORDEN DEUDORAS,1,3,,,D,0,0
0000002245,9160010601,PRESTAMOS A GOBIERNO MUNICIPALES,0000002234,916001,007,CUENTAS DE ORDEN DEUDORAS,1,3,,,D,0,0
0000002246,9160010602,PRESTAMOS A GOBIERNOS MUNICIPALES,0000002234,916001,007,CUENTAS DE ORDEN DEUDORAS,1,3,,,D,0,0
0000002247,9160010701,PRESTAMOS A PARTICULARES,0000002234,916001,007,CUENTAS DE ORDEN DEUDORAS,1,3,,,D,0,0
0000002248,9160010702,PRESTAMOS A PARTICULARES,0000002234,916001,007,CUENTAS DE ORDEN DEUDORAS,1,3,,,D,0,0
0000002249,9160010801,PRESTAMOS A EMPRESAS NO DOMICILIADAS,0000002234,916001,007,CUENTAS DE ORDEN DEUDORAS,1,3,,,D,0,0
0000002250,9160010802,PRESTAMOS A EMPRESAS NO DOMICILIADAS,0000002234,916001,007,CUENTAS DE ORDEN DEUDORAS,1,3,,,D,0,0
0000002251,9160010901,PRESTAMOS A OTROS,0000002234,916001,007,CUENTAS DE ORDEN DEUDORAS,1,3,,,D,0,0
0000002252,9160010902,PRESTAMOS A OTROS,0000002234,916001,007,CUENTAS DE ORDEN DEUDORAS,1,3,,,D,0,0
0000002253,916002,PARA GARANTIZAR EMISIONES DE OBLIGACIONES NEGOCIABLES,0000002233,9160,007,CUENTAS DE ORDEN DEUDORAS,1,3,,,D,0,0
0000002254,9160020101,PRESTAMOS A EMPRESAS PRIVADAS,0000002253,916002,007,CUENTAS DE ORDEN DEUDORAS,1,3,,,D,0,0
0000002255,9160020102,PRESTAMOS A EMPRESAS PRIVADAS,0000002253,916002,007,CUENTAS DE ORDEN DEUDORAS,1,3,,,D,0,0
0000002256,9160020201,INSTITUCIONES DE CRÉDITO,0000002253,916002,007,CUENTAS DE ORDEN DEUDORAS,1,3,,,D,0,0
0000002257,9160020202,INSTITUCIONES DE CRÉDITO,0000002253,916002,007,CUENTAS DE ORDEN DEUDORAS,1,3,,,D,0,0
0000002258,9160020301,INSTITUCIONES DE SEGURO Y PREVISIÓN SOCIAL,0000002253,916002,007,CUENTAS DE ORDEN DEUDORAS,1,3,,,D,0,0
0000002259,9160020302,INSTITUCIONES DE SEGURO Y PREVISIÓN SOCIAL,0000002253,916002,007,CUENTAS DE ORDEN DEUDORAS,1,3,,,D,0,0
0000002260,9160020401,PRESTAMOS A EMPRESAS PUBLICAS NO FINANCIERAS,0000002253,916002,007,CUENTAS DE ORDEN DEUDORAS,1,3,,,D,0,0
0000002261,9160020402,PRESTAMOS A EMPRESAS PUBLICAS NO FINANCIERAS,0000002253,916002,007,CUENTAS DE ORDEN DEUDORAS,1,3,,,D,0,0
0000002262,9160020501,PRESTAMOS A GOBIERNO CENTRAL,0000002253,916002,007,CUENTAS DE ORDEN DEUDORAS,1,3,,,D,0,0
0000002263,9160020502,PRESTAMOS A GOBIERNO CENTRAL,0000002253,916002,007,CUENTAS DE ORDEN DEUDORAS,1,3,,,D,0,0
0000002264,9160020601,PRESTAMOS A GOBIERNO MUNICIPALES,0000002253,916002,007,CUENTAS DE ORDEN DEUDORAS,1,3,,,D,0,0
0000002265,9160020602,PRESTAMOS A GOBIERNOS MUNICIPALES,0000002253,916002,007,CUENTAS DE ORDEN DEUDORAS,1,3,,,D,0,0
0000002266,9160020701,PRESTAMOS A PARTICULARES,0000002253,916002,007,CUENTAS DE ORDEN DEUDORAS,1,3,,,D,0,0
0000002267,9160020702,PRESTAMOS A PARTICULARES,0000002253,916002,007,CUENTAS DE ORDEN DEUDORAS,1,3,,,D,0,0
0000002268,9160020801,PRESTAMOS A EMPRESAS NO DOMICILIADAS,0000002253,916002,007,CUENTAS DE ORDEN DEUDORAS,1,3,,,D,0,0
0000002269,9160020802,PRESTAMOS A EMPRESAS NO DOMICILIADAS,0000002253,916002,007,CUENTAS DE ORDEN DEUDORAS,1,3,,,D,0,0
0000002270,9160020901,PRESTAMOS A OTROS,0000002253,916002,007,CUENTAS DE ORDEN DEUDORAS,1,3,,,D,0,0
0000002271,9160020902,PRESTAMOS A OTROS,0000002253,916002,007,CUENTAS DE ORDEN DEUDORAS,1,3,,,D,0,0
0000002272,916003,A FAVOR DEL INSTITUTO DE GARANTÍA DE DEPÓSITOS,0000002233,9160,007,CUENTAS DE ORDEN DEUDORAS,1,3,,,D,0,0
0000002273,9160030101,PRESTAMOS A EMPRESAS PRIVADAS,0000002272,916003,007,CUENTAS DE ORDEN DEUDORAS,1,3,,,D,0,0
0000002274,9160030102,PRESTAMOS A EMPRESAS PRIVADAS,0000002272,916003,007,CUENTAS DE ORDEN DEUDORAS,1,3,,,D,0,0
0000002275,9160030201,INSTITUCIONES DE CRÉDITO,0000002272,916003,007,CUENTAS DE ORDEN DEUDORAS,1,3,,,D,0,0
0000002276,9160030202,INSTITUCIONES DE CRÉDITO,0000002272,916003,007,CUENTAS DE ORDEN DEUDORAS,1,3,,,D,0,0
0000002277,9160030301,INSTITUCIONES DE SEGURO Y PREVISIÓN SOCIAL,0000002272,916003,007,CUENTAS DE ORDEN DEUDORAS,1,3,,,D,0,0
0000002278,9160030302,INSTITUCIONES DE SEGURO Y PREVISIÓN SOCIAL,0000002272,916003,007,CUENTAS DE ORDEN DEUDORAS,1,3,,,D,0,0
0000002279,9160030401,PRESTAMOS A EMPRESAS PUBLICAS NO FINANCIERAS,0000002272,916003,007,CUENTAS DE ORDEN DEUDORAS,1,3,,,D,0,0
0000002280,9160030402,PRESTAMOS A EMPRESAS PUBLICAS NO FINANCIERAS,0000002272,916003,007,CUENTAS DE ORDEN DEUDORAS,1,3,,,D,0,0
0000002281,9160030501,PRESTAMOS A GOBIERNO CENTRAL,0000002272,916003,007,CUENTAS DE ORDEN DEUDORAS,1,3,,,D,0,0
0000002282,9160030502,PRESTAMOS A GOBIERNO CENTRAL,0000002272,916003,007,CUENTAS DE ORDEN DEUDORAS,1,3,,,D,0,0
0000002283,9160030601,PRESTAMOS A GOBIERNO MUNICIPALES,0000002272,916003,007,CUENTAS DE ORDEN DEUDORAS,1,3,,,D,0,0
0000002284,9160030602,PRESTAMOS A GOBIERNOS MUNICIPALES,0000002272,916003,007,CUENTAS DE ORDEN DEUDORAS,1,3,,,D,0,0
0000002285,9160030701,PRESTAMOS A PARTICULARES,0000002272,916003,007,CUENTAS DE ORDEN DEUDORAS,1,3,,,D,0,0
0000002286,9160030702,PRESTAMOS A PARTICULARES,0000002272,916003,007,CUENTAS DE ORDEN DEUDORAS,1,3,,,D,0,0
0000002287,9160030801,PRESTAMOS A EMPRESAS NO DOMICILIADAS,0000002272,916003,007,CUENTAS DE ORDEN DEUDORAS,1,3,,,D,0,0
0000002288,9160030802,PRESTAMOS A EMPRESAS NO DOMICILIADAS,0000002272,916003,007,CUENTAS DE ORDEN DEUDORAS,1,3,,,D,0,0
0000002289,9160030901,PRESTAMOS A OTROS,0000002272,916003,007,CUENTAS DE ORDEN DEUDORAS,1,3,,,D,0,0
0000002290,9160030902,PRESTAMOS A OTROS,0000002272,916003,007,CUENTAS DE ORDEN DEUDORAS,1,3,,,D,0,0
0000002291,916005,A FAVOR DE OTRAS ENTIDADES DEL SISTEMA FINANCIERO,0000002233,9160,007,CUENTAS DE ORDEN DEUDORAS,1,3,,,D,0,0
0000002292,9160050101,PRESTAMOS A EMPRESAS PRIVADAS,0000002291,916005,007,CUENTAS DE ORDEN DEUDORAS,1,3,,,D,0,0
0000002293,9160050102,PRESTAMOS A EMPRESAS PRIVADAS,0000002291,916005,007,CUENTAS DE ORDEN DEUDORAS,1,3,,,D,0,0
0000002294,9160050201,INSTITUCIONES DE CRÉDITO,0000002291,916005,007,CUENTAS DE ORDEN DEUDORAS,1,3,,,D,0,0
0000002295,9160050202,INSTITUCIONES DE CRÉDITO,0000002291,916005,007,CUENTAS DE ORDEN DEUDORAS,1,3,,,D,0,0
0000002296,9160050301,INSTITUCIONES DE SEGURO Y PREVISIÓN SOCIAL,0000002291,916005,007,CUENTAS DE ORDEN DEUDORAS,1,3,,,D,0,0
0000002297,9160050302,INSTITUCIONES DE SEGURO Y PREVISIÓN SOCIAL,0000002291,916005,007,CUENTAS DE ORDEN DEUDORAS,1,3,,,D,0,0
0000002298,9160050401,PRESTAMOS A EMPRESAS PUBLICAS NO FINANCIERAS,0000002291,916005,007,CUENTAS DE ORDEN DEUDORAS,1,3,,,D,0,0
0000002299,9160050402,PRESTAMOS A EMPRESAS PUBLICAS NO FINANCIERAS,0000002291,916005,007,CUENTAS DE ORDEN DEUDORAS,1,3,,,D,0,0
0000002300,9160050501,PRESTAMOS A GOBIERNO CENTRAL,0000002291,916005,007,CUENTAS DE ORDEN DEUDORAS,1,3,,,D,0,0
0000002301,9160050502,PRESTAMOS A GOBIERNO CENTRAL,0000002291,916005,007,CUENTAS DE ORDEN DEUDORAS,1,3,,,D,0,0
0000002302,9160050601,PRESTAMOS A GOBIERNO MUNICIPALES,0000002291,916005,007,CUENTAS DE ORDEN DEUDORAS,1,3,,,D,0,0
0000002303,9160050602,PRESTAMOS A GOBIERNOS MUNICIPALES,0000002291,916005,007,CUENTAS DE ORDEN DEUDORAS,1,3,,,D,0,0
0000002304,9160050701,PRESTAMOS A PARTICULARES,0000002291,916005,007,CUENTAS DE ORDEN DEUDORAS,1,3,,,D,0,0
0000002305,9160050702,PRESTAMOS A PARTICULARES,0000002291,916005,007,CUENTAS DE ORDEN DEUDORAS,1,3,,,D,0,0
0000002306,9160050801,PRESTAMOS A EMPRESAS NO DOMICILIADAS,0000002291,916005,007,CUENTAS DE ORDEN DEUDORAS,1,3,,,D,0,0
0000002307,9160050802,PRESTAMOS A EMPRESAS NO DOMICILIADAS,0000002291,916005,007,CUENTAS DE ORDEN DEUDORAS,1,3,,,D,0,0
0000002308,9160050901,PRESTAMOS A OTROS,0000002291,916005,007,CUENTAS DE ORDEN DEUDORAS,1,3,,,D,0,0
0000002309,9160050902,PRESTAMOS A OTROS,0000002291,916005,007,CUENTAS DE ORDEN DEUDORAS,1,3,,,D,0,0
0000002310,916006,A FAVOR DE OTRAS ENTIDADES EXTRANJERAS,0000002233,9160,007,CUENTAS DE ORDEN DEUDORAS,1,3,,,D,0,0
0000002311,9160060101,PRESTAMOS A EMPRESAS PRIVADAS,0000002310,916006,007,CUENTAS DE ORDEN DEUDORAS,1,3,,,D,0,0
0000002312,9160060102,PRESTAMOS A EMPRESAS PRIVADAS,0000002310,916006,007,CUENTAS DE ORDEN DEUDORAS,1,3,,,D,0,0
0000002313,9160060201,INSTITUCIONES DE CRÉDITO,0000002310,916006,007,CUENTAS DE ORDEN DEUDORAS,1,3,,,D,0,0
0000002314,9160060202,INSTITUCIONES DE CRÉDITO,0000002310,916006,007,CUENTAS DE ORDEN DEUDORAS,1,3,,,D,0,0
0000002315,9160060301,INSTITUCIONES DE SEGURO Y PREVISIÓN SOCIAL,0000002310,916006,007,CUENTAS DE ORDEN DEUDORAS,1,3,,,D,0,0
0000002316,9160060302,INSTITUCIONES DE SEGURO Y PREVISIÓN SOCIAL,0000002310,916006,007,CUENTAS DE ORDEN DEUDORAS,1,3,,,D,0,0
0000002317,9160060401,PRESTAMOS A EMPRESAS PUBLICAS NO FINANCIERAS,0000002310,916006,007,CUENTAS DE ORDEN DEUDORAS,1,3,,,D,0,0
0000002318,9160060402,PRESTAMOS A EMPRESAS PUBLICAS NO FINANCIERAS,0000002310,916006,007,CUENTAS DE ORDEN DEUDORAS,1,3,,,D,0,0
0000002319,9160060501,PRESTAMOS A GOBIERNO CENTRAL,0000002310,916006,007,CUENTAS DE ORDEN DEUDORAS,1,3,,,D,0,0
0000002320,9160060502,PRESTAMOS A GOBIERNO CENTRAL,0000002310,916006,007,CUENTAS DE ORDEN DEUDORAS,1,3,,,D,0,0
0000002321,9160060601,PRESTAMOS A GOBIERNO MUNICIPALES,0000002310,916006,007,CUENTAS DE ORDEN DEUDORAS,1,3,,,D,0,0
0000002322,9160060602,PRESTAMOS A GOBIERNOS MUNICIPALES,0000002310,916006,007,CUENTAS DE ORDEN DEUDORAS,1,3,,,D,0,0
0000002323,9160060701,PRESTAMOS A PARTICULARES,0000002310,916006,007,CUENTAS DE ORDEN DEUDORAS,1,3,,,D,0,0
0000002324,9160060702,PRESTAMOS A PARTICULARES,0000002310,916006,007,CUENTAS DE ORDEN DEUDORAS,1,3,,,D,0,0
0000002325,9160060801,PRESTAMOS A EMPRESAS NO DOMICILIADAS,0000002310,916006,007,CUENTAS DE ORDEN DEUDORAS,1,3,,,D,0,0
0000002326,9160060802,PRESTAMOS A EMPRESAS NO DOMICILIADAS,0000002310,916006,007,CUENTAS DE ORDEN DEUDORAS,1,3,,,D,0,0
0000002327,9160060901,PRESTAMOS A OTROS,0000002310,916006,007,CUENTAS DE ORDEN DEUDORAS,1,3,,,D,0,0
0000002328,9160060902,PRESTAMOS A OTROS,0000002310,916006,007,CUENTAS DE ORDEN DEUDORAS,1,3,,,D,0,0
0000002329,916007,A FAVOR DE OTRAS ENTIDADES,0000002233,9160,007,CUENTAS DE ORDEN DEUDORAS,1,3,,,D,0,0
0000002330,9160070101,PRESTAMOS A EMPRESAS PRIVADAS,0000002329,916007,007,CUENTAS DE ORDEN DEUDORAS,1,3,,,D,0,0
0000002331,9160070102,PRESTAMOS A EMPRESAS PRIVADAS,0000002329,916007,007,CUENTAS DE ORDEN DEUDORAS,1,3,,,D,0,0
0000002332,9160070201,INSTITUCIONES DE CRÉDITO,0000002329,916007,007,CUENTAS DE ORDEN DEUDORAS,1,3,,,D,0,0
0000002333,9160070202,INSTITUCIONES DE CRÉDITO,0000002329,916007,007,CUENTAS DE ORDEN DEUDORAS,1,3,,,D,0,0
0000002334,9160070301,INSTITUCIONES DE SEGURO Y PREVISIÓN SOCIAL,0000002329,916007,007,CUENTAS DE ORDEN DEUDORAS,1,3,,,D,0,0
0000002335,9160070302,INSTITUCIONES DE SEGURO Y PREVISIÓN SOCIAL,0000002329,916007,007,CUENTAS DE ORDEN DEUDORAS,1,3,,,D,0,0
0000002336,9160070401,PRESTAMOS A EMPRESAS PUBLICAS NO FINANCIERAS,0000002329,916007,007,CUENTAS DE ORDEN DEUDORAS,1,3,,,D,0,0
0000002337,9160070402,PRESTAMOS A EMPRESAS PUBLICAS NO FINANCIERAS,0000002329,916007,007,CUENTAS DE ORDEN DEUDORAS,1,3,,,D,0,0
0000002338,9160070501,PRESTAMOS A GOBIERNO CENTRAL,0000002329,916007,007,CUENTAS DE ORDEN DEUDORAS,1,3,,,D,0,0
0000002339,9160070502,PRESTAMOS A GOBIERNO CENTRAL,0000002329,916007,007,CUENTAS DE ORDEN DEUDORAS,1,3,,,D,0,0
0000002340,9160070601,PRESTAMOS A GOBIERNO MUNICIPALES,0000002329,916007,007,CUENTAS DE ORDEN DEUDORAS,1,3,,,D,0,0
0000002341,9160070602,PRESTAMOS A GOBIERNOS MUNICIPALES,0000002329,916007,007,CUENTAS DE ORDEN DEUDORAS,1,3,,,D,0,0
0000002342,9160070701,PRESTAMOS A PARTICULARES,0000002329,916007,007,CUENTAS DE ORDEN DEUDORAS,1,3,,,D,0,0
0000002343,9160070702,PRESTAMOS A PARTICULARES,0000002329,916007,007,CUENTAS DE ORDEN DEUDORAS,1,3,,,D,0,0
0000002344,9160070801,PRESTAMOS A EMPRESAS NO DOMICILIADAS,0000002329,916007,007,CUENTAS DE ORDEN DEUDORAS,1,3,,,D,0,0
0000002345,9160070802,PRESTAMOS A EMPRESAS NO DOMICILIADAS,0000002329,916007,007,CUENTAS DE ORDEN DEUDORAS,1,3,,,D,0,0
0000002346,9160070901,PRESTAMOS A OTROS,0000002329,916007,007,CUENTAS DE ORDEN DEUDORAS,1,3,,,D,0,0
0000002347,9160070902,PRESTAMOS A OTROS,0000002329,916007,007,CUENTAS DE ORDEN DEUDORAS,1,3,,,D,0,0
0000002348,917,SALDOS A CARGO DE DEUDORES,0000002178,91,007,CUENTAS DE ORDEN DEUDORAS,1,3,,,D,0,0
0000002349,9170,SALDOS A CARGO DE DEUDORES,0000002348,917,007,CUENTAS DE ORDEN DEUDORAS,1,3,,,D,1,1
0000002350,917000,SALDOS A CARGO DE DEUDORES,0000002349,9170,007,CUENTAS DE ORDEN DEUDORAS,1,3,,,D,0,0
0000002351,9170000001,SALDOS A CARGO DE DEUDORES,0000002350,917000,007,CUENTAS DE ORDEN DEUDORAS,1,3,,,D,0,0
0000002352,917000000101,CAPITAL Y ADITIVOS POR COBRAR DE PRESTAMOS,0000002351,9170000001,007,CUENTAS DE ORDEN DEUDORAS,1,3,,,D,0,0
0000002353,91700000010101,CAPITAL DE PRESTAMOS,0000002352,917000000101,007,CUENTAS DE ORDEN DEUDORAS,1,3,,,D,0,0
0000002354,91700000010102,INTERESES DE PRESTAMOS,0000002352,917000000101,007,CUENTAS DE ORDEN DEUDORAS,1,3,,,D,0,0
0000002355,9170000001010201,INTERESES ORDINARIO,0000002354,91700000010102,007,CUENTAS DE ORDEN DEUDORAS,1,3,,,D,0,0
0000002356,91700000010103,SEGUROS DE PRESTAMOS,0000002352,917000000101,007,CUENTAS DE ORDEN DEUDORAS,1,3,,,D,0,0
0000002357,9170000001010301,SEGURO DE DAÑO,0000002356,91700000010103,007,CUENTAS DE ORDEN DEUDORAS,1,3,,,D,0,0
0000002358,9170000001010302,SEGURO DE DEUDA,0000002356,91700000010103,007,CUENTAS DE ORDEN DEUDORAS,1,3,,,D,0,0
0000002359,9170000001010303,SEGURO DE VEHICULO,0000002356,91700000010103,007,CUENTAS DE ORDEN DEUDORAS,1,3,,,D,0,0
0000002360,91700000010104,AHORROS Y APORTACIONES DE PRESTAMO,0000002352,917000000101,007,CUENTAS DE ORDEN DEUDORAS,1,3,,,D,0,0
0000002361,9170000001010401,AHORROS,0000002360,91700000010104,007,CUENTAS DE ORDEN DEUDORAS,1,3,,,D,0,0
0000002362,9170000001010402,APORTACIONES,0000002360,91700000010104,007,CUENTAS DE ORDEN DEUDORAS,1,3,,,D,0,0
0000002363,917000000102,RENDIMIENTO CERTIFICADOS DE APORTACION,0000002351,9170000001,007,CUENTAS DE ORDEN DEUDORAS,1,3,,,D,0,0
0000002364,91700000010201,CERTIFICADO DE APORTACIONES PLUS SILVER,0000002363,917000000102,007,CUENTAS DE ORDEN DEUDORAS,1,3,,,D,0,0
0000002365,91700000010202,CERTIFICADO DE APORTACIONES PLUS GOLD,0000002363,917000000102,007,CUENTAS DE ORDEN DEUDORAS,1,3,,,D,0,0
0000002366,91700000010203,CERTIFICADO DE APORTACIONES PLUS PLATINUM,0000002363,917000000102,007,CUENTAS DE ORDEN DEUDORAS,1,3,,,D,0,0
0000002367,91700000010204,CERTIFICADO DE APORTACIONES PLUS INFINITE,0000002363,917000000102,007,CUENTAS DE ORDEN DEUDORAS,1,3,,,D,0,0
0000002368,9170000002,SALDOS A CARGO DE DEUDORES,0000002350,917000,007,CUENTAS DE ORDEN DEUDORAS,1,3,,,D,0,0
0000002369,92,EXISTENCIAS EN LA BÓVEDA,0000002177,9,007,CUENTAS DE ORDEN DEUDORAS,1,3,,,D,0,0
0000002370,921,DOCUMENTOS DE PRESTAMOS Y CRÉDITOS,0000002369,92,007,CUENTAS DE ORDEN DEUDORAS,1,3,,,D,0,0
0000002371,9210,DOCUMENTOS DE PRESTAMOS Y CRÉDITOS,0000002370,921,007,CUENTAS DE ORDEN DEUDORAS,1,3,,,D,1,1
0000002372,921000,DOCUMENTOS DE PRESTAMOS Y CRÉDITOS,0000002371,9210,007,CUENTAS DE ORDEN DEUDORAS,1,3,,,D,0,0
0000002373,9210000100,CON HIPOTECA,0000002372,921000,007,CUENTAS DE ORDEN DEUDORAS,1,3,,,D,0,0
0000002374,9210000200,CON HIPOTECA ABIERTA,0000002372,921000,007,CUENTAS DE ORDEN DEUDORAS,1,3,,,D,0,0
0000002375,9210000300,CON PRENDA CON DESPLAZAMIENTO,0000002372,921000,007,CUENTAS DE ORDEN DEUDORAS,1,3,,,D,0,0
0000002376,9210000400,CON PRENDA SIN DESPLAZAMIENTO,0000002372,921000,007,CUENTAS DE ORDEN DEUDORAS,1,3,,,D,0,0
0000002377,9210000500,PRENDA SOBRE COSECHAS (AVÍO),0000002372,921000,007,CUENTAS DE ORDEN DEUDORAS,1,3,,,D,0,0
0000002378,9210000600,MUTUOS SIN GARANTÍA REAL,0000002372,921000,007,CUENTAS DE ORDEN DEUDORAS,1,3,,,D,0,0
0000002379,9210000700,HIPOTECA LEGAL SUBSIDIARIA,0000002372,921000,007,CUENTAS DE ORDEN DEUDORAS,1,3,,,D,0,0
0000002380,9210000800,CON FIANZAS O AVALES,0000002372,921000,007,CUENTAS DE ORDEN DEUDORAS,1,3,,,D,0,0
0000002381,922,TÍTULOSVALORES Y OTROS DOCUMENTOS,0000002369,92,007,CUENTAS DE ORDEN DEUDORAS,1,3,,,D,0,0
0000002382,9220,TÍTULOSVALORES Y OTROS DOCUMENTOS,0000002381,922,007,CUENTAS DE ORDEN DEUDORAS,1,3,,,D,1,1
0000002383,922001,CHEQUES DE VIAJERO PARA LA VENTA,0000002382,9220,007,CUENTAS DE ORDEN DEUDORAS,1,3,,,D,0,0
0000002384,9220010000,CHEQUES DE VIAJERO PARA LA VENTA,0000002383,922001,007,CUENTAS DE ORDEN DEUDORAS,1,3,,,D,0,0
0000002385,922002,DOCUMENTOS AJENOS AL COBRO,0000002382,9220,007,CUENTAS DE ORDEN DEUDORAS,1,3,,,D,0,0
0000002386,9220020101,COBRANZAS LOCALES,0000002385,922002,007,CUENTAS DE ORDEN DEUDORAS,1,3,,,D,0,0
0000002387,9220020201,COBRANZAS DEL EXTERIOR,0000002385,922002,007,CUENTAS DE ORDEN DEUDORAS,1,3,,,D,0,0
0000002388,9220020202,COBRANZAS DEL EXTERIOR,0000002385,922002,007,CUENTAS DE ORDEN DEUDORAS,1,3,,,D,0,0
0000002389,922003,CONTRA - GARANTIAS POR AVALES Y FIANZAS,0000002382,9220,007,CUENTAS DE ORDEN DEUDORAS,1,3,,,D,0,0
0000002390,9220030101,OTORGADAS POR EMPRESAS NACIONALES,0000002389,922003,007,CUENTAS DE ORDEN DEUDORAS,1,3,,,D,0,0
0000002391,9220030102,OTORGADAS POR EMPRESAS EXTRANJERAS,0000002389,922003,007,CUENTAS DE ORDEN DEUDORAS,1,3,,,D,0,0
0000002392,922004,DOCUMENTOS DESCONTADOS,0000002382,9220,007,CUENTAS DE ORDEN DEUDORAS,1,3,,,D,0,0
0000002393,9220040000,DOCUMENTOS DESCONTADOS,0000002392,922004,007,CUENTAS DE ORDEN DEUDORAS,1,3,,,D,0,0
0000002394,922005,DOCUMENTOS ADQUIRIDOS TEMPORALMENTE,0000002382,9220,007,CUENTAS DE ORDEN DEUDORAS,1,3,,,D,0,0
0000002395,9220050100,A EMPRESAS PRIVADAS,0000002394,922005,007,CUENTAS DE ORDEN DEUDORAS,1,3,,,D,0,0
0000002396,9220050200,A BANCOS,0000002394,922005,007,CUENTAS DE ORDEN DEUDORAS,1,3,,,D,0,0
0000002397,9220050300,A OTRAS INSTITUCIONES DEL SISTEMA FINANCIERO,0000002394,922005,007,CUENTAS DE ORDEN DEUDORAS,1,3,,,D,0,0
0000002398,9220050400,A ENTIDADES DEL ESTADO,0000002394,922005,007,CUENTAS DE ORDEN DEUDORAS,1,3,,,D,0,0
0000002399,9220050500,A PARTICULARES,0000002394,922005,007,CUENTAS DE ORDEN DEUDORAS,1,3,,,D,0,0
0000002400,922006,DOCUMENTOS DE CARTERA EN ADMINISTRACION,0000002382,9220,007,CUENTAS DE ORDEN DEUDORAS,1,3,,,D,0,0
0000002401,9220060000,DOCUMENTOS DE CARTERA EN ADMINISTRACIÓN,0000002400,922006,007,CUENTAS DE ORDEN DEUDORAS,1,3,,,D,0,0
0000002402,922007,DOCUMENTOS DE FONDOS DE GARANTÍA,0000002382,9220,007,CUENTAS DE ORDEN DEUDORAS,1,3,,,D,0,0
0000002403,9220070000,DOCUMENTOS DE FONDOS DE GARANTÍA,0000002402,922007,007,CUENTAS DE ORDEN DEUDORAS,1,3,,,D,0,0
0000002404,922008,DOCUMENTOS EN CUSTODIA,0000002382,9220,007,CUENTAS DE ORDEN DEUDORAS,1,3,,,D,0,0
0000002405,9220080100,PROPIOS,0000002404,922008,007,CUENTAS DE ORDEN DEUDORAS,1,3,,,D,0,0
0000002406,9220080200,AJENOS,0000002404,922008,007,CUENTAS DE ORDEN DEUDORAS,1,3,,,D,0,0
0000002407,923,CARTERA DE INVERSIONES FINANCIERAS,0000002369,92,007,CUENTAS DE ORDEN DEUDORAS,1,3,,,D,0,0
0000002408,9230,CARTERA DE INVERSIONES FINANCIERAS,0000002407,923,007,CUENTAS DE ORDEN DEUDORAS,1,3,,,D,1,1
0000002409,923001,TÍTULOSVALORES NEGOCIABLES,0000002408,9230,007,CUENTAS DE ORDEN DEUDORAS,1,3,,,D,0,0
0000002410,9230010101,EMITIDOS POR EL BCR,0000002409,923001,007,CUENTAS DE ORDEN DEUDORAS,1,3,,,D,0,0
0000002411,9230010102,EMITIDOS POR EL BCR,0000002409,923001,007,CUENTAS DE ORDEN DEUDORAS,1,3,,,D,0,0
0000002412,9230010201,EMITIDOS POR EL ESTADO,0000002409,923001,007,CUENTAS DE ORDEN DEUDORAS,1,3,,,D,0,0
0000002413,9230010202,EMITIDOS POR EL ESTADO,0000002409,923001,007,CUENTAS DE ORDEN DEUDORAS,1,3,,,D,0,0
0000002414,9230010301,EMITIDOS POR EMPRESAS PRIVADAS,0000002409,923001,007,CUENTAS DE ORDEN DEUDORAS,1,3,,,D,0,0
0000002415,9230010302,EMITIDOS POR EMPRESAS PRIVADAS,0000002409,923001,007,CUENTAS DE ORDEN DEUDORAS,1,3,,,D,0,0
0000002416,9230010501,EMITIDOS POR BANCOS,0000002409,923001,007,CUENTAS DE ORDEN DEUDORAS,1,3,,,D,0,0
0000002417,9230010502,EMITIDOS POR BANCOS,0000002409,923001,007,CUENTAS DE ORDEN DEUDORAS,1,3,,,D,0,0
0000002418,9230010601,EMITIDOS POR OTRAS ENTIDADES DEL SISTEMA FINANCIERO,0000002409,923001,007,CUENTAS DE ORDEN DEUDORAS,1,3,,,D,0,0
0000002419,9230010602,EMITIDOS POR OTRAS ENTIDADES DEL SISTEMA FINANCIERO,0000002409,923001,007,CUENTAS DE ORDEN DEUDORAS,1,3,,,D,0,0
0000002420,9230010701,EMITIDOS POR INSTITUCIONES EXTRANJERAS,0000002409,923001,007,CUENTAS DE ORDEN DEUDORAS,1,3,,,D,0,0
0000002421,9230010702,EMITIDOS POR INSTITUCIONES EXTRANJERAS,0000002409,923001,007,CUENTAS DE ORDEN DEUDORAS,1,3,,,D,0,0
0000002422,9230010801,EMITIDOS POR EL INSTITUTO DE GARANTÍA DE DEPÓSITOS,0000002409,923001,007,CUENTAS DE ORDEN DEUDORAS,1,3,,,D,0,0
0000002423,9230010802,EMITIDOS POR EL INSTITUTO DE GARANTÍA DE DEPÓSITOS,0000002409,923001,007,CUENTAS DE ORDEN DEUDORAS,1,3,,,D,0,0
0000002424,9230019901,INTERESES Y OTROS POR COBRAR,0000002409,923001,007,CUENTAS DE ORDEN DEUDORAS,1,3,,,D,0,0
0000002425,9230019902,INTERESES Y OTROS POR COBRAR,0000002409,923001,007,CUENTAS DE ORDEN DEUDORAS,1,3,,,D,0,0
0000002426,923002,TÍTULOSVALORES NO NEGOCIABLES,0000002408,9230,007,CUENTAS DE ORDEN DEUDORAS,1,3,,,D,0,0
0000002427,9230020101,EMITIDOS POR EL BCR,0000002426,923002,007,CUENTAS DE ORDEN DEUDORAS,1,3,,,D,0,0
0000002428,9230020102,EMITIDOS POR EL BCR,0000002426,923002,007,CUENTAS DE ORDEN DEUDORAS,1,3,,,D,0,0
0000002429,9230020201,EMITIDOS POR EL ESTADO,0000002426,923002,007,CUENTAS DE ORDEN DEUDORAS,1,3,,,D,0,0
0000002430,9230020202,EMITIDOS POR EL ESTADO,0000002426,923002,007,CUENTAS DE ORDEN DEUDORAS,1,3,,,D,0,0
0000002431,9230020301,EMITIDOS POR EMPRESAS PRIVADAS,0000002426,923002,007,CUENTAS DE ORDEN DEUDORAS,1,3,,,D,0,0
0000002432,9230020302,EMITIDOS POR EMPRESAS PRIVADAS,0000002426,923002,007,CUENTAS DE ORDEN DEUDORAS,1,3,,,D,0,0
0000002433,9230020501,EMITIDOS POR BANCOS,0000002426,923002,007,CUENTAS DE ORDEN DEUDORAS,1,3,,,D,0,0
0000002434,9230020502,EMITIDOS POR BANCOS,0000002426,923002,007,CUENTAS DE ORDEN DEUDORAS,1,3,,,D,0,0
0000002435,9230020601,EMITIDOS POR OTRAS ENTIDADES DEL SISTEMA FINANCIERO,0000002426,923002,007,CUENTAS DE ORDEN DEUDORAS,1,3,,,D,0,0
0000002436,9230020602,EMITIDOS POR OTRAS ENTIDADES DEL SISTEMA FINANCIERO,0000002426,923002,007,CUENTAS DE ORDEN DEUDORAS,1,3,,,D,0,0
0000002437,9230020701,EMITIDOS POR INSTITUCIONES EXTRANJERAS,0000002426,923002,007,CUENTAS DE ORDEN DEUDORAS,1,3,,,D,0,0
0000002438,9230020702,EMITIDOS POR INSTITUCIONES EXTRANJERAS,0000002426,923002,007,CUENTAS DE ORDEN DEUDORAS,1,3,,,D,0,0
0000002439,9230020801,EMITIDOS POR EL INSTITUTO DE GARANTÍA DE DEPÓSITOS,0000002426,923002,007,CUENTAS DE ORDEN DEUDORAS,1,3,,,D,0,0
0000002440,9230020802,EMITIDOS POR EL INSTITUTO DE GARANTÍA DE DEPÓSITOS,0000002426,923002,007,CUENTAS DE ORDEN DEUDORAS,1,3,,,D,0,0
0000002441,9230029901,INTERESES Y OTROS POR COBRAR,0000002426,923002,007,CUENTAS DE ORDEN DEUDORAS,1,3,,,D,0,0
0000002442,9230029902,INTERESES Y OTROS POR COBRAR,0000002426,923002,007,CUENTAS DE ORDEN DEUDORAS,1,3,,,D,0,0
0000002443,924,ACTIVOS CASTIGADOS,0000002369,92,007,CUENTAS DE ORDEN DEUDORAS,1,3,,,D,0,0
0000002444,9240,ACTIVOS CASTIGADOS,0000002443,924,007,CUENTAS DE ORDEN DEUDORAS,1,3,,,D,1,1
0000002445,924001,CARTERA DE PRÉSTAMOS,0000002444,9240,007,CUENTAS DE ORDEN DEUDORAS,1,3,,,D,0,0
0000002446,9240010001,CARTERA DE PRÉSTAMOS,0000002445,924001,007,CUENTAS DE ORDEN DEUDORAS,1,3,,,D,0,0
0000002447,9240010002,CARTERA DE PRÉSTAMOS,0000002445,924001,007,CUENTAS DE ORDEN DEUDORAS,1,3,,,D,0,0
0000002448,924002,INVERSIONES FINANCIERAS,0000002444,9240,007,CUENTAS DE ORDEN DEUDORAS,1,3,,,D,0,0
0000002449,9240020001,INVERSIONES FINANCIERAS,0000002448,924002,007,CUENTAS DE ORDEN DEUDORAS,1,3,,,D,0,0
0000002450,9240020002,INVERSIONES FINANCIERAS,0000002448,924002,007,CUENTAS DE ORDEN DEUDORAS,1,3,,,D,0,0
0000002451,924003,CUENTAS POR COBRAR,0000002444,9240,007,CUENTAS DE ORDEN DEUDORAS,1,3,,,D,0,0
0000002452,9240030001,CUENTAS POR COBRAR,0000002451,924003,007,CUENTAS DE ORDEN DEUDORAS,1,3,,,D,0,0
0000002453,9240030002,CUENTAS POR COBRAR,0000002451,924003,007,CUENTAS DE ORDEN DEUDORAS,1,3,,,D,0,0
0000002454,93,INFORMACIÓN FINANCIERA POR CONTRA,0000002177,9,007,CUENTAS DE ORDEN DEUDORAS,1,3,,,D,0,0
0000002455,94,EXISTENCIAS EN LA BÓVEDA POR CONTRA,0000002177,9,007,CUENTAS DE ORDEN DEUDORAS,1,3,,,D,0,0
